{
"type": "FeatureCollection",
"name": "sungai_banjarnegara",
"crs": { "type": "name", "properties": { "name": "urn:ogc:def:crs:OGC:1.3:CRS84" } },
"features": [
{ "type": "Feature", "properties": { "waterway": "river", "name": "Serayu" }, "geometry": { "type": "LineString", "coordinates": [ [ 109.5357291, -7.4368047 ], [ 109.5354577, -7.4363339 ], [ 109.53491, -7.43656 ], [ 109.5336778, -7.437451 ], [ 109.5325057, -7.4382556 ], [ 109.5304344, -7.4395468 ], [ 109.5291057, -7.4414308 ], [ 109.5284426, -7.4417415 ], [ 109.5269974, -7.4419617 ], [ 109.5251727, -7.4417306 ], [ 109.5248898, -7.4417915 ], [ 109.5246309, -7.4420923 ], [ 109.5245504, -7.4425285 ], [ 109.5246006, -7.4430335 ], [ 109.5246285, -7.4436932 ], [ 109.5246524, -7.4443636 ], [ 109.5246553, -7.4448479 ], [ 109.5246416, -7.4455445 ], [ 109.5244493, -7.4461538 ], [ 109.5238423, -7.4465711 ], [ 109.5231233, -7.4468399 ], [ 109.5220238, -7.4469381 ], [ 109.520801, -7.4468368 ], [ 109.5196552, -7.4468921 ], [ 109.5190688, -7.4470564 ], [ 109.5186236, -7.447466 ], [ 109.5186995, -7.448401 ], [ 109.5187743, -7.4492171 ], [ 109.5186566, -7.4495866 ], [ 109.5184503, -7.4498054 ], [ 109.518038, -7.4500391 ], [ 109.5175443, -7.4500197 ], [ 109.5169161, -7.4496288 ], [ 109.5163559, -7.4489219 ], [ 109.5162267, -7.4485604 ], [ 109.5158893, -7.4481729 ], [ 109.5154981, -7.4477103 ], [ 109.5146995, -7.4470596 ], [ 109.5139565, -7.4468618 ], [ 109.5134459, -7.4470559 ], [ 109.5129244, -7.4480043 ], [ 109.512793, -7.4484291 ], [ 109.5127881, -7.4488643 ], [ 109.512792, -7.4495133 ], [ 109.5127168, -7.4500236 ], [ 109.5126032, -7.4504242 ], [ 109.5125675, -7.4505965 ], [ 109.512459, -7.4506881 ], [ 109.5122425, -7.4506602 ], [ 109.5117882, -7.4502984 ], [ 109.5110903, -7.4495613 ], [ 109.5107719, -7.4493198 ], [ 109.5099271, -7.4488996 ], [ 109.5092277, -7.4486106 ], [ 109.5085658, -7.4483516 ], [ 109.5080373, -7.4480654 ], [ 109.5075119, -7.447714 ], [ 109.5071228, -7.4474107 ], [ 109.5068409, -7.4472738 ], [ 109.5065767, -7.4472924 ], [ 109.5063978, -7.4474224 ], [ 109.5063176, -7.4476069 ], [ 109.5062558, -7.4478385 ], [ 109.5062444, -7.4481765 ], [ 109.5062525, -7.4486083 ], [ 109.5061682, -7.4490545 ], [ 109.5059681, -7.4495604 ], [ 109.5055515, -7.4501058 ], [ 109.5051446, -7.4501422 ], [ 109.5047791, -7.4499298 ], [ 109.5043033, -7.4492437 ], [ 109.5037427, -7.4484979 ], [ 109.5033162, -7.4481889 ], [ 109.5028956, -7.4480261 ], [ 109.5024567, -7.4480962 ], [ 109.502069, -7.4483229 ], [ 109.5009291, -7.4487639 ], [ 109.4998674, -7.4493426 ], [ 109.4995794, -7.449583 ], [ 109.499265, -7.4495729 ], [ 109.4990665, -7.4493251 ], [ 109.4989115, -7.4490123 ], [ 109.4986703, -7.4483464 ], [ 109.4985253, -7.4479333 ], [ 109.4982545, -7.4475028 ], [ 109.4976187, -7.4469016 ], [ 109.4970686, -7.4466303 ], [ 109.4966976, -7.446543 ], [ 109.4963696, -7.4466746 ], [ 109.4958835, -7.4474045 ], [ 109.4950493, -7.4483713 ], [ 109.4940772, -7.4492345 ], [ 109.4937627, -7.4492204 ], [ 109.4925123, -7.4479756 ], [ 109.4916334, -7.4470911 ], [ 109.4911235, -7.4461618 ], [ 109.4899302, -7.4434253 ], [ 109.4893497, -7.4427931 ], [ 109.4886417, -7.44236 ], [ 109.488308, -7.4423586 ], [ 109.4879691, -7.4424647 ], [ 109.4878277, -7.4427341 ], [ 109.4879037, -7.4434787 ], [ 109.4877377, -7.444321 ], [ 109.4875581, -7.4452423 ], [ 109.4872623, -7.4456159 ], [ 109.4865743, -7.4457155 ], [ 109.4860888, -7.4454837 ], [ 109.4850645, -7.4446874 ], [ 109.4844153, -7.4435786 ], [ 109.483823, -7.4423706 ], [ 109.483101, -7.4417915 ], [ 109.4822238, -7.4412403 ], [ 109.4816071, -7.4412184 ], [ 109.4810389, -7.4413953 ], [ 109.4806948, -7.4416096 ], [ 109.4804403, -7.4419616 ], [ 109.4803986, -7.4423003 ], [ 109.4805084, -7.44281 ], [ 109.4808384, -7.4434285 ], [ 109.4810696, -7.443865 ], [ 109.4811329, -7.4442265 ], [ 109.4809729, -7.4445908 ], [ 109.4806871, -7.4450237 ], [ 109.4801458, -7.4454036 ], [ 109.4791633, -7.4456741 ], [ 109.4782181, -7.4457964 ], [ 109.4775494, -7.4458001 ], [ 109.4768874, -7.4455748 ], [ 109.476358, -7.4451924 ], [ 109.4755284, -7.4441293 ], [ 109.4750696, -7.443259 ], [ 109.4746814, -7.4421954 ], [ 109.4744668, -7.4418871 ], [ 109.4739424, -7.4416826 ], [ 109.4733945, -7.4417393 ], [ 109.4728008, -7.4419376 ], [ 109.472365, -7.4424083 ], [ 109.4719093, -7.443306 ], [ 109.4719513, -7.4443313 ], [ 109.4731285, -7.4472132 ], [ 109.4731935, -7.4476276 ], [ 109.4730866, -7.4480107 ], [ 109.4721308, -7.4485395 ], [ 109.4713053, -7.4487757 ], [ 109.4703845, -7.4487989 ], [ 109.4690396, -7.448538 ], [ 109.4670726, -7.4474699 ], [ 109.4657195, -7.4462874 ], [ 109.4653161, -7.4459224 ], [ 109.4651666, -7.4458744 ], [ 109.4649532, -7.4459111 ], [ 109.4644421, -7.4460659 ], [ 109.462008, -7.4475457 ], [ 109.4613477, -7.4486298 ], [ 109.4614044, -7.4502724 ], [ 109.4608162, -7.4517271 ], [ 109.4600031, -7.4525475 ], [ 109.457833, -7.4527238 ], [ 109.4565136, -7.4526615 ], [ 109.4541467, -7.451785 ], [ 109.4538819, -7.4512825 ], [ 109.4537816, -7.4499202 ], [ 109.453751, -7.4485623 ], [ 109.4534104, -7.4475952 ], [ 109.4531494, -7.4470851 ], [ 109.4512918, -7.4464265 ], [ 109.4501278, -7.4464417 ], [ 109.4490486, -7.4473197 ], [ 109.4481385, -7.4484141 ], [ 109.4476624, -7.4497284 ], [ 109.4473378, -7.4520578 ], [ 109.4484995, -7.4532922 ], [ 109.448558, -7.453852 ], [ 109.4472856, -7.4555032 ], [ 109.4459087, -7.4556015 ], [ 109.4435055, -7.4540873 ], [ 109.4422004, -7.4539469 ], [ 109.4412916, -7.4544522 ], [ 109.440704, -7.4540501 ], [ 109.4400882, -7.4517936 ], [ 109.4405853, -7.4503583 ], [ 109.4405535, -7.4492968 ], [ 109.4403443, -7.4486484 ], [ 109.4397177, -7.4483703 ], [ 109.4385702, -7.4487399 ], [ 109.4367801, -7.4498798 ], [ 109.4359143, -7.4508569 ], [ 109.4358607, -7.4513718 ], [ 109.4362337, -7.4520218 ], [ 109.4372342, -7.4528724 ], [ 109.4374425, -7.4541375 ], [ 109.4365753, -7.4552155 ], [ 109.4346233, -7.4568738 ], [ 109.4323281, -7.4580003 ], [ 109.4307034, -7.4595778 ], [ 109.4296416, -7.4593707 ], [ 109.4290841, -7.4579878 ], [ 109.4286558, -7.456356 ], [ 109.4281643, -7.4552245 ], [ 109.4274579, -7.4547617 ], [ 109.4269203, -7.4546989 ], [ 109.4255492, -7.4554606 ], [ 109.4253255, -7.4558718 ], [ 109.4255127, -7.4563308 ], [ 109.4259687, -7.4568351 ], [ 109.4264349, -7.4571909 ], [ 109.4269626, -7.4574877 ], [ 109.4272318, -7.457862 ], [ 109.4271566, -7.4584672 ], [ 109.4267944, -7.4589273 ], [ 109.4257885, -7.4591364 ], [ 109.4251748, -7.4590478 ], [ 109.4237095, -7.4585338 ], [ 109.4231717, -7.4587005 ], [ 109.4222152, -7.4592845 ], [ 109.4223647, -7.4597999 ], [ 109.4229505, -7.4598914 ], [ 109.4241016, -7.4606849 ], [ 109.4238963, -7.4612163 ], [ 109.4236122, -7.4631503 ], [ 109.4240511, -7.4642664 ], [ 109.424401, -7.4658614 ], [ 109.4245298, -7.4671294 ], [ 109.4244824, -7.4678408 ], [ 109.4235468, -7.468711 ], [ 109.4206763, -7.4705324 ], [ 109.4189319, -7.4710176 ], [ 109.418051, -7.4718677 ], [ 109.4179598, -7.472473 ], [ 109.4190835, -7.4737434 ], [ 109.4201454, -7.475235 ] ] } },
{ "type": "Feature", "properties": { "waterway": "river", "name": "Serayu" }, "geometry": { "type": "LineString", "coordinates": [ [ 109.4131086, -7.4727429 ], [ 109.4139462, -7.4726767 ], [ 109.4142987, -7.4723996 ], [ 109.4145028, -7.4718731 ], [ 109.4143895, -7.4716198 ], [ 109.4141853, -7.4714682 ], [ 109.4133648, -7.4710189 ], [ 109.4120331, -7.470257 ], [ 109.410697, -7.4689484 ], [ 109.4093185, -7.4682575 ], [ 109.4084725, -7.4683917 ], [ 109.4077862, -7.4690299 ], [ 109.4075871, -7.4699278 ], [ 109.4068797, -7.4705721 ], [ 109.4056103, -7.4697238 ], [ 109.4046406, -7.4685148 ], [ 109.4034553, -7.4677723 ], [ 109.402558, -7.4671915 ], [ 109.4015312, -7.4671327 ], [ 109.4003344, -7.4673547 ], [ 109.4004043, -7.467939 ], [ 109.4016874, -7.4695006 ], [ 109.4029969, -7.4701841 ], [ 109.4039241, -7.47105 ], [ 109.4044392, -7.4725327 ], [ 109.4041366, -7.4738576 ], [ 109.4031544, -7.475642 ], [ 109.4024183, -7.476014 ], [ 109.401013, -7.4757017 ], [ 109.3979867, -7.4743873 ], [ 109.396931, -7.4741577 ], [ 109.3958044, -7.4740826 ], [ 109.3944315, -7.4739456 ], [ 109.3940002, -7.4742917 ], [ 109.3933723, -7.4751653 ], [ 109.3928926, -7.4755804 ], [ 109.3919451, -7.475828 ], [ 109.3869135, -7.4772775 ], [ 109.3855005, -7.4778072 ], [ 109.3847886, -7.4779882 ], [ 109.3839893, -7.4786738 ], [ 109.3835053, -7.479576 ], [ 109.3822789, -7.4802717 ], [ 109.3814366, -7.4809516 ], [ 109.3815652, -7.4817878 ], [ 109.3811688, -7.4829742 ], [ 109.3806522, -7.483185 ], [ 109.380235, -7.4828501 ], [ 109.3798191, -7.4825044 ], [ 109.3783537, -7.4818289 ], [ 109.3760745, -7.4796514 ], [ 109.375754, -7.4789004 ], [ 109.3751644, -7.4778501 ], [ 109.3740325, -7.4775799 ], [ 109.3731294, -7.4778549 ], [ 109.372466, -7.4785722 ], [ 109.3721211, -7.4798271 ], [ 109.3727552, -7.4806146 ], [ 109.3725421, -7.4828308 ], [ 109.372445, -7.4838526 ], [ 109.3722015, -7.484454 ], [ 109.371843, -7.4849627 ], [ 109.3690441, -7.4857878 ], [ 109.3670241, -7.4862541 ], [ 109.3644154, -7.487314 ], [ 109.3640016, -7.4872777 ] ] } },
{ "type": "Feature", "properties": { "waterway": "river", "name": "Merawu" }, "geometry": { "type": "LineString", "coordinates": [ [ 109.7809317, -7.2922628 ], [ 109.7808248, -7.2924689 ], [ 109.7808623, -7.2925913 ], [ 109.7809857, -7.292735 ], [ 109.7810876, -7.2929053 ], [ 109.7812217, -7.2932352 ], [ 109.7812754, -7.2935172 ], [ 109.7812647, -7.2936502 ], [ 109.781211, -7.2937885 ], [ 109.7811359, -7.2939056 ], [ 109.7811037, -7.294028 ], [ 109.7811037, -7.2942142 ], [ 109.7811735, -7.2946346 ], [ 109.7812863, -7.2950671 ], [ 109.7825928, -7.2991645 ], [ 109.7830346, -7.3000887 ], [ 109.7819085, -7.3008351 ], [ 109.7814663, -7.3019185 ], [ 109.780505, -7.3023738 ], [ 109.7802183, -7.3034699 ], [ 109.7795052, -7.303355 ], [ 109.777562, -7.3035944 ], [ 109.7766526, -7.3046929 ], [ 109.7768034, -7.305384 ], [ 109.7777801, -7.3059224 ], [ 109.7769303, -7.3072712 ], [ 109.7757287, -7.3083269 ], [ 109.7753854, -7.3100295 ], [ 109.7743554, -7.3118684 ], [ 109.7712763, -7.3120059 ], [ 109.769121, -7.3124094 ], [ 109.7685572, -7.3144284 ], [ 109.7682727, -7.3155449 ], [ 109.7674544, -7.3161524 ], [ 109.7665246, -7.3161419 ], [ 109.7661799, -7.316314 ], [ 109.7657447, -7.3168805 ], [ 109.7652813, -7.3169935 ], [ 109.7632366, -7.3172152 ], [ 109.7616507, -7.3165558 ], [ 109.7612627, -7.317193 ], [ 109.7616503, -7.3181298 ], [ 109.762791, -7.3190674 ], [ 109.7630307, -7.3197369 ], [ 109.7630116, -7.3204844 ], [ 109.7623378, -7.3208655 ], [ 109.760163, -7.3204837 ], [ 109.7593273, -7.3198073 ], [ 109.7588409, -7.3199621 ], [ 109.757944, -7.3212546 ], [ 109.7571539, -7.3215176 ], [ 109.7561773, -7.3222703 ], [ 109.7556218, -7.3234093 ], [ 109.7549221, -7.3241676 ], [ 109.7540993, -7.3239911 ], [ 109.7516961, -7.3234804 ], [ 109.7503228, -7.3234463 ], [ 109.7481499, -7.3232677 ], [ 109.7470555, -7.3225205 ], [ 109.7468304, -7.320788 ], [ 109.7460561, -7.3200496 ], [ 109.7450551, -7.3205368 ], [ 109.7420028, -7.3206804 ], [ 109.7402862, -7.3215317 ], [ 109.7394896, -7.3224567 ], [ 109.739189, -7.323232 ], [ 109.7389147, -7.3240074 ], [ 109.7382903, -7.3246919 ], [ 109.7377237, -7.32475 ], [ 109.7359947, -7.3237451 ], [ 109.7345678, -7.3228619 ], [ 109.7324434, -7.3222341 ], [ 109.7307483, -7.3225958 ], [ 109.7301578, -7.3225636 ], [ 109.7294927, -7.3221167 ], [ 109.7285328, -7.3203718 ], [ 109.7280389, -7.3198235 ], [ 109.727181, -7.3196642 ], [ 109.7267729, -7.3197596 ], [ 109.7264779, -7.3205524 ], [ 109.7261203, -7.32079 ], [ 109.7233397, -7.3228297 ], [ 109.7231844, -7.323511 ], [ 109.7240746, -7.3234788 ], [ 109.7243217, -7.3236547 ], [ 109.7236454, -7.3246281 ], [ 109.7229323, -7.3252668 ], [ 109.7227174, -7.3263094 ], [ 109.7224549, -7.3268098 ], [ 109.7223365, -7.3279215 ], [ 109.7220901, -7.3288795 ], [ 109.7219396, -7.3300976 ], [ 109.7224545, -7.3311777 ], [ 109.7223688, -7.331602 ], [ 109.7220308, -7.3314331 ], [ 109.7212318, -7.3310876 ], [ 109.7207168, -7.3329391 ], [ 109.7212318, -7.3343011 ], [ 109.7207168, -7.336174 ], [ 109.7184852, -7.3380468 ], [ 109.7200302, -7.3400898 ], [ 109.7177986, -7.3404304 ], [ 109.7148803, -7.3409411 ], [ 109.7128204, -7.3445164 ], [ 109.7112755, -7.3453677 ], [ 109.7105888, -7.3445164 ], [ 109.7092155, -7.3445164 ], [ 109.7088722, -7.3472405 ], [ 109.7093872, -7.3494538 ], [ 109.7064689, -7.350305 ], [ 109.7069839, -7.3521778 ], [ 109.7069839, -7.3535398 ], [ 109.7056106, -7.3540505 ], [ 109.7045807, -7.355072 ], [ 109.702864, -7.355072 ], [ 109.7025207, -7.3562637 ], [ 109.7014908, -7.3562637 ], [ 109.7009758, -7.3540505 ], [ 109.6989158, -7.3554125 ], [ 109.6989916, -7.3568589 ], [ 109.6971784, -7.3567517 ], [ 109.6971389, -7.357732 ], [ 109.6967056, -7.3586971 ], [ 109.6939986, -7.3599596 ], [ 109.6934032, -7.3601434 ], [ 109.6928689, -7.3607384 ], [ 109.6927312, -7.361254 ], [ 109.6925876, -7.3628771 ], [ 109.6924278, -7.3639803 ], [ 109.691678, -7.3648968 ], [ 109.6910634, -7.3661329 ], [ 109.6909952, -7.3672548 ], [ 109.6914879, -7.3686116 ], [ 109.6916698, -7.3692331 ], [ 109.6914733, -7.3700391 ], [ 109.6907829, -7.3708249 ], [ 109.6902599, -7.3712721 ], [ 109.6893148, -7.3718454 ], [ 109.689085, -7.3723182 ], [ 109.6889865, -7.3729776 ], [ 109.689699, -7.3744709 ], [ 109.6896611, -7.3759489 ], [ 109.6892216, -7.3768593 ], [ 109.6867353, -7.3795 ], [ 109.6847829, -7.3807302 ], [ 109.6827028, -7.382407 ], [ 109.6822432, -7.3834814 ], [ 109.6810882, -7.385204 ], [ 109.6808139, -7.3864273 ], [ 109.6805958, -7.3877662 ], [ 109.6803674, -7.3883708 ], [ 109.680208, -7.388936 ], [ 109.6802745, -7.3902351 ], [ 109.6804665, -7.3908958 ], [ 109.6823939, -7.3922398 ] ] } },
{ "type": "Feature", "properties": { "waterway": "river", "name": "Serayu" }, "geometry": { "type": "LineString", "coordinates": [ [ 109.6015364, -7.3953082 ], [ 109.6012034, -7.396473 ], [ 109.6009699, -7.3972019 ], [ 109.600758, -7.3974159 ], [ 109.6003235, -7.3975851 ], [ 109.5998132, -7.3979813 ], [ 109.5993867, -7.3983166 ], [ 109.5989549, -7.3986852 ], [ 109.5986928, -7.3991474 ], [ 109.5985069, -7.3996103 ], [ 109.5984703, -7.4000889 ], [ 109.598633, -7.4004301 ], [ 109.5989401, -7.4005307 ], [ 109.599163, -7.4007404 ], [ 109.5991002, -7.4011201 ], [ 109.5986822, -7.4015692 ], [ 109.5979881, -7.4016023 ], [ 109.5976239, -7.4015406 ], [ 109.5973241, -7.4013877 ], [ 109.5969593, -7.4008344 ], [ 109.5967295, -7.4006116 ], [ 109.5964691, -7.4004763 ], [ 109.5962322, -7.4004529 ], [ 109.5959647, -7.4004766 ], [ 109.5952749, -7.4007493 ], [ 109.5946878, -7.4011037 ], [ 109.5945086, -7.4015467 ], [ 109.5945169, -7.4019859 ], [ 109.5944166, -7.4024197 ], [ 109.5942004, -7.4027763 ], [ 109.5937514, -7.4031112 ], [ 109.5932615, -7.4032933 ], [ 109.5930862, -7.4038454 ], [ 109.5926949, -7.404145 ], [ 109.5920195, -7.4041519 ], [ 109.5917121, -7.4044636 ], [ 109.5915639, -7.4056653 ], [ 109.5913738, -7.4065147 ], [ 109.590897, -7.4066484 ], [ 109.5904099, -7.4064644 ], [ 109.5899131, -7.405979 ], [ 109.589533, -7.4059126 ], [ 109.5888099, -7.4064827 ], [ 109.5883012, -7.4074627 ], [ 109.5878914, -7.4088982 ], [ 109.5870122, -7.4110641 ], [ 109.586459, -7.4124612 ], [ 109.5857712, -7.4130767 ], [ 109.5846512, -7.4136796 ], [ 109.5834656, -7.4140978 ], [ 109.5821468, -7.4142238 ], [ 109.5810782, -7.4147574 ], [ 109.5767362, -7.4162604 ], [ 109.5755026, -7.4175123 ], [ 109.5753622, -7.4186232 ], [ 109.5752843, -7.4194035 ], [ 109.5747791, -7.4196474 ], [ 109.5743462, -7.4192998 ], [ 109.5741176, -7.4182615 ], [ 109.572994, -7.4173154 ], [ 109.5726359, -7.4173742 ], [ 109.5721679, -7.4176322 ], [ 109.5709616, -7.418733 ], [ 109.5704264, -7.4203873 ], [ 109.5699549, -7.4222405 ], [ 109.5696765, -7.4226494 ], [ 109.5691946, -7.4229105 ], [ 109.5687415, -7.4228434 ], [ 109.5677447, -7.4220064 ], [ 109.5667244, -7.4215287 ], [ 109.5655992, -7.4216688 ], [ 109.564959, -7.421096 ] ] } },
{ "type": "Feature", "properties": { "waterway": "river", "name": null }, "geometry": { "type": "LineString", "coordinates": [ [ 109.8182636, -7.3067787 ], [ 109.8171908, -7.307928 ], [ 109.8168904, -7.3085878 ], [ 109.8158389, -7.3094178 ], [ 109.8156458, -7.3099925 ], [ 109.8158818, -7.3104607 ], [ 109.8157746, -7.3109077 ], [ 109.8150021, -7.3113759 ], [ 109.8148519, -7.3118867 ], [ 109.8152167, -7.312057 ], [ 109.8153025, -7.3124188 ], [ 109.8151523, -7.3131637 ], [ 109.8148519, -7.3136532 ], [ 109.8141652, -7.313866 ], [ 109.8129207, -7.3143343 ], [ 109.8118693, -7.3154835 ], [ 109.8113972, -7.3155474 ], [ 109.8104531, -7.3152494 ], [ 109.8101312, -7.3153771 ], [ 109.8098093, -7.3162497 ], [ 109.8092514, -7.3186973 ], [ 109.8088223, -7.3190591 ], [ 109.8085862, -7.3195699 ], [ 109.8087579, -7.3205063 ], [ 109.8086721, -7.3212086 ], [ 109.8083073, -7.3218258 ], [ 109.8074275, -7.3225282 ], [ 109.8068053, -7.323571 ], [ 109.8065048, -7.3237626 ], [ 109.805904, -7.3237838 ], [ 109.805432, -7.3239541 ], [ 109.8048311, -7.3247841 ], [ 109.8042732, -7.3249757 ], [ 109.8033077, -7.3248054 ], [ 109.8022991, -7.3252523 ], [ 109.801634, -7.3252098 ], [ 109.8001748, -7.324401 ], [ 109.7994453, -7.3247628 ], [ 109.7981793, -7.3251246 ], [ 109.7979218, -7.3255929 ], [ 109.797793, -7.3262101 ], [ 109.7975812, -7.3263781 ], [ 109.7974712, -7.3264654 ], [ 109.7966343, -7.3273806 ], [ 109.7961622, -7.3280829 ], [ 109.7959048, -7.3293173 ], [ 109.7952825, -7.3297429 ], [ 109.7951108, -7.3301047 ], [ 109.7951967, -7.3304452 ], [ 109.7951108, -7.330956 ], [ 109.7939736, -7.3325309 ], [ 109.7928148, -7.3326799 ], [ 109.7924501, -7.3328714 ], [ 109.7923428, -7.3332332 ], [ 109.7925574, -7.3339355 ], [ 109.7922999, -7.3351699 ], [ 109.7917634, -7.3355104 ], [ 109.7916132, -7.3357232 ], [ 109.791742, -7.3362553 ], [ 109.7925574, -7.3371704 ], [ 109.7927505, -7.3375535 ], [ 109.7926432, -7.3377876 ], [ 109.7919351, -7.3385112 ], [ 109.7908837, -7.3390432 ], [ 109.7902828, -7.3399583 ], [ 109.7894031, -7.3406819 ], [ 109.7885019, -7.3406181 ], [ 109.787665, -7.3408309 ], [ 109.7873431, -7.341065 ], [ 109.7872573, -7.3415332 ], [ 109.7873861, -7.3428527 ], [ 109.7872788, -7.343257 ], [ 109.7866994, -7.3440657 ], [ 109.7865921, -7.3445552 ], [ 109.7865278, -7.3458321 ], [ 109.786163, -7.3472154 ], [ 109.786163, -7.3480454 ], [ 109.7861415, -7.3486412 ], [ 109.7856265, -7.3499394 ], [ 109.7856051, -7.3504289 ], [ 109.7859269, -7.3516206 ], [ 109.7861844, -7.3533657 ], [ 109.7869354, -7.3548554 ], [ 109.7868603, -7.3558781 ], [ 109.7865492, -7.3570686 ], [ 109.7859352, -7.3580959 ], [ 109.7854912, -7.3591302 ], [ 109.7851759, -7.3594734 ], [ 109.7842747, -7.3595372 ], [ 109.7837203, -7.3595491 ], [ 109.783057, -7.3601596 ], [ 109.7828531, -7.360536 ], [ 109.7827244, -7.3609976 ], [ 109.7830527, -7.3616285 ], [ 109.7834164, -7.3620909 ], [ 109.7832876, -7.3624739 ], [ 109.7821504, -7.3636444 ], [ 109.781335, -7.3640487 ], [ 109.7793394, -7.3652404 ], [ 109.7788888, -7.3653468 ], [ 109.7783524, -7.3649425 ], [ 109.7777516, -7.3647723 ], [ 109.7774297, -7.3642828 ], [ 109.7770005, -7.3640913 ], [ 109.7763783, -7.364219 ], [ 109.7758418, -7.363921 ], [ 109.7750479, -7.3641126 ], [ 109.7745973, -7.3643679 ], [ 109.7736102, -7.3659214 ], [ 109.7730309, -7.3661981 ], [ 109.7725159, -7.3667088 ], [ 109.7723871, -7.3671344 ], [ 109.7726446, -7.3687943 ], [ 109.7722155, -7.3697093 ], [ 109.7715288, -7.370369 ], [ 109.7708207, -7.370518 ], [ 109.7701126, -7.3703478 ], [ 109.7695333, -7.3705606 ], [ 109.7687179, -7.3712415 ], [ 109.7683102, -7.3719012 ], [ 109.7678596, -7.3743059 ], [ 109.7675592, -7.3751784 ], [ 109.7669369, -7.3761573 ], [ 109.7665292, -7.3777533 ], [ 109.7661, -7.3782002 ], [ 109.7649628, -7.3788173 ], [ 109.7645766, -7.3794131 ], [ 109.7644478, -7.3804771 ], [ 109.7647911, -7.3818177 ], [ 109.7645766, -7.3824774 ], [ 109.764126, -7.38265 ], [ 109.7633609, -7.3831418 ], [ 109.7628581, -7.3831856 ], [ 109.7620712, -7.3826719 ], [ 109.7615356, -7.3826609 ], [ 109.7612514, -7.3828358 ], [ 109.7613061, -7.3833386 ], [ 109.7618307, -7.3842348 ], [ 109.76194, -7.3846611 ], [ 109.7618963, -7.384989 ], [ 109.7613389, -7.3855027 ], [ 109.7611094, -7.3858962 ], [ 109.7609235, -7.3862131 ], [ 109.7605191, -7.386235 ], [ 109.7601147, -7.3858852 ], [ 109.7587922, -7.3851967 ], [ 109.7580278, -7.3852315 ], [ 109.7566729, -7.3857322 ], [ 109.7558257, -7.3857986 ], [ 109.7545354, -7.3839322 ], [ 109.7536126, -7.3837539 ], [ 109.7530419, -7.3842337 ], [ 109.75295, -7.3862731 ], [ 109.7528228, -7.3865691 ], [ 109.7525302, -7.3868324 ], [ 109.7513829, -7.3883608 ], [ 109.7509775, -7.3894391 ], [ 109.7505531, -7.3911188 ] ] } },
{ "type": "Feature", "properties": { "waterway": "river", "name": "Serayu" }, "geometry": { "type": "LineString", "coordinates": [ [ 109.6823939, -7.3922398 ], [ 109.6820497, -7.3929398 ], [ 109.68117, -7.3941315 ], [ 109.6805695, -7.3957809 ], [ 109.6790321, -7.3969255 ], [ 109.6778399, -7.397147 ], [ 109.6764972, -7.3968179 ], [ 109.6758914, -7.3964806 ], [ 109.6754527, -7.3958708 ], [ 109.6751681, -7.395123 ], [ 109.6749215, -7.3942658 ], [ 109.6745673, -7.3929589 ], [ 109.6741318, -7.3915141 ], [ 109.6736349, -7.3912753 ], [ 109.6724108, -7.3912465 ], [ 109.6718125, -7.3914629 ], [ 109.6713623, -7.3920686 ], [ 109.6714481, -7.3924866 ], [ 109.6722788, -7.3932477 ], [ 109.6723083, -7.3940573 ], [ 109.6720644, -7.3946413 ], [ 109.6715359, -7.3948754 ], [ 109.6709106, -7.394815 ], [ 109.6693347, -7.3937872 ], [ 109.6672406, -7.3926474 ], [ 109.6671369, -7.392334 ], [ 109.6672279, -7.3920099 ], [ 109.6675242, -7.3912988 ], [ 109.6674971, -7.3907987 ], [ 109.6667412, -7.3900763 ], [ 109.6658625, -7.3895059 ], [ 109.6649083, -7.3892974 ], [ 109.6628374, -7.3894177 ], [ 109.661702, -7.3891427 ], [ 109.6613968, -7.3887387 ], [ 109.661429, -7.3882745 ], [ 109.6617508, -7.3878966 ], [ 109.6625812, -7.3875868 ], [ 109.6633239, -7.3868494 ], [ 109.6635532, -7.3860666 ], [ 109.6636082, -7.3852766 ], [ 109.6634298, -7.384881 ], [ 109.6628451, -7.3842365 ], [ 109.662265, -7.3839334 ], [ 109.6617585, -7.3837975 ], [ 109.6594337, -7.3841836 ], [ 109.6576486, -7.3845861 ], [ 109.6564583, -7.3846663 ], [ 109.6555512, -7.384714 ], [ 109.6547556, -7.3841301 ], [ 109.6544705, -7.3833231 ], [ 109.6538968, -7.382382 ], [ 109.6532204, -7.3821408 ], [ 109.6519661, -7.3818745 ], [ 109.6510379, -7.3821301 ], [ 109.6492909, -7.3825548 ], [ 109.6474109, -7.3826462 ], [ 109.6462556, -7.3821805 ], [ 109.6448218, -7.380777 ], [ 109.6432564, -7.3800242 ], [ 109.6426109, -7.3800979 ], [ 109.6414089, -7.3796614 ], [ 109.6402931, -7.3800657 ], [ 109.6378794, -7.3808214 ], [ 109.6342102, -7.3826514 ], [ 109.6299151, -7.3845063 ], [ 109.6252084, -7.3863113 ], [ 109.6219457, -7.3875164 ], [ 109.615939, -7.3891631 ], [ 109.6093726, -7.3890883 ], [ 109.603343, -7.3896841 ], [ 109.6027659, -7.390921 ] ] } },
{ "type": "Feature", "properties": { "waterway": "river", "name": "Serayu" }, "geometry": { "type": "LineString", "coordinates": [ [ 109.8621976, -7.4238288 ], [ 109.8613667, -7.4237583 ], [ 109.8607767, -7.4234498 ], [ 109.8601544, -7.4226412 ], [ 109.8597252, -7.4226731 ], [ 109.8591673, -7.4224391 ], [ 109.8583198, -7.4225029 ], [ 109.8574936, -7.4226412 ], [ 109.8564637, -7.4232157 ], [ 109.8559701, -7.4232583 ], [ 109.8552995, -7.4230193 ], [ 109.8544896, -7.422705 ], [ 109.8516679, -7.4224497 ], [ 109.8510027, -7.4221093 ], [ 109.850595, -7.4215773 ], [ 109.8499513, -7.4212901 ], [ 109.849683, -7.4213113 ], [ 109.8491681, -7.4215986 ], [ 109.8474836, -7.4217475 ], [ 109.8472047, -7.4215667 ], [ 109.8469365, -7.4211411 ], [ 109.8468184, -7.4205879 ], [ 109.8469794, -7.4191303 ], [ 109.8468077, -7.4189708 ], [ 109.8460996, -7.4187686 ], [ 109.8444152, -7.4188963 ], [ 109.8433101, -7.4191942 ], [ 109.842881, -7.4194708 ], [ 109.842881, -7.4197155 ], [ 109.8432779, -7.41979 ], [ 109.8437715, -7.4205772 ], [ 109.844104, -7.4217475 ], [ 109.8439431, -7.4219922 ], [ 109.8435998, -7.4219284 ], [ 109.8423016, -7.4215135 ], [ 109.8420656, -7.4220667 ], [ 109.8416471, -7.4222688 ], [ 109.8408961, -7.4221625 ], [ 109.8404562, -7.4220135 ], [ 109.8396838, -7.4215135 ], [ 109.8383534, -7.4202262 ], [ 109.837184, -7.4194282 ], [ 109.8364329, -7.4190878 ], [ 109.8353171, -7.4188218 ], [ 109.8345125, -7.4188218 ], [ 109.8335683, -7.418992 ], [ 109.8315406, -7.41979 ], [ 109.8314333, -7.4201836 ], [ 109.8317552, -7.4208645 ], [ 109.8318195, -7.4212049 ], [ 109.8313904, -7.4213539 ], [ 109.8306179, -7.4218326 ], [ 109.8295665, -7.4218539 ], [ 109.8287082, -7.4215773 ], [ 109.8285043, -7.4211518 ], [ 109.8286438, -7.4207581 ], [ 109.8288476, -7.4205666 ], [ 109.8295343, -7.4203432 ], [ 109.8297489, -7.420173 ], [ 109.8296094, -7.419758 ], [ 109.8275387, -7.419524 ], [ 109.8239768, -7.4208751 ], [ 109.8233759, -7.4213858 ], [ 109.8229897, -7.4215028 ], [ 109.8222601, -7.4212688 ], [ 109.8210263, -7.4202049 ], [ 109.8202431, -7.4190771 ], [ 109.8191488, -7.4178005 ], [ 109.8179364, -7.416162 ], [ 109.8173249, -7.4155875 ], [ 109.8168045, -7.4154067 ], [ 109.8159248, -7.4154067 ], [ 109.8106462, -7.4138108 ], [ 109.8095411, -7.4138427 ], [ 109.8084575, -7.4140129 ], [ 109.8076636, -7.4138002 ], [ 109.8060542, -7.4129916 ], [ 109.8048097, -7.4123 ], [ 109.8043591, -7.4121405 ], [ 109.8037797, -7.4120234 ], [ 109.8019773, -7.4119277 ], [ 109.8009473, -7.4114808 ], [ 109.7999388, -7.4113319 ], [ 109.7991143, -7.4113978 ], [ 109.7986084, -7.4114383 ], [ 109.7976643, -7.4112893 ], [ 109.7959262, -7.4103318 ], [ 109.7952825, -7.4103531 ], [ 109.7945744, -7.4114383 ], [ 109.7919995, -7.4114383 ], [ 109.7918278, -7.4113106 ], [ 109.7911412, -7.4090764 ], [ 109.7905189, -7.4084806 ], [ 109.7874075, -7.4070975 ], [ 109.786635, -7.4064378 ], [ 109.785884, -7.4059697 ], [ 109.7846609, -7.4057143 ], [ 109.7836524, -7.4057995 ], [ 109.782704, -7.4059791 ], [ 109.7819288, -7.4062374 ], [ 109.7816708, -7.4063444 ], [ 109.781402, -7.4063475 ], [ 109.7810303, -7.4062716 ], [ 109.7807994, -7.40617 ], [ 109.7806515, -7.406047 ], [ 109.7803694, -7.4056718 ], [ 109.7803479, -7.4037141 ], [ 109.7783406, -7.4014201 ], [ 109.7770698, -7.4003763 ], [ 109.776227, -7.3999944 ], [ 109.7751815, -7.399738 ], [ 109.7744305, -7.3997061 ], [ 109.7734504, -7.3992888 ], [ 109.7730835, -7.3991326 ], [ 109.7726329, -7.3987815 ], [ 109.7722788, -7.3979516 ], [ 109.7720428, -7.3971749 ], [ 109.7717531, -7.3966004 ], [ 109.7690709, -7.3955683 ], [ 109.7681053, -7.395196 ], [ 109.768159, -7.3948661 ], [ 109.7685023, -7.3942597 ], [ 109.7686847, -7.3938022 ], [ 109.7683843, -7.3932276 ], [ 109.7676928, -7.3928116 ], [ 109.7668237, -7.3926733 ], [ 109.7655626, -7.3927808 ], [ 109.7651238, -7.3929052 ], [ 109.7649481, -7.3930347 ], [ 109.7645382, -7.3931537 ], [ 109.7640313, -7.3931218 ], [ 109.7635217, -7.393034 ], [ 109.7630782, -7.3928626 ], [ 109.762885, -7.3927544 ], [ 109.762419, -7.3924935 ], [ 109.7616516, -7.3921189 ], [ 109.7612021, -7.3917784 ], [ 109.7608097, -7.3914082 ], [ 109.7600372, -7.3903443 ], [ 109.7596081, -7.3900357 ], [ 109.7591088, -7.3897287 ], [ 109.7587876, -7.3895272 ], [ 109.7585233, -7.3893417 ], [ 109.7580558, -7.3889627 ], [ 109.7577257, -7.3888324 ], [ 109.7572107, -7.3887898 ], [ 109.7568186, -7.3887909 ], [ 109.7561044, -7.3889063 ], [ 109.7558361, -7.3889667 ], [ 109.7557288, -7.3889728 ], [ 109.7544105, -7.3891622 ], [ 109.7535141, -7.3893229 ], [ 109.7518511, -7.3903656 ], [ 109.7510035, -7.3908763 ], [ 109.7505531, -7.3911188 ], [ 109.749891, -7.3912081 ], [ 109.7491374, -7.3907179 ], [ 109.7483055, -7.3904123 ], [ 109.7465604, -7.3900993 ], [ 109.7456236, -7.3901703 ], [ 109.7442264, -7.3897243 ], [ 109.7438657, -7.3894915 ], [ 109.7434192, -7.3891203 ], [ 109.7429124, -7.3885004 ], [ 109.7424213, -7.3882586 ], [ 109.7423739, -7.3881525 ], [ 109.742302, -7.3879572 ], [ 109.7423297, -7.3875996 ], [ 109.7417375, -7.386722 ], [ 109.7410324, -7.3865173 ], [ 109.7401021, -7.3868468 ], [ 109.738353, -7.3891654 ], [ 109.7375835, -7.3893067 ], [ 109.7362747, -7.3888005 ], [ 109.7353214, -7.388424 ], [ 109.7342885, -7.3880161 ] ] } },
{ "type": "Feature", "properties": { "waterway": "river", "name": null }, "geometry": { "type": "LineString", "coordinates": [ [ 109.7572107, -7.3887898 ], [ 109.7567006, -7.3885462 ], [ 109.7556206, -7.3881886 ], [ 109.7551124, -7.3882249 ], [ 109.7546572, -7.3883217 ], [ 109.7541977, -7.3884829 ], [ 109.7538038, -7.3887377 ], [ 109.7535141, -7.3893229 ] ] } },
{ "type": "Feature", "properties": { "waterway": "river", "name": null }, "geometry": { "type": "LineString", "coordinates": [ [ 109.6051017, -7.3952458 ], [ 109.6042614, -7.3947846 ], [ 109.6039063, -7.394738 ], [ 109.6033484, -7.3948178 ], [ 109.6023114, -7.3949404 ], [ 109.6015364, -7.3953082 ] ] } },
{ "type": "Feature", "properties": { "waterway": "river", "name": "Serayu" }, "geometry": { "type": "LineString", "coordinates": [ [ 109.7655626, -7.3927808 ], [ 109.7652708, -7.3926488 ], [ 109.76507, -7.3925515 ], [ 109.7648225, -7.3924681 ], [ 109.764547, -7.3923848 ], [ 109.7642901, -7.3923477 ], [ 109.7641547, -7.3923246 ], [ 109.7639959, -7.3924542 ], [ 109.7638091, -7.3925469 ], [ 109.7635383, -7.3926256 ], [ 109.7633655, -7.3926488 ], [ 109.763202, -7.392709 ], [ 109.7629935, -7.3927641 ], [ 109.762885, -7.3927544 ] ] } },
{ "type": "Feature", "properties": { "waterway": "river", "name": "Serayu" }, "geometry": { "type": "LineString", "coordinates": [ [ 109.7600372, -7.3903443 ], [ 109.7598121, -7.3895554 ], [ 109.7597674, -7.3894102 ], [ 109.7597023, -7.3892852 ], [ 109.7595519, -7.3890998 ], [ 109.7592389, -7.3887047 ], [ 109.7591616, -7.3885676 ], [ 109.7590884, -7.3885273 ], [ 109.7589502, -7.3885394 ], [ 109.7587144, -7.3885837 ], [ 109.7586046, -7.3887047 ], [ 109.7583607, -7.3888135 ], [ 109.7580558, -7.3889627 ] ] } },
{ "type": "Feature", "properties": { "waterway": "river", "name": null }, "geometry": { "type": "LineString", "coordinates": [ [ 109.7068719, -7.2730851 ], [ 109.7069661, -7.2733709 ], [ 109.7066465, -7.2737501 ], [ 109.7065838, -7.2748127 ], [ 109.707304, -7.2759815 ], [ 109.7067093, -7.2768242 ], [ 109.7068238, -7.2780113 ], [ 109.706521, -7.2790336 ], [ 109.7057453, -7.2799789 ], [ 109.7056049, -7.2807373 ], [ 109.7051986, -7.2814078 ], [ 109.7053537, -7.2823055 ], [ 109.7050509, -7.2824704 ], [ 109.7048292, -7.2831042 ], [ 109.7049025, -7.2836487 ], [ 109.7049511, -7.2840092 ], [ 109.7040757, -7.2842657 ], [ 109.7041237, -7.2855224 ], [ 109.703337, -7.286116 ], [ 109.7026721, -7.2867022 ], [ 109.7023803, -7.2876292 ], [ 109.7024025, -7.2883033 ], [ 109.7035586, -7.289179 ], [ 109.703385, -7.2897249 ], [ 109.7038873, -7.290454 ], [ 109.7036546, -7.2915129 ], [ 109.7030341, -7.2924178 ], [ 109.7032742, -7.2928905 ], [ 109.7017745, -7.2931323 ], [ 109.7015677, -7.2927952 ], [ 109.7012906, -7.2928208 ], [ 109.7005778, -7.2935463 ], [ 109.6997947, -7.2954588 ], [ 109.7001123, -7.2965689 ], [ 109.6997208, -7.2970599 ], [ 109.6999461, -7.2974556 ], [ 109.6998021, -7.297789 ], [ 109.6990227, -7.2983093 ], [ 109.6988343, -7.2988112 ], [ 109.6993662, -7.299075 ], [ 109.7001345, -7.2996649 ], [ 109.700515, -7.3006834 ], [ 109.6996543, -7.3015407 ], [ 109.6989599, -7.3021159 ], [ 109.6990005, -7.3024933 ], [ 109.6996986, -7.3027204 ], [ 109.7003857, -7.3026215 ], [ 109.7009083, -7.3027424 ], [ 109.7009637, -7.3029201 ], [ 109.7009262, -7.3034367 ], [ 109.700934, -7.3040015 ], [ 109.7014956, -7.304473 ], [ 109.7017907, -7.3048953 ], [ 109.7018351, -7.3053305 ], [ 109.7019474, -7.3056025 ], [ 109.7021642, -7.3056181 ], [ 109.7023757, -7.3054859 ], [ 109.7028589, -7.3058978 ], [ 109.7031306, -7.3067554 ], [ 109.7031959, -7.3071958 ], [ 109.7034988, -7.3073849 ], [ 109.7036765, -7.3078512 ], [ 109.7037052, -7.3085714 ], [ 109.7035511, -7.3096646 ], [ 109.703922, -7.310776 ], [ 109.7042511, -7.3110662 ], [ 109.7048675, -7.311377 ], [ 109.7053951, -7.3118459 ], [ 109.7061003, -7.3121361 ], [ 109.7075237, -7.3124133 ], [ 109.7087487, -7.3129599 ], [ 109.709386, -7.3131957 ], [ 109.7098222, -7.3130635 ], [ 109.7102818, -7.3130143 ], [ 109.7106449, -7.3128537 ], [ 109.711277, -7.3126205 ], [ 109.7116426, -7.3121128 ], [ 109.7117706, -7.3115895 ], [ 109.7121128, -7.3114755 ], [ 109.7126952, -7.3120377 ], [ 109.7140299, -7.3120428 ], [ 109.7145026, -7.3121801 ], [ 109.7150459, -7.3124703 ], [ 109.7156048, -7.3125143 ], [ 109.7171145, -7.3140791 ], [ 109.7174148, -7.3141853 ], [ 109.7185014, -7.3140247 ], [ 109.7189584, -7.3147241 ], [ 109.7193136, -7.3155479 ], [ 109.72022, -7.3156231 ], [ 109.7203845, -7.3161101 ], [ 109.7202226, -7.3164702 ], [ 109.7207763, -7.3170194 ], [ 109.720886, -7.3172603 ], [ 109.7213143, -7.3172163 ], [ 109.7220848, -7.3181929 ], [ 109.7227587, -7.3183147 ], [ 109.7230617, -7.3187395 ], [ 109.7234613, -7.3195219 ], [ 109.7236023, -7.3204441 ], [ 109.7250284, -7.3203535 ], [ 109.725966, -7.3204441 ], [ 109.7261203, -7.32079 ] ] } },
{ "type": "Feature", "properties": { "waterway": "river", "name": null }, "geometry": { "type": "LineString", "coordinates": [ [ 109.7202384, -7.3042252 ], [ 109.720019, -7.3045412 ], [ 109.7201131, -7.3048262 ], [ 109.7202384, -7.3048832 ], [ 109.7202123, -7.3050283 ], [ 109.7200504, -7.3051112 ], [ 109.7199982, -7.3052718 ], [ 109.7199041, -7.3054013 ], [ 109.7199094, -7.3058936 ], [ 109.7201444, -7.3060645 ], [ 109.7201758, -7.3064376 ], [ 109.7202332, -7.306707 ], [ 109.7202123, -7.3068676 ], [ 109.7200086, -7.3069402 ], [ 109.7198205, -7.3073547 ], [ 109.7196377, -7.3074635 ], [ 109.71969, -7.3076915 ], [ 109.7195176, -7.3078676 ], [ 109.7193504, -7.3081474 ], [ 109.7194131, -7.3084324 ], [ 109.7192877, -7.3086811 ], [ 109.7194392, -7.3089609 ], [ 109.7192041, -7.3090904 ], [ 109.7195071, -7.3095619 ], [ 109.7192094, -7.3097433 ], [ 109.7191676, -7.3099246 ], [ 109.7193504, -7.3101992 ], [ 109.7191571, -7.3104945 ], [ 109.71899, -7.310764 ], [ 109.718734, -7.3109557 ], [ 109.7185198, -7.3112976 ], [ 109.7182325, -7.3114738 ], [ 109.7181072, -7.3118572 ], [ 109.7181228, -7.3121992 ], [ 109.7179714, -7.3125152 ], [ 109.7178721, -7.3129297 ], [ 109.7177885, -7.313339 ], [ 109.7180758, -7.3135618 ], [ 109.7185014, -7.3140247 ] ] } },
{ "type": "Feature", "properties": { "waterway": "river", "name": null }, "geometry": { "type": "LineString", "coordinates": [ [ 109.7482195, -7.3026153 ], [ 109.7482514, -7.3026936 ], [ 109.7482815, -7.3027571 ], [ 109.7482947, -7.302785 ], [ 109.748321, -7.3028149 ], [ 109.7483455, -7.3028615 ], [ 109.7483587, -7.3029399 ], [ 109.7484188, -7.3030332 ], [ 109.7484583, -7.3030742 ], [ 109.7484489, -7.3031115 ], [ 109.7484715, -7.3031731 ], [ 109.7484997, -7.3031974 ], [ 109.7485204, -7.3032347 ], [ 109.7485373, -7.3032794 ], [ 109.748575, -7.3032869 ], [ 109.7485919, -7.3033186 ], [ 109.7486295, -7.3033466 ], [ 109.7486464, -7.3033858 ], [ 109.7486615, -7.3034287 ], [ 109.7486671, -7.3034697 ], [ 109.7486803, -7.3035238 ], [ 109.7487104, -7.3035369 ], [ 109.7487499, -7.3035238 ], [ 109.7487837, -7.3034884 ], [ 109.7488289, -7.3035108 ], [ 109.7488383, -7.3035425 ], [ 109.7488665, -7.3035686 ], [ 109.7489004, -7.3035929 ], [ 109.7489399, -7.303619 ], [ 109.7489587, -7.3036638 ], [ 109.7489906, -7.3037123 ], [ 109.7490095, -7.3037421 ], [ 109.7490057, -7.3037794 ], [ 109.7490095, -7.3038242 ], [ 109.7490095, -7.3038541 ], [ 109.7490076, -7.3038951 ], [ 109.7489906, -7.3039418 ], [ 109.7489662, -7.303966 ], [ 109.7489587, -7.3040238 ], [ 109.7489753, -7.304053 ], [ 109.7489615, -7.3040932 ], [ 109.7489455, -7.3041395 ], [ 109.7489301, -7.3041843 ], [ 109.748934, -7.3042443 ], [ 109.7489741, -7.3042793 ], [ 109.7489756, -7.3043018 ], [ 109.7489944, -7.3043298 ], [ 109.7490283, -7.3043615 ], [ 109.749064, -7.3044086 ], [ 109.7491079, -7.3044438 ], [ 109.7491229, -7.3044826 ], [ 109.7491167, -7.304522 ], [ 109.749111, -7.3045574 ], [ 109.7490783, -7.3046363 ], [ 109.7490715, -7.3046731 ], [ 109.7490471, -7.3046899 ], [ 109.7490095, -7.3047421 ], [ 109.7489627, -7.3047699 ], [ 109.7488947, -7.3048205 ], [ 109.7488552, -7.3048149 ], [ 109.7488079, -7.3048246 ], [ 109.74878, -7.3048447 ], [ 109.7487574, -7.3048951 ], [ 109.7487236, -7.304938 ], [ 109.7487029, -7.3049959 ], [ 109.748701, -7.3050294 ], [ 109.7487381, -7.3050586 ], [ 109.7487819, -7.3050686 ], [ 109.7488355, -7.3051182 ], [ 109.7488684, -7.3051321 ], [ 109.7488745, -7.3051813 ], [ 109.7488838, -7.305221 ], [ 109.7488985, -7.3052832 ], [ 109.7489117, -7.3053391 ], [ 109.7489173, -7.3053876 ], [ 109.7489135, -7.3054697 ], [ 109.7489104, -7.3055376 ], [ 109.7489192, -7.3055985 ], [ 109.7489016, -7.3056421 ], [ 109.748884, -7.3056727 ], [ 109.7488552, -7.3056895 ], [ 109.7487969, -7.3056899 ], [ 109.7487366, -7.3056903 ], [ 109.7486937, -7.3056953 ], [ 109.7486446, -7.3057011 ], [ 109.7485927, -7.3057072 ], [ 109.7485405, -7.3056943 ], [ 109.7484928, -7.3056825 ], [ 109.7484471, -7.3056955 ], [ 109.7484235, -7.3057376 ], [ 109.7484113, -7.3057813 ], [ 109.7484027, -7.3058122 ], [ 109.748389, -7.3058452 ], [ 109.7483699, -7.3058914 ], [ 109.7483286, -7.3059231 ], [ 109.7482891, -7.3059623 ], [ 109.7482281, -7.3060053 ], [ 109.7481856, -7.3060238 ], [ 109.7481724, -7.3060574 ], [ 109.7481706, -7.3061041 ], [ 109.7481445, -7.3061378 ], [ 109.7481222, -7.3061585 ], [ 109.7480671, -7.3061712 ], [ 109.7480597, -7.3061955 ], [ 109.74806, -7.3062322 ], [ 109.7480427, -7.3062627 ], [ 109.7479978, -7.306275 ], [ 109.7479542, -7.3063057 ], [ 109.7479578, -7.3063427 ], [ 109.747962, -7.3063869 ], [ 109.7479455, -7.3064228 ], [ 109.7479001, -7.3064549 ], [ 109.7478922, -7.3065015 ], [ 109.7478564, -7.3065444 ], [ 109.7478376, -7.3065798 ], [ 109.7478075, -7.3066022 ], [ 109.7477887, -7.3066134 ], [ 109.7477568, -7.3066302 ], [ 109.7477342, -7.3066544 ], [ 109.7477342, -7.3066806 ], [ 109.7477267, -7.3067235 ], [ 109.7477248, -7.3067682 ], [ 109.7477191, -7.3067981 ], [ 109.7477097, -7.3068373 ], [ 109.7476947, -7.3068783 ], [ 109.7476778, -7.30691 ], [ 109.7476684, -7.3069492 ], [ 109.7476326, -7.3069959 ], [ 109.747595, -7.307035 ], [ 109.7475837, -7.3070873 ], [ 109.7475988, -7.3071097 ], [ 109.7476176, -7.3071619 ], [ 109.7476383, -7.3071973 ], [ 109.7476815, -7.3072645 ], [ 109.7477267, -7.307313 ], [ 109.747721, -7.3073429 ], [ 109.7476928, -7.3073914 ], [ 109.747689, -7.3074324 ], [ 109.7476928, -7.3074735 ], [ 109.7477041, -7.307535 ], [ 109.7476796, -7.3075779 ], [ 109.7476289, -7.3075854 ], [ 109.7475724, -7.3076078 ], [ 109.7475687, -7.3076395 ], [ 109.7475611, -7.3076843 ], [ 109.7475404, -7.3077347 ], [ 109.7475235, -7.3077906 ], [ 109.7475292, -7.307869 ], [ 109.7475292, -7.3079156 ], [ 109.747548, -7.307994 ], [ 109.7475762, -7.3080667 ], [ 109.7476082, -7.3081115 ], [ 109.7476589, -7.3081507 ], [ 109.7477079, -7.308188 ], [ 109.747768, -7.3082608 ], [ 109.7478376, -7.3083037 ], [ 109.747911, -7.3083466 ], [ 109.7479618, -7.3083932 ], [ 109.7480013, -7.3084529 ], [ 109.7480502, -7.3085052 ], [ 109.748084, -7.3085388 ], [ 109.7480671, -7.3085854 ], [ 109.7480596, -7.3086115 ], [ 109.7480596, -7.3086638 ], [ 109.7480596, -7.3087123 ], [ 109.7480389, -7.3087645 ], [ 109.7480314, -7.3088055 ], [ 109.748022, -7.3088522 ], [ 109.7479938, -7.3089212 ], [ 109.7479956, -7.3089492 ], [ 109.7480032, -7.308994 ], [ 109.7479693, -7.3090182 ], [ 109.7479781, -7.3090736 ], [ 109.7479459, -7.3091268 ], [ 109.7478922, -7.3091694 ], [ 109.7478332, -7.309212 ], [ 109.7477581, -7.3092226 ], [ 109.7476776, -7.3091853 ], [ 109.7476239, -7.3091321 ], [ 109.747538, -7.3091215 ], [ 109.7474039, -7.3091534 ], [ 109.7472429, -7.3092439 ], [ 109.7471892, -7.309361 ], [ 109.7472375, -7.3094675 ], [ 109.7472643, -7.3096218 ], [ 109.7472751, -7.3097922 ], [ 109.7473824, -7.3099891 ], [ 109.7475058, -7.3102553 ], [ 109.7476668, -7.3105746 ], [ 109.7478439, -7.3107822 ], [ 109.7478761, -7.311043 ], [ 109.7477903, -7.3111708 ], [ 109.7476883, -7.3113997 ], [ 109.7475541, -7.31157 ], [ 109.7474844, -7.3117244 ], [ 109.7473878, -7.3118681 ], [ 109.7473502, -7.3120331 ], [ 109.747377, -7.3122833 ], [ 109.7473448, -7.312443 ], [ 109.7471892, -7.3126026 ], [ 109.7471516, -7.3128741 ], [ 109.747157, -7.3130604 ], [ 109.7471999, -7.3133053 ], [ 109.7472912, -7.3135235 ], [ 109.7473448, -7.3138642 ], [ 109.747259, -7.3139919 ], [ 109.7471731, -7.3141569 ], [ 109.7471463, -7.3143698 ], [ 109.7471731, -7.3145508 ], [ 109.7471999, -7.3147212 ], [ 109.7470765, -7.3148276 ], [ 109.7470765, -7.3149341 ], [ 109.7471141, -7.3151044 ], [ 109.7471624, -7.315147 ], [ 109.7472321, -7.3152854 ], [ 109.7473341, -7.3154078 ], [ 109.7473609, -7.315493 ], [ 109.7474575, -7.3156367 ], [ 109.747479, -7.3157644 ], [ 109.747479, -7.3159348 ], [ 109.7475112, -7.3160625 ], [ 109.7476454, -7.3161317 ], [ 109.747742, -7.3164617 ], [ 109.7477795, -7.3166267 ], [ 109.7477312, -7.3167172 ], [ 109.7475488, -7.3168556 ], [ 109.7474253, -7.3169301 ], [ 109.7474092, -7.3170845 ], [ 109.7474629, -7.3172655 ], [ 109.7475488, -7.3174411 ], [ 109.7475273, -7.3175582 ], [ 109.7474414, -7.31767 ], [ 109.7472536, -7.3178403 ], [ 109.7471355, -7.3180532 ], [ 109.7470819, -7.31833 ], [ 109.7469906, -7.3184471 ], [ 109.7469423, -7.3185696 ], [ 109.7469853, -7.3187346 ], [ 109.7469584, -7.3189102 ], [ 109.7468833, -7.3190273 ], [ 109.746776, -7.3190326 ], [ 109.746615, -7.3189422 ], [ 109.7464647, -7.3188517 ], [ 109.7463091, -7.318841 ], [ 109.7461642, -7.318873 ], [ 109.7460998, -7.3189422 ], [ 109.7459012, -7.3190912 ], [ 109.7457724, -7.3191551 ], [ 109.7456544, -7.3192189 ], [ 109.7456114, -7.3194212 ], [ 109.745531, -7.3194851 ], [ 109.7453431, -7.3196767 ], [ 109.7451929, -7.3198098 ], [ 109.7450802, -7.3199641 ], [ 109.7449943, -7.3201238 ], [ 109.7449889, -7.3202995 ], [ 109.7450551, -7.3205368 ] ] } },
{ "type": "Feature", "properties": { "waterway": "river", "name": null }, "geometry": { "type": "LineString", "coordinates": [ [ 109.7282287, -7.305705 ], [ 109.7282275, -7.3057686 ], [ 109.7282246, -7.305913 ], [ 109.7282088, -7.3060169 ], [ 109.7281991, -7.3060811 ], [ 109.7282074, -7.3061881 ], [ 109.7281866, -7.3062022 ], [ 109.7281943, -7.3063021 ], [ 109.7282006, -7.3063822 ], [ 109.7282241, -7.3065085 ], [ 109.7282564, -7.3065997 ], [ 109.7282502, -7.3066326 ], [ 109.7282771, -7.306688 ], [ 109.7282854, -7.3068008 ], [ 109.728272, -7.3069137 ], [ 109.7282746, -7.3070737 ], [ 109.7282758, -7.3071506 ], [ 109.7282026, -7.3072257 ], [ 109.7282345, -7.3073364 ], [ 109.7282378, -7.3073693 ], [ 109.7283219, -7.3074855 ], [ 109.7283475, -7.3075294 ], [ 109.7283475, -7.3075704 ], [ 109.7283475, -7.3076094 ], [ 109.7283309, -7.3076525 ], [ 109.7282978, -7.3077613 ], [ 109.7282647, -7.307829 ], [ 109.728184, -7.3079111 ], [ 109.7281923, -7.3079911 ], [ 109.7281364, -7.3081081 ], [ 109.7281116, -7.3081943 ], [ 109.7281116, -7.3082805 ], [ 109.7281178, -7.3083133 ], [ 109.728184, -7.308418 ], [ 109.7282875, -7.308457 ], [ 109.7283537, -7.3084426 ], [ 109.728424, -7.3084447 ], [ 109.728544, -7.3084508 ], [ 109.7286578, -7.3084652 ], [ 109.7287447, -7.3085247 ], [ 109.7287902, -7.308576 ], [ 109.7288337, -7.3086499 ], [ 109.7288544, -7.3087402 ], [ 109.7288544, -7.3088305 ], [ 109.7288502, -7.308888 ], [ 109.7288626, -7.3089659 ], [ 109.728962, -7.3091137 ], [ 109.7290468, -7.3091773 ], [ 109.7290799, -7.309282 ], [ 109.7290778, -7.3093784 ], [ 109.729022, -7.3094564 ], [ 109.7289475, -7.3095611 ], [ 109.7289102, -7.3097294 ], [ 109.7288668, -7.3099551 ], [ 109.7288109, -7.31007 ], [ 109.728782, -7.3101275 ], [ 109.7287157, -7.3101767 ], [ 109.7286868, -7.3102383 ], [ 109.7286744, -7.310304 ], [ 109.7286951, -7.3104004 ], [ 109.7287282, -7.3104558 ], [ 109.7287902, -7.3105256 ], [ 109.7288295, -7.3106057 ], [ 109.7288888, -7.3106756 ], [ 109.7289495, -7.3107473 ], [ 109.729022, -7.3108807 ], [ 109.7289764, -7.3109709 ], [ 109.7289289, -7.3110161 ], [ 109.7288482, -7.3110695 ], [ 109.7287716, -7.3110715 ], [ 109.7286992, -7.3111002 ], [ 109.7286744, -7.3111598 ], [ 109.7286723, -7.3112008 ], [ 109.728604, -7.311287 ], [ 109.7285213, -7.311328 ], [ 109.7284675, -7.3113978 ], [ 109.7284199, -7.3114553 ], [ 109.7283744, -7.3114922 ], [ 109.7282916, -7.3117056 ], [ 109.7282875, -7.311759 ], [ 109.7281964, -7.3118452 ], [ 109.7281716, -7.3119191 ], [ 109.7281633, -7.3119642 ], [ 109.7281675, -7.3120463 ], [ 109.7281654, -7.3120935 ], [ 109.7281509, -7.3121653 ], [ 109.7281302, -7.3122454 ], [ 109.7281157, -7.3122803 ], [ 109.7280495, -7.3122885 ], [ 109.7279874, -7.3123008 ], [ 109.7279543, -7.3123398 ], [ 109.7279543, -7.3124034 ], [ 109.7279585, -7.3124691 ], [ 109.7279833, -7.3125142 ], [ 109.7279874, -7.3125491 ], [ 109.7280247, -7.3126066 ], [ 109.7280743, -7.3126373 ], [ 109.728093, -7.3126702 ], [ 109.728093, -7.3127379 ], [ 109.7280826, -7.3128015 ], [ 109.7280599, -7.3128426 ], [ 109.7280081, -7.3128651 ], [ 109.7279668, -7.3128774 ], [ 109.7279419, -7.3129431 ], [ 109.7279295, -7.3130211 ], [ 109.7279481, -7.3130888 ], [ 109.7280081, -7.313136 ], [ 109.7280309, -7.313134 ], [ 109.7281012, -7.3131771 ], [ 109.7281364, -7.313214 ], [ 109.7281675, -7.313292 ], [ 109.7281612, -7.3133638 ], [ 109.7281571, -7.3134131 ], [ 109.7281385, -7.3134726 ], [ 109.7281509, -7.3135567 ], [ 109.7281509, -7.3135998 ], [ 109.7281178, -7.3136552 ], [ 109.728064, -7.3136368 ], [ 109.728033, -7.3136532 ], [ 109.7280102, -7.3137004 ], [ 109.7280412, -7.3137435 ], [ 109.7280392, -7.3137927 ], [ 109.7280061, -7.3138399 ], [ 109.728004, -7.3138953 ], [ 109.7279833, -7.3139549 ], [ 109.7279337, -7.3139754 ], [ 109.7278985, -7.3140123 ], [ 109.7279005, -7.3140554 ], [ 109.7279109, -7.3141026 ], [ 109.727913, -7.3141621 ], [ 109.7279005, -7.3142093 ], [ 109.727855, -7.3142422 ], [ 109.7278095, -7.3142709 ], [ 109.7277888, -7.3143242 ], [ 109.7277723, -7.3144166 ], [ 109.7277371, -7.3144679 ], [ 109.7277081, -7.3145418 ], [ 109.7277123, -7.314591 ], [ 109.727735, -7.3146813 ], [ 109.7277723, -7.3147511 ], [ 109.7277826, -7.3148147 ], [ 109.7277785, -7.3149009 ], [ 109.7277743, -7.3149666 ], [ 109.7277578, -7.3150507 ], [ 109.7277702, -7.3151431 ], [ 109.7278302, -7.3152334 ], [ 109.7278468, -7.315336 ], [ 109.727853, -7.3153975 ], [ 109.7278405, -7.3155104 ], [ 109.7278468, -7.3156212 ], [ 109.727853, -7.3157115 ], [ 109.7277909, -7.31581 ], [ 109.7277081, -7.3158798 ], [ 109.7276316, -7.3159352 ], [ 109.7276005, -7.3160255 ], [ 109.7275757, -7.3160604 ], [ 109.7275571, -7.3161322 ], [ 109.7275095, -7.316243 ], [ 109.7274474, -7.3163621 ], [ 109.7273605, -7.3165304 ], [ 109.727286, -7.3166145 ], [ 109.7272467, -7.3167068 ], [ 109.7271474, -7.3167356 ], [ 109.727104, -7.3168012 ], [ 109.7270357, -7.3168464 ], [ 109.726986, -7.3168895 ], [ 109.7269178, -7.3169449 ], [ 109.7268267, -7.3169941 ], [ 109.7267543, -7.317027 ], [ 109.7266757, -7.317068 ], [ 109.726535, -7.3171173 ], [ 109.7265246, -7.3171583 ], [ 109.7264605, -7.317226 ], [ 109.7263902, -7.3173163 ], [ 109.7263508, -7.3173738 ], [ 109.7263405, -7.3175092 ], [ 109.7263674, -7.3176324 ], [ 109.7263715, -7.3177658 ], [ 109.7264377, -7.3178909 ], [ 109.7265019, -7.3179217 ], [ 109.7265412, -7.3179607 ], [ 109.7265867, -7.318049 ], [ 109.7266033, -7.3181249 ], [ 109.7266426, -7.3182234 ], [ 109.7266612, -7.3182788 ], [ 109.7267067, -7.3183568 ], [ 109.7267171, -7.3184081 ], [ 109.7267109, -7.3184676 ], [ 109.7266863, -7.3185313 ], [ 109.7266736, -7.3185641 ], [ 109.7266509, -7.3186544 ], [ 109.7265867, -7.3187364 ], [ 109.7265536, -7.3187919 ], [ 109.7265515, -7.3188575 ], [ 109.7265805, -7.318915 ], [ 109.7265929, -7.318993 ], [ 109.7266364, -7.3190709 ], [ 109.7266509, -7.319153 ], [ 109.726655, -7.3191961 ], [ 109.7267253, -7.319229 ], [ 109.7268019, -7.3192495 ], [ 109.7268619, -7.3192454 ], [ 109.726895, -7.3192864 ], [ 109.7269509, -7.3193008 ], [ 109.7270316, -7.3193295 ], [ 109.7270729, -7.3193829 ], [ 109.7271081, -7.3194444 ], [ 109.727181, -7.3196642 ] ] } },
{ "type": "Feature", "properties": { "waterway": "river", "name": null }, "geometry": { "type": "LineString", "coordinates": [ [ 109.723897, -7.3046706 ], [ 109.7239359, -7.3046436 ], [ 109.7239824, -7.3045998 ], [ 109.7240015, -7.3045361 ], [ 109.7240418, -7.3044982 ], [ 109.7240644, -7.3044226 ], [ 109.7240983, -7.3043798 ], [ 109.7241411, -7.3043628 ], [ 109.7241846, -7.3043689 ], [ 109.7242404, -7.3043956 ], [ 109.7242901, -7.3044408 ], [ 109.7243519, -7.3044705 ], [ 109.7244558, -7.3044794 ], [ 109.7245073, -7.3044839 ], [ 109.7246025, -7.3044921 ], [ 109.7247039, -7.3045147 ], [ 109.7247784, -7.3045147 ], [ 109.7248508, -7.3045393 ], [ 109.7249294, -7.304566 ], [ 109.7249956, -7.3046275 ], [ 109.7250267, -7.3046747 ], [ 109.7250432, -7.3047219 ], [ 109.7250665, -7.3047637 ], [ 109.7251177, -7.3047848 ], [ 109.725188, -7.304814 ], [ 109.7252501, -7.3048061 ], [ 109.7253274, -7.3047962 ], [ 109.7253947, -7.3048096 ], [ 109.7254858, -7.3048277 ], [ 109.7255625, -7.304843 ], [ 109.7256143, -7.3048882 ], [ 109.7256755, -7.3049789 ], [ 109.725697, -7.3050216 ], [ 109.7257281, -7.3050831 ], [ 109.7257694, -7.3051426 ], [ 109.7257632, -7.3052596 ], [ 109.7257694, -7.3053848 ], [ 109.7257694, -7.3054279 ], [ 109.7257901, -7.3055038 ], [ 109.7258481, -7.3055736 ], [ 109.7258832, -7.3056105 ], [ 109.7259557, -7.3056229 ], [ 109.7260198, -7.3056229 ], [ 109.7261191, -7.3056413 ], [ 109.7261481, -7.3056557 ], [ 109.7262019, -7.3056906 ], [ 109.7262702, -7.3058096 ], [ 109.726295, -7.3058363 ], [ 109.7263219, -7.305865 ], [ 109.7263715, -7.3059286 ], [ 109.7264398, -7.3059717 ], [ 109.7265391, -7.3060046 ], [ 109.7266405, -7.3059841 ], [ 109.7267129, -7.3060169 ], [ 109.7267543, -7.3060826 ], [ 109.7267771, -7.3061359 ], [ 109.7267998, -7.3061913 ], [ 109.726835, -7.3062262 ], [ 109.7268722, -7.306257 ], [ 109.7269447, -7.3063145 ], [ 109.7269529, -7.3063904 ], [ 109.7269922, -7.3064396 ], [ 109.7270688, -7.3065012 ], [ 109.7271122, -7.3065115 ], [ 109.7271681, -7.3065176 ], [ 109.727226, -7.3065341 ], [ 109.7272985, -7.3065546 ], [ 109.7273254, -7.30661 ], [ 109.7274123, -7.3066243 ], [ 109.7274474, -7.306651 ], [ 109.7274909, -7.306727 ], [ 109.7275178, -7.3067967 ], [ 109.7275447, -7.3068686 ], [ 109.7275861, -7.3069055 ], [ 109.7276771, -7.3069445 ], [ 109.7277267, -7.306965 ], [ 109.7277474, -7.3070184 ], [ 109.7277764, -7.3070574 ], [ 109.7278199, -7.3070984 ], [ 109.7278426, -7.307123 ], [ 109.7278674, -7.3071559 ], [ 109.7279461, -7.3072154 ], [ 109.7280474, -7.3072154 ], [ 109.7281385, -7.3072051 ], [ 109.7282026, -7.3072257 ] ] } },
{ "type": "Feature", "properties": { "waterway": "river", "name": null }, "geometry": { "type": "LineString", "coordinates": [ [ 109.7473228, -7.2843828 ], [ 109.7471614, -7.2844567 ], [ 109.7470952, -7.2844875 ], [ 109.7470145, -7.2845224 ], [ 109.7469504, -7.2846106 ], [ 109.7469731, -7.2846907 ], [ 109.7468966, -7.2847912 ], [ 109.7468221, -7.2848364 ], [ 109.7467393, -7.2849185 ], [ 109.7466731, -7.2849636 ], [ 109.7464807, -7.285058 ], [ 109.7464103, -7.2850888 ], [ 109.7463193, -7.2851381 ], [ 109.7462572, -7.2851668 ], [ 109.7460979, -7.2851832 ], [ 109.746009, -7.2852079 ], [ 109.7459821, -7.2853043 ], [ 109.7460682, -7.2853678 ], [ 109.7459469, -7.285567 ], [ 109.7458186, -7.2856409 ], [ 109.7455993, -7.2856696 ], [ 109.7453019, -7.2858138 ], [ 109.7452331, -7.2858215 ], [ 109.7451644, -7.2858718 ], [ 109.7450841, -7.2858974 ], [ 109.7450262, -7.2859159 ], [ 109.744962, -7.285959 ], [ 109.7448751, -7.2860411 ], [ 109.7448544, -7.2860822 ], [ 109.7448089, -7.2861519 ], [ 109.7447779, -7.2862381 ], [ 109.7447158, -7.2862751 ], [ 109.7446517, -7.2862771 ], [ 109.7445855, -7.2862566 ], [ 109.7444986, -7.2862053 ], [ 109.7444468, -7.286156 ], [ 109.7443827, -7.2860822 ], [ 109.7443227, -7.2860842 ], [ 109.7442958, -7.2861047 ], [ 109.7442565, -7.2861253 ], [ 109.7441779, -7.2861485 ], [ 109.7441054, -7.2862012 ], [ 109.7440434, -7.2862463 ], [ 109.7439917, -7.2862998 ], [ 109.7439544, -7.2863223 ], [ 109.7438613, -7.2863243 ], [ 109.7437958, -7.2863026 ], [ 109.7437509, -7.2862925 ], [ 109.7436688, -7.2862173 ], [ 109.743611, -7.2861642 ], [ 109.7435847, -7.2860805 ], [ 109.7435459, -7.286021 ], [ 109.7434806, -7.2859877 ], [ 109.7433978, -7.2859918 ], [ 109.743313, -7.2860144 ], [ 109.743283, -7.2860392 ], [ 109.7432468, -7.2860555 ], [ 109.7432158, -7.2860986 ], [ 109.7432019, -7.2861482 ], [ 109.7431868, -7.2861766 ], [ 109.7431923, -7.2863179 ], [ 109.7432174, -7.2863848 ], [ 109.7431847, -7.2864557 ], [ 109.7431114, -7.2865075 ], [ 109.7430151, -7.2865583 ], [ 109.7429178, -7.2866096 ], [ 109.7428062, -7.2866466 ], [ 109.7427109, -7.2866404 ], [ 109.7426306, -7.2865871 ], [ 109.7426291, -7.2865261 ], [ 109.7426668, -7.2864575 ], [ 109.7426652, -7.2863902 ], [ 109.7426628, -7.2862901 ], [ 109.742622, -7.2862238 ], [ 109.7425581, -7.2861892 ], [ 109.7424523, -7.2861088 ], [ 109.7423735, -7.286049 ], [ 109.7422868, -7.2860124 ], [ 109.7421895, -7.2859713 ], [ 109.7421413, -7.2859217 ], [ 109.7421006, -7.2858359 ], [ 109.7420488, -7.2858174 ], [ 109.7419681, -7.2858461 ], [ 109.7419702, -7.2859385 ], [ 109.7419557, -7.2860083 ], [ 109.7419164, -7.286117 ], [ 109.741875, -7.2861889 ], [ 109.7417987, -7.2862858 ], [ 109.7417178, -7.2863715 ], [ 109.7416578, -7.2864352 ], [ 109.7416471, -7.2865132 ], [ 109.7416474, -7.2865706 ], [ 109.741648, -7.2866703 ], [ 109.741687, -7.2867883 ], [ 109.7416585, -7.2869229 ], [ 109.7416288, -7.2870632 ], [ 109.7415936, -7.2872294 ], [ 109.7415647, -7.287293 ], [ 109.7415244, -7.2873527 ], [ 109.7415091, -7.2874432 ], [ 109.7415026, -7.2874818 ], [ 109.7414862, -7.2875788 ], [ 109.741513, -7.287683 ], [ 109.7415419, -7.2877958 ], [ 109.7414964, -7.2879046 ], [ 109.7414858, -7.2880253 ], [ 109.7414718, -7.2880969 ], [ 109.7414068, -7.2881713 ], [ 109.7412688, -7.2882186 ], [ 109.7412316, -7.2882946 ], [ 109.7413288, -7.2883766 ], [ 109.7414323, -7.2884136 ], [ 109.7415026, -7.2885162 ], [ 109.7415201, -7.2885826 ], [ 109.741529, -7.2886722 ], [ 109.7414612, -7.2887543 ], [ 109.7414122, -7.2888136 ], [ 109.7414095, -7.2888671 ], [ 109.7414051, -7.2889537 ], [ 109.7413309, -7.2890354 ], [ 109.7412211, -7.2890708 ], [ 109.7409502, -7.2890991 ], [ 109.7407536, -7.2891196 ], [ 109.7406833, -7.2891155 ], [ 109.7405819, -7.2891196 ], [ 109.7404848, -7.2891335 ], [ 109.7403977, -7.2891298 ], [ 109.7403502, -7.2891545 ], [ 109.7402856, -7.2891659 ], [ 109.7402203, -7.2891979 ], [ 109.7401722, -7.2892694 ], [ 109.7401515, -7.2893002 ], [ 109.7401007, -7.2893444 ], [ 109.740027, -7.2894349 ], [ 109.7400163, -7.2895027 ], [ 109.7399757, -7.2895526 ], [ 109.7399322, -7.289606 ], [ 109.7398888, -7.2896717 ], [ 109.7398286, -7.2897247 ], [ 109.7397791, -7.2897578 ], [ 109.7397543, -7.2898851 ], [ 109.7397626, -7.2899508 ], [ 109.7397915, -7.2900226 ], [ 109.7398019, -7.2900739 ], [ 109.739775, -7.2901273 ], [ 109.739717, -7.290195 ], [ 109.7396074, -7.2902155 ], [ 109.73954, -7.2902532 ], [ 109.7395309, -7.2903346 ], [ 109.739609, -7.2905112 ], [ 109.7395784, -7.290589 ], [ 109.7395453, -7.2906732 ], [ 109.7394941, -7.2907569 ], [ 109.7394694, -7.2908388 ], [ 109.7394356, -7.2909502 ], [ 109.739417, -7.2910118 ], [ 109.7393634, -7.2911169 ], [ 109.7393012, -7.2911452 ], [ 109.7391915, -7.2911349 ], [ 109.739117, -7.2911042 ], [ 109.7390246, -7.2910752 ], [ 109.7389474, -7.2910631 ], [ 109.7388398, -7.2911042 ], [ 109.7387619, -7.2911238 ], [ 109.7387182, -7.2911534 ], [ 109.738728, -7.2912827 ], [ 109.7387363, -7.2913915 ], [ 109.7387644, -7.2914229 ], [ 109.7388025, -7.2915085 ], [ 109.7388563, -7.2915475 ], [ 109.7389163, -7.2916152 ], [ 109.7390005, -7.2916678 ], [ 109.739083, -7.2917397 ], [ 109.7391522, -7.2917999 ], [ 109.7392058, -7.2918465 ], [ 109.739235, -7.2918902 ], [ 109.7392422, -7.2920076 ], [ 109.7392039, -7.2921057 ], [ 109.7391236, -7.2921697 ], [ 109.7389947, -7.2922984 ], [ 109.7389039, -7.2923889 ], [ 109.7387754, -7.2925171 ], [ 109.7387505, -7.2925623 ], [ 109.7386699, -7.2926382 ], [ 109.7386016, -7.2926895 ], [ 109.7384485, -7.2927305 ], [ 109.7383843, -7.292786 ], [ 109.7383823, -7.2928865 ], [ 109.7384236, -7.2929583 ], [ 109.7385271, -7.2931082 ], [ 109.7385974, -7.2932313 ], [ 109.7385395, -7.2933914 ], [ 109.7384774, -7.2935084 ], [ 109.7384381, -7.29365 ], [ 109.7382954, -7.2938819 ], [ 109.7382374, -7.2940173 ], [ 109.7381919, -7.2941323 ], [ 109.7381154, -7.2942328 ], [ 109.7379788, -7.2943149 ], [ 109.7378319, -7.2943252 ], [ 109.7376746, -7.2943642 ], [ 109.7375443, -7.2944319 ], [ 109.7375091, -7.2944832 ], [ 109.7374615, -7.2945673 ], [ 109.7373643, -7.2945981 ], [ 109.7371843, -7.2946351 ], [ 109.7371015, -7.2946966 ], [ 109.7370415, -7.2947746 ], [ 109.7370167, -7.2948444 ], [ 109.7370953, -7.2950332 ], [ 109.7371408, -7.2951235 ], [ 109.7371222, -7.2953041 ], [ 109.7370953, -7.2954478 ], [ 109.7370726, -7.2955565 ], [ 109.7370415, -7.2956981 ], [ 109.7369712, -7.2958233 ], [ 109.7368843, -7.2958931 ], [ 109.7367415, -7.2959937 ], [ 109.7366898, -7.2961353 ], [ 109.7366857, -7.2962995 ], [ 109.7367084, -7.2964185 ], [ 109.7367746, -7.2965314 ], [ 109.7368677, -7.2965724 ], [ 109.7369877, -7.2965765 ], [ 109.7371036, -7.2967263 ], [ 109.7372133, -7.2968105 ], [ 109.7372836, -7.2969521 ], [ 109.7373167, -7.2970547 ], [ 109.737327, -7.2971717 ], [ 109.7373829, -7.2972353 ], [ 109.7374905, -7.2972332 ], [ 109.7376312, -7.2972004 ], [ 109.7377264, -7.297145 ], [ 109.7377822, -7.2972579 ], [ 109.7378422, -7.2973523 ], [ 109.7379312, -7.2974672 ], [ 109.7380016, -7.2976293 ], [ 109.7380553, -7.2977258 ], [ 109.7380926, -7.297814 ], [ 109.7381402, -7.2979392 ], [ 109.738105, -7.2981034 ], [ 109.7380098, -7.2981588 ], [ 109.737834, -7.2981732 ], [ 109.7376167, -7.2982265 ], [ 109.7375029, -7.2982902 ], [ 109.7373891, -7.2984092 ], [ 109.7373498, -7.2985077 ], [ 109.7373146, -7.2987047 ], [ 109.7372567, -7.298873 ], [ 109.7372091, -7.2989654 ], [ 109.7371243, -7.2990351 ], [ 109.737056, -7.299107 ], [ 109.7370374, -7.2992281 ], [ 109.7370229, -7.2993902 ], [ 109.7370684, -7.2994825 ], [ 109.7370788, -7.2995297 ], [ 109.7371284, -7.2996282 ], [ 109.737145, -7.2997185 ], [ 109.7371326, -7.2997801 ], [ 109.7370601, -7.2998499 ], [ 109.7369857, -7.2999381 ], [ 109.736905, -7.2999956 ], [ 109.7368636, -7.3000982 ], [ 109.7368636, -7.3001413 ], [ 109.7368884, -7.3002008 ], [ 109.7369567, -7.3002501 ], [ 109.7370519, -7.3003137 ], [ 109.7371036, -7.3003527 ], [ 109.7371222, -7.3004122 ], [ 109.7371553, -7.3004881 ], [ 109.7371698, -7.3005641 ], [ 109.737145, -7.3006441 ], [ 109.737116, -7.3007077 ], [ 109.7370291, -7.300796 ], [ 109.7369919, -7.3008493 ], [ 109.7368801, -7.3009212 ], [ 109.736787, -7.3010033 ], [ 109.7367374, -7.3010936 ], [ 109.7366546, -7.301151 ], [ 109.7366256, -7.3012783 ], [ 109.7366277, -7.3013029 ], [ 109.7366174, -7.3013829 ], [ 109.7365967, -7.3014609 ], [ 109.7365677, -7.3015163 ], [ 109.7365098, -7.3016559 ], [ 109.7365139, -7.3017605 ], [ 109.7365491, -7.301857 ], [ 109.7365532, -7.3020314 ], [ 109.7365429, -7.3021033 ], [ 109.7365201, -7.3021997 ], [ 109.7365387, -7.302251 ], [ 109.736547, -7.3023064 ], [ 109.7364974, -7.302446 ], [ 109.7364581, -7.3025096 ], [ 109.7364767, -7.3025835 ], [ 109.7364829, -7.3026389 ], [ 109.7365181, -7.3027333 ], [ 109.736516, -7.302799 ], [ 109.7365201, -7.3028667 ], [ 109.7364725, -7.3029796 ], [ 109.7363629, -7.3030966 ], [ 109.7363629, -7.3031766 ], [ 109.736336, -7.3032361 ], [ 109.7362967, -7.3032895 ], [ 109.7362077, -7.303349 ], [ 109.7361415, -7.3033674 ], [ 109.7359656, -7.3033654 ], [ 109.7358601, -7.3033962 ], [ 109.7357711, -7.3034495 ], [ 109.7357608, -7.3035747 ], [ 109.735796, -7.3036219 ], [ 109.7358084, -7.3037266 ], [ 109.7356511, -7.3038805 ], [ 109.7355808, -7.3039359 ], [ 109.7354815, -7.3039934 ], [ 109.7354773, -7.3040837 ], [ 109.7354318, -7.3042376 ], [ 109.7353511, -7.3042561 ], [ 109.7352394, -7.304252 ], [ 109.7351504, -7.304293 ], [ 109.7350573, -7.30433 ], [ 109.7349187, -7.3043402 ], [ 109.7348277, -7.3044141 ], [ 109.7348028, -7.3044859 ], [ 109.7347346, -7.3045311 ], [ 109.7345711, -7.3045229 ], [ 109.7345111, -7.304605 ], [ 109.7344801, -7.3046604 ], [ 109.7343518, -7.3048163 ], [ 109.7342587, -7.3049374 ], [ 109.7341242, -7.3049785 ], [ 109.7339545, -7.3049641 ], [ 109.7338573, -7.3049395 ], [ 109.7337414, -7.3049949 ], [ 109.7336959, -7.3050585 ], [ 109.7336773, -7.3051837 ], [ 109.7336669, -7.3052411 ], [ 109.7336359, -7.3053417 ], [ 109.7335469, -7.3054484 ], [ 109.7334869, -7.3055038 ], [ 109.733489, -7.3055962 ], [ 109.733429, -7.3056762 ], [ 109.7333359, -7.3058137 ], [ 109.7332759, -7.3059923 ], [ 109.7332738, -7.3061482 ], [ 109.7332262, -7.306298 ], [ 109.7332511, -7.306454 ], [ 109.7332449, -7.3066223 ], [ 109.7332862, -7.3067413 ], [ 109.7333152, -7.3068439 ], [ 109.7333338, -7.306924 ], [ 109.7333359, -7.3070348 ], [ 109.7333111, -7.3071107 ], [ 109.7332614, -7.3071805 ], [ 109.73316, -7.30724 ], [ 109.7330131, -7.3072462 ], [ 109.7328848, -7.3072646 ], [ 109.7328228, -7.3073098 ], [ 109.7327897, -7.3073426 ], [ 109.7327421, -7.3073898 ], [ 109.7326924, -7.3074165 ], [ 109.7326304, -7.3074411 ], [ 109.7325745, -7.3074411 ], [ 109.7325041, -7.3074617 ], [ 109.7324338, -7.3074781 ], [ 109.7323759, -7.307476 ], [ 109.732289, -7.3074945 ], [ 109.7322331, -7.3074842 ], [ 109.7321545, -7.3074863 ], [ 109.7320738, -7.3074883 ], [ 109.7319993, -7.3074883 ], [ 109.7319062, -7.3074842 ], [ 109.7318027, -7.3074699 ], [ 109.7316641, -7.3074452 ], [ 109.7315234, -7.3073816 ], [ 109.7314489, -7.3073673 ], [ 109.7313662, -7.3073447 ], [ 109.7312586, -7.3073201 ], [ 109.7312275, -7.3073201 ], [ 109.731151, -7.3073365 ], [ 109.7310682, -7.3073365 ], [ 109.7310186, -7.3073016 ], [ 109.7309648, -7.3072421 ], [ 109.7309275, -7.3071949 ], [ 109.7307806, -7.3071559 ], [ 109.7307372, -7.3071087 ], [ 109.7306462, -7.3070245 ], [ 109.7305986, -7.3069794 ], [ 109.7305572, -7.3069199 ], [ 109.7304992, -7.3068521 ], [ 109.7304413, -7.3068275 ], [ 109.7302986, -7.3068378 ], [ 109.7302158, -7.3068829 ], [ 109.7301744, -7.3069363 ], [ 109.7301537, -7.306965 ], [ 109.7301165, -7.3070389 ], [ 109.7300854, -7.3071087 ], [ 109.7300544, -7.3071497 ], [ 109.7299985, -7.3072051 ], [ 109.7299075, -7.3072811 ], [ 109.7298061, -7.3073016 ], [ 109.7297296, -7.307238 ], [ 109.7296716, -7.3072051 ], [ 109.7295951, -7.3072072 ], [ 109.7295351, -7.3072154 ], [ 109.7294585, -7.3072236 ], [ 109.7293965, -7.3072092 ], [ 109.7293447, -7.3071764 ], [ 109.7292475, -7.3071743 ], [ 109.7291978, -7.3072318 ], [ 109.7291627, -7.3072626 ], [ 109.7290758, -7.30724 ], [ 109.7289992, -7.3072646 ], [ 109.7289206, -7.3073467 ], [ 109.7288275, -7.3073857 ], [ 109.7286785, -7.3073898 ], [ 109.7286185, -7.3073878 ], [ 109.7285461, -7.3074473 ], [ 109.7284923, -7.307476 ], [ 109.7284447, -7.3074965 ], [ 109.7284033, -7.3075355 ], [ 109.7283475, -7.3075704 ] ] } },
{ "type": "Feature", "properties": { "waterway": "stream", "name": "Kali Sampang" }, "geometry": { "type": "LineString", "coordinates": [ [ 109.7240113, -7.2782441 ], [ 109.7239144, -7.2782051 ], [ 109.7238719, -7.27813 ], [ 109.7238023, -7.2780638 ], [ 109.7237356, -7.278133 ], [ 109.7236963, -7.278163 ], [ 109.7236175, -7.278181 ], [ 109.7235963, -7.27813 ], [ 109.7234963, -7.2781119 ], [ 109.7233691, -7.2781179 ], [ 109.7232812, -7.2780819 ], [ 109.7232873, -7.2779827 ], [ 109.7232843, -7.2778625 ], [ 109.7232509, -7.2778114 ], [ 109.7231752, -7.2777964 ], [ 109.7230753, -7.2777694 ], [ 109.7229541, -7.2777483 ], [ 109.7228935, -7.2776492 ], [ 109.7228693, -7.277568 ], [ 109.7228269, -7.2774929 ], [ 109.7226875, -7.2774298 ], [ 109.72253, -7.2773938 ], [ 109.7224452, -7.2773667 ], [ 109.722321, -7.2772826 ], [ 109.7221756, -7.2772495 ], [ 109.7220302, -7.2772646 ], [ 109.7218878, -7.2772525 ], [ 109.7217454, -7.2772766 ], [ 109.7215909, -7.2773427 ], [ 109.7214152, -7.2773787 ], [ 109.7213274, -7.2773938 ], [ 109.7212213, -7.2772946 ], [ 109.7211547, -7.2772135 ], [ 109.721082, -7.2771323 ], [ 109.7210244, -7.2771233 ], [ 109.7209033, -7.2771323 ], [ 109.7208275, -7.2771714 ], [ 109.7207639, -7.2771924 ], [ 109.72067, -7.2771924 ], [ 109.720567, -7.2771834 ], [ 109.7204943, -7.2771924 ], [ 109.7203398, -7.2771894 ], [ 109.7202308, -7.2771323 ], [ 109.7201308, -7.2771654 ], [ 109.720043, -7.2771263 ], [ 109.7199248, -7.2771143 ], [ 109.7197946, -7.2771594 ], [ 109.719734, -7.2772525 ], [ 109.7196764, -7.2773547 ], [ 109.7195795, -7.2774869 ], [ 109.7191372, -7.2777033 ], [ 109.7187737, -7.2778836 ], [ 109.7184405, -7.2780939 ], [ 109.7183254, -7.2780278 ], [ 109.7182284, -7.2779557 ], [ 109.7181406, -7.2778836 ], [ 109.7181103, -7.2778265 ], [ 109.718086, -7.2777453 ], [ 109.7180679, -7.2776702 ], [ 109.7180285, -7.2776011 ], [ 109.7179406, -7.2776221 ], [ 109.717877, -7.2776943 ], [ 109.7178164, -7.2777453 ], [ 109.7177074, -7.2777003 ], [ 109.7176226, -7.2776161 ], [ 109.7174741, -7.2774809 ], [ 109.7173196, -7.2772525 ], [ 109.7172045, -7.2771804 ], [ 109.7170622, -7.2771113 ], [ 109.7169167, -7.2770572 ], [ 109.7168419, -7.2770221 ] ] } },
{ "type": "Feature", "properties": { "waterway": "river", "name": "Kali Telatasuren" }, "geometry": { "type": "LineString", "coordinates": [ [ 109.7168419, -7.2770221 ], [ 109.7167964, -7.27707 ], [ 109.7167329, -7.277135 ], [ 109.7166355, -7.2771795 ], [ 109.7166128, -7.2772471 ], [ 109.7166831, -7.2773446 ], [ 109.716599, -7.2774302 ], [ 109.716544, -7.2775512 ], [ 109.7165543, -7.2777162 ], [ 109.7164724, -7.2779526 ], [ 109.7164688, -7.2781269 ], [ 109.7164587, -7.2782046 ], [ 109.7164361, -7.2783279 ], [ 109.7163909, -7.2783882 ], [ 109.7163315, -7.2784303 ], [ 109.7162538, -7.2784303 ], [ 109.7162326, -7.2784092 ], [ 109.716128, -7.2783335 ], [ 109.7160432, -7.2783125 ], [ 109.715909, -7.278269 ], [ 109.7158044, -7.278234 ], [ 109.7157422, -7.2782102 ], [ 109.7156631, -7.2781905 ], [ 109.7155557, -7.278213 ], [ 109.7154525, -7.2782522 ], [ 109.7153324, -7.2782719 ], [ 109.715177, -7.2783139 ], [ 109.7150936, -7.2783307 ], [ 109.7150413, -7.2783616 ], [ 109.7149933, -7.2784891 ], [ 109.7149466, -7.2785915 ], [ 109.7149071, -7.2787036 ], [ 109.7148675, -7.278897 ], [ 109.7148689, -7.2790695 ], [ 109.7148717, -7.279169 ], [ 109.7148774, -7.2793078 ], [ 109.7148717, -7.279361 ], [ 109.7148435, -7.279462 ], [ 109.7147714, -7.2795208 ], [ 109.7146739, -7.2795811 ], [ 109.7145523, -7.2795741 ], [ 109.7144026, -7.2794578 ], [ 109.7142641, -7.2793835 ], [ 109.7141425, -7.2793386 ], [ 109.7139786, -7.2792433 ], [ 109.7138783, -7.2791802 ], [ 109.7137652, -7.2791115 ], [ 109.7136578, -7.2790204 ], [ 109.7135716, -7.2789784 ], [ 109.7134571, -7.2789209 ], [ 109.7133639, -7.2789181 ], [ 109.7132819, -7.2789335 ], [ 109.7131787, -7.2789699 ], [ 109.7130529, -7.27903 ], [ 109.7129921, -7.2790991 ], [ 109.7129534, -7.2791832 ], [ 109.7128775, -7.2793114 ], [ 109.7128438, -7.2794123 ], [ 109.7128319, -7.2795751 ], [ 109.7127927, -7.2796945 ], [ 109.7127593, -7.2797892 ], [ 109.7127272, -7.2798571 ], [ 109.7126805, -7.2799528 ], [ 109.7126034, -7.280067 ] ] } },
{ "type": "Feature", "properties": { "waterway": "canal", "name": null }, "geometry": { "type": "LineString", "coordinates": [ [ 109.7424213, -7.3882586 ], [ 109.7423508, -7.3882912 ], [ 109.7420075, -7.3882699 ], [ 109.7415354, -7.3880465 ], [ 109.7410741, -7.3878337 ], [ 109.7407415, -7.3876954 ], [ 109.740484, -7.388238 ], [ 109.7401299, -7.3886848 ], [ 109.7397973, -7.3890785 ], [ 109.7395291, -7.3892807 ], [ 109.7390678, -7.3894509 ], [ 109.738585, -7.3896105 ], [ 109.7383918, -7.3896637 ], [ 109.7377481, -7.3896424 ], [ 109.7371151, -7.3896318 ], [ 109.736643, -7.3896211 ], [ 109.7361924, -7.3893977 ], [ 109.7357847, -7.3892168 ], [ 109.735259, -7.3891317 ], [ 109.7349157, -7.3890147 ], [ 109.7344115, -7.3888976 ], [ 109.7334566, -7.38877 ], [ 109.7324266, -7.3886423 ], [ 109.7315147, -7.3885465 ], [ 109.7313834, -7.3885357 ], [ 109.7307744, -7.3885146 ], [ 109.730018, -7.388528 ], [ 109.7294816, -7.3884854 ], [ 109.7292026, -7.3884428 ], [ 109.7290632, -7.3883152 ], [ 109.7288271, -7.3880172 ], [ 109.7286665, -7.3879365 ], [ 109.7285053, -7.3878896 ], [ 109.7282557, -7.3878789 ], [ 109.7280121, -7.3879578 ], [ 109.7277006, -7.3880917 ], [ 109.7274217, -7.38823 ], [ 109.7271105, -7.3884854 ], [ 109.7268423, -7.3886982 ], [ 109.7266331, -7.3887673 ], [ 109.7261797, -7.3888072 ], [ 109.7257774, -7.3888231 ], [ 109.7251953, -7.3887912 ], [ 109.7248628, -7.3887699 ], [ 109.7245141, -7.3886928 ], [ 109.7241333, -7.3885652 ], [ 109.7237443, -7.3883418 ], [ 109.7232078, -7.3878975 ], [ 109.7225024, -7.3873868 ], [ 109.7220478, -7.3870317 ], [ 109.7217206, -7.3868562 ], [ 109.7215382, -7.3867909 ], [ 109.7213776, -7.3867621 ], [ 109.7211962, -7.3867258 ], [ 109.7201488, -7.3866779 ], [ 109.719948, -7.3867103 ], [ 109.7197934, -7.3867578 ], [ 109.7196915, -7.3868122 ], [ 109.7196154, -7.3868726 ], [ 109.7195413, -7.3869718 ], [ 109.7194599, -7.387112 ], [ 109.7194474, -7.3871966 ], [ 109.7194729, -7.3876554 ], [ 109.7195091, -7.3891903 ], [ 109.71956, -7.3902277 ], [ 109.719552, -7.390592 ], [ 109.7195175, -7.3907268 ], [ 109.7194608, -7.39085 ], [ 109.7193696, -7.3909644 ], [ 109.7191818, -7.3910841 ], [ 109.7189995, -7.3912118 ], [ 109.7189409, -7.3913333 ], [ 109.718927, -7.3914512 ], [ 109.71897, -7.3918741 ], [ 109.7189673, -7.3921055 ], [ 109.7189274, -7.392219 ], [ 109.7188439, -7.3922917 ], [ 109.7186373, -7.3924008 ], [ 109.7184822, -7.3924212 ], [ 109.7183047, -7.3923901 ], [ 109.7179775, -7.3922864 ], [ 109.7177629, -7.3922545 ], [ 109.7176047, -7.3922571 ], [ 109.7164192, -7.3923662 ], [ 109.7163671, -7.3923731 ], [ 109.7159471, -7.39243 ], [ 109.7157272, -7.392579 ], [ 109.7155408, -7.3927146 ], [ 109.7153838, -7.3927798 ], [ 109.7152323, -7.3928264 ], [ 109.7150999, -7.3928388 ], [ 109.7149806, -7.3928055 ], [ 109.7147901, -7.3927311 ], [ 109.714614, -7.3926987 ], [ 109.7144424, -7.3927066 ], [ 109.7142573, -7.3927439 ], [ 109.7125313, -7.3931734 ], [ 109.7115054, -7.3934514 ], [ 109.7109717, -7.3936136 ], [ 109.7105767, -7.3937461 ], [ 109.7104865, -7.393799 ], [ 109.7104325, -7.3938637 ], [ 109.7103467, -7.3940446 ], [ 109.7102398, -7.3942884 ], [ 109.7101352, -7.3944135 ], [ 109.7100006, -7.3945686 ], [ 109.7097865, -7.3947167 ], [ 109.7096117, -7.3947894 ], [ 109.7090861, -7.394933 ], [ 109.7088017, -7.395058 ], [ 109.70863, -7.3952176 ], [ 109.7085071, -7.3954269 ], [ 109.7084638, -7.3955874 ], [ 109.708445, -7.3959676 ], [ 109.7084209, -7.3967763 ], [ 109.7083659, -7.3974972 ], [ 109.7083417, -7.3980012 ], [ 109.7082868, -7.3983297 ], [ 109.7082576, -7.3985323 ], [ 109.7082224, -7.3986901 ], [ 109.7081165, -7.3990465 ], [ 109.7079904, -7.3993604 ], [ 109.7078647, -7.3996268 ], [ 109.7077923, -7.3997705 ], [ 109.7077235, -7.3998737 ], [ 109.7074177, -7.4001717 ], [ 109.7072259, -7.4003066 ], [ 109.7070774, -7.4003663 ], [ 109.7069343, -7.4003944 ], [ 109.7060136, -7.4004629 ], [ 109.7033112, -7.4006518 ], [ 109.7018146, -7.4007634 ], [ 109.7012795, -7.400794 ], [ 109.7011363, -7.4008012 ], [ 109.7009938, -7.400794 ], [ 109.7005338, -7.4007449 ], [ 109.6997788, -7.4006544 ], [ 109.6995589, -7.4006544 ], [ 109.6993456, -7.4006677 ], [ 109.6991337, -7.4007143 ], [ 109.698915, -7.400806 ], [ 109.6987354, -7.400919 ], [ 109.6986513, -7.4010033 ], [ 109.698604, -7.4010693 ], [ 109.6985034, -7.401213 ], [ 109.6983599, -7.4014882 ], [ 109.6982284, -7.4018221 ], [ 109.6980112, -7.4024072 ], [ 109.6979415, -7.4027105 ], [ 109.6978932, -7.4029179 ], [ 109.6978288, -7.4033887 ], [ 109.6978154, -7.4037731 ], [ 109.6977939, -7.4039912 ], [ 109.6977631, -7.4041095 ], [ 109.6977188, -7.4042 ], [ 109.6976169, -7.4042984 ], [ 109.6975109, -7.4043836 ], [ 109.6973973, -7.4044132 ], [ 109.6972699, -7.4044425 ], [ 109.6970764, -7.4044593 ], [ 109.6966352, -7.4045032 ], [ 109.6952699, -7.4047133 ], [ 109.6950554, -7.4046974 ], [ 109.6948542, -7.4046521 ], [ 109.694704, -7.4045804 ], [ 109.6945002, -7.4044207 ], [ 109.6938381, -7.4038347 ], [ 109.6935788, -7.4036347 ], [ 109.6932033, -7.4034153 ] ] } },
{ "type": "Feature", "properties": { "waterway": "canal", "name": null }, "geometry": { "type": "LineString", "coordinates": [ [ 109.6932033, -7.4034153 ], [ 109.6924925, -7.4030257 ], [ 109.6923159, -7.4029503 ], [ 109.6921345, -7.4028967 ], [ 109.691935, -7.4028572 ], [ 109.691759, -7.4028275 ], [ 109.6915622, -7.4027974 ], [ 109.6913888, -7.4027903 ], [ 109.6912336, -7.4028147 ], [ 109.6910616, -7.4028647 ], [ 109.6908363, -7.4030031 ], [ 109.6906995, -7.4031334 ], [ 109.6905332, -7.4034207 ], [ 109.6904987, -7.4035594 ], [ 109.6904996, -7.4036694 ], [ 109.6905104, -7.403813 ], [ 109.6906056, -7.4041601 ], [ 109.6907988, -7.4047453 ], [ 109.6909704, -7.4052347 ], [ 109.6910267, -7.405522 ], [ 109.6910428, -7.4058171 ], [ 109.6910428, -7.4062853 ], [ 109.6910241, -7.4069317 ], [ 109.6909892, -7.4079078 ], [ 109.6909288, -7.4083999 ], [ 109.690847, -7.4087058 ], [ 109.6907411, -7.4089371 ], [ 109.6905882, -7.4092378 ], [ 109.6902801, -7.4096385 ], [ 109.6899766, -7.4099692 ], [ 109.6895636, -7.410392 ], [ 109.689172, -7.4107804 ], [ 109.6890285, -7.4109067 ], [ 109.6883378, -7.4113536 ], [ 109.6881044, -7.4114574 ], [ 109.6876927, -7.4115996 ], [ 109.6873199, -7.4117233 ], [ 109.6872542, -7.4117339 ], [ 109.6872086, -7.4116994 ], [ 109.6871402, -7.4113868 ], [ 109.6870544, -7.4113336 ], [ 109.6865877, -7.411057 ], [ 109.6863302, -7.4109134 ], [ 109.6861049, -7.4108283 ], [ 109.685842, -7.4107857 ], [ 109.6855684, -7.410807 ], [ 109.6852305, -7.4108283 ], [ 109.684973, -7.4108496 ], [ 109.6847959, -7.4108389 ], [ 109.6844848, -7.4107325 ], [ 109.6841361, -7.4105783 ], [ 109.6838196, -7.4103814 ], [ 109.6836372, -7.4102697 ], [ 109.6834495, -7.4102165 ], [ 109.6832456, -7.4102484 ], [ 109.683074, -7.4103335 ], [ 109.6828916, -7.4105251 ], [ 109.6828004, -7.4107432 ], [ 109.6827306, -7.4110091 ], [ 109.6826502, -7.4112538 ], [ 109.6825429, -7.4115039 ], [ 109.6824034, -7.4116847 ], [ 109.6822425, -7.4117858 ], [ 109.6820225, -7.411855 ], [ 109.681921, -7.4118727 ], [ 109.6818016, -7.4118581 ], [ 109.6816778, -7.411815 ], [ 109.681175, -7.4114613 ], [ 109.6806365, -7.4111129 ], [ 109.6802201, -7.4108881 ], [ 109.6797118, -7.4106341 ], [ 109.6793202, -7.410436 ], [ 109.6789058, -7.4100782 ], [ 109.6783908, -7.4096207 ], [ 109.6781337, -7.4094044 ], [ 109.6777525, -7.4092377 ], [ 109.6771457, -7.4089468 ], [ 109.6765286, -7.408623 ], [ 109.6761703, -7.4084788 ], [ 109.6759504, -7.408399 ], [ 109.6750813, -7.4081938 ], [ 109.6740652, -7.4079347 ], [ 109.6727873, -7.4076041 ], [ 109.6725815, -7.4075266 ], [ 109.6724432, -7.4074656 ], [ 109.6723576, -7.4073829 ], [ 109.6722941, -7.4072999 ], [ 109.6720246, -7.4068858 ], [ 109.6718124, -7.4066177 ], [ 109.6716759, -7.4065382 ], [ 109.6714545, -7.406509 ], [ 109.6712436, -7.4065943 ], [ 109.6709543, -7.4068711 ], [ 109.6705967, -7.4071071 ], [ 109.670248, -7.4072712 ], [ 109.6699848, -7.4073982 ], [ 109.6693736, -7.4076808 ], [ 109.6688583, -7.4079557 ] ] } },
{ "type": "Feature", "properties": { "waterway": "canal", "name": null }, "geometry": { "type": "LineString", "coordinates": [ [ 109.6688583, -7.4079557 ], [ 109.6685257, -7.4079291 ], [ 109.6679034, -7.4077961 ], [ 109.667324, -7.4076791 ], [ 109.6667876, -7.4075673 ], [ 109.666514, -7.4075195 ], [ 109.6662458, -7.4075248 ], [ 109.6659829, -7.4075035 ], [ 109.665527, -7.4072162 ], [ 109.6653289, -7.407085 ], [ 109.6652512, -7.4069728 ], [ 109.665153, -7.4065638 ], [ 109.6650499, -7.4062711 ], [ 109.66494, -7.4061455 ], [ 109.6646637, -7.4060105 ], [ 109.6644965, -7.4059408 ], [ 109.664003, -7.4059016 ], [ 109.6636927, -7.4059307 ], [ 109.6635535, -7.4060167 ], [ 109.662952, -7.4065832 ], [ 109.6625184, -7.4069249 ], [ 109.6619703, -7.4075461 ], [ 109.6612998, -7.4078972 ], [ 109.6608599, -7.4080887 ], [ 109.660538, -7.4082429 ], [ 109.6603235, -7.4083281 ], [ 109.6599909, -7.4083387 ], [ 109.659728, -7.4082695 ], [ 109.6594974, -7.4081046 ], [ 109.6588053, -7.4077908 ], [ 109.6583065, -7.4075354 ], [ 109.6581026, -7.4074344 ], [ 109.6577003, -7.4072694 ], [ 109.6571209, -7.4072641 ], [ 109.6566703, -7.4073067 ], [ 109.6563645, -7.407296 ], [ 109.6561553, -7.4072269 ], [ 109.6560051, -7.4070886 ], [ 109.6557959, -7.4066364 ], [ 109.6555974, -7.4060034 ] ] } },
{ "type": "Feature", "properties": { "waterway": "canal", "name": null }, "geometry": { "type": "LineString", "coordinates": [ [ 109.6555974, -7.4060034 ], [ 109.6556725, -7.4055991 ], [ 109.6557369, -7.4051575 ], [ 109.6557449, -7.4048916 ], [ 109.6557342, -7.4047692 ], [ 109.6556242, -7.4045457 ], [ 109.6553399, -7.4040165 ], [ 109.6549698, -7.4033409 ], [ 109.654656, -7.4027716 ], [ 109.6545732, -7.4026272 ], [ 109.6544817, -7.4025323 ], [ 109.6542376, -7.4024046 ], [ 109.6540207, -7.4023771 ], [ 109.6538031, -7.4023966 ], [ 109.6528025, -7.402644 ], [ 109.6519416, -7.4028781 ], [ 109.6512093, -7.4030695 ], [ 109.6506139, -7.4032318 ], [ 109.650284, -7.4033302 ], [ 109.6498441, -7.4034287 ], [ 109.6496272, -7.403473 ], [ 109.6495142, -7.4034605 ], [ 109.6493456, -7.4033719 ], [ 109.6492352, -7.4032637 ], [ 109.6490636, -7.403011 ], [ 109.6489026, -7.4027052 ], [ 109.6488061, -7.4026094 ], [ 109.6486777, -7.4025607 ], [ 109.6484949, -7.402519 ], [ 109.647996, -7.4024605 ], [ 109.6474811, -7.4024126 ], [ 109.6472987, -7.4024126 ], [ 109.6471324, -7.4024817 ], [ 109.6470362, -7.4025474 ], [ 109.6469607, -7.4026386 ], [ 109.6468695, -7.4028275 ], [ 109.6467864, -7.4030429 ], [ 109.646671, -7.4032398 ], [ 109.6465262, -7.4033727 ], [ 109.6461856, -7.4035616 ], [ 109.6459173, -7.4037239 ], [ 109.6457376, -7.403785 ], [ 109.645523, -7.4038063 ], [ 109.6450671, -7.4037372 ], [ 109.6447881, -7.4036627 ], [ 109.6446701, -7.4036467 ], [ 109.6443751, -7.4037318 ], [ 109.643903, -7.4039819 ], [ 109.6437528, -7.4041681 ], [ 109.6435275, -7.4044926 ], [ 109.6434095, -7.4048384 ], [ 109.6432888, -7.4054288 ], [ 109.643138, -7.406037 ], [ 109.6430632, -7.4064716 ], [ 109.6430764, -7.4067505 ], [ 109.6432753, -7.4069881 ], [ 109.6435908, -7.4071469 ], [ 109.6436862, -7.407341 ], [ 109.6437118, -7.407535 ], [ 109.6438069, -7.4078499 ], [ 109.6440719, -7.4081012 ], [ 109.6444331, -7.40854 ], [ 109.6444879, -7.4088102 ], [ 109.6444944, -7.4090856 ], [ 109.6444666, -7.4093299 ], [ 109.6444447, -7.4094653 ], [ 109.6442137, -7.4096316 ], [ 109.6439892, -7.4097129 ], [ 109.6437157, -7.4097417 ], [ 109.6430489, -7.4097692 ], [ 109.6428704, -7.4098389 ], [ 109.6427715, -7.4099045 ], [ 109.6425955, -7.4101715 ], [ 109.6424282, -7.4103513 ], [ 109.6422734, -7.4104222 ], [ 109.641268, -7.4106367 ], [ 109.6410924, -7.4106279 ], [ 109.6407287, -7.4105601 ], [ 109.6379086, -7.4099616 ], [ 109.6372421, -7.409826 ], [ 109.6369994, -7.4098167 ], [ 109.6368237, -7.409838 ], [ 109.6366949, -7.4098858 ], [ 109.6364857, -7.4099789 ], [ 109.6362497, -7.4101505 ], [ 109.6358849, -7.4104218 ], [ 109.6352532, -7.4109099 ] ] } },
{ "type": "Feature", "properties": { "waterway": "canal", "name": null }, "geometry": { "type": "LineString", "coordinates": [ [ 109.6555974, -7.4060034 ], [ 109.6554311, -7.4056842 ], [ 109.655061, -7.4051256 ], [ 109.6549591, -7.4049767 ], [ 109.6547177, -7.4047266 ], [ 109.6544172, -7.4045192 ], [ 109.6541061, -7.4044021 ], [ 109.6536716, -7.4043117 ], [ 109.6533712, -7.4042957 ], [ 109.6527167, -7.4042692 ], [ 109.6523627, -7.4042532 ], [ 109.652073, -7.4042585 ], [ 109.6518209, -7.4043809 ], [ 109.6516063, -7.4045192 ], [ 109.6513113, -7.4047213 ], [ 109.6508445, -7.4050618 ], [ 109.6498251, -7.4058164 ], [ 109.6496106, -7.4059083 ], [ 109.6490519, -7.405761 ], [ 109.6479304, -7.4051948 ], [ 109.6471378, -7.4047793 ], [ 109.6465045, -7.4045646 ], [ 109.6458718, -7.404499 ], [ 109.6451498, -7.4044574 ], [ 109.644698, -7.4045613 ], [ 109.6446099, -7.4046342 ], [ 109.6444823, -7.4047397 ], [ 109.644284, -7.4051013 ], [ 109.6443117, -7.405575 ], [ 109.6443378, -7.4059757 ], [ 109.6444019, -7.4069609 ] ] } },
{ "type": "Feature", "properties": { "waterway": "canal", "name": null }, "geometry": { "type": "LineString", "coordinates": [ [ 109.6352532, -7.4109099 ], [ 109.6350977, -7.4111546 ], [ 109.6349394, -7.4113673 ], [ 109.6347745, -7.4114897 ], [ 109.6345384, -7.41162 ], [ 109.6343051, -7.4117198 ], [ 109.6340583, -7.4117796 ], [ 109.6337606, -7.4118222 ], [ 109.6334535, -7.4118501 ], [ 109.6332094, -7.411894 ], [ 109.6329117, -7.4119725 ], [ 109.6312501, -7.4124818 ], [ 109.630382, -7.4127088 ], [ 109.6300523, -7.4127202 ], [ 109.6298348, -7.4126556 ], [ 109.629121, -7.4122889 ], [ 109.62856, -7.4120287 ], [ 109.6280242, -7.4117632 ], [ 109.6277156, -7.4117316 ], [ 109.6270322, -7.4119683 ], [ 109.6267488, -7.412152 ], [ 109.6259905, -7.4126592 ], [ 109.6254685, -7.4131236 ], [ 109.6249617, -7.4135825 ], [ 109.6245348, -7.4138897 ], [ 109.623858, -7.4140763 ], [ 109.6232062, -7.4142695 ], [ 109.6227967, -7.4142408 ], [ 109.6222258, -7.4140378 ], [ 109.62192, -7.4137452 ], [ 109.6215203, -7.4132305 ], [ 109.6213044, -7.413168 ], [ 109.621063, -7.4131388 ], [ 109.6208484, -7.4131734 ], [ 109.6206634, -7.4132452 ], [ 109.620426, -7.41345 ], [ 109.6202449, -7.4137279 ], [ 109.6197045, -7.4150937 ], [ 109.6195905, -7.4153624 ], [ 109.6194658, -7.4155751 ], [ 109.6193102, -7.4157573 ], [ 109.6190996, -7.4159302 ], [ 109.6188596, -7.4160818 ], [ 109.6185766, -7.4161762 ], [ 109.6182876, -7.4162274 ], [ 109.6177834, -7.4162594 ], [ 109.6174645, -7.4163261 ], [ 109.6166169, -7.4169006 ], [ 109.6159731, -7.4174006 ], [ 109.6153509, -7.41789 ], [ 109.6147608, -7.4181773 ], [ 109.6142136, -7.4183049 ], [ 109.6136986, -7.41839 ], [ 109.6130549, -7.4184645 ], [ 109.6119221, -7.4186152 ], [ 109.6117088, -7.4186711 ], [ 109.6115814, -7.4187403 ], [ 109.6114942, -7.418848 ], [ 109.6110825, -7.4197337 ], [ 109.610939, -7.4200076 ], [ 109.6107969, -7.4201885 ], [ 109.6106936, -7.4202736 ], [ 109.6092354, -7.4210604 ], [ 109.608581, -7.421369 ], [ 109.6081733, -7.4215285 ], [ 109.6072506, -7.4216668 ], [ 109.6064674, -7.4217732 ], [ 109.6059202, -7.4218371 ], [ 109.6055984, -7.4219115 ], [ 109.6053409, -7.4220711 ], [ 109.6049117, -7.4224222 ], [ 109.6047136, -7.4227046 ], [ 109.6044266, -7.4232153 ], [ 109.6040229, -7.4234679 ], [ 109.6035911, -7.4236914 ], [ 109.6022809, -7.4243443 ], [ 109.6015526, -7.4246994 ], [ 109.6010846, -7.4249747 ], [ 109.60087, -7.4251196 ], [ 109.6007024, -7.4252992 ], [ 109.6002249, -7.4259189 ], [ 109.5996912, -7.4264814 ], [ 109.5995302, -7.4265506 ], [ 109.5991825, -7.4265395 ], [ 109.5978977, -7.4264344 ], [ 109.5972423, -7.4263873 ], [ 109.5970754, -7.4263635 ], [ 109.5969251, -7.4262872 ], [ 109.5965061, -7.4260279 ], [ 109.5961839, -7.425828 ], [ 109.5956933, -7.4254933 ], [ 109.5953044, -7.4255146 ], [ 109.5949124, -7.4257309 ], [ 109.5946871, -7.4262841 ], [ 109.5943331, -7.4268054 ], [ 109.5932495, -7.4278161 ], [ 109.5913183, -7.4297098 ], [ 109.5909964, -7.4298694 ], [ 109.5905029, -7.4299226 ], [ 109.5896982, -7.4299439 ], [ 109.5891511, -7.4300396 ], [ 109.5888399, -7.4302524 ], [ 109.588561, -7.4305928 ], [ 109.5879172, -7.4315397 ], [ 109.5874988, -7.4321142 ], [ 109.5872521, -7.432444 ], [ 109.586898, -7.4326248 ], [ 109.5864045, -7.4328695 ], [ 109.5859753, -7.4329865 ], [ 109.585514, -7.4330185 ], [ 109.5851277, -7.4331674 ], [ 109.5846342, -7.4333908 ], [ 109.5840012, -7.4336887 ], [ 109.5834648, -7.4339015 ], [ 109.5831322, -7.4338696 ], [ 109.5827175, -7.4337205 ], [ 109.5822913, -7.4332322 ], [ 109.5815634, -7.4329049 ], [ 109.5807497, -7.4330456 ], [ 109.580332, -7.433561 ], [ 109.5799672, -7.4340717 ], [ 109.579656, -7.4346887 ], [ 109.5795273, -7.4351462 ], [ 109.5792698, -7.4355185 ], [ 109.5790552, -7.4357207 ], [ 109.5785081, -7.4358696 ], [ 109.577918, -7.4359866 ] ] } },
{ "type": "Feature", "properties": { "waterway": "canal", "name": null }, "geometry": { "type": "LineString", "coordinates": [ [ 109.7159471, -7.39243 ], [ 109.715184, -7.3925218 ], [ 109.7145233, -7.3925794 ], [ 109.7142533, -7.3926135 ], [ 109.712813, -7.3929341 ], [ 109.7116288, -7.3932519 ], [ 109.7107959, -7.3934821 ], [ 109.7105866, -7.3935267 ], [ 109.7104745, -7.3935663 ], [ 109.7103605, -7.3936461 ], [ 109.710285, -7.3937254 ], [ 109.7102447, -7.3937999 ], [ 109.7100543, -7.3942175 ], [ 109.7099635, -7.394335 ], [ 109.7098786, -7.3944116 ], [ 109.7096926, -7.3945305 ], [ 109.7095209, -7.3945518 ], [ 109.7093868, -7.3945491 ], [ 109.7091665, -7.3945207 ], [ 109.7085737, -7.3943345 ], [ 109.7083569, -7.3942805 ], [ 109.7081982, -7.3943132 ], [ 109.7081047, -7.3943603 ], [ 109.708048, -7.3944835 ], [ 109.7080457, -7.3945624 ], [ 109.7082894, -7.3951405 ], [ 109.7082871, -7.3953923 ], [ 109.7082412, -7.3955209 ], [ 109.7080802, -7.3956219 ], [ 109.7078767, -7.3956397 ], [ 109.7076541, -7.395637 ], [ 109.707415, -7.3956006 ], [ 109.7073108, -7.3955732 ], [ 109.7068678, -7.3952814 ], [ 109.7063636, -7.3951112 ], [ 109.7060015, -7.39505 ], [ 109.705845, -7.3950306 ], [ 109.7057292, -7.3950581 ], [ 109.7056639, -7.395109 ], [ 109.7056085, -7.395203 ], [ 109.7055227, -7.3954038 ], [ 109.7054775, -7.3954482 ], [ 109.7054078, -7.3954721 ], [ 109.7053296, -7.3954756 ], [ 109.7050188, -7.3954708 ], [ 109.7048897, -7.3954902 ], [ 109.7047328, -7.3955581 ], [ 109.7044431, -7.3958095 ], [ 109.7042812, -7.3959708 ], [ 109.7042715, -7.3960368 ], [ 109.7042701, -7.3961033 ], [ 109.7043251, -7.3963826 ], [ 109.7043979, -7.3965228 ], [ 109.7046228, -7.3966859 ], [ 109.7046926, -7.3967737 ], [ 109.7047238, -7.3968406 ], [ 109.7047171, -7.3968938 ], [ 109.7046916, -7.396935 ], [ 109.7045156, -7.3969957 ], [ 109.7044525, -7.3970476 ], [ 109.7044073, -7.3971265 ], [ 109.7043948, -7.3972671 ], [ 109.7044498, -7.3974386 ], [ 109.7044945, -7.3975574 ], [ 109.7044864, -7.3976372 ], [ 109.7044431, -7.397686 ], [ 109.7043537, -7.3976931 ], [ 109.7042393, -7.3976753 ], [ 109.704131, -7.3976944 ], [ 109.704026, -7.3977378 ], [ 109.7039701, -7.3978407 ], [ 109.7039402, -7.3979786 ], [ 109.7039309, -7.3981767 ], [ 109.7039205, -7.3982889 ], [ 109.7039017, -7.3983528 ], [ 109.7038548, -7.398386 ], [ 109.7037676, -7.3983674 ], [ 109.7034645, -7.398261 ], [ 109.7033756, -7.3982804 ], [ 109.7033009, -7.3983115 ], [ 109.7032472, -7.39839 ], [ 109.7031906, -7.3985452 ], [ 109.7031681, -7.3986214 ], [ 109.7031091, -7.39866 ], [ 109.7029719, -7.398738 ], [ 109.7027604, -7.3988196 ], [ 109.7026072, -7.3988403 ], [ 109.7024506, -7.3988648 ], [ 109.7023389, -7.3989241 ], [ 109.7022772, -7.3989906 ], [ 109.7020291, -7.399516 ], [ 109.7018575, -7.3997181 ], [ 109.7016644, -7.3998617 ], [ 109.7013961, -7.3999522 ], [ 109.7011789, -7.3999523 ], [ 109.7002348, -7.3995 ], [ 109.6997707, -7.3991728 ], [ 109.6992826, -7.3989521 ], [ 109.6991448, -7.398898 ], [ 109.6990143, -7.3988883 ], [ 109.6989128, -7.398914 ], [ 109.6986804, -7.3990678 ], [ 109.6983974, -7.3993018 ], [ 109.6982838, -7.3993289 ], [ 109.6981671, -7.3993302 ], [ 109.6980608, -7.3993059 ], [ 109.6975928, -7.399137 ], [ 109.6975033, -7.3991281 ], [ 109.6974108, -7.3991467 ], [ 109.6973192, -7.3991862 ], [ 109.6969651, -7.3993457 ], [ 109.6965038, -7.399633 ], [ 109.6955677, -7.400185 ], [ 109.6954286, -7.4002812 ], [ 109.6952914, -7.4003246 ], [ 109.6951228, -7.4003397 ], [ 109.6949351, -7.4003304 ], [ 109.6947684, -7.40031 ], [ 109.6945502, -7.4002519 ], [ 109.6942735, -7.4001451 ], [ 109.6940402, -7.4000626 ], [ 109.6939172, -7.4000631 ], [ 109.6938189, -7.4001358 ], [ 109.6937572, -7.4002634 ], [ 109.6936499, -7.4004363 ], [ 109.6935216, -7.4005285 ], [ 109.6932851, -7.4006544 ], [ 109.6930656, -7.4007227 ], [ 109.6928667, -7.4007395 ], [ 109.692623, -7.4007121 ], [ 109.692497, -7.4007121 ], [ 109.6923678, -7.4007688 ], [ 109.6920191, -7.4009204 ], [ 109.6919069, -7.4009581 ], [ 109.6917982, -7.4009647 ], [ 109.6916494, -7.4009541 ], [ 109.6915309, -7.4009789 ] ] } },
{ "type": "Feature", "properties": { "waterway": "ditch", "name": null }, "geometry": { "type": "LineString", "coordinates": [ [ 109.6669529, -7.3985716 ], [ 109.6669415, -7.3985705 ], [ 109.6668962, -7.398347 ], [ 109.6666226, -7.3982903 ], [ 109.6664249, -7.398252 ], [ 109.6658906, -7.3980556 ], [ 109.6645426, -7.3974466 ], [ 109.6641242, -7.3973242 ], [ 109.6635877, -7.3972019 ], [ 109.6630888, -7.3972019 ], [ 109.6625846, -7.3972125 ], [ 109.6621407, -7.3972604 ], [ 109.6617316, -7.3973442 ], [ 109.6615304, -7.3974839 ], [ 109.6613132, -7.3976395 ], [ 109.6610289, -7.3978084 ], [ 109.6608925, -7.3978806 ], [ 109.6607459, -7.3979148 ], [ 109.6599989, -7.3979041 ], [ 109.6595483, -7.3979041 ], [ 109.6595644, -7.3981328 ], [ 109.6593767, -7.3984148 ], [ 109.6590762, -7.3988297 ], [ 109.6588992, -7.3990851 ], [ 109.6586846, -7.3992394 ], [ 109.6579551, -7.3997979 ], [ 109.6575206, -7.4000905 ], [ 109.6573489, -7.400149 ], [ 109.6570753, -7.4000905 ], [ 109.6564799, -7.3999043 ], [ 109.6558308, -7.3996437 ], [ 109.6555786, -7.3995213 ], [ 109.6553802, -7.3992447 ], [ 109.655069, -7.3987287 ], [ 109.6548705, -7.3984254 ], [ 109.6547311, -7.3983297 ], [ 109.6542751, -7.3982871 ], [ 109.6531808, -7.3982286 ], [ 109.6522111, -7.3982313 ], [ 109.6512442, -7.3982233 ], [ 109.6504127, -7.3982286 ], [ 109.6495329, -7.3982446 ], [ 109.6487444, -7.3982464 ], [ 109.6485191, -7.3982499 ], [ 109.6483474, -7.3982339 ], [ 109.6478163, -7.3979573 ], [ 109.6473979, -7.397803 ], [ 109.6464109, -7.3976753 ], [ 109.6450537, -7.3974838 ], [ 109.6437072, -7.3972604 ], [ 109.6428757, -7.3971274 ], [ 109.6419477, -7.3969625 ], [ 109.6411484, -7.3968774 ], [ 109.6396034, -7.3967444 ], [ 109.6387934, -7.3967125 ], [ 109.6378546, -7.3967391 ], [ 109.6367495, -7.3967976 ], [ 109.6355855, -7.3969785 ], [ 109.6350812, -7.3970955 ], [ 109.6342712, -7.3975317 ], [ 109.6337186, -7.3977977 ], [ 109.6334236, -7.3979467 ], [ 109.6329837, -7.3981169 ], [ 109.632694, -7.3981807 ], [ 109.6325385, -7.3980903 ], [ 109.6323507, -7.3976328 ], [ 109.632222, -7.3971593 ], [ 109.6320288, -7.3967763 ], [ 109.6316963, -7.3963294 ], [ 109.6314173, -7.3958879 ], [ 109.6312349, -7.3954996 ], [ 109.6310633, -7.3954836 ], [ 109.6303605, -7.3956592 ], [ 109.6300065, -7.3958028 ], [ 109.6299099, -7.3958879 ], [ 109.6298402, -7.3960369 ], [ 109.6298627, -7.3961307 ], [ 109.6299013, -7.3962914 ], [ 109.6299206, -7.396372 ], [ 109.6300387, -7.3967231 ], [ 109.6300279, -7.3969146 ], [ 109.6299314, -7.3969891 ], [ 109.6294029, -7.3972165 ], [ 109.6289175, -7.3974679 ], [ 109.6287522, -7.3975993 ], [ 109.6287623, -7.3978534 ], [ 109.6287619, -7.3982499 ] ] } },
{ "type": "Feature", "properties": { "waterway": "stream", "name": null }, "geometry": { "type": "LineString", "coordinates": [ [ 109.6519094, -7.3965582 ], [ 109.6516197, -7.3964465 ], [ 109.6509652, -7.3963348 ], [ 109.6505683, -7.3964039 ], [ 109.6502947, -7.3962922 ], [ 109.6500962, -7.396106 ], [ 109.6499567, -7.395856 ], [ 109.6498655, -7.3957655 ], [ 109.6496402, -7.3953559 ], [ 109.6494632, -7.3949729 ], [ 109.6492272, -7.3946218 ], [ 109.6488785, -7.3943132 ], [ 109.6484225, -7.3940153 ], [ 109.6478646, -7.3935578 ], [ 109.6473389, -7.3934036 ], [ 109.6467381, -7.3933078 ], [ 109.6461748, -7.3933663 ], [ 109.6457188, -7.3935472 ], [ 109.6452253, -7.3938025 ], [ 109.6449303, -7.3935525 ], [ 109.644367, -7.3931216 ], [ 109.6442114, -7.392829 ], [ 109.644485, -7.392446 ], [ 109.6445494, -7.3919938 ], [ 109.6444421, -7.3915735 ], [ 109.6443509, -7.3910362 ], [ 109.6447103, -7.3905628 ], [ 109.6445762, -7.3901851 ], [ 109.6444475, -7.3896743 ], [ 109.6441793, -7.3892541 ], [ 109.6439969, -7.388903 ], [ 109.6437555, -7.3886157 ], [ 109.6437877, -7.3882167 ], [ 109.6440398, -7.3878869 ], [ 109.6435006, -7.387811 ], [ 109.6434702, -7.3876985 ], [ 109.6434712, -7.3876209 ], [ 109.6437501, -7.3871155 ], [ 109.6437126, -7.3867325 ], [ 109.6431225, -7.3864665 ], [ 109.6425916, -7.3865808 ], [ 109.6422052, -7.386658 ], [ 109.6417063, -7.3864931 ], [ 109.6412825, -7.3862483 ], [ 109.6409606, -7.3860994 ], [ 109.6406817, -7.3860941 ], [ 109.6404322, -7.3866473 ], [ 109.6400672, -7.3869127 ], [ 109.6397322, -7.3867697 ], [ 109.6393888, -7.3869931 ], [ 109.6387505, -7.386243 ], [ 109.6382623, -7.3861526 ], [ 109.6380155, -7.3861153 ] ] } },
{ "type": "Feature", "properties": { "waterway": "stream", "name": null }, "geometry": { "type": "LineString", "coordinates": [ [ 109.6438842, -7.3959039 ], [ 109.6438788, -7.3956538 ], [ 109.6437394, -7.3954251 ], [ 109.6436589, -7.3952389 ], [ 109.6436857, -7.3949623 ], [ 109.6437608, -7.3946963 ], [ 109.6439486, -7.3946005 ], [ 109.6443241, -7.3944037 ], [ 109.6444099, -7.3942813 ], [ 109.6443402, -7.3940951 ], [ 109.644426, -7.3939621 ], [ 109.6446835, -7.3939515 ], [ 109.6449249, -7.3939621 ], [ 109.645118, -7.3939728 ], [ 109.6452253, -7.3938025 ] ] } },
{ "type": "Feature", "properties": { "waterway": "stream", "name": null }, "geometry": { "type": "LineString", "coordinates": [ [ 109.6573972, -7.3980211 ], [ 109.6569197, -7.3977924 ], [ 109.6565067, -7.3975477 ], [ 109.6563028, -7.3975158 ], [ 109.6560936, -7.3972338 ], [ 109.65582, -7.3971008 ], [ 109.6555411, -7.3971168 ], [ 109.6552085, -7.3970263 ], [ 109.6550422, -7.3967125 ], [ 109.654892, -7.3963933 ], [ 109.6547042, -7.3961539 ], [ 109.6543287, -7.3960209 ], [ 109.6538567, -7.3959305 ], [ 109.6534329, -7.3957709 ], [ 109.6530091, -7.3955049 ], [ 109.6527677, -7.3954517 ], [ 109.6524136, -7.3951378 ], [ 109.6521132, -7.3948984 ], [ 109.6519523, -7.3945792 ], [ 109.6519791, -7.394127 ], [ 109.6520328, -7.3938717 ], [ 109.6520006, -7.393611 ], [ 109.6520006, -7.3935099 ], [ 109.6519952, -7.3933025 ], [ 109.652065, -7.393095 ], [ 109.6521508, -7.3928024 ], [ 109.6521883, -7.3923768 ], [ 109.6520971, -7.3920204 ], [ 109.6519684, -7.3917704 ], [ 109.6518665, -7.3914512 ], [ 109.6517377, -7.3910203 ], [ 109.6515017, -7.3906798 ], [ 109.6512442, -7.3902648 ], [ 109.6509009, -7.3901212 ], [ 109.6505683, -7.3899031 ], [ 109.6502947, -7.3895679 ], [ 109.6500265, -7.389536 ], [ 109.6497851, -7.3893126 ], [ 109.649549, -7.3891104 ], [ 109.6495276, -7.3888391 ], [ 109.6492969, -7.3886476 ], [ 109.6491413, -7.3884455 ], [ 109.6489482, -7.3884987 ], [ 109.6487176, -7.3886157 ], [ 109.6484332, -7.3887168 ], [ 109.6481972, -7.38877 ], [ 109.6479719, -7.3886689 ], [ 109.6478539, -7.3885359 ], [ 109.6478217, -7.3883071 ], [ 109.6478217, -7.3880837 ], [ 109.6477144, -7.3879241 ], [ 109.6474516, -7.387839 ], [ 109.6472531, -7.3877379 ], [ 109.6473121, -7.3874719 ], [ 109.6474462, -7.387291 ], [ 109.6474462, -7.3870995 ], [ 109.6474033, -7.3868548 ], [ 109.6472638, -7.386642 ], [ 109.6469688, -7.3865037 ], [ 109.6466576, -7.3863611 ], [ 109.6463571, -7.3860749 ], [ 109.6457457, -7.3859193 ], [ 109.6452276, -7.3858568 ], [ 109.6447578, -7.3857344 ], [ 109.643902, -7.3855461 ], [ 109.643442, -7.3856177 ], [ 109.6431968, -7.3857074 ], [ 109.6428591, -7.3857604 ], [ 109.6427231, -7.3859106 ], [ 109.6426362, -7.3860664 ], [ 109.6426233, -7.3863342 ], [ 109.6425916, -7.3865808 ] ] } },
{ "type": "Feature", "properties": { "waterway": "stream", "name": null }, "geometry": { "type": "LineString", "coordinates": [ [ 109.7343904, -7.4547625 ], [ 109.7343609, -7.4546986 ], [ 109.734326, -7.4546375 ], [ 109.7343099, -7.4546056 ], [ 109.7342616, -7.4545657 ], [ 109.7342214, -7.4545603 ], [ 109.7341436, -7.4545497 ], [ 109.7341141, -7.4545125 ], [ 109.73409, -7.4544885 ], [ 109.7340363, -7.4544673 ], [ 109.7340042, -7.4544513 ], [ 109.7339478, -7.4544486 ], [ 109.7338835, -7.4544274 ], [ 109.7338432, -7.4544407 ], [ 109.7337762, -7.4544699 ], [ 109.7337279, -7.4544992 ], [ 109.7337093, -7.4545222 ], [ 109.7336742, -7.4545657 ], [ 109.7336421, -7.4546189 ], [ 109.7336072, -7.4546348 ], [ 109.7335938, -7.4546641 ], [ 109.733567, -7.4547093 ], [ 109.7335509, -7.4547545 ], [ 109.7335267, -7.4548077 ], [ 109.7334784, -7.4548236 ], [ 109.7334302, -7.4548822 ], [ 109.7333765, -7.4549194 ], [ 109.733296, -7.4549274 ], [ 109.7332719, -7.4549566 ], [ 109.733174, -7.4549573 ], [ 109.7330587, -7.4549307 ], [ 109.7329655, -7.4548922 ], [ 109.7327415, -7.4548337 ], [ 109.7326597, -7.4548297 ], [ 109.732604, -7.4548357 ], [ 109.7325423, -7.4548636 ], [ 109.7325101, -7.454938 ], [ 109.7324672, -7.4549726 ], [ 109.7323868, -7.4550524 ], [ 109.7322848, -7.4550657 ], [ 109.7321856, -7.4550178 ], [ 109.7321132, -7.4549646 ], [ 109.7320461, -7.454962 ], [ 109.731971, -7.4549833 ], [ 109.7319415, -7.4550072 ] ] } },
{ "type": "Feature", "properties": { "waterway": "stream", "name": null }, "geometry": { "type": "LineString", "coordinates": [ [ 109.7319415, -7.4550072 ], [ 109.7319093, -7.4550684 ], [ 109.7319013, -7.4551083 ], [ 109.7318718, -7.4551721 ], [ 109.7318557, -7.455204 ], [ 109.7318476, -7.4552492 ], [ 109.7318423, -7.4552997 ], [ 109.7318369, -7.4553662 ], [ 109.7318476, -7.4554247 ], [ 109.7318611, -7.4554939 ], [ 109.7318691, -7.4555577 ], [ 109.7318932, -7.4556162 ], [ 109.7318852, -7.4556614 ], [ 109.7318906, -7.4557359 ], [ 109.731904, -7.4558263 ], [ 109.7319066, -7.4559114 ], [ 109.7318959, -7.4559992 ], [ 109.7318798, -7.4560763 ], [ 109.7318825, -7.4561667 ], [ 109.7319093, -7.4562 ], [ 109.7318785, -7.4562598 ], [ 109.7318651, -7.4563183 ], [ 109.7318611, -7.4563622 ], [ 109.7318503, -7.4563862 ], [ 109.7318396, -7.4564354 ], [ 109.7318114, -7.4564965 ], [ 109.7318061, -7.4565378 ], [ 109.7318034, -7.4565683 ], [ 109.7317967, -7.4565936 ], [ 109.7317927, -7.4566229 ], [ 109.7317913, -7.4566548 ], [ 109.7317819, -7.45668 ], [ 109.7317672, -7.4567173 ], [ 109.7317578, -7.4567585 ], [ 109.7317618, -7.4567891 ], [ 109.7317632, -7.456813 ], [ 109.7317632, -7.4568396 ], [ 109.7317578, -7.4568742 ], [ 109.7317404, -7.4569141 ], [ 109.7317283, -7.4569447 ], [ 109.731735, -7.4569792 ], [ 109.7317886, -7.4569806 ], [ 109.7318007, -7.4570111 ], [ 109.7318088, -7.4570404 ], [ 109.7318155, -7.457067 ], [ 109.7318275, -7.4570896 ], [ 109.7318543, -7.4571255 ], [ 109.7318664, -7.4571548 ], [ 109.7318704, -7.4571867 ], [ 109.7318973, -7.4571933 ], [ 109.7319201, -7.4572292 ], [ 109.7319576, -7.4572478 ], [ 109.7320046, -7.4572864 ], [ 109.7320247, -7.457325 ], [ 109.7320501, -7.4573635 ], [ 109.7320622, -7.4573728 ], [ 109.7320837, -7.457422 ], [ 109.7321159, -7.4575364 ], [ 109.7321346, -7.4575736 ], [ 109.7321668, -7.4576162 ], [ 109.7321668, -7.4576747 ], [ 109.7321615, -7.4577412 ], [ 109.73214, -7.4577784 ], [ 109.7321132, -7.4578555 ], [ 109.7320783, -7.4579274 ], [ 109.7320542, -7.4579699 ], [ 109.7320515, -7.4580337 ], [ 109.7320139, -7.4581029 ], [ 109.7320032, -7.458172 ], [ 109.7319925, -7.4582119 ], [ 109.7319898, -7.458289 ], [ 109.7319844, -7.4583263 ], [ 109.731971, -7.4583688 ], [ 109.7319871, -7.458438 ], [ 109.7319791, -7.4585444 ], [ 109.7319818, -7.4586295 ], [ 109.731963, -7.4586933 ], [ 109.7319657, -7.4587624 ], [ 109.7319469, -7.4588369 ], [ 109.7319469, -7.4589007 ], [ 109.7319496, -7.4589779 ], [ 109.7319764, -7.4590576 ], [ 109.7320086, -7.4591268 ], [ 109.7320676, -7.45918 ], [ 109.7321239, -7.4592571 ], [ 109.7321561, -7.4592837 ], [ 109.7322419, -7.4593608 ], [ 109.7322714, -7.4594167 ], [ 109.7322956, -7.4594779 ], [ 109.7323117, -7.4595763 ], [ 109.7323304, -7.4596693 ], [ 109.7323438, -7.4597438 ], [ 109.732309, -7.4598316 ], [ 109.7322714, -7.4598794 ], [ 109.732258, -7.4599246 ], [ 109.7322285, -7.4599592 ], [ 109.7322071, -7.4600177 ], [ 109.7321829, -7.460031 ], [ 109.732132, -7.4600949 ], [ 109.7321078, -7.4601613 ], [ 109.732081, -7.4602518 ], [ 109.7320917, -7.4603236 ], [ 109.7321212, -7.4603927 ], [ 109.73214, -7.4604831 ], [ 109.7321936, -7.4605443 ], [ 109.7321722, -7.4606108 ], [ 109.7321454, -7.4606454 ], [ 109.7321373, -7.4606959 ], [ 109.7320327, -7.4607358 ], [ 109.7319442, -7.4607651 ], [ 109.7318476, -7.4608342 ], [ 109.7317538, -7.4608767 ], [ 109.7316679, -7.4609273 ], [ 109.7316223, -7.4609619 ], [ 109.7315741, -7.4609778 ], [ 109.7315177, -7.461039 ], [ 109.7314936, -7.4611108 ], [ 109.7315177, -7.4611587 ], [ 109.7315338, -7.4612065 ], [ 109.7315526, -7.4612704 ], [ 109.7315714, -7.4613395 ], [ 109.7316197, -7.461414 ], [ 109.7316143, -7.4614672 ], [ 109.7316062, -7.4615283 ], [ 109.7315821, -7.4615895 ], [ 109.7315231, -7.4616188 ], [ 109.7315177, -7.4617065 ], [ 109.7315419, -7.4617943 ], [ 109.7315446, -7.4618661 ], [ 109.7315714, -7.4619379 ], [ 109.7315499, -7.4619911 ], [ 109.7315955, -7.4620496 ], [ 109.7316411, -7.4621108 ], [ 109.7316813, -7.4621347 ], [ 109.7317269, -7.4621985 ], [ 109.7317913, -7.4622491 ], [ 109.7318074, -7.4623288 ], [ 109.7318584, -7.4623634 ], [ 109.7319496, -7.4623554 ], [ 109.73203, -7.4623767 ], [ 109.7321266, -7.4623953 ], [ 109.7321936, -7.4624219 ], [ 109.732258, -7.4624724 ], [ 109.7323143, -7.4625682 ], [ 109.7323143, -7.4626613 ], [ 109.7322983, -7.4627224 ], [ 109.7322848, -7.4627809 ], [ 109.7322634, -7.4628474 ], [ 109.7322392, -7.4628953 ], [ 109.7322312, -7.4629538 ], [ 109.7322097, -7.4630043 ], [ 109.7321963, -7.4630655 ], [ 109.732191, -7.463124 ], [ 109.7322044, -7.463249 ], [ 109.7322124, -7.4633102 ], [ 109.7322124, -7.4633793 ], [ 109.7322151, -7.4634538 ], [ 109.7322366, -7.4635362 ], [ 109.7322205, -7.4636134 ], [ 109.7322124, -7.4636533 ], [ 109.7321802, -7.4637251 ], [ 109.7321615, -7.4637783 ], [ 109.7321105, -7.4638235 ], [ 109.7320569, -7.4638687 ], [ 109.7320273, -7.4639325 ], [ 109.7319764, -7.4639884 ], [ 109.7319442, -7.4640655 ], [ 109.731904, -7.4641426 ], [ 109.7318745, -7.4642197 ], [ 109.731853, -7.4642942 ], [ 109.7318718, -7.4643554 ], [ 109.7319013, -7.4643953 ], [ 109.7319388, -7.4644458 ], [ 109.7319683, -7.4645016 ], [ 109.7319978, -7.4645548 ], [ 109.7320086, -7.4646187 ], [ 109.7320139, -7.4646905 ], [ 109.7320381, -7.4647463 ], [ 109.7320595, -7.4648048 ], [ 109.7320569, -7.4648686 ], [ 109.7320461, -7.4649458 ], [ 109.7320247, -7.4650149 ], [ 109.7320059, -7.4650362 ], [ 109.731971, -7.4650974 ], [ 109.7319362, -7.4651585 ], [ 109.7319093, -7.4652091 ], [ 109.7318691, -7.465241 ], [ 109.7318423, -7.4652809 ], [ 109.7318262, -7.4653234 ], [ 109.7317967, -7.4653793 ], [ 109.731786, -7.4654085 ], [ 109.7317699, -7.465475 ], [ 109.7317538, -7.4655309 ], [ 109.7317484, -7.4656186 ], [ 109.7317752, -7.4656638 ], [ 109.7318342, -7.4656824 ], [ 109.731904, -7.4657277 ], [ 109.7319871, -7.4657436 ], [ 109.7320488, -7.4657755 ], [ 109.7321159, -7.465842 ], [ 109.7321722, -7.4658659 ], [ 109.732199, -7.4659218 ], [ 109.7322285, -7.4659883 ], [ 109.7322205, -7.4660627 ], [ 109.7322232, -7.4661266 ], [ 109.7322473, -7.4662037 ], [ 109.7322875, -7.4662702 ], [ 109.7323331, -7.4663181 ], [ 109.7323438, -7.4663792 ], [ 109.7324109, -7.4664244 ], [ 109.7324324, -7.4664909 ], [ 109.7324431, -7.4665335 ], [ 109.7324726, -7.4665867 ], [ 109.732537, -7.4666877 ], [ 109.7325584, -7.4667409 ], [ 109.7325852, -7.4668021 ], [ 109.7325692, -7.4668606 ], [ 109.7325799, -7.4668952 ], [ 109.732604, -7.4669563 ], [ 109.7326174, -7.4670281 ], [ 109.7326282, -7.4670866 ], [ 109.7326389, -7.4671478 ], [ 109.7327167, -7.467201 ], [ 109.7327971, -7.4672382 ], [ 109.7328293, -7.4672808 ], [ 109.732883, -7.4673207 ], [ 109.7329473, -7.4673659 ], [ 109.7331136, -7.4674111 ], [ 109.7331887, -7.4674403 ], [ 109.7332182, -7.4674962 ], [ 109.7332719, -7.4675361 ], [ 109.7332987, -7.4676026 ], [ 109.7333738, -7.4676265 ], [ 109.7334248, -7.4676797 ], [ 109.7334248, -7.4677941 ], [ 109.7334221, -7.4678818 ], [ 109.7334167, -7.467943 ], [ 109.7334221, -7.4680307 ], [ 109.7334194, -7.468076 ], [ 109.7334167, -7.4681478 ], [ 109.733398, -7.4682063 ], [ 109.7333711, -7.4682781 ], [ 109.733347, -7.4683472 ], [ 109.7333068, -7.4684855 ], [ 109.7332773, -7.468568 ], [ 109.7332451, -7.4686823 ], [ 109.7332182, -7.4687328 ], [ 109.7331887, -7.4688153 ], [ 109.7331512, -7.4688605 ], [ 109.7331217, -7.4689243 ], [ 109.733111, -7.4689802 ], [ 109.7330654, -7.469052 ], [ 109.7330895, -7.4690998 ], [ 109.7330734, -7.469161 ], [ 109.7330573, -7.4692169 ], [ 109.7330359, -7.4692913 ], [ 109.7330064, -7.4693498 ], [ 109.7329581, -7.469395 ], [ 109.7329581, -7.4694695 ], [ 109.7329259, -7.4694908 ], [ 109.7329098, -7.469544 ], [ 109.7328401, -7.4695839 ], [ 109.7328132, -7.4696663 ], [ 109.7327957, -7.4697232 ], [ 109.7327515, -7.4697966 ], [ 109.7326925, -7.4698684 ], [ 109.7326416, -7.4699775 ], [ 109.7325879, -7.4699987 ], [ 109.732545, -7.4700466 ], [ 109.7324672, -7.4700519 ], [ 109.7323841, -7.4700573 ], [ 109.7323278, -7.4700998 ], [ 109.7322741, -7.4701663 ], [ 109.7322017, -7.4702009 ], [ 109.7321561, -7.4702673 ], [ 109.7321346, -7.4703365 ], [ 109.7321078, -7.4704083 ], [ 109.7320864, -7.4704482 ], [ 109.7320703, -7.4704801 ], [ 109.7320622, -7.4705599 ], [ 109.7320595, -7.4705998 ], [ 109.7321078, -7.470653 ], [ 109.7321293, -7.4707141 ], [ 109.7321749, -7.4707859 ], [ 109.7322124, -7.4708471 ], [ 109.7322124, -7.4709349 ], [ 109.7322097, -7.4709854 ], [ 109.732191, -7.4710359 ], [ 109.7321829, -7.4710811 ], [ 109.7321883, -7.4711529 ], [ 109.7322017, -7.4711875 ], [ 109.7322312, -7.4712567 ], [ 109.7322634, -7.4713045 ], [ 109.7323384, -7.4713085 ], [ 109.7324082, -7.4713258 ] ] } },
{ "type": "Feature", "properties": { "waterway": "stream", "name": null }, "geometry": { "type": "LineString", "coordinates": [ [ 109.7316679, -7.4496615 ], [ 109.7316813, -7.4497466 ], [ 109.7316921, -7.4498264 ], [ 109.7316921, -7.4498982 ], [ 109.7316948, -7.4499328 ], [ 109.7317082, -7.4500259 ], [ 109.7317323, -7.4501136 ], [ 109.7317323, -7.4501748 ], [ 109.7317511, -7.4502306 ], [ 109.7317216, -7.4503078 ], [ 109.7317296, -7.4504009 ], [ 109.7317377, -7.4504939 ], [ 109.7317457, -7.4505737 ], [ 109.7317806, -7.4506243 ], [ 109.7317699, -7.4507519 ], [ 109.7317672, -7.450829 ], [ 109.7317672, -7.4509567 ], [ 109.7317538, -7.4510471 ], [ 109.7317591, -7.4511349 ], [ 109.7317725, -7.4512014 ], [ 109.7317886, -7.4512865 ], [ 109.7318047, -7.4513743 ], [ 109.7318208, -7.4514567 ], [ 109.7318047, -7.4515099 ], [ 109.7317484, -7.4515312 ], [ 109.7317296, -7.4516083 ], [ 109.7317618, -7.4516429 ], [ 109.7317967, -7.4516801 ], [ 109.731845, -7.4516987 ], [ 109.7318423, -7.4517732 ], [ 109.7318369, -7.4518423 ], [ 109.7318611, -7.4519381 ], [ 109.7319066, -7.4520125 ], [ 109.7319469, -7.4520418 ], [ 109.7319683, -7.4521083 ], [ 109.7319603, -7.4521721 ], [ 109.731963, -7.452228 ], [ 109.731963, -7.4523104 ], [ 109.7319871, -7.4523583 ], [ 109.7320032, -7.4524035 ], [ 109.7320408, -7.4524753 ], [ 109.7320864, -7.4525498 ], [ 109.7321722, -7.4526455 ], [ 109.7322124, -7.452728 ], [ 109.732199, -7.4527971 ], [ 109.732199, -7.4528982 ], [ 109.7321829, -7.4529886 ], [ 109.7321454, -7.4530338 ], [ 109.7321185, -7.453079 ], [ 109.7320944, -7.4531216 ], [ 109.7320783, -7.4531854 ], [ 109.7320488, -7.4532386 ], [ 109.7320247, -7.4532705 ], [ 109.7320434, -7.453353 ], [ 109.7320783, -7.4534035 ], [ 109.7321105, -7.4534354 ], [ 109.7321293, -7.453478 ], [ 109.732148, -7.4535471 ], [ 109.7321454, -7.4535976 ], [ 109.7321346, -7.4536535 ], [ 109.7321346, -7.453712 ], [ 109.7321266, -7.4537652 ], [ 109.7321239, -7.4538051 ], [ 109.7320998, -7.4538583 ], [ 109.7320998, -7.4539061 ], [ 109.7320595, -7.453946 ], [ 109.7320166, -7.45397 ], [ 109.7319442, -7.4539647 ], [ 109.7318637, -7.4540205 ], [ 109.7318128, -7.454071 ], [ 109.7317779, -7.4541189 ], [ 109.7316921, -7.4541428 ], [ 109.7316304, -7.454196 ], [ 109.7315714, -7.4542492 ], [ 109.7315365, -7.4542865 ], [ 109.7315043, -7.4542918 ], [ 109.7315258, -7.4544061 ], [ 109.731515, -7.4545285 ], [ 109.7315472, -7.4546375 ], [ 109.7316062, -7.4546934 ], [ 109.731676, -7.4547785 ], [ 109.7317665, -7.4548696 ], [ 109.7318302, -7.4549168 ], [ 109.7319415, -7.4550072 ] ] } },
{ "type": "Feature", "properties": { "waterway": "river", "name": null }, "geometry": { "type": "LineString", "coordinates": [ [ 109.6655327, -7.4792083 ], [ 109.6648192, -7.4797614 ], [ 109.6634397, -7.4798555 ], [ 109.6632743, -7.4798891 ], [ 109.6631187, -7.4799742 ], [ 109.6633601, -7.4810486 ], [ 109.6633556, -7.4813629 ], [ 109.6630709, -7.4814086 ], [ 109.6623979, -7.4812831 ], [ 109.66196, -7.4810965 ], [ 109.6611017, -7.4816975 ], [ 109.6607187, -7.4821192 ], [ 109.6604004, -7.482168 ], [ 109.6601387, -7.4821814 ], [ 109.6592724, -7.4831389 ], [ 109.6586609, -7.4838197 ], [ 109.6580762, -7.4841281 ], [ 109.6565527, -7.4850057 ], [ 109.6560699, -7.4852185 ], [ 109.6559197, -7.4857078 ], [ 109.6565258, -7.4864311 ], [ 109.655925, -7.4866811 ], [ 109.6555066, -7.4868832 ], [ 109.6559465, -7.4871917 ], [ 109.656837, -7.48758 ], [ 109.6574378, -7.4881704 ], [ 109.658559, -7.4892394 ], [ 109.6580923, -7.4896064 ], [ 109.6570837, -7.4899202 ], [ 109.6565258, -7.4904467 ], [ 109.6561986, -7.4906169 ], [ 109.6557158, -7.4904999 ], [ 109.6552974, -7.4907393 ], [ 109.6550935, -7.49142 ], [ 109.6545571, -7.4914945 ], [ 109.6540797, -7.4913828 ], [ 109.6540904, -7.4918402 ], [ 109.6545893, -7.4924891 ], [ 109.6540689, -7.4931858 ], [ 109.653511, -7.4934571 ], [ 109.6526581, -7.4933933 ], [ 109.6511775, -7.4936539 ], [ 109.6505552, -7.4937709 ], [ 109.6505338, -7.4942602 ], [ 109.6509576, -7.4949037 ], [ 109.6508986, -7.4955579 ], [ 109.6520841, -7.4960951 ], [ 109.6527547, -7.4967174 ], [ 109.6523148, -7.4973822 ], [ 109.6510059, -7.4981374 ], [ 109.6506786, -7.4989458 ], [ 109.6505445, -7.4990416 ], [ 109.6496272, -7.498999 ], [ 109.6489567, -7.4985895 ], [ 109.6482968, -7.4986906 ], [ 109.6475029, -7.499015 ], [ 109.6471327, -7.4991905 ], [ 109.6463495, -7.4994192 ], [ 109.6459526, -7.5001266 ], [ 109.6459128, -7.5010891 ], [ 109.6458936, -7.5015519 ], [ 109.6461725, -7.5017593 ], [ 109.6468658, -7.501612 ], [ 109.6473436, -7.5018959 ], [ 109.6478413, -7.5021177 ], [ 109.6480315, -7.5020626 ], [ 109.6482282, -7.501929 ], [ 109.6485392, -7.5019236 ], [ 109.6486992, -7.5019455 ], [ 109.6487803, -7.5019746 ], [ 109.6488482, -7.5020298 ], [ 109.6488962, -7.5020948 ], [ 109.6489047, -7.5021926 ], [ 109.6486595, -7.5030352 ], [ 109.6484459, -7.5038018 ], [ 109.6484524, -7.5048387 ], [ 109.6484316, -7.5050325 ], [ 109.6483595, -7.5052264 ], [ 109.6481895, -7.5055249 ], [ 109.6480795, -7.5057182 ], [ 109.6479823, -7.505886 ], [ 109.6479814, -7.5060601 ], [ 109.6480447, -7.5062215 ], [ 109.6489942, -7.5074182 ], [ 109.6492019, -7.5076142 ], [ 109.6494609, -7.5076575 ], [ 109.6496485, -7.507534 ], [ 109.6497848, -7.5073468 ], [ 109.6500637, -7.5069469 ], [ 109.6503128, -7.5068492 ], [ 109.6506196, -7.5068278 ], [ 109.6508262, -7.5068977 ], [ 109.6509551, -7.5069963 ], [ 109.6510327, -7.5071204 ], [ 109.6510299, -7.5072778 ], [ 109.6509757, -7.5074542 ], [ 109.6508288, -7.5076735 ], [ 109.6503085, -7.5080883 ], [ 109.6498065, -7.5084666 ], [ 109.6497399, -7.5085972 ], [ 109.6497791, -7.5087232 ], [ 109.6498978, -7.5088393 ], [ 109.6500349, -7.5088914 ], [ 109.6507859, -7.509019 ], [ 109.6523369, -7.5090889 ], [ 109.6528663, -7.5091238 ], [ 109.6529386, -7.5091884 ], [ 109.6529829, -7.5093029 ], [ 109.6530173, -7.5094055 ], [ 109.6529623, -7.5095108 ], [ 109.6528448, -7.5096569 ], [ 109.6526946, -7.509733 ], [ 109.6523433, -7.5099136 ], [ 109.6511614, -7.5101412 ], [ 109.6509951, -7.5109496 ], [ 109.6505499, -7.5116144 ], [ 109.6504801, -7.5120133 ], [ 109.6507215, -7.5125983 ], [ 109.6505823, -7.5135985 ] ] } },
{ "type": "Feature", "properties": { "waterway": "river", "name": null }, "geometry": { "type": "LineString", "coordinates": [ [ 109.654237, -7.4713523 ], [ 109.6539777, -7.4715279 ], [ 109.6541816, -7.4720864 ], [ 109.6543157, -7.4724374 ], [ 109.6541022, -7.4726536 ], [ 109.653849, -7.4728044 ], [ 109.6540958, -7.4736555 ], [ 109.6541977, -7.4743363 ], [ 109.653554, -7.4749586 ], [ 109.653672, -7.4754266 ], [ 109.6537739, -7.476017 ], [ 109.6532214, -7.4768202 ], [ 109.6535164, -7.4771659 ], [ 109.6538383, -7.4770701 ], [ 109.6540689, -7.4775648 ], [ 109.6540153, -7.4781233 ], [ 109.6543489, -7.478775 ], [ 109.6545881, -7.4788654 ], [ 109.6547884, -7.4787979 ], [ 109.6552314, -7.478677 ], [ 109.6553161, -7.4786827 ], [ 109.6554978, -7.4788032 ], [ 109.6553725, -7.479187 ], [ 109.6559626, -7.4800327 ], [ 109.6561219, -7.4804437 ], [ 109.6564168, -7.4805675 ], [ 109.6569504, -7.4807462 ], [ 109.6569872, -7.4810433 ], [ 109.6568745, -7.4813145 ], [ 109.6569793, -7.4814505 ], [ 109.6570061, -7.4816829 ], [ 109.6569497, -7.4819879 ], [ 109.656955, -7.482256 ], [ 109.657014, -7.4825698 ], [ 109.6574002, -7.4825113 ], [ 109.657706, -7.4832346 ], [ 109.6579957, -7.4837931 ], [ 109.6580762, -7.4841281 ] ] } },
{ "type": "Feature", "properties": { "waterway": "stream", "name": null }, "geometry": { "type": "LineString", "coordinates": [ [ 109.7011846, -7.4713896 ], [ 109.7011203, -7.4715864 ], [ 109.7009486, -7.471879 ], [ 109.7001708, -7.4721768 ], [ 109.6996665, -7.4724374 ], [ 109.6996772, -7.4728098 ], [ 109.6996021, -7.4730544 ], [ 109.6989852, -7.4732885 ], [ 109.6987438, -7.4737406 ], [ 109.6987385, -7.4743469 ], [ 109.6984971, -7.4748788 ], [ 109.698481, -7.4752777 ], [ 109.6987438, -7.4758521 ], [ 109.6987277, -7.4764585 ], [ 109.6989369, -7.4768308 ], [ 109.6995002, -7.4772297 ], [ 109.6995377, -7.4776127 ], [ 109.6990818, -7.4783998 ], [ 109.6989584, -7.4790381 ], [ 109.6988082, -7.4796551 ], [ 109.6983361, -7.4803784 ], [ 109.6979982, -7.4810699 ], [ 109.6981376, -7.4816868 ], [ 109.6981537, -7.4821868 ], [ 109.6982074, -7.482708 ], [ 109.6980035, -7.4831016 ], [ 109.6976119, -7.4831548 ], [ 109.6974724, -7.4830591 ], [ 109.6970862, -7.4825698 ], [ 109.6964908, -7.4825378 ], [ 109.6964747, -7.4828091 ], [ 109.6966839, -7.4832346 ], [ 109.6967107, -7.4836973 ], [ 109.6963942, -7.4842132 ], [ 109.6959114, -7.4846441 ], [ 109.696067, -7.4848728 ], [ 109.6962923, -7.48516 ], [ 109.6964854, -7.4856227 ], [ 109.6962869, -7.4859578 ], [ 109.6958487, -7.4861439 ], [ 109.6954554, -7.4864577 ], [ 109.6949887, -7.4868354 ], [ 109.69486, -7.487096 ], [ 109.6954018, -7.4873406 ], [ 109.6959436, -7.487447 ], [ 109.6960723, -7.4877183 ], [ 109.6962708, -7.4880587 ], [ 109.696244, -7.4888831 ], [ 109.6960294, -7.4895319 ], [ 109.6957558, -7.4897979 ], [ 109.6953481, -7.4897553 ], [ 109.694742, -7.4897713 ], [ 109.6944952, -7.4901755 ], [ 109.6945059, -7.4904414 ], [ 109.6945274, -7.4908456 ], [ 109.694463, -7.4915902 ], [ 109.6939587, -7.4919413 ], [ 109.6937442, -7.4918349 ], [ 109.6938193, -7.4915583 ], [ 109.693594, -7.4912924 ], [ 109.6929824, -7.4915371 ], [ 109.6930575, -7.49192 ], [ 109.693315, -7.4923348 ], [ 109.693079, -7.4927391 ], [ 109.6925104, -7.4926752 ], [ 109.6920276, -7.4924625 ], [ 109.6914804, -7.4923561 ], [ 109.6911424, -7.4932071 ], [ 109.6910459, -7.493372 ], [ 109.6902627, -7.4937762 ], [ 109.6901017, -7.4943985 ], [ 109.6895653, -7.4947282 ], [ 109.6887875, -7.4951537 ], [ 109.6879023, -7.495393 ], [ 109.6871459, -7.4956643 ], [ 109.6871245, -7.4965365 ], [ 109.6873176, -7.4968397 ], [ 109.6874195, -7.497313 ], [ 109.6875966, -7.497579 ], [ 109.6878433, -7.4975258 ], [ 109.6882349, -7.4975311 ], [ 109.6885031, -7.4976056 ], [ 109.6886373, -7.4978289 ], [ 109.6885514, -7.498047 ], [ 109.6882081, -7.4981215 ], [ 109.6881813, -7.4984778 ], [ 109.6884495, -7.499015 ], [ 109.6884817, -7.4998128 ], [ 109.6881276, -7.5004669 ], [ 109.688015, -7.5009828 ], [ 109.6877629, -7.5013605 ], [ 109.6878594, -7.5015626 ], [ 109.6877981, -7.5017528 ], [ 109.6870361, -7.5021879 ] ] } },
{ "type": "Feature", "properties": { "waterway": "stream", "name": null }, "geometry": { "type": "LineString", "coordinates": [ [ 109.6733648, -7.4975311 ], [ 109.6732414, -7.4976933 ], [ 109.6730697, -7.4977492 ], [ 109.6729517, -7.4979008 ], [ 109.6729705, -7.4980603 ], [ 109.672882, -7.4981747 ], [ 109.6728954, -7.4983555 ], [ 109.672831, -7.4985868 ], [ 109.6727774, -7.4988554 ], [ 109.6726727, -7.499132 ], [ 109.6726111, -7.4993474 ], [ 109.6724877, -7.4995548 ], [ 109.6723777, -7.4996426 ], [ 109.6722355, -7.4995761 ], [ 109.672088, -7.4995309 ], [ 109.6719888, -7.4996186 ], [ 109.6720263, -7.4997755 ], [ 109.6717152, -7.4998633 ], [ 109.6715248, -7.5000069 ], [ 109.6714389, -7.5001718 ], [ 109.671514, -7.500326 ], [ 109.6717125, -7.5003845 ], [ 109.6717849, -7.5004084 ], [ 109.6720719, -7.5005042 ], [ 109.6723053, -7.5006584 ], [ 109.6722302, -7.5010839 ], [ 109.6722248, -7.5013259 ], [ 109.6721631, -7.5015519 ], [ 109.6721229, -7.5018737 ], [ 109.6721336, -7.502129 ], [ 109.672139, -7.5023976 ], [ 109.6722275, -7.5026023 ], [ 109.6724045, -7.5026874 ], [ 109.6724367, -7.502847 ], [ 109.6724635, -7.5030464 ] ] } },
{ "type": "Feature", "properties": { "waterway": "stream", "name": null }, "geometry": { "type": "LineString", "coordinates": [ [ 109.6870601, -7.5022433 ], [ 109.6870361, -7.5021879 ], [ 109.6865237, -7.5023018 ], [ 109.6859121, -7.5025252 ], [ 109.6855044, -7.5027645 ], [ 109.6848285, -7.503089 ], [ 109.6846193, -7.5033443 ], [ 109.6842277, -7.5033443 ], [ 109.6837878, -7.50319 ], [ 109.6830368, -7.5029135 ], [ 109.6823609, -7.5021795 ], [ 109.6819693, -7.5018817 ], [ 109.6809286, -7.5018338 ], [ 109.6800864, -7.5018391 ], [ 109.6795285, -7.5018232 ], [ 109.6789437, -7.5017327 ], [ 109.67852, -7.5016477 ], [ 109.6781123, -7.5020465 ], [ 109.6779406, -7.5024507 ], [ 109.6777153, -7.5029241 ], [ 109.6774149, -7.5031156 ], [ 109.6770608, -7.503073 ], [ 109.6767068, -7.5029081 ], [ 109.6763956, -7.5027486 ], [ 109.6761703, -7.5025731 ], [ 109.6758914, -7.5024454 ], [ 109.6754515, -7.502589 ], [ 109.6749151, -7.5025997 ], [ 109.6744269, -7.5025092 ], [ 109.6739817, -7.5024507 ], [ 109.673692, -7.5024348 ], [ 109.6734559, -7.5027379 ], [ 109.6732092, -7.5029081 ], [ 109.6727049, -7.5028656 ], [ 109.6724635, -7.5030464 ], [ 109.6722919, -7.5036208 ], [ 109.6722114, -7.5038389 ], [ 109.6718788, -7.5041261 ], [ 109.671734, -7.5044399 ], [ 109.6716106, -7.5046792 ], [ 109.6715033, -7.5050728 ], [ 109.671337, -7.5054078 ], [ 109.67116, -7.5056844 ], [ 109.6709454, -7.5057269 ], [ 109.6708435, -7.5054823 ], [ 109.6706825, -7.5052642 ], [ 109.6706772, -7.5049983 ], [ 109.6708327, -7.5047111 ], [ 109.6709239, -7.5044771 ], [ 109.6709078, -7.5041633 ], [ 109.6707308, -7.5039771 ], [ 109.6705699, -7.5037165 ], [ 109.6703231, -7.5036474 ], [ 109.6700978, -7.5038336 ], [ 109.6699423, -7.5040729 ], [ 109.6697974, -7.5043122 ], [ 109.6697438, -7.5045569 ], [ 109.6695453, -7.5047483 ], [ 109.669143, -7.504525 ], [ 109.6689123, -7.5043388 ], [ 109.6685743, -7.5041261 ], [ 109.6682846, -7.5039771 ], [ 109.6678555, -7.5041793 ], [ 109.6676892, -7.5043654 ], [ 109.6676087, -7.5047058 ], [ 109.6674693, -7.5050036 ], [ 109.6672761, -7.5052589 ], [ 109.6668577, -7.5053387 ], [ 109.6663374, -7.5051951 ], [ 109.6661013, -7.5051366 ], [ 109.6658921, -7.5052749 ], [ 109.6657956, -7.5055408 ], [ 109.6658653, -7.5058014 ], [ 109.6659833, -7.5060567 ], [ 109.6659565, -7.5062481 ], [ 109.6658492, -7.5064183 ], [ 109.6655488, -7.5064662 ] ] } },
{ "type": "Feature", "properties": { "waterway": "stream", "name": null }, "geometry": { "type": "LineString", "coordinates": [ [ 109.622848, -7.4808013 ], [ 109.6227837, -7.4808199 ], [ 109.6226817, -7.4808757 ], [ 109.6225423, -7.480643 ], [ 109.6226335, -7.4802774 ], [ 109.6227059, -7.4801032 ], [ 109.6227099, -7.4800221 ], [ 109.6227421, -7.4799024 ], [ 109.6227086, -7.4798519 ], [ 109.6225262, -7.4798665 ], [ 109.6224658, -7.4798439 ], [ 109.6224866, -7.4793908 ], [ 109.6224296, -7.4792369 ], [ 109.6223988, -7.479197 ], [ 109.6222097, -7.4791338 ], [ 109.6221513, -7.4790501 ], [ 109.6221849, -7.4789763 ], [ 109.622319, -7.4789583 ], [ 109.62249, -7.4789045 ], [ 109.6225309, -7.4788739 ], [ 109.6225476, -7.478818 ], [ 109.6225463, -7.4787569 ], [ 109.6225235, -7.478699 ], [ 109.6224155, -7.4785787 ], [ 109.6222875, -7.4784989 ], [ 109.6222492, -7.4784604 ], [ 109.6221942, -7.4783699 ], [ 109.6221902, -7.4783054 ], [ 109.6222566, -7.4782416 ], [ 109.6223076, -7.478215 ], [ 109.6223699, -7.4782164 ], [ 109.622433, -7.4781805 ], [ 109.6224464, -7.4781392 ], [ 109.6223565, -7.4780076 ], [ 109.622384, -7.4778307 ], [ 109.6225047, -7.477626 ], [ 109.6225932, -7.4775595 ], [ 109.6228272, -7.4774817 ], [ 109.6228467, -7.4774352 ], [ 109.6228547, -7.4772656 ], [ 109.622958, -7.4769718 ], [ 109.6229982, -7.4768893 ], [ 109.6231283, -7.4767125 ], [ 109.623241, -7.4765835 ], [ 109.6233147, -7.4765529 ], [ 109.6234797, -7.4765383 ], [ 109.6235575, -7.4765157 ], [ 109.623583, -7.4764824 ], [ 109.6235709, -7.4762989 ], [ 109.6235239, -7.4761234 ], [ 109.6235199, -7.4760011 ], [ 109.6235548, -7.4758694 ], [ 109.6236138, -7.4758202 ], [ 109.6239236, -7.4756952 ], [ 109.6239907, -7.4756514 ], [ 109.6240094, -7.4756008 ], [ 109.6240027, -7.4755184 ], [ 109.6239692, -7.4754133 ], [ 109.6238177, -7.475162 ], [ 109.6237399, -7.4751022 ], [ 109.6237251, -7.4748615 ], [ 109.6237761, -7.4746288 ], [ 109.6238029, -7.474315 ], [ 109.6237761, -7.474202 ], [ 109.6238109, -7.4739586 ], [ 109.6237774, -7.4738709 ], [ 109.6237814, -7.4737153 ], [ 109.6237935, -7.4736435 ], [ 109.6238297, -7.4735544 ], [ 109.623941, -7.4734055 ], [ 109.6239853, -7.4732446 ], [ 109.6239464, -7.4730983 ], [ 109.6238579, -7.47298 ], [ 109.6238257, -7.4729042 ], [ 109.623815, -7.4727539 ], [ 109.6238472, -7.4726967 ], [ 109.623988, -7.4725452 ], [ 109.6240899, -7.4725066 ], [ 109.6241073, -7.4724228 ], [ 109.6240845, -7.4723204 ], [ 109.6240912, -7.4722633 ], [ 109.6239424, -7.4721077 ], [ 109.623882, -7.4718643 ], [ 109.6238364, -7.4717885 ], [ 109.6236849, -7.4716981 ], [ 109.6236393, -7.4715971 ], [ 109.6236514, -7.471512 ], [ 109.6235816, -7.4714215 ], [ 109.623583, -7.4713364 ], [ 109.6235454, -7.4710971 ], [ 109.6235293, -7.4710412 ], [ 109.6235052, -7.4709934 ], [ 109.6233952, -7.4708498 ], [ 109.6232584, -7.4708471 ], [ 109.6231511, -7.4708843 ], [ 109.6230921, -7.4709003 ], [ 109.6230385, -7.4709083 ], [ 109.6229848, -7.470903 ], [ 109.6229312, -7.470887 ], [ 109.6227729, -7.470778 ], [ 109.6226817, -7.4706769 ], [ 109.6224672, -7.4705572 ], [ 109.6224189, -7.47052 ], [ 109.622384, -7.4704774 ], [ 109.6222874, -7.4703205 ], [ 109.6222311, -7.4702168 ], [ 109.6222043, -7.4701583 ], [ 109.6221694, -7.4700493 ], [ 109.6221668, -7.4699908 ], [ 109.6221882, -7.469794 ], [ 109.6222311, -7.4696025 ] ] } },
{ "type": "Feature", "properties": { "waterway": "river", "name": "Kali Sapi" }, "geometry": { "type": "LineString", "coordinates": [ [ 109.6075594, -7.4670707 ], [ 109.6070713, -7.466943 ], [ 109.6065774, -7.4666848 ], [ 109.6063524, -7.4665228 ], [ 109.6060306, -7.4662835 ], [ 109.605816, -7.4662303 ], [ 109.6056765, -7.4662835 ], [ 109.6053708, -7.4667303 ], [ 109.6052098, -7.4668579 ], [ 109.6050274, -7.4668632 ], [ 109.6049094, -7.4668047 ], [ 109.6046787, -7.4666398 ], [ 109.6041959, -7.466459 ], [ 109.6040082, -7.466475 ], [ 109.6038526, -7.4665441 ], [ 109.6034557, -7.4669324 ], [ 109.6031713, -7.467193 ], [ 109.6027261, -7.4674856 ], [ 109.6025544, -7.4676611 ], [ 109.6025062, -7.4678366 ], [ 109.6025652, -7.4681079 ], [ 109.6029729, -7.4685334 ], [ 109.6032786, -7.4691344 ], [ 109.6032089, -7.4693844 ], [ 109.6030641, -7.4694961 ], [ 109.6028656, -7.4695227 ], [ 109.6025276, -7.4695121 ], [ 109.6021199, -7.469411 ], [ 109.6013474, -7.4691131 ], [ 109.601047, -7.46856 ], [ 109.6010199, -7.4682433 ], [ 109.6010685, -7.4677728 ], [ 109.6009397, -7.4674111 ], [ 109.6006286, -7.4672515 ], [ 109.6003067, -7.4672409 ], [ 109.6000814, -7.4673898 ], [ 109.5999684, -7.467722 ], [ 109.5998776, -7.4683685 ], [ 109.6000385, -7.4687621 ], [ 109.6003282, -7.469177 ], [ 109.6007838, -7.4697262 ], [ 109.6007573, -7.4699216 ], [ 109.6005964, -7.470028 ], [ 109.5997381, -7.4701556 ], [ 109.5985415, -7.4701794 ], [ 109.5959558, -7.470057 ], [ 109.5953608, -7.4701663 ], [ 109.5948029, -7.470512 ], [ 109.5947224, -7.4707939 ], [ 109.5947492, -7.4710758 ], [ 109.594835, -7.4712726 ], [ 109.5950442, -7.471379 ], [ 109.5955056, -7.4714747 ], [ 109.5956558, -7.4716822 ], [ 109.5957255, -7.4719162 ], [ 109.5956773, -7.4721555 ], [ 109.5954949, -7.4723417 ], [ 109.5953661, -7.4724002 ], [ 109.5951891, -7.4723789 ], [ 109.5950653, -7.4722899 ], [ 109.5947492, -7.4720119 ], [ 109.5943791, -7.4717513 ], [ 109.5941216, -7.4716981 ], [ 109.5938694, -7.4717673 ], [ 109.5936978, -7.4718843 ], [ 109.5934135, -7.4720013 ], [ 109.5931667, -7.4719747 ], [ 109.5928395, -7.4718683 ], [ 109.5926031, -7.4717846 ], [ 109.5924425, -7.4717885 ], [ 109.5922387, -7.4719109 ], [ 109.592126, -7.4720492 ], [ 109.591895, -7.4726516 ], [ 109.5916218, -7.4730119 ], [ 109.5913535, -7.4732778 ], [ 109.5911711, -7.4734693 ], [ 109.5909941, -7.4734374 ], [ 109.5909566, -7.473331 ], [ 109.5909619, -7.4732512 ], [ 109.5909834, -7.4730704 ], [ 109.5909673, -7.4727885 ], [ 109.5909136, -7.4726183 ], [ 109.5907903, -7.4724534 ], [ 109.5907417, -7.4724016 ], [ 109.5906454, -7.4723683 ], [ 109.590227, -7.4723417 ], [ 109.5897442, -7.472347 ], [ 109.5892668, -7.4724374 ], [ 109.5891809, -7.4725438 ], [ 109.5891809, -7.4726502 ], [ 109.5892292, -7.4727885 ], [ 109.5893043, -7.4729746 ], [ 109.5892932, -7.4731569 ], [ 109.5890468, -7.4734959 ], [ 109.5886981, -7.4737725 ], [ 109.5885479, -7.4738257 ], [ 109.58821, -7.4736555 ], [ 109.5879257, -7.473331 ], [ 109.5876682, -7.4730917 ], [ 109.5875233, -7.4730438 ], [ 109.5873889, -7.4730771 ], [ 109.5872873, -7.4731714 ], [ 109.587239, -7.4734959 ], [ 109.5873034, -7.4738948 ], [ 109.5874429, -7.4741182 ], [ 109.5878291, -7.4744533 ], [ 109.5880647, -7.4747004 ], [ 109.5880866, -7.4749267 ], [ 109.5879042, -7.475182 ], [ 109.5876092, -7.4754054 ], [ 109.5870566, -7.475767 ], [ 109.5867723, -7.4758362 ], [ 109.5864397, -7.4758894 ], [ 109.586134, -7.4757245 ], [ 109.585919, -7.4755131 ], [ 109.5856672, -7.4750596 ], [ 109.5853668, -7.4744852 ], [ 109.5851469, -7.4742884 ], [ 109.5849105, -7.474259 ], [ 109.584707, -7.4743203 ], [ 109.5843476, -7.4745437 ], [ 109.5837411, -7.4750248 ], [ 109.5835859, -7.4750862 ], [ 109.583382, -7.4751181 ], [ 109.5831245, -7.4749852 ], [ 109.5827597, -7.474666 ], [ 109.5822877, -7.4744373 ], [ 109.5819068, -7.4742459 ], [ 109.5817995, -7.4741288 ], [ 109.5817724, -7.4738536 ], [ 109.5817888, -7.4735757 ], [ 109.5817723, -7.4733324 ], [ 109.5817029, -7.4730917 ], [ 109.5816761, -7.4728789 ], [ 109.5815474, -7.4727353 ], [ 109.5813972, -7.47273 ], [ 109.5812631, -7.4728151 ], [ 109.5808554, -7.4734746 ], [ 109.5807159, -7.473565 ], [ 109.580555, -7.4735916 ], [ 109.5803887, -7.4735438 ], [ 109.5802277, -7.4734268 ], [ 109.58004, -7.4732034 ], [ 109.5797338, -7.4724388 ], [ 109.5794284, -7.4716183 ], [ 109.5790958, -7.4709322 ], [ 109.578774, -7.4704748 ], [ 109.5784035, -7.4703379 ], [ 109.5780011, -7.4703389 ], [ 109.5777065, -7.4704375 ], [ 109.5775831, -7.4705492 ], [ 109.5775187, -7.4708471 ], [ 109.5775559, -7.4716995 ], [ 109.5774972, -7.4718524 ], [ 109.5772773, -7.4719375 ], [ 109.5770788, -7.4719268 ], [ 109.5765634, -7.471799 ], [ 109.5757484, -7.4716183 ], [ 109.5750293, -7.4715835 ], [ 109.5746916, -7.4717034 ], [ 109.5744234, -7.4717885 ], [ 109.5742782, -7.4719107 ], [ 109.5741177, -7.4724162 ], [ 109.5740315, -7.4728787 ], [ 109.5739782, -7.4730704 ], [ 109.5737958, -7.4732778 ], [ 109.5733666, -7.4736874 ], [ 109.5733502, -7.4738068 ], [ 109.5734092, -7.4739106 ], [ 109.5737743, -7.4740331 ], [ 109.5742679, -7.4741661 ], [ 109.5745468, -7.4742459 ], [ 109.574761, -7.4743626 ], [ 109.5749005, -7.4745461 ], [ 109.5748472, -7.4747831 ], [ 109.5746805, -7.4749264 ], [ 109.5743591, -7.4749958 ], [ 109.574005, -7.4750277 ], [ 109.5734414, -7.4749956 ], [ 109.5726317, -7.4748735 ], [ 109.5719715, -7.4746498 ], [ 109.5716661, -7.4745171 ], [ 109.5713818, -7.4743097 ], [ 109.5709576, -7.4740355 ], [ 109.5707703, -7.4740384 ], [ 109.5706469, -7.4741288 ], [ 109.5704105, -7.4745514 ], [ 109.5701476, -7.4750222 ], [ 109.569928, -7.4750915 ], [ 109.569477, -7.4750674 ], [ 109.5687693, -7.4751075 ], [ 109.568329, -7.4751711 ], [ 109.5680129, -7.4752352 ], [ 109.5678302, -7.4754211 ], [ 109.567675, -7.4757458 ], [ 109.5676479, -7.4760806 ], [ 109.5676156, -7.4765806 ], [ 109.5674068, -7.4767776 ], [ 109.5672079, -7.4767614 ], [ 109.5669937, -7.4765649 ], [ 109.566822, -7.4763096 ], [ 109.5664462, -7.475921 ], [ 109.5658779, -7.4755809 ], [ 109.565835, -7.4754585 ], [ 109.5658668, -7.4753492 ], [ 109.5660814, -7.475219 ], [ 109.5666021, -7.4751447 ], [ 109.566924, -7.4750915 ], [ 109.567047, -7.4750062 ], [ 109.567047, -7.4747722 ], [ 109.5667037, -7.4743839 ], [ 109.5659795, -7.4740276 ], [ 109.5652231, -7.4737935 ], [ 109.5648801, -7.4739214 ], [ 109.5646759, -7.4740914 ], [ 109.5644295, -7.4743256 ], [ 109.5641828, -7.4747033 ], [ 109.5638766, -7.4751817 ], [ 109.5636517, -7.4752511 ], [ 109.5633831, -7.4752297 ], [ 109.5632118, -7.4751022 ], [ 109.5632172, -7.4749479 ], [ 109.5632547, -7.474815 ], [ 109.5632919, -7.4746552 ], [ 109.5632759, -7.4745621 ], [ 109.5631313, -7.4745065 ], [ 109.5628738, -7.4745437 ], [ 109.5625946, -7.4746552 ], [ 109.5622569, -7.4749852 ], [ 109.5621868, -7.4753413 ], [ 109.5622727, -7.4757801 ], [ 109.5621868, -7.4761205 ], [ 109.5619672, -7.476283 ], [ 109.5617255, -7.4763678 ], [ 109.5614684, -7.476384 ], [ 109.5612427, -7.4762083 ], [ 109.5610821, -7.4758149 ], [ 109.5609426, -7.4756926 ], [ 109.5607653, -7.4757322 ], [ 109.5606633, -7.4758466 ], [ 109.5606097, -7.4763572 ], [ 109.5606151, -7.4768173 ], [ 109.5601323, -7.4773172 ], [ 109.5594403, -7.4773465 ], [ 109.5586356, -7.4768359 ], [ 109.5584425, -7.4762934 ], [ 109.5582712, -7.4756021 ], [ 109.5579918, -7.4753254 ], [ 109.5576539, -7.4752961 ], [ 109.5569086, -7.4754958 ], [ 109.5562592, -7.4758174 ], [ 109.5556962, -7.4759957 ], [ 109.5553097, -7.4759105 ], [ 109.5551058, -7.47557 ], [ 109.5549985, -7.4749211 ], [ 109.5552989, -7.4738467 ], [ 109.5553097, -7.4732617 ], [ 109.5547571, -7.4730622 ], [ 109.5540544, -7.473134 ], [ 109.5536038, -7.4731021 ], [ 109.55296, -7.4725808 ], [ 109.5519515, -7.4726766 ], [ 109.5515867, -7.4730276 ], [ 109.5510449, -7.4733069 ], [ 109.5486363, -7.4735063 ], [ 109.5479068, -7.4731765 ], [ 109.5474454, -7.4732404 ], [ 109.547381, -7.4737297 ], [ 109.5472523, -7.4745169 ], [ 109.5468017, -7.4748254 ], [ 109.5463189, -7.4746658 ], [ 109.5449134, -7.4736765 ], [ 109.5433577, -7.4732617 ], [ 109.5426443, -7.4733813 ], [ 109.5423599, -7.4738786 ], [ 109.5424511, -7.4746366 ], [ 109.5424944, -7.4752272 ], [ 109.5423706, -7.4757322 ], [ 109.5422637, -7.4758176 ], [ 109.5421538, -7.4758973 ], [ 109.5420116, -7.4759239 ], [ 109.5418664, -7.4759104 ], [ 109.5415231, -7.475719 ], [ 109.5408686, -7.4750594 ], [ 109.5404395, -7.474368 ], [ 109.5403429, -7.4734213 ], [ 109.5405039, -7.4723255 ], [ 109.5404823, -7.4721687 ], [ 109.5403966, -7.4720277 ], [ 109.5403161, -7.4719633 ], [ 109.5402115, -7.4719228 ], [ 109.540119, -7.4719022 ], [ 109.5400264, -7.4718934 ], [ 109.5399131, -7.4719168 ], [ 109.5398079, -7.47196 ], [ 109.5397067, -7.4720152 ], [ 109.5396295, -7.4720942 ], [ 109.5393988, -7.4727936 ], [ 109.5392057, -7.4738467 ], [ 109.5388355, -7.4747961 ], [ 109.5381328, -7.4753785 ], [ 109.5376607, -7.4753785 ], [ 109.5369526, -7.4750488 ], [ 109.5363303, -7.4746126 ], [ 109.5357456, -7.4745089 ], [ 109.5354023, -7.47486 ], [ 109.5351663, -7.4756578 ], [ 109.5354667, -7.476179 ], [ 109.5354774, -7.4766152 ], [ 109.5352736, -7.4770088 ], [ 109.5348068, -7.4771763 ], [ 109.5338842, -7.4769104 ], [ 109.5332512, -7.476187 ], [ 109.5330366, -7.4756445 ], [ 109.532645, -7.4754238 ], [ 109.5320388, -7.4755168 ], [ 109.5315131, -7.4757934 ], [ 109.5308318, -7.4764982 ], [ 109.5303329, -7.4768465 ], [ 109.5297106, -7.4769636 ], [ 109.5284017, -7.4760806 ], [ 109.5279726, -7.4759636 ], [ 109.5271786, -7.4762827 ], [ 109.5262721, -7.4762854 ], [ 109.5257088, -7.476421 ], [ 109.5253172, -7.4771151 ], [ 109.5246145, -7.4796229 ], [ 109.5242444, -7.4807824 ], [ 109.5223238, -7.4826786 ], [ 109.5212349, -7.4831227 ], [ 109.5204731, -7.4827185 ], [ 109.5196685, -7.4813569 ], [ 109.5194811, -7.4812454 ], [ 109.5192393, -7.4812292 ], [ 109.5188749, -7.4814209 ], [ 109.5185956, -7.4817292 ], [ 109.5181396, -7.4827318 ], [ 109.517233, -7.483261 ], [ 109.5165249, -7.4827504 ], [ 109.5161279, -7.4818568 ], [ 109.515731, -7.4814207 ], [ 109.5153931, -7.4812952 ], [ 109.5150551, -7.4812186 ], [ 109.5147271, -7.481341 ], [ 109.5144167, -7.481551 ], [ 109.5141856, -7.4818638 ], [ 109.5140251, -7.4822291 ], [ 109.5138642, -7.4840056 ], [ 109.5140734, -7.4853486 ], [ 109.5143791, -7.4861224 ], [ 109.5152535, -7.4872208 ], [ 109.5151945, -7.4876223 ], [ 109.51373, -7.488593 ], [ 109.5119008, -7.4892605 ], [ 109.5106847, -7.4896704 ], [ 109.509487, -7.4900422 ], [ 109.5088817, -7.4901642 ], [ 109.5084561, -7.4901896 ], [ 109.5078143, -7.4900152 ], [ 109.5071753, -7.4901583 ], [ 109.5067866, -7.4902237 ], [ 109.5063704, -7.4903191 ], [ 109.505952, -7.4905372 ], [ 109.5055386, -7.4906327 ], [ 109.5049381, -7.4904201 ], [ 109.5044764, -7.4901008 ], [ 109.5042032, -7.4896383 ], [ 109.5040258, -7.489069 ], [ 109.5039833, -7.4887341 ], [ 109.5040151, -7.4883457 ], [ 109.5043051, -7.4877183 ], [ 109.5047017, -7.4871224 ], [ 109.5047611, -7.4868673 ], [ 109.5047125, -7.4866437 ], [ 109.5045358, -7.4864418 ], [ 109.5042779, -7.4863059 ], [ 109.5040905, -7.4862769 ], [ 109.5038488, -7.4863086 ], [ 109.5034629, -7.4864365 ], [ 109.5031732, -7.4866067 ], [ 109.5027813, -7.4869841 ], [ 109.502036, -7.4873034 ], [ 109.5012041, -7.4874628 ], [ 109.5000454, -7.4875585 ], [ 109.4995197, -7.4871755 ], [ 109.4992837, -7.4862288 ], [ 109.4996806, -7.4850268 ], [ 109.4996914, -7.484463 ], [ 109.4991227, -7.4841013 ], [ 109.4973954, -7.4841439 ], [ 109.4967999, -7.4842742 ], [ 109.4962689, -7.4859097 ], [ 109.4956681, -7.4865054 ], [ 109.4949492, -7.4865692 ], [ 109.4943806, -7.4862926 ], [ 109.4938549, -7.4861969 ], [ 109.4929966, -7.4877606 ], [ 109.4925191, -7.4882526 ], [ 109.4912478, -7.4886754 ], [ 109.4910117, -7.4890371 ], [ 109.4912049, -7.4894519 ], [ 109.492149, -7.4899093 ], [ 109.4928893, -7.4901859 ], [ 109.4931575, -7.4905157 ], [ 109.4930663, -7.4911459 ], [ 109.4923689, -7.491614 ], [ 109.4909527, -7.4922841 ], [ 109.490014, -7.4924197 ], [ 109.4896921, -7.4920474 ], [ 109.489735, -7.4917177 ], [ 109.4900676, -7.4912603 ], [ 109.4905504, -7.490505 ], [ 109.4905611, -7.4900583 ], [ 109.4900891, -7.4896647 ], [ 109.4894775, -7.4896647 ], [ 109.4867524, -7.4917389 ], [ 109.4858726, -7.4921857 ], [ 109.4853898, -7.4920049 ], [ 109.4849714, -7.4912496 ], [ 109.4847783, -7.4901859 ], [ 109.4845637, -7.48942 ], [ 109.484376, -7.4891993 ], [ 109.4832387, -7.489178 ], [ 109.4828042, -7.4893136 ], [ 109.4828095, -7.4898801 ], [ 109.4823643, -7.4915262 ], [ 109.4816669, -7.4931218 ], [ 109.4812431, -7.4935287 ], [ 109.4807657, -7.4934835 ], [ 109.479843, -7.4927708 ], [ 109.4794997, -7.4922389 ], [ 109.4784161, -7.4895583 ], [ 109.4762167, -7.4851225 ], [ 109.4756588, -7.4845907 ], [ 109.475058, -7.4845587 ], [ 109.4745966, -7.4848779 ], [ 109.4747254, -7.4852502 ], [ 109.4748219, -7.4859629 ], [ 109.4745966, -7.4867713 ], [ 109.4739422, -7.4871862 ], [ 109.473057, -7.4870612 ], [ 109.472483, -7.4873989 ], [ 109.4722095, -7.4878909 ], [ 109.4715496, -7.488686 ], [ 109.4708523, -7.4890052 ], [ 109.4698545, -7.4884946 ], [ 109.4684597, -7.4875691 ], [ 109.4672688, -7.4873138 ], [ 109.4669577, -7.4882286 ], [ 109.4663354, -7.4897604 ], [ 109.465638, -7.490388 ], [ 109.4642969, -7.4900583 ], [ 109.4620224, -7.4899838 ], [ 109.4605097, -7.4890477 ], [ 109.4596835, -7.4874628 ], [ 109.4592651, -7.4863139 ], [ 109.4572588, -7.4858565 ], [ 109.4555958, -7.4857182 ], [ 109.454362, -7.4862288 ], [ 109.4529995, -7.4855161 ], [ 109.4525274, -7.4846119 ], [ 109.4520875, -7.4841013 ], [ 109.4513901, -7.4840588 ], [ 109.450269, -7.484955 ], [ 109.4496413, -7.4857182 ], [ 109.4491049, -7.4856863 ], [ 109.4488152, -7.4853034 ], [ 109.4488152, -7.4846545 ], [ 109.4491741, -7.4834822 ], [ 109.4490116, -7.482844 ], [ 109.448348, -7.4823972 ], [ 109.447163, -7.4822823 ], [ 109.4465214, -7.4830674 ], [ 109.4468207, -7.4838248 ], [ 109.4461845, -7.4840859 ], [ 109.4429562, -7.4830695 ], [ 109.4420298, -7.482461 ], [ 109.4403856, -7.4830051 ], [ 109.4400187, -7.4823951 ], [ 109.4400964, -7.4814329 ], [ 109.4403915, -7.4802761 ], [ 109.441202, -7.4793325 ], [ 109.4407777, -7.4785262 ], [ 109.4389393, -7.4785688 ], [ 109.4385622, -7.4792629 ], [ 109.4360066, -7.480516 ], [ 109.4349096, -7.4801681 ], [ 109.4344633, -7.4778475 ], [ 109.4334826, -7.4776869 ], [ 109.4331039, -7.4794724 ], [ 109.4317156, -7.4798575 ], [ 109.4290329, -7.4786241 ], [ 109.4278076, -7.4793038 ], [ 109.4264987, -7.4795501 ], [ 109.424359, -7.4782547 ], [ 109.4237691, -7.4779265 ], [ 109.4232874, -7.4774565 ], [ 109.4229644, -7.4769265 ], [ 109.422723, -7.4764106 ], [ 109.4224248, -7.4753673 ], [ 109.4222349, -7.4750969 ], [ 109.4219334, -7.4750248 ], [ 109.421432, -7.475056 ], [ 109.4201454, -7.475235 ] ] } },
{ "type": "Feature", "properties": { "waterway": "stream", "name": null }, "geometry": { "type": "LineString", "coordinates": [ [ 109.6288119, -7.4749719 ], [ 109.6287931, -7.47494 ], [ 109.6287771, -7.4748708 ], [ 109.628765, -7.4748057 ], [ 109.6287328, -7.4747059 ], [ 109.6286644, -7.4746461 ], [ 109.6285853, -7.4745703 ], [ 109.6285491, -7.4744972 ], [ 109.6285048, -7.474436 ], [ 109.6284123, -7.4744333 ], [ 109.6283251, -7.4744586 ], [ 109.6282513, -7.4744919 ], [ 109.628187, -7.4744839 ], [ 109.6281534, -7.4743841 ], [ 109.6281052, -7.4743057 ], [ 109.6280904, -7.4742392 ], [ 109.6280944, -7.4741647 ], [ 109.628077, -7.4740796 ], [ 109.6280716, -7.4740132 ], [ 109.6280555, -7.4739201 ], [ 109.6280535, -7.4738912 ], [ 109.6280455, -7.4738596 ], [ 109.628028, -7.473815 ], [ 109.628016, -7.4737938 ], [ 109.6279892, -7.4737512 ], [ 109.627963, -7.4737246 ], [ 109.6278799, -7.4737033 ], [ 109.6277565, -7.4736368 ], [ 109.6277176, -7.4735704 ], [ 109.6277176, -7.4735185 ], [ 109.6276908, -7.4734228 ], [ 109.6276586, -7.4733443 ], [ 109.6276344, -7.4733044 ], [ 109.6275888, -7.4732167 ], [ 109.6275701, -7.4731355 ], [ 109.6275526, -7.4730491 ], [ 109.6275312, -7.4729534 ], [ 109.6275218, -7.4728723 ], [ 109.6274896, -7.4727858 ], [ 109.6274829, -7.4727646 ], [ 109.6274561, -7.4726289 ], [ 109.6274453, -7.4725172 ], [ 109.627381, -7.4724587 ], [ 109.6273375, -7.4723091 ] ] } },
{ "type": "Feature", "properties": { "waterway": "stream", "name": null }, "geometry": { "type": "LineString", "coordinates": [ [ 109.7122246, -7.4755078 ], [ 109.7121535, -7.4753934 ], [ 109.7120596, -7.4753163 ], [ 109.7118598, -7.4752192 ], [ 109.7117619, -7.4752032 ], [ 109.7116573, -7.4750483 ], [ 109.711601, -7.4750018 ], [ 109.7115507, -7.4749759 ], [ 109.7115064, -7.4750018 ], [ 109.7114421, -7.4749832 ], [ 109.7112342, -7.4748436 ], [ 109.7111343, -7.4748097 ], [ 109.7110498, -7.4748116 ], [ 109.7109948, -7.4748522 ], [ 109.7109519, -7.4749519 ], [ 109.7109298, -7.4749679 ], [ 109.7108392, -7.4749772 ], [ 109.7108124, -7.4749692 ], [ 109.710795, -7.4749267 ], [ 109.7107333, -7.4748828 ], [ 109.7106649, -7.4747937 ], [ 109.7105737, -7.4747432 ], [ 109.7104423, -7.4747618 ], [ 109.7103243, -7.4748057 ], [ 109.7102505, -7.4748695 ], [ 109.7101888, -7.4749466 ], [ 109.7101539, -7.4750304 ], [ 109.7101083, -7.4750889 ], [ 109.7099917, -7.4751713 ], [ 109.7099139, -7.4752485 ], [ 109.7098669, -7.475283 ], [ 109.7097851, -7.475311 ], [ 109.7097073, -7.4753096 ], [ 109.7096618, -7.4752777 ], [ 109.7095706, -7.4752578 ], [ 109.709533, -7.4752817 ], [ 109.7094794, -7.475287 ], [ 109.709411, -7.4752086 ], [ 109.7092286, -7.4750676 ], [ 109.7092098, -7.4750038 ], [ 109.7091132, -7.4749134 ], [ 109.7088826, -7.4748203 ], [ 109.7088209, -7.4748283 ], [ 109.7087136, -7.4748735 ], [ 109.7086197, -7.4750118 ], [ 109.708499, -7.4751554 ], [ 109.7084534, -7.4751873 ], [ 109.7083917, -7.4751873 ], [ 109.708271, -7.4751527 ], [ 109.7082067, -7.4751155 ], [ 109.7080323, -7.4750543 ], [ 109.7079062, -7.4750384 ], [ 109.7073859, -7.4751022 ], [ 109.7072732, -7.4750969 ], [ 109.7070962, -7.4749479 ], [ 109.7069138, -7.4748416 ], [ 109.7068173, -7.4747565 ], [ 109.7067153, -7.4747033 ], [ 109.7065973, -7.4746873 ], [ 109.706195, -7.4750064 ], [ 109.7060931, -7.475065 ], [ 109.7059911, -7.4751075 ], [ 109.7055674, -7.4752298 ], [ 109.7054708, -7.4752937 ], [ 109.7053581, -7.4753309 ], [ 109.7052348, -7.4753362 ], [ 109.7046715, -7.4752352 ], [ 109.7043979, -7.4753096 ], [ 109.7043496, -7.4754107 ], [ 109.7042638, -7.4754905 ], [ 109.7037488, -7.4756979 ], [ 109.703545, -7.4758362 ], [ 109.7032982, -7.4760649 ], [ 109.7031587, -7.4762511 ], [ 109.7029173, -7.4763096 ], [ 109.7024774, -7.4763255 ], [ 109.7023702, -7.476283 ], [ 109.7020376, -7.4762404 ], [ 109.7018015, -7.4762404 ], [ 109.7016406, -7.4762883 ], [ 109.7015709, -7.4763734 ], [ 109.7014797, -7.4764478 ], [ 109.7013777, -7.4764851 ], [ 109.701131, -7.4765276 ], [ 109.7008842, -7.4766553 ], [ 109.700675, -7.4767297 ], [ 109.7005784, -7.4767989 ], [ 109.7004175, -7.4769478 ], [ 109.6999615, -7.477017 ], [ 109.6998596, -7.4770542 ], [ 109.6996826, -7.4771712 ], [ 109.6995002, -7.4772297 ] ] } },
{ "type": "Feature", "properties": { "waterway": "river", "name": null }, "geometry": { "type": "LineString", "coordinates": [ [ 109.5714194, -7.3316619 ], [ 109.5715749, -7.3312256 ], [ 109.5714623, -7.3310979 ], [ 109.5710814, -7.3313001 ], [ 109.5706898, -7.3314012 ], [ 109.5703679, -7.3310713 ], [ 109.570502, -7.3306989 ], [ 109.5705235, -7.3301242 ], [ 109.5703572, -7.329688 ], [ 109.5701694, -7.3291399 ], [ 109.569869, -7.3288846 ], [ 109.5697242, -7.3285174 ], [ 109.5696759, -7.3283525 ], [ 109.5692521, -7.328012 ], [ 109.5686835, -7.3279215 ], [ 109.5683831, -7.327714 ], [ 109.567675, -7.3277832 ], [ 109.5670205, -7.3280333 ], [ 109.5666665, -7.3283738 ], [ 109.5661193, -7.3287622 ], [ 109.5658886, -7.3287888 ], [ 109.5655614, -7.3284483 ], [ 109.5653039, -7.3282674 ] ] } },
{ "type": "Feature", "properties": { "waterway": "river", "name": null }, "geometry": { "type": "LineString", "coordinates": [ [ 109.5759668, -7.2381841 ], [ 109.5768901, -7.2387503 ], [ 109.5772028, -7.239052 ], [ 109.5779924, -7.2394112 ], [ 109.5787134, -7.239921 ], [ 109.5795444, -7.2407209 ], [ 109.5798265, -7.2415324 ], [ 109.5808758, -7.2420997 ], [ 109.5820394, -7.2428463 ], [ 109.5825785, -7.2428745 ], [ 109.5844947, -7.2437148 ], [ 109.5850542, -7.2441964 ], [ 109.5857859, -7.2450777 ], [ 109.5863776, -7.2454358 ], [ 109.587274, -7.2451836 ], [ 109.5882363, -7.2450857 ], [ 109.5891156, -7.2449143 ], [ 109.5892803, -7.2449388 ], [ 109.5893956, -7.2453704 ], [ 109.5911723, -7.2467657 ], [ 109.5927178, -7.2471983 ], [ 109.593442, -7.247574 ], [ 109.593569, -7.2477541 ], [ 109.5936388, -7.2481613 ], [ 109.5938372, -7.2485018 ], [ 109.5941967, -7.2487599 ], [ 109.5945668, -7.2489142 ], [ 109.5950174, -7.2492069 ], [ 109.5951354, -7.2496273 ], [ 109.595114, -7.2501807 ], [ 109.5952588, -7.2508246 ], [ 109.5953071, -7.2513887 ], [ 109.5953876, -7.2519581 ] ] } },
{ "type": "Feature", "properties": { "waterway": "river", "name": null }, "geometry": { "type": "LineString", "coordinates": [ [ 109.5997328, -7.2356847 ], [ 109.5996737, -7.2362009 ], [ 109.5999688, -7.2367703 ], [ 109.5998454, -7.2370098 ], [ 109.5993358, -7.237079 ], [ 109.5990676, -7.2373078 ], [ 109.5992607, -7.2376537 ], [ 109.5994377, -7.2379251 ], [ 109.5992553, -7.2383029 ], [ 109.5991373, -7.2390533 ], [ 109.5994109, -7.240256 ], [ 109.5993251, -7.2405753 ], [ 109.5994002, -7.2413629 ], [ 109.5994806, -7.2417833 ], [ 109.5997113, -7.2418844 ], [ 109.6003604, -7.241629 ], [ 109.6006608, -7.2413469 ], [ 109.6009237, -7.2415225 ], [ 109.6010739, -7.2420281 ], [ 109.6017766, -7.2424964 ], [ 109.6026081, -7.2428317 ], [ 109.6029782, -7.243119 ], [ 109.6030211, -7.2434011 ], [ 109.6026188, -7.2434543 ], [ 109.6019804, -7.2438428 ], [ 109.6013045, -7.2438215 ], [ 109.6012402, -7.2446144 ], [ 109.6005589, -7.2479031 ], [ 109.6004891, -7.2491111 ], [ 109.6003658, -7.2493666 ], [ 109.5997542, -7.2496539 ], [ 109.5991963, -7.2502925 ], [ 109.5990515, -7.2511227 ], [ 109.5987189, -7.2515324 ], [ 109.5981342, -7.2515218 ], [ 109.5976728, -7.2513036 ], [ 109.5971954, -7.2512397 ], [ 109.5964444, -7.2513728 ], [ 109.5956987, -7.2517187 ], [ 109.5953876, -7.2519581 ] ] } },
{ "type": "Feature", "properties": { "waterway": "stream", "name": null }, "geometry": { "type": "LineString", "coordinates": [ [ 109.5713787, -7.2298465 ], [ 109.5717155, -7.2300913 ], [ 109.5717493, -7.230615 ], [ 109.5720621, -7.2308513 ], [ 109.5722171, -7.2317554 ], [ 109.5730228, -7.232294 ], [ 109.5731216, -7.2331263 ], [ 109.573518, -7.233063 ], [ 109.5746188, -7.2336973 ], [ 109.5747668, -7.2343013 ], [ 109.5746032, -7.2347356 ], [ 109.5751938, -7.2353614 ], [ 109.5752121, -7.2357473 ], [ 109.5756562, -7.236082 ], [ 109.5755886, -7.2364141 ], [ 109.5759261, -7.2369037 ], [ 109.5761889, -7.2370505 ], [ 109.5761235, -7.2373597 ], [ 109.575778, -7.2374986 ], [ 109.5757861, -7.2378334 ], [ 109.5759668, -7.2381841 ] ] } },
{ "type": "Feature", "properties": { "waterway": "stream", "name": null }, "geometry": { "type": "LineString", "coordinates": [ [ 109.5479983, -7.2446304 ], [ 109.5481431, -7.2446756 ], [ 109.5485026, -7.2446783 ], [ 109.5487574, -7.2446171 ], [ 109.5489827, -7.2444361 ], [ 109.5492911, -7.2443669 ], [ 109.5496345, -7.2444255 ], [ 109.5498437, -7.2445559 ], [ 109.5499778, -7.2448007 ], [ 109.5503077, -7.2449789 ], [ 109.5506939, -7.245096 ], [ 109.5509675, -7.24508 ], [ 109.551174, -7.2449497 ], [ 109.5513779, -7.2448565 ], [ 109.551622, -7.2448991 ], [ 109.5517802, -7.245112 ], [ 109.5520297, -7.2451199 ], [ 109.5521879, -7.2450561 ], [ 109.5525178, -7.2450401 ], [ 109.5526922, -7.2452078 ], [ 109.5528799, -7.2453754 ], [ 109.5530865, -7.2453993 ], [ 109.5532742, -7.2452477 ], [ 109.5533413, -7.2450188 ], [ 109.5534861, -7.244923 ], [ 109.5539716, -7.2448778 ], [ 109.5540923, -7.2447315 ], [ 109.5544168, -7.2445718 ], [ 109.5548728, -7.2444574 ], [ 109.5552832, -7.2444361 ], [ 109.5555997, -7.2443164 ], [ 109.5557928, -7.2440184 ], [ 109.5557445, -7.2436805 ], [ 109.5555997, -7.2434064 ], [ 109.5552966, -7.2430898 ], [ 109.5552456, -7.2427199 ], [ 109.555259, -7.2423447 ], [ 109.5554388, -7.2422756 ], [ 109.555715, -7.2423234 ], [ 109.5560369, -7.2423367 ], [ 109.5562112, -7.2421079 ], [ 109.5566511, -7.2420813 ], [ 109.5568308, -7.2419962 ], [ 109.5568415, -7.2416902 ], [ 109.5567369, -7.2414268 ], [ 109.5564848, -7.2412192 ], [ 109.5563266, -7.2410622 ], [ 109.5563775, -7.2409132 ], [ 109.5566994, -7.2409425 ], [ 109.5568469, -7.2411713 ], [ 109.5570481, -7.2414055 ], [ 109.5572975, -7.2414534 ], [ 109.5574906, -7.2413522 ], [ 109.5576891, -7.2412698 ], [ 109.5578957, -7.2414613 ], [ 109.5581746, -7.2415678 ], [ 109.5583892, -7.2413895 ], [ 109.5584697, -7.2412006 ], [ 109.5586628, -7.2409505 ], [ 109.5588961, -7.2407509 ], [ 109.5591751, -7.2406232 ], [ 109.5595238, -7.2406551 ], [ 109.5599234, -7.2407562 ], [ 109.5601219, -7.2405966 ], [ 109.5602319, -7.2403731 ], [ 109.5604303, -7.2402773 ], [ 109.5608032, -7.2403598 ], [ 109.5611304, -7.2405008 ], [ 109.5613611, -7.2405114 ], [ 109.5615301, -7.240687 ], [ 109.5616266, -7.2408627 ], [ 109.5618331, -7.2409318 ], [ 109.5621309, -7.2407376 ], [ 109.5623374, -7.2405593 ], [ 109.5626351, -7.2404529 ], [ 109.5628953, -7.2403704 ], [ 109.5632789, -7.2405088 ], [ 109.5637375, -7.2407376 ], [ 109.5640057, -7.2407216 ], [ 109.5641908, -7.2407163 ], [ 109.5643303, -7.2409106 ], [ 109.5644188, -7.2410941 ], [ 109.5647004, -7.2409185 ], [ 109.5649767, -7.240852 ], [ 109.5653673, -7.2409412 ], [ 109.5659177, -7.2407741 ], [ 109.5667808, -7.2410801 ], [ 109.5672089, -7.2408108 ], [ 109.5675608, -7.2404495 ], [ 109.5678752, -7.2400924 ], [ 109.56813, -7.2396805 ], [ 109.5681133, -7.2388599 ], [ 109.5682275, -7.2387659 ], [ 109.5685361, -7.238745 ], [ 109.5688578, -7.2387446 ], [ 109.5692619, -7.2389254 ], [ 109.5694023, -7.2388138 ], [ 109.5695424, -7.238654 ], [ 109.5700863, -7.2387553 ], [ 109.5707617, -7.238804 ], [ 109.5711324, -7.2384155 ], [ 109.5719703, -7.2386816 ], [ 109.5721592, -7.2386242 ], [ 109.5722906, -7.2384124 ], [ 109.5722413, -7.2381186 ], [ 109.5724719, -7.2378163 ], [ 109.5728582, -7.2379877 ], [ 109.5728828, -7.2385917 ], [ 109.5730309, -7.2387306 ], [ 109.5733023, -7.238812 ], [ 109.5736575, -7.2384315 ], [ 109.5747749, -7.2386896 ], [ 109.5756477, -7.2382112 ], [ 109.5759668, -7.2381841 ] ] } },
{ "type": "Feature", "properties": { "waterway": "stream", "name": null }, "geometry": { "type": "LineString", "coordinates": [ [ 109.5864682, -7.2599875 ], [ 109.5863416, -7.2612784 ], [ 109.5865015, -7.2621905 ], [ 109.5861389, -7.2629419 ], [ 109.5860573, -7.263986 ], [ 109.585744, -7.2646054 ], [ 109.5861067, -7.2648331 ], [ 109.586715, -7.2645564 ], [ 109.5876076, -7.2652769 ], [ 109.5882117, -7.2650289 ], [ 109.5885625, -7.265195 ], [ 109.5888278, -7.2658684 ], [ 109.5889049, -7.2660109 ], [ 109.5895671, -7.2659176 ], [ 109.5899847, -7.2661342 ], [ 109.5901088, -7.2665512 ], [ 109.5898737, -7.2669865 ], [ 109.5894777, -7.2673299 ], [ 109.5897899, -7.2676896 ], [ 109.5904872, -7.2675289 ], [ 109.5910623, -7.2677577 ], [ 109.5913531, -7.268375 ], [ 109.5917811, -7.268391 ], [ 109.5921153, -7.2682484 ], [ 109.5924656, -7.2684653 ], [ 109.5927575, -7.268508 ], [ 109.5929615, -7.2688803 ], [ 109.5929216, -7.2692913 ], [ 109.5941157, -7.269468 ], [ 109.5947385, -7.2693059 ] ] } },
{ "type": "Feature", "properties": { "waterway": "drain", "name": null }, "geometry": { "type": "LineString", "coordinates": [ [ 109.9105693, -7.2037467 ], [ 109.910346, -7.2039489 ], [ 109.9101113, -7.2041618 ], [ 109.9099798, -7.2043308 ], [ 109.9098618, -7.204557 ], [ 109.9097237, -7.2048603 ], [ 109.9096151, -7.2051863 ], [ 109.9095695, -7.2053287 ], [ 109.9094836, -7.2055496 ], [ 109.9094193, -7.2057318 ], [ 109.9094059, -7.2059301 ], [ 109.9093951, -7.2062388 ], [ 109.9093898, -7.2064703 ], [ 109.9093951, -7.2066286 ], [ 109.9094193, -7.2068388 ], [ 109.9094595, -7.2071116 ], [ 109.9094595, -7.2072287 ], [ 109.9094421, -7.2073271 ], [ 109.9094434, -7.2074216 ], [ 109.909481, -7.2075373 ], [ 109.9095306, -7.2076824 ], [ 109.909599, -7.2078221 ], [ 109.9097371, -7.2080376 ], [ 109.9101019, -7.2086443 ], [ 109.9101816, -7.2088361 ], [ 109.9103411, -7.2092202 ], [ 109.9104787, -7.2095517 ], [ 109.9105632, -7.2097872 ], [ 109.9105941, -7.2098604 ], [ 109.9107563, -7.2102729 ], [ 109.9108422, -7.2105256 ], [ 109.9111131, -7.2113133 ], [ 109.911384, -7.2120956 ], [ 109.9116066, -7.2127489 ], [ 109.9118426, -7.2135552 ], [ 109.9119861, -7.2140275 ], [ 109.9121122, -7.2144957 ], [ 109.9121363, -7.214585 ], [ 109.9121431, -7.214746 ], [ 109.912186, -7.2149575 ], [ 109.9122221, -7.2150846 ], [ 109.912257, -7.2151884 ], [ 109.9123456, -7.2152609 ] ] } },
{ "type": "Feature", "properties": { "waterway": "stream", "name": null }, "geometry": { "type": "LineString", "coordinates": [ [ 109.9122117, -7.2153041 ], [ 109.9121458, -7.2153008 ], [ 109.9120813, -7.2153071 ], [ 109.9119361, -7.2153417 ], [ 109.9117143, -7.2154096 ], [ 109.9115479, -7.2154635 ], [ 109.9115121, -7.215504 ], [ 109.9113978, -7.2156324 ], [ 109.9112875, -7.2157737 ], [ 109.9111252, -7.215966 ], [ 109.9110072, -7.2160997 ], [ 109.9108938, -7.2162374 ], [ 109.9107007, -7.2164643 ], [ 109.9106135, -7.216572 ], [ 109.9105176, -7.2166932 ], [ 109.9103151, -7.21692 ], [ 109.9102145, -7.2170211 ], [ 109.9100951, -7.2171369 ], [ 109.9099209, -7.2173365 ], [ 109.9098115, -7.217415 ], [ 109.9097103, -7.2175121 ], [ 109.9096439, -7.2176045 ], [ 109.9095212, -7.2177602 ], [ 109.9094447, -7.2178531 ], [ 109.9093703, -7.2179345 ], [ 109.9092547, -7.2180344 ], [ 109.9091295, -7.2181427 ], [ 109.90897, -7.2182252 ], [ 109.9086729, -7.2183502 ], [ 109.9085472, -7.2184085 ], [ 109.9084969, -7.2184334 ], [ 109.9084201, -7.2184573 ], [ 109.9083001, -7.218478 ], [ 109.9081419, -7.2185138 ], [ 109.9080507, -7.2185532 ], [ 109.9079916, -7.2186097 ], [ 109.9079112, -7.2186589 ], [ 109.9078274, -7.2186921 ], [ 109.9076852, -7.2187135 ], [ 109.9075645, -7.2186988 ], [ 109.907472, -7.2187068 ], [ 109.9073875, -7.2187587 ], [ 109.9072909, -7.2188665 ], [ 109.9072064, -7.2190062 ], [ 109.907146, -7.2191153 ], [ 109.9070898, -7.2192417 ], [ 109.9069798, -7.2193854 ], [ 109.9069423, -7.2194572 ], [ 109.9068806, -7.2195463 ], [ 109.9068148, -7.2196581 ], [ 109.906674, -7.2197499 ], [ 109.9065198, -7.219865 ], [ 109.9064132, -7.2199196 ], [ 109.9062918, -7.2200173 ], [ 109.9062094, -7.2200712 ], [ 109.9060357, -7.2201823 ], [ 109.9059176, -7.2202648 ], [ 109.9057755, -7.2203832 ], [ 109.9056534, -7.2204284 ], [ 109.9055341, -7.2204936 ], [ 109.9054027, -7.2205442 ], [ 109.9052793, -7.2206001 ], [ 109.9051452, -7.22064 ], [ 109.9050285, -7.2206906 ], [ 109.9048528, -7.2208196 ], [ 109.9047294, -7.2209101 ], [ 109.9046255, -7.220966 ], [ 109.9044437, -7.2211057 ], [ 109.9043512, -7.2211722 ], [ 109.9042808, -7.2212034 ], [ 109.9042151, -7.2211742 ], [ 109.9041125, -7.2211589 ], [ 109.904026, -7.2211961 ], [ 109.9039489, -7.2212254 ], [ 109.9038617, -7.2212693 ], [ 109.9037873, -7.2213012 ], [ 109.9037075, -7.2212912 ], [ 109.9036559, -7.2212447 ], [ 109.9034902, -7.2212547 ], [ 109.90334, -7.221242 ], [ 109.9032649, -7.2213039 ], [ 109.9031851, -7.2213072 ], [ 109.9031094, -7.2212314 ], [ 109.902982, -7.2212221 ], [ 109.9028385, -7.2212201 ], [ 109.9027486, -7.221264 ], [ 109.9026521, -7.2212879 ], [ 109.9025595, -7.2212946 ], [ 109.902463, -7.2213438 ], [ 109.9023838, -7.2213451 ], [ 109.9022229, -7.2213238 ], [ 109.9021572, -7.2213611 ], [ 109.9021786, -7.2215141 ], [ 109.9021022, -7.2216259 ], [ 109.9020137, -7.2216365 ], [ 109.9017012, -7.2216911 ], [ 109.9016382, -7.221735 ], [ 109.9016288, -7.2218693 ], [ 109.9014772, -7.2220623 ], [ 109.9011607, -7.2222179 ], [ 109.9010441, -7.2222844 ], [ 109.9008543, -7.2222798 ], [ 109.9006907, -7.2222938 ], [ 109.9006002, -7.2223456 ], [ 109.9004258, -7.222504 ], [ 109.9003266, -7.2225785 ], [ 109.9001288, -7.2227894 ], [ 109.8999584, -7.2228047 ], [ 109.8998002, -7.2228645 ], [ 109.8997398, -7.2229051 ], [ 109.8996775, -7.2230202 ], [ 109.899601, -7.223088 ], [ 109.8995045, -7.223116 ], [ 109.8994361, -7.2231772 ], [ 109.8994133, -7.2232144 ], [ 109.899365, -7.2232184 ], [ 109.8993114, -7.2231586 ], [ 109.8991089, -7.2230215 ], [ 109.8989774, -7.2230109 ], [ 109.8988768, -7.2229497 ], [ 109.8987696, -7.2228446 ], [ 109.8986958, -7.2228153 ], [ 109.8985496, -7.2228113 ], [ 109.8983511, -7.2228086 ], [ 109.8982063, -7.2228512 ], [ 109.8981285, -7.2228965 ], [ 109.8981366, -7.2230282 ], [ 109.8981057, -7.2231226 ], [ 109.8980454, -7.2231532 ], [ 109.897926, -7.2232158 ], [ 109.8978006, -7.2233422 ], [ 109.8977007, -7.2234413 ], [ 109.8976175, -7.2234486 ], [ 109.8973748, -7.2234659 ], [ 109.8970288, -7.2235524 ], [ 109.8967418, -7.2236109 ], [ 109.896428, -7.2236841 ], [ 109.8963167, -7.2236774 ], [ 109.8961678, -7.2236216 ], [ 109.8959988, -7.2236375 ], [ 109.8958755, -7.2236921 ], [ 109.8957132, -7.2237746 ], [ 109.8954959, -7.223857 ], [ 109.8953243, -7.2238504 ], [ 109.8950359, -7.2237972 ], [ 109.894879, -7.2237692 ], [ 109.8946068, -7.2237652 ], [ 109.8944606, -7.2237706 ], [ 109.8941414, -7.2237852 ], [ 109.8938276, -7.2238704 ], [ 109.8936734, -7.2239076 ], [ 109.8934722, -7.2239395 ], [ 109.8933823, -7.2239661 ], [ 109.893326, -7.2239182 ], [ 109.8932482, -7.2238078 ], [ 109.8931463, -7.2236894 ], [ 109.8929183, -7.2236588 ], [ 109.8926994, -7.2237094 ], [ 109.8926266, -7.2237173 ], [ 109.8923557, -7.2236036 ], [ 109.8920909, -7.2234925 ], [ 109.891893, -7.2234812 ], [ 109.8916697, -7.2235258 ], [ 109.8915792, -7.2235298 ], [ 109.891421, -7.2235337 ], [ 109.8913298, -7.2234725 ], [ 109.8911286, -7.2234765 ], [ 109.8910401, -7.2235045 ], [ 109.8909516, -7.2235663 ], [ 109.8908235, -7.2235757 ], [ 109.8906156, -7.2235344 ], [ 109.890556, -7.2234825 ], [ 109.8904493, -7.2234692 ], [ 109.8903119, -7.2235258 ], [ 109.8900598, -7.2235796 ], [ 109.8898599, -7.2235637 ], [ 109.8897091, -7.2235085 ], [ 109.8895555, -7.2234898 ], [ 109.8893885, -7.2234752 ], [ 109.8892698, -7.2234878 ], [ 109.8890298, -7.2235397 ], [ 109.888891, -7.2235783 ], [ 109.888838, -7.2236628 ], [ 109.8888293, -7.2237579 ], [ 109.8887381, -7.2238371 ], [ 109.8887428, -7.2239229 ], [ 109.8885966, -7.2240187 ], [ 109.8884146, -7.2241225 ], [ 109.8883971, -7.2241504 ], [ 109.8882647, -7.2243067 ], [ 109.8880126, -7.224477 ], [ 109.8878463, -7.2245728 ], [ 109.8874667, -7.2246859 ], [ 109.8871838, -7.2248416 ], [ 109.8870175, -7.2250478 ], [ 109.8869102, -7.2251143 ], [ 109.8867466, -7.2251582 ], [ 109.8865695, -7.2251729 ], [ 109.8863503, -7.2252008 ], [ 109.8860043, -7.2251602 ], [ 109.8856857, -7.2251389 ], [ 109.8853578, -7.2252061 ], [ 109.884989, -7.2252361 ], [ 109.8846665, -7.2253378 ], [ 109.8843071, -7.2254815 ], [ 109.8840975, -7.2255321 ], [ 109.8839728, -7.2255101 ], [ 109.8837908, -7.22557 ], [ 109.8836127, -7.2256036 ], [ 109.8833348, -7.2255068 ], [ 109.8832362, -7.2253964 ], [ 109.8831578, -7.225276 ] ] } },
{ "type": "Feature", "properties": { "waterway": "stream", "name": null }, "geometry": { "type": "LineString", "coordinates": [ [ 109.8590246, -7.2208728 ], [ 109.8589817, -7.2208588 ], [ 109.8589602, -7.2209167 ], [ 109.8589495, -7.2209806 ], [ 109.8589133, -7.2210564 ], [ 109.8589052, -7.2211003 ], [ 109.8588717, -7.2211296 ], [ 109.8588194, -7.2211442 ], [ 109.8587899, -7.2212081 ], [ 109.8588006, -7.2212893 ], [ 109.858814, -7.2213638 ], [ 109.858806, -7.2214329 ], [ 109.858759, -7.2214675 ], [ 109.8586947, -7.2215114 ], [ 109.8586625, -7.2215593 ], [ 109.8586169, -7.2215913 ], [ 109.8585646, -7.2215913 ], [ 109.8584935, -7.221582 ], [ 109.8584452, -7.2216299 ], [ 109.858413, -7.221695 ], [ 109.8584023, -7.2217762 ], [ 109.8584197, -7.2218906 ], [ 109.8584399, -7.2219665 ], [ 109.8584801, -7.2220383 ], [ 109.8584908, -7.2221328 ], [ 109.8585069, -7.2222299 ], [ 109.8584814, -7.2222565 ], [ 109.858409, -7.2222538 ], [ 109.8583406, -7.2222472 ], [ 109.8582561, -7.2222405 ], [ 109.8582038, -7.2222525 ], [ 109.8581421, -7.2222951 ], [ 109.8581019, -7.2223417 ], [ 109.8580885, -7.2223962 ], [ 109.8580536, -7.2224507 ], [ 109.8579879, -7.222492 ], [ 109.8579115, -7.2225958 ], [ 109.8578753, -7.2226809 ], [ 109.8578323, -7.2227328 ], [ 109.8577961, -7.2227607 ], [ 109.8577452, -7.2227301 ], [ 109.8576969, -7.2227089 ], [ 109.8576339, -7.2227089 ], [ 109.857548, -7.2227368 ], [ 109.8574716, -7.2227807 ], [ 109.8573844, -7.2228313 ], [ 109.8572919, -7.2228446 ], [ 109.8571859, -7.2228672 ], [ 109.8571014, -7.2228738 ], [ 109.8570143, -7.2228871 ], [ 109.8569767, -7.222951 ], [ 109.8569365, -7.2230215 ], [ 109.8569016, -7.2230907 ], [ 109.8568574, -7.2231293 ], [ 109.8568091, -7.2230947 ], [ 109.8567393, -7.2230548 ], [ 109.856679, -7.2230308 ], [ 109.8565985, -7.2230335 ], [ 109.8565328, -7.2230455 ], [ 109.8564872, -7.2230947 ], [ 109.856451, -7.2231652 ], [ 109.8563907, -7.2232025 ], [ 109.8563035, -7.2232251 ], [ 109.8562257, -7.223277 ], [ 109.8561506, -7.2233661 ], [ 109.8561184, -7.2234619 ], [ 109.856101, -7.2235737 ], [ 109.8560849, -7.2236442 ], [ 109.8560138, -7.2236482 ], [ 109.8559293, -7.2236442 ], [ 109.8558904, -7.2236149 ], [ 109.855881, -7.2235218 ], [ 109.8558529, -7.2234153 ], [ 109.8557711, -7.2233621 ], [ 109.8556879, -7.2233555 ], [ 109.8556477, -7.223438 ], [ 109.8556034, -7.2235164 ], [ 109.8555525, -7.2235524 ], [ 109.855476, -7.2235657 ], [ 109.8554103, -7.2235604 ], [ 109.855358, -7.2235949 ], [ 109.8553687, -7.2236655 ], [ 109.8553929, -7.2237333 ], [ 109.8554733, -7.2238624 ], [ 109.8555337, -7.2239196 ], [ 109.855531, -7.2239595 ], [ 109.8554935, -7.2239981 ], [ 109.8554505, -7.2239967 ], [ 109.8553808, -7.2239369 ], [ 109.8553044, -7.2238757 ], [ 109.8552239, -7.2238491 ], [ 109.8551528, -7.2238544 ], [ 109.8550871, -7.2238943 ], [ 109.8550187, -7.2239475 ], [ 109.8549637, -7.2239954 ], [ 109.8549061, -7.2240101 ], [ 109.8548296, -7.2239914 ], [ 109.8547599, -7.2239302 ], [ 109.8547585, -7.2238544 ], [ 109.8547143, -7.2238145 ], [ 109.854674, -7.2237839 ], [ 109.8545815, -7.2237865 ], [ 109.8545748, -7.2238504 ], [ 109.8545855, -7.2239129 ], [ 109.85456, -7.2239595 ], [ 109.8545305, -7.2240234 ], [ 109.8544916, -7.2240806 ], [ 109.8544541, -7.2241391 ], [ 109.8543911, -7.2241843 ], [ 109.8543052, -7.224199 ], [ 109.8541456, -7.224175 ], [ 109.8540491, -7.2241364 ], [ 109.8539311, -7.2241058 ], [ 109.8538184, -7.2240606 ], [ 109.8537138, -7.224054 ], [ 109.8536132, -7.2240633 ], [ 109.8535261, -7.2240899 ], [ 109.8534657, -7.2241325 ], [ 109.853408, -7.2241923 ], [ 109.8533611, -7.2242908 ], [ 109.8532887, -7.2244158 ], [ 109.8532109, -7.2244957 ], [ 109.8531398, -7.2245715 ], [ 109.8531063, -7.2246567 ], [ 109.8530661, -7.2247884 ], [ 109.852999, -7.2248921 ], [ 109.8529132, -7.2250225 ], [ 109.8527965, -7.2252447 ], [ 109.8527549, -7.2253671 ], [ 109.8527187, -7.2254483 ], [ 109.8526745, -7.2255121 ], [ 109.8526047, -7.2255467 ], [ 109.8525001, -7.2255667 ], [ 109.8523083, -7.2255707 ], [ 109.8520964, -7.2255853 ], [ 109.8519556, -7.225588 ], [ 109.8518242, -7.2256172 ], [ 109.8517518, -7.2256239 ], [ 109.8515989, -7.225576 ], [ 109.8514527, -7.2255068 ], [ 109.8512971, -7.2254163 ] ] } },
{ "type": "Feature", "properties": { "waterway": "stream", "name": null }, "geometry": { "type": "LineString", "coordinates": [ [ 109.859152, -7.2209127 ], [ 109.8590246, -7.2208728 ] ] } },
{ "type": "Feature", "properties": { "waterway": "stream", "name": null }, "geometry": { "type": "LineString", "coordinates": [ [ 109.8631901, -7.2222917 ], [ 109.8631029, -7.2223377 ], [ 109.8630117, -7.2223736 ], [ 109.8629366, -7.2224361 ], [ 109.8629111, -7.2225425 ], [ 109.8628789, -7.222617 ], [ 109.8627622, -7.2226862 ], [ 109.8626536, -7.2226756 ], [ 109.8625074, -7.2226796 ], [ 109.8623921, -7.2226623 ], [ 109.8622915, -7.2226423 ], [ 109.8622338, -7.2226064 ], [ 109.8621909, -7.2225146 ], [ 109.8621896, -7.2223869 ], [ 109.8621748, -7.2223537 ], [ 109.8620582, -7.2222977 ], [ 109.8619603, -7.2222751 ], [ 109.8618919, -7.2222153 ], [ 109.8618436, -7.22217 ], [ 109.8617578, -7.2221674 ], [ 109.8616827, -7.2221501 ], [ 109.8615499, -7.2221288 ], [ 109.8614587, -7.2221793 ], [ 109.8613527, -7.222202 ], [ 109.8612455, -7.222166 ], [ 109.8611073, -7.2221208 ], [ 109.8609759, -7.2220849 ], [ 109.8608753, -7.2220343 ], [ 109.8607184, -7.2219026 ], [ 109.8606366, -7.2218134 ], [ 109.8606379, -7.2216246 ], [ 109.8606045, -7.2214849 ], [ 109.8605293, -7.2213691 ], [ 109.860418, -7.2212906 ], [ 109.8603147, -7.2212746 ], [ 109.8602208, -7.2213411 ], [ 109.8601283, -7.2214343 ], [ 109.8600653, -7.2214582 ], [ 109.8599392, -7.2213106 ], [ 109.8598453, -7.2211722 ], [ 109.8597689, -7.221091 ], [ 109.8596938, -7.2209899 ], [ 109.8595852, -7.2209367 ], [ 109.8594859, -7.2208941 ], [ 109.8594403, -7.2208808 ], [ 109.8593921, -7.2208575 ], [ 109.8593277, -7.2208475 ], [ 109.8591969, -7.2208781 ], [ 109.859152, -7.2209127 ] ] } },
{ "type": "Feature", "properties": { "waterway": "stream", "name": null }, "geometry": { "type": "LineString", "coordinates": [ [ 109.8633047, -7.2222226 ], [ 109.8631901, -7.2222917 ] ] } },
{ "type": "Feature", "properties": { "waterway": "stream", "name": null }, "geometry": { "type": "LineString", "coordinates": [ [ 109.8801671, -7.2125055 ], [ 109.880147, -7.2125653 ], [ 109.880096, -7.2125973 ], [ 109.8800625, -7.2126292 ], [ 109.8800357, -7.2126771 ], [ 109.8800222, -7.2127569 ], [ 109.879978, -7.2128075 ], [ 109.8799767, -7.2128687 ], [ 109.8799364, -7.2129911 ], [ 109.8799136, -7.2130909 ], [ 109.8799056, -7.213184 ], [ 109.879864, -7.2132332 ], [ 109.879813, -7.2133051 ], [ 109.8797849, -7.2133902 ], [ 109.8797674, -7.2135299 ], [ 109.8797634, -7.2136204 ], [ 109.8797567, -7.2137854 ], [ 109.8797285, -7.2139038 ], [ 109.8796883, -7.2140116 ], [ 109.8796494, -7.2141326 ], [ 109.8796092, -7.2142111 ], [ 109.8795649, -7.2143335 ], [ 109.8795341, -7.2144919 ], [ 109.8794979, -7.2146462 ], [ 109.879455, -7.2148085 ], [ 109.8794335, -7.2148697 ], [ 109.8794013, -7.2149695 ], [ 109.8793651, -7.2150493 ], [ 109.8792967, -7.2151305 ], [ 109.8792645, -7.2152024 ], [ 109.8792565, -7.2152862 ], [ 109.8792337, -7.215358 ], [ 109.8791599, -7.2154046 ], [ 109.8790714, -7.2154951 ], [ 109.8790432, -7.2155669 ], [ 109.8789708, -7.2156893 ], [ 109.8788796, -7.2158357 ], [ 109.8788153, -7.2159554 ], [ 109.8787536, -7.2160858 ], [ 109.8786932, -7.216151 ], [ 109.8786651, -7.2162015 ], [ 109.8785578, -7.2162907 ], [ 109.8785376, -7.2163173 ], [ 109.8785148, -7.2163865 ], [ 109.87848, -7.2164597 ], [ 109.8784397, -7.2165435 ], [ 109.8784089, -7.2166193 ], [ 109.8783164, -7.2167204 ], [ 109.8782681, -7.216767 ], [ 109.8781635, -7.2168628 ], [ 109.8780978, -7.216924 ], [ 109.8780146, -7.2169746 ], [ 109.8778966, -7.2170318 ], [ 109.8777558, -7.2170757 ], [ 109.8776753, -7.2171129 ], [ 109.8776203, -7.2171794 ], [ 109.8775881, -7.2172353 ], [ 109.8775345, -7.2173231 ], [ 109.8774701, -7.217383 ], [ 109.8773374, -7.2174482 ], [ 109.8771885, -7.2174961 ], [ 109.877104, -7.217524 ], [ 109.8770007, -7.21754 ], [ 109.8769551, -7.2175839 ], [ 109.8768787, -7.2176651 ], [ 109.8767848, -7.2177263 ], [ 109.8767365, -7.2177968 ], [ 109.8766628, -7.2179032 ], [ 109.8765796, -7.2179764 ], [ 109.8764992, -7.2180203 ], [ 109.8764026, -7.2180483 ], [ 109.876302, -7.2180549 ], [ 109.8761719, -7.2180602 ], [ 109.8760901, -7.2180722 ], [ 109.8759775, -7.2181161 ], [ 109.8758635, -7.218172 ], [ 109.8757763, -7.2182412 ], [ 109.8756798, -7.2182957 ], [ 109.875606, -7.2183343 ], [ 109.8755054, -7.2183516 ], [ 109.8754075, -7.2183556 ], [ 109.8753083, -7.2183649 ], [ 109.8752385, -7.2183636 ], [ 109.8751111, -7.2183489 ], [ 109.8750186, -7.2183543 ], [ 109.8749851, -7.2183982 ], [ 109.8749126, -7.2184501 ], [ 109.8748375, -7.2184501 ], [ 109.874741, -7.2184115 ], [ 109.874627, -7.2183649 ], [ 109.8745613, -7.2183157 ], [ 109.8744982, -7.2182837 ], [ 109.8744674, -7.2182817 ], [ 109.8744151, -7.2182784 ], [ 109.8743024, -7.2182944 ], [ 109.8742475, -7.2183423 ], [ 109.8741616, -7.2184061 ], [ 109.8741026, -7.2184447 ], [ 109.8740315, -7.2184514 ], [ 109.8739202, -7.2184567 ], [ 109.8738277, -7.2184727 ], [ 109.8737539, -7.2185179 ], [ 109.8736855, -7.2185844 ], [ 109.8736346, -7.2186696 ], [ 109.8735957, -7.2187255 ], [ 109.8735192, -7.2187547 ], [ 109.8734012, -7.2187707 ], [ 109.8733248, -7.2188173 ], [ 109.873251, -7.2188332 ], [ 109.8731759, -7.2188811 ], [ 109.8730901, -7.2188638 ], [ 109.8729935, -7.2188425 ], [ 109.87296, -7.2188146 ], [ 109.8729459, -7.218772 ], [ 109.8728514, -7.218768 ], [ 109.8726811, -7.2187454 ], [ 109.8725416, -7.2187374 ], [ 109.872429, -7.2186949 ], [ 109.8723109, -7.218643 ], [ 109.8722546, -7.2185977 ], [ 109.8721876, -7.2186111 ], [ 109.8721044, -7.2186084 ], [ 109.8720688, -7.2185265 ], [ 109.8720313, -7.218452 ], [ 109.8719803, -7.2183642 ], [ 109.8719287, -7.2182864 ], [ 109.871926, -7.2181959 ], [ 109.8719274, -7.2181334 ], [ 109.871855, -7.2180536 ], [ 109.8717812, -7.2179924 ], [ 109.871737, -7.2179032 ], [ 109.8716886, -7.217854 ], [ 109.8716028, -7.21783 ], [ 109.8715069, -7.2177362 ], [ 109.8714453, -7.2176743 ], [ 109.8714151, -7.21754 ], [ 109.8713869, -7.2174648 ], [ 109.8713466, -7.2174235 ], [ 109.8712903, -7.2174283 ], [ 109.8712239, -7.2174203 ], [ 109.8711569, -7.217403 ], [ 109.8710643, -7.2174103 ], [ 109.8710121, -7.2174529 ], [ 109.8709624, -7.2174954 ], [ 109.8709021, -7.2175201 ], [ 109.8708162, -7.2175227 ], [ 109.8707211, -7.217532 ], [ 109.8706137, -7.2175187 ], [ 109.8705064, -7.217504 ], [ 109.8703945, -7.217512 ], [ 109.8702745, -7.2175193 ], [ 109.8701638, -7.2175001 ], [ 109.8700552, -7.2174788 ], [ 109.869964, -7.2174482 ], [ 109.8698406, -7.2174183 ], [ 109.8697595, -7.217367 ], [ 109.8696931, -7.2172985 ], [ 109.8696589, -7.2172439 ], [ 109.869616, -7.2171821 ], [ 109.8695657, -7.2171382 ], [ 109.869522, -7.2171329 ], [ 109.8694229, -7.2171342 ], [ 109.8693403, -7.2171395 ], [ 109.8692693, -7.2171534 ], [ 109.869215, -7.217184 ], [ 109.8691593, -7.2172266 ], [ 109.8690916, -7.2172579 ], [ 109.8689259, -7.2173184 ], [ 109.8688174, -7.2173125 ], [ 109.8687329, -7.2172958 ], [ 109.8686745, -7.2172526 ], [ 109.8686008, -7.2172041 ], [ 109.8685511, -7.2172094 ], [ 109.8685009, -7.2172685 ], [ 109.8684384, -7.2173351 ], [ 109.8683855, -7.2173784 ], [ 109.868313, -7.2174136 ], [ 109.8682192, -7.2174149 ], [ 109.8681267, -7.2174249 ], [ 109.8680837, -7.2174202 ], [ 109.8680341, -7.2174376 ], [ 109.8679966, -7.2174934 ], [ 109.8679684, -7.2175626 ], [ 109.8678879, -7.2175706 ], [ 109.8678155, -7.2175773 ], [ 109.8677404, -7.2175773 ], [ 109.8676894, -7.2176111 ], [ 109.8676251, -7.2176498 ], [ 109.8675795, -7.2177049 ], [ 109.8675144, -7.2177895 ], [ 109.8674615, -7.2178301 ], [ 109.8674172, -7.2179139 ], [ 109.8673957, -7.2179804 ], [ 109.8674011, -7.2180363 ], [ 109.8674212, -7.2181148 ], [ 109.8674293, -7.2181707 ], [ 109.8674118, -7.2182305 ], [ 109.8673944, -7.2182944 ], [ 109.8673488, -7.2183436 ], [ 109.8673233, -7.2184061 ], [ 109.8673206, -7.218462 ], [ 109.8673528, -7.2185419 ], [ 109.8673394, -7.2185818 ], [ 109.8673046, -7.2186363 ], [ 109.8673153, -7.2187108 ], [ 109.867326, -7.2187946 ], [ 109.8673515, -7.2188984 ], [ 109.8673314, -7.2189596 ], [ 109.8672925, -7.2190102 ], [ 109.8672281, -7.2190967 ], [ 109.8671517, -7.2191259 ], [ 109.8670457, -7.2191738 ], [ 109.8669934, -7.2192164 ], [ 109.86698, -7.2192723 ], [ 109.8669693, -7.2193628 ], [ 109.8669223, -7.2194519 ], [ 109.8668741, -7.2195331 ], [ 109.8668365, -7.2196209 ], [ 109.8667453, -7.2197353 ], [ 109.8666957, -7.2197992 ], [ 109.8666541, -7.2198816 ], [ 109.8666407, -7.2199335 ], [ 109.8666206, -7.2200054 ], [ 109.8666353, -7.2200772 ], [ 109.8666233, -7.2201531 ], [ 109.8665723, -7.220181 ], [ 109.8665388, -7.2202209 ], [ 109.8665428, -7.2203446 ], [ 109.8665187, -7.2203952 ], [ 109.8664462, -7.2204285 ], [ 109.8663577, -7.2204471 ], [ 109.8662504, -7.2204484 ], [ 109.8661606, -7.2204484 ], [ 109.8659849, -7.2204005 ], [ 109.8659098, -7.22033 ], [ 109.8658723, -7.2202808 ], [ 109.8658696, -7.2202489 ], [ 109.8658991, -7.2202023 ], [ 109.8658615, -7.2201464 ], [ 109.8658119, -7.2200945 ], [ 109.8657127, -7.220024 ], [ 109.8656416, -7.2199947 ], [ 109.8655772, -7.2199934 ], [ 109.865537, -7.2200213 ], [ 109.8655343, -7.2200786 ], [ 109.8655397, -7.2201464 ], [ 109.8655169, -7.2201877 ], [ 109.8654619, -7.2202036 ], [ 109.865368, -7.2202063 ], [ 109.8652875, -7.2202063 ], [ 109.8652513, -7.2202076 ], [ 109.8651762, -7.2202515 ], [ 109.8651279, -7.220326 ], [ 109.8650984, -7.2204045 ], [ 109.8650944, -7.220491 ], [ 109.8651226, -7.2205722 ], [ 109.8651615, -7.220636 ], [ 109.865203, -7.2207238 ], [ 109.8651923, -7.2207757 ], [ 109.8650354, -7.2208103 ], [ 109.8649697, -7.2208196 ], [ 109.8648265, -7.2208209 ], [ 109.8646331, -7.220806 ], [ 109.8644803, -7.2208773 ], [ 109.8644292, -7.2209533 ], [ 109.8644125, -7.2210372 ], [ 109.8643501, -7.2211948 ], [ 109.8642911, -7.2213545 ], [ 109.8642898, -7.2214835 ], [ 109.8642569, -7.221554 ], [ 109.8642569, -7.2215999 ], [ 109.8642702, -7.2217297 ], [ 109.8642837, -7.2218029 ], [ 109.864273, -7.221926 ], [ 109.8642293, -7.2219751 ], [ 109.8641891, -7.2219964 ], [ 109.8640919, -7.222015 ], [ 109.863996, -7.2220064 ], [ 109.8639169, -7.2220364 ], [ 109.8638505, -7.2220843 ], [ 109.8638103, -7.2221561 ], [ 109.8637627, -7.222198 ], [ 109.8637171, -7.2222353 ], [ 109.8636085, -7.2222319 ], [ 109.8635173, -7.2222173 ], [ 109.8634529, -7.2222472 ], [ 109.8633523, -7.2222166 ], [ 109.8633047, -7.2222226 ] ] } },
{ "type": "Feature", "properties": { "waterway": "stream", "name": null }, "geometry": { "type": "LineString", "coordinates": [ [ 109.8512971, -7.2254163 ], [ 109.8511228, -7.225443 ], [ 109.850978, -7.2254722 ], [ 109.8507231, -7.2255201 ], [ 109.8502913, -7.225592 ], [ 109.8501384, -7.2256691 ], [ 109.8500231, -7.2258368 ], [ 109.849897, -7.2260576 ], [ 109.8497763, -7.2262678 ], [ 109.8496744, -7.2263157 ], [ 109.8495644, -7.2265193 ], [ 109.849543, -7.2266922 ], [ 109.8495779, -7.2269517 ], [ 109.8495912, -7.2271087 ], [ 109.8495457, -7.2273828 ], [ 109.8494759, -7.2277101 ], [ 109.8494759, -7.2279415 ], [ 109.8493887, -7.2282795 ], [ 109.8492426, -7.2286733 ], [ 109.8491487, -7.2288356 ], [ 109.8488778, -7.2289367 ], [ 109.8488, -7.2293891 ], [ 109.8487866, -7.2297882 ], [ 109.8484969, -7.2303842 ], [ 109.848218, -7.2306237 ], [ 109.8480785, -7.2306743 ], [ 109.8479256, -7.2308858 ], [ 109.8479028, -7.2309962 ], [ 109.8478559, -7.2312171 ], [ 109.847888, -7.2314965 ], [ 109.8479363, -7.2316721 ], [ 109.8479108, -7.2318477 ], [ 109.8475876, -7.2321511 ], [ 109.8475099, -7.2323054 ], [ 109.8474938, -7.232497 ], [ 109.847534, -7.2326167 ], [ 109.8476735, -7.2328003 ], [ 109.8477191, -7.2330557 ], [ 109.8475072, -7.2332899 ], [ 109.8473757, -7.2334096 ], [ 109.8473275, -7.2337529 ], [ 109.8475018, -7.2339871 ], [ 109.8475313, -7.2342425 ], [ 109.8475903, -7.234466 ], [ 109.8473436, -7.2346948 ], [ 109.8470646, -7.2348013 ], [ 109.8467213, -7.2347693 ], [ 109.8464759, -7.2346935 ], [ 109.8460481, -7.2347667 ], [ 109.8457262, -7.2348492 ], [ 109.8454097, -7.2351871 ], [ 109.8452541, -7.2354691 ], [ 109.8450664, -7.2356794 ], [ 109.8449725, -7.2358204 ], [ 109.8446721, -7.2359135 ], [ 109.8444977, -7.2359108 ], [ 109.8442054, -7.2358284 ], [ 109.8440418, -7.235823 ], [ 109.8439318, -7.2359162 ], [ 109.843803, -7.2363845 ], [ 109.843618, -7.2367064 ], [ 109.8432076, -7.2372493 ], [ 109.8427275, -7.2374807 ], [ 109.8424539, -7.2376085 ], [ 109.8420194, -7.2377335 ], [ 109.8419389, -7.2377974 ], [ 109.8418558, -7.2380076 ], [ 109.8414963, -7.2383029 ], [ 109.8412523, -7.2384386 ], [ 109.8411316, -7.2384786 ], [ 109.8408848, -7.2384253 ], [ 109.8406219, -7.2383588 ], [ 109.8405066, -7.2383588 ], [ 109.8404235, -7.2385238 ], [ 109.8403242, -7.2386861 ], [ 109.8400748, -7.2389016 ], [ 109.840005, -7.2390586 ], [ 109.8400506, -7.2392928 ], [ 109.8400292, -7.2394577 ], [ 109.8399809, -7.2395482 ], [ 109.8398977, -7.2395509 ], [ 109.8397127, -7.239487 ], [ 109.8395196, -7.239495 ], [ 109.8391548, -7.2395376 ], [ 109.8389965, -7.2396254 ], [ 109.8388275, -7.239652 ], [ 109.8384654, -7.2396573 ], [ 109.8382455, -7.2396067 ], [ 109.8380138, -7.2395207 ] ] } },
{ "type": "Feature", "properties": { "waterway": "stream", "name": null }, "geometry": { "type": "LineString", "coordinates": [ [ 109.8592043, -7.2008036 ], [ 109.8591621, -7.2008129 ], [ 109.8590715, -7.2008329 ], [ 109.8589388, -7.2008967 ], [ 109.8589146, -7.2009579 ], [ 109.8589253, -7.2010817 ], [ 109.8589696, -7.2011562 ], [ 109.8590447, -7.2012506 ], [ 109.8590407, -7.2013132 ], [ 109.8589911, -7.2013917 ], [ 109.8588864, -7.2014822 ], [ 109.8588328, -7.2015474 ], [ 109.858802, -7.2016471 ], [ 109.8587953, -7.2017935 ], [ 109.8587966, -7.2019146 ], [ 109.8588127, -7.2019811 ], [ 109.8588556, -7.2020729 ], [ 109.8588328, -7.2021594 ], [ 109.858798, -7.202205 ], [ 109.8587416, -7.2022791 ], [ 109.8587215, -7.2023763 ], [ 109.8586518, -7.202496 ], [ 109.8585539, -7.2025892 ], [ 109.858464, -7.2026756 ], [ 109.8584318, -7.2027688 ], [ 109.8584292, -7.2028792 ], [ 109.8584546, -7.2029963 ], [ 109.8584573, -7.2031307 ], [ 109.8583876, -7.2032105 ], [ 109.8582977, -7.2033502 ], [ 109.8582427, -7.2034207 ], [ 109.8581516, -7.203486 ], [ 109.8580764, -7.2035472 ], [ 109.8579986, -7.2036416 ], [ 109.8579517, -7.203756 ], [ 109.857878, -7.2038944 ], [ 109.8577989, -7.2039929 ], [ 109.8576701, -7.204078 ], [ 109.8575842, -7.2041166 ], [ 109.8575159, -7.2041765 ], [ 109.8574877, -7.2042536 ], [ 109.8575628, -7.2042869 ], [ 109.8576674, -7.2043468 ], [ 109.8577854, -7.2044093 ], [ 109.8578618, -7.2044918 ], [ 109.8579021, -7.2046169 ], [ 109.8579218, -7.2047106 ], [ 109.8579329, -7.2047632 ], [ 109.8579369, -7.2049934 ], [ 109.8579155, -7.2051278 ], [ 109.8578525, -7.2052502 ], [ 109.8577572, -7.205354 ], [ 109.8575923, -7.2054617 ], [ 109.8574904, -7.2055655 ], [ 109.8574407, -7.2056467 ], [ 109.8574394, -7.2057984 ], [ 109.8574877, -7.2058955 ], [ 109.8576365, -7.2059873 ], [ 109.8578256, -7.2060552 ], [ 109.8579893, -7.2060951 ], [ 109.8580778, -7.206127 ], [ 109.8580955, -7.2061551 ], [ 109.8581609, -7.2062361 ], [ 109.8581864, -7.2063838 ], [ 109.85812, -7.2065375 ], [ 109.8580328, -7.2066426 ], [ 109.8579275, -7.2067171 ], [ 109.8578987, -7.2068082 ], [ 109.8578646, -7.2068907 ], [ 109.8578571, -7.2069698 ], [ 109.8578471, -7.2070757 ], [ 109.8579866, -7.2071661 ], [ 109.8580335, -7.2072513 ], [ 109.8580496, -7.207371 ], [ 109.8580107, -7.2074974 ], [ 109.8579557, -7.2076624 ], [ 109.8579624, -7.2077861 ], [ 109.8580295, -7.2079046 ], [ 109.858126, -7.2079658 ], [ 109.8582132, -7.2080123 ], [ 109.8582441, -7.2081707 ], [ 109.8582642, -7.2082731 ], [ 109.8583446, -7.2083356 ], [ 109.8584479, -7.2083157 ], [ 109.8585847, -7.2083303 ], [ 109.8587067, -7.2083822 ], [ 109.8587725, -7.208494 ], [ 109.8587751, -7.2086443 ], [ 109.8587564, -7.2087295 ], [ 109.8586826, -7.2087893 ], [ 109.8585257, -7.2088652 ], [ 109.8583795, -7.2088971 ], [ 109.8582266, -7.2089397 ], [ 109.8581099, -7.2091033 ], [ 109.8580898, -7.2092763 ], [ 109.8581006, -7.2094612 ], [ 109.8581448, -7.2095956 ], [ 109.8582199, -7.2096768 ], [ 109.85824, -7.2097247 ], [ 109.8582602, -7.2097726 ], [ 109.8582159, -7.2099642 ], [ 109.8580979, -7.2101518 ], [ 109.8580255, -7.2102941 ], [ 109.8579477, -7.210374 ], [ 109.8578243, -7.2104072 ], [ 109.8576285, -7.2104911 ], [ 109.857536, -7.2105908 ], [ 109.8575601, -7.2107598 ], [ 109.8576727, -7.2109621 ], [ 109.8577318, -7.2111057 ], [ 109.8577344, -7.2113186 ], [ 109.8577076, -7.2114623 ], [ 109.8577049, -7.21163 ], [ 109.857772, -7.2117896 ], [ 109.8577693, -7.2118987 ], [ 109.8576835, -7.2119253 ], [ 109.8575708, -7.2119253 ], [ 109.8572892, -7.2119599 ], [ 109.8571041, -7.2120398 ], [ 109.856962, -7.2121196 ], [ 109.8567581, -7.2122234 ], [ 109.8566857, -7.2122952 ], [ 109.8566884, -7.2124655 ], [ 109.8567098, -7.2126518 ], [ 109.8566991, -7.2128221 ], [ 109.8566025, -7.2129259 ], [ 109.8564818, -7.2129498 ], [ 109.8563156, -7.2129764 ], [ 109.8562404, -7.2130562 ], [ 109.8561922, -7.2132266 ], [ 109.8562109, -7.2133702 ], [ 109.8562807, -7.2134394 ], [ 109.8564121, -7.2134953 ], [ 109.8565409, -7.213506 ], [ 109.8566374, -7.2136071 ], [ 109.8566884, -7.2137561 ], [ 109.8566401, -7.2139424 ], [ 109.856573, -7.214118 ], [ 109.8565033, -7.214243 ], [ 109.8563933, -7.2144799 ], [ 109.8563531, -7.2146608 ], [ 109.8563129, -7.2148471 ], [ 109.856219, -7.2150067 ], [ 109.8562029, -7.2151717 ], [ 109.8562512, -7.2153207 ], [ 109.8562914, -7.2155097 ], [ 109.8563799, -7.2157013 ], [ 109.8564658, -7.2158716 ], [ 109.8565087, -7.2159966 ], [ 109.8564497, -7.2160924 ], [ 109.8562619, -7.2161722 ], [ 109.8560151, -7.2161749 ], [ 109.8557228, -7.2162521 ], [ 109.8554599, -7.2163665 ], [ 109.8553124, -7.2165341 ], [ 109.8553178, -7.2166592 ], [ 109.8554277, -7.2168242 ], [ 109.8553768, -7.2171195 ] ] } },
{ "type": "Feature", "properties": { "waterway": "stream", "name": null }, "geometry": { "type": "LineString", "coordinates": [ [ 109.8814331, -7.1932461 ], [ 109.8813084, -7.1931956 ] ] } },
{ "type": "Feature", "properties": { "waterway": "stream", "name": null }, "geometry": { "type": "LineString", "coordinates": [ [ 109.8832001, -7.1934874 ], [ 109.8831725, -7.1935508 ], [ 109.8831403, -7.1936213 ], [ 109.8831417, -7.1936772 ], [ 109.8831309, -7.1937344 ], [ 109.8831168, -7.1937997 ], [ 109.8831088, -7.1938694 ], [ 109.8830699, -7.1939401 ], [ 109.8830236, -7.1939966 ], [ 109.8829492, -7.1940265 ], [ 109.8828734, -7.194091 ], [ 109.8828144, -7.194107 ], [ 109.8827648, -7.1940737 ], [ 109.882683, -7.1939686 ], [ 109.8826374, -7.1939107 ], [ 109.8825596, -7.1938841 ], [ 109.8824067, -7.1938834 ], [ 109.8823283, -7.1938595 ], [ 109.8822881, -7.1938156 ], [ 109.8822384, -7.1937651 ], [ 109.8822116, -7.1937185 ], [ 109.8822029, -7.1935535 ], [ 109.8822324, -7.1934045 ], [ 109.8821996, -7.1933007 ], [ 109.8821433, -7.1932395 ], [ 109.8820722, -7.1932255 ], [ 109.8819782, -7.1932421 ], [ 109.8819293, -7.1932854 ], [ 109.8818696, -7.1933047 ], [ 109.8818301, -7.1932761 ], [ 109.8818026, -7.1932402 ], [ 109.881708, -7.1931769 ], [ 109.8816372, -7.1931307 ], [ 109.8815698, -7.1931367 ], [ 109.8814894, -7.1931995 ], [ 109.8814331, -7.1932461 ] ] } },
{ "type": "Feature", "properties": { "waterway": "stream", "name": null }, "geometry": { "type": "LineString", "coordinates": [ [ 109.8813084, -7.1931956 ], [ 109.8811609, -7.1931477 ], [ 109.8810388, -7.193141 ], [ 109.8809275, -7.1931836 ], [ 109.8808511, -7.1931942 ], [ 109.8807411, -7.1932115 ], [ 109.8806161, -7.1932002 ], [ 109.8805238, -7.1931896 ], [ 109.8804199, -7.1931803 ], [ 109.8803206, -7.1931656 ], [ 109.8802161, -7.1931058 ], [ 109.8801302, -7.1930599 ], [ 109.8799679, -7.1930725 ], [ 109.8799431, -7.1930199 ], [ 109.879868, -7.193008 ], [ 109.8798218, -7.1929208 ], [ 109.8797608, -7.1928304 ], [ 109.8797674, -7.1927658 ], [ 109.8797983, -7.1927339 ], [ 109.8797795, -7.1926767 ], [ 109.8796816, -7.1926673 ], [ 109.8795931, -7.192682 ], [ 109.8795427, -7.1927389 ], [ 109.879526, -7.1927578 ], [ 109.8794805, -7.1928363 ], [ 109.8794268, -7.1928882 ], [ 109.8794147, -7.1929468 ], [ 109.8793946, -7.1930386 ], [ 109.8793624, -7.1931184 ], [ 109.8793323, -7.1931577 ], [ 109.8792588, -7.193149 ], [ 109.8792142, -7.1931374 ], [ 109.8791713, -7.193139 ], [ 109.8791351, -7.1931823 ], [ 109.879072, -7.1932741 ], [ 109.8789869, -7.1932661 ], [ 109.8789467, -7.1932542 ], [ 109.8788475, -7.1932434 ], [ 109.8786859, -7.1933047 ], [ 109.8786027, -7.1934118 ], [ 109.8785417, -7.1934723 ], [ 109.8784773, -7.1934457 ], [ 109.8783539, -7.1933712 ], [ 109.8781715, -7.1932781 ], [ 109.8780937, -7.1932288 ], [ 109.878053, -7.1932352 ], [ 109.8780086, -7.1932422 ], [ 109.8778879, -7.1932681 ], [ 109.8777914, -7.1932748 ], [ 109.8777068, -7.1933233 ], [ 109.8776733, -7.1934477 ], [ 109.8776552, -7.1935748 ], [ 109.8776833, -7.1937365 ], [ 109.8777678, -7.1938728 ], [ 109.8778014, -7.1939554 ], [ 109.8778657, -7.1940524 ], [ 109.8778872, -7.1941104 ], [ 109.8778772, -7.1941529 ], [ 109.8778523, -7.1942134 ], [ 109.8777826, -7.1942441 ], [ 109.8776813, -7.1942534 ], [ 109.8775747, -7.1942434 ], [ 109.8774192, -7.1941802 ], [ 109.8773441, -7.1941789 ], [ 109.8772649, -7.1941961 ], [ 109.8772127, -7.1942087 ], [ 109.8771148, -7.1942573 ], [ 109.8770148, -7.1943212 ], [ 109.8769431, -7.1944356 ], [ 109.8768834, -7.1945102 ], [ 109.8768177, -7.194594 ], [ 109.8767218, -7.1946339 ], [ 109.8765622, -7.1945913 ], [ 109.8764808, -7.1945517 ], [ 109.87642, -7.1945221 ], [ 109.8763034, -7.1944649 ], [ 109.8762783, -7.1944536 ], [ 109.8761559, -7.1943984 ], [ 109.8760808, -7.1943485 ], [ 109.8759399, -7.1943185 ], [ 109.8757541, -7.1944097 ], [ 109.8756221, -7.1945368 ], [ 109.8755476, -7.1945834 ], [ 109.8754666, -7.1946945 ], [ 109.8754175, -7.1948069 ], [ 109.8753706, -7.1948628 ], [ 109.8752902, -7.1949393 ], [ 109.8752036, -7.1949799 ], [ 109.8750829, -7.1950177 ], [ 109.8749797, -7.1949652 ], [ 109.8748221, -7.1948541 ], [ 109.8747759, -7.1948661 ], [ 109.8747524, -7.1949146 ], [ 109.8746846, -7.1949359 ], [ 109.8745439, -7.1948946 ], [ 109.8744352, -7.1949013 ], [ 109.8743903, -7.1948966 ], [ 109.8742729, -7.1948993 ], [ 109.8741938, -7.1949319 ], [ 109.8739967, -7.1949412 ], [ 109.8737633, -7.1949253 ], [ 109.873644, -7.1949226 ], [ 109.8735219, -7.1949053 ], [ 109.8734093, -7.1948681 ], [ 109.8733371, -7.1948478 ], [ 109.8732765, -7.1948308 ], [ 109.8731598, -7.1948308 ], [ 109.8731373, -7.194839 ], [ 109.8730794, -7.1948601 ], [ 109.8730083, -7.1949679 ], [ 109.8729587, -7.1951222 ], [ 109.8728836, -7.1953244 ], [ 109.872795, -7.1954881 ], [ 109.8727012, -7.19556 ], [ 109.8726408, -7.195552 ], [ 109.8726234, -7.1954948 ], [ 109.8726355, -7.1954229 ], [ 109.8726355, -7.1953151 ], [ 109.8725845, -7.1952859 ], [ 109.8724692, -7.195234 ], [ 109.8723015, -7.1951528 ], [ 109.8721929, -7.1951289 ], [ 109.87204, -7.1951222 ], [ 109.8718134, -7.1951422 ], [ 109.8716672, -7.1951408 ], [ 109.8715129, -7.1951528 ], [ 109.8713762, -7.195198 ], [ 109.8712662, -7.1952592 ], [ 109.8711723, -7.1953763 ], [ 109.8711522, -7.1954881 ], [ 109.8710664, -7.1955174 ], [ 109.8709296, -7.1955107 ], [ 109.8708116, -7.1954469 ], [ 109.8706667, -7.1953777 ], [ 109.8705715, -7.1952779 ], [ 109.8704655, -7.1951941 ], [ 109.8703247, -7.1951754 ], [ 109.8701531, -7.1951927 ], [ 109.8699908, -7.1951741 ], [ 109.8698969, -7.1951302 ], [ 109.8698808, -7.1950025 ], [ 109.8698768, -7.1948667 ], [ 109.8698916, -7.1946525 ], [ 109.8698339, -7.1946339 ], [ 109.8697789, -7.1946206 ], [ 109.8697346, -7.1946272 ], [ 109.8696555, -7.1947018 ], [ 109.8695858, -7.194739 ], [ 109.8695147, -7.194759 ], [ 109.8694624, -7.1948029 ], [ 109.8694812, -7.1948774 ], [ 109.8695295, -7.1949532 ], [ 109.8695536, -7.1950663 ], [ 109.8695375, -7.1951102 ], [ 109.869386, -7.1951887 ], [ 109.8691593, -7.1952779 ], [ 109.869107, -7.1953338 ], [ 109.869099, -7.1954043 ], [ 109.8691861, -7.1954815 ], [ 109.8692572, -7.1955679 ], [ 109.8692733, -7.1956664 ], [ 109.8692438, -7.1957755 ], [ 109.8691419, -7.1958167 ], [ 109.8689863, -7.1957901 ], [ 109.8688187, -7.1957143 ], [ 109.8687154, -7.1956198 ], [ 109.8686175, -7.1955866 ], [ 109.8685478, -7.1955945 ], [ 109.868529, -7.1956464 ], [ 109.8684995, -7.1958287 ], [ 109.8684579, -7.195991 ], [ 109.8684284, -7.1961534 ], [ 109.8683868, -7.1962385 ], [ 109.868293, -7.1963303 ], [ 109.8681213, -7.1964088 ], [ 109.8680019, -7.1963995 ], [ 109.8678946, -7.1963317 ], [ 109.8677297, -7.1962093 ], [ 109.8676573, -7.1961481 ], [ 109.8676425, -7.1960376 ], [ 109.8676492, -7.1959046 ], [ 109.8675929, -7.1958301 ], [ 109.8674279, -7.1957675 ], [ 109.8671933, -7.1957516 ], [ 109.8670498, -7.1957662 ], [ 109.8669773, -7.1958021 ], [ 109.8669197, -7.1958753 ], [ 109.8668835, -7.1959591 ], [ 109.866811, -7.1960057 ], [ 109.8666273, -7.196027 ], [ 109.8664664, -7.1960496 ], [ 109.866394, -7.1960549 ], [ 109.8662692, -7.1959924 ], [ 109.8661445, -7.1959738 ], [ 109.866001, -7.196019 ], [ 109.8658857, -7.1961135 ], [ 109.8657127, -7.1962558 ], [ 109.8655316, -7.1963583 ], [ 109.865364, -7.1964102 ], [ 109.8652473, -7.1965079 ], [ 109.86513, -7.1965632 ], [ 109.8650314, -7.1965685 ], [ 109.8649301, -7.1965938 ], [ 109.8648832, -7.1966371 ], [ 109.8648664, -7.1967175 ], [ 109.8648919, -7.1968293 ], [ 109.8649576, -7.1969184 ], [ 109.8649643, -7.196973 ], [ 109.864959, -7.1970369 ], [ 109.8648342, -7.1970848 ], [ 109.8646907, -7.1971646 ], [ 109.8645781, -7.1972564 ], [ 109.8645526, -7.1973903 ], [ 109.8645419, -7.1974467 ], [ 109.8645218, -7.1975837 ], [ 109.8645499, -7.1977487 ], [ 109.8645821, -7.1978751 ], [ 109.8645808, -7.1979469 ], [ 109.8645285, -7.1979842 ], [ 109.8643957, -7.1979962 ], [ 109.8642106, -7.1979869 ], [ 109.8640349, -7.1979736 ], [ 109.8639277, -7.1980108 ], [ 109.863807, -7.1980787 ], [ 109.8636782, -7.1981785 ], [ 109.8635535, -7.1983381 ], [ 109.8634516, -7.1984605 ], [ 109.8633845, -7.1985044 ], [ 109.863288, -7.1984885 ], [ 109.8632169, -7.1984113 ], [ 109.8631981, -7.1983088 ], [ 109.8631941, -7.1981891 ], [ 109.8631243, -7.1981332 ], [ 109.8629822, -7.1981239 ], [ 109.8628347, -7.1981306 ], [ 109.8626563, -7.1981665 ], [ 109.8625477, -7.1981798 ], [ 109.8624229, -7.1981625 ], [ 109.8623009, -7.1980973 ], [ 109.8621695, -7.1980121 ], [ 109.8620716, -7.1980095 ], [ 109.8620444, -7.1980429 ], [ 109.8620152, -7.1980787 ], [ 109.8619522, -7.1982037 ], [ 109.8618798, -7.1982729 ], [ 109.8618114, -7.1983049 ], [ 109.861751, -7.1982982 ], [ 109.8616505, -7.1982596 ], [ 109.8615687, -7.1982889 ], [ 109.8615459, -7.1983661 ], [ 109.8615016, -7.1984858 ], [ 109.8614641, -7.1985443 ], [ 109.8613755, -7.1985803 ], [ 109.8612951, -7.1985736 ], [ 109.8611972, -7.1985936 ], [ 109.8611408, -7.1987027 ], [ 109.8611382, -7.1987759 ], [ 109.8611328, -7.1989036 ], [ 109.8611288, -7.1990273 ], [ 109.861114, -7.1991258 ], [ 109.8610711, -7.1992096 ], [ 109.8610188, -7.1992296 ], [ 109.8609544, -7.1992189 ], [ 109.860878, -7.199183 ], [ 109.860768, -7.1992016 ], [ 109.8606352, -7.1992096 ], [ 109.8605628, -7.1992655 ], [ 109.8605119, -7.1993267 ], [ 109.8604515, -7.1994398 ], [ 109.8604274, -7.1996208 ], [ 109.860418, -7.1997565 ], [ 109.8604462, -7.1999121 ], [ 109.8604408, -7.2000399 ], [ 109.8603825, -7.2001316 ], [ 109.8603402, -7.2001982 ], [ 109.860302, -7.2002687 ], [ 109.8602497, -7.2003559 ], [ 109.8602094, -7.2004504 ], [ 109.8601303, -7.2005667 ], [ 109.8601511, -7.2007331 ], [ 109.8601417, -7.200922 ], [ 109.8601115, -7.2010045 ], [ 109.8599955, -7.2010617 ], [ 109.8598963, -7.2010112 ], [ 109.8597555, -7.2009233 ], [ 109.8596013, -7.2008542 ], [ 109.859388, -7.2008209 ], [ 109.8592043, -7.2008036 ] ] } },
{ "type": "Feature", "properties": { "waterway": "canal", "name": null }, "geometry": { "type": "LineString", "coordinates": [ [ 109.6669946, -7.3985756 ], [ 109.6669529, -7.3985716 ] ] } },
{ "type": "Feature", "properties": { "waterway": "canal", "name": null }, "geometry": { "type": "LineString", "coordinates": [ [ 109.6915309, -7.4009789 ], [ 109.691185, -7.4011465 ], [ 109.6910378, -7.4012201 ], [ 109.6909144, -7.401244 ], [ 109.6907723, -7.401252 ], [ 109.6905305, -7.4012742 ], [ 109.6902918, -7.4013141 ], [ 109.6900843, -7.4013651 ], [ 109.6900186, -7.4013744 ], [ 109.6899619, -7.4013633 ], [ 109.6896655, -7.4011784 ], [ 109.6895546, -7.4011456 ], [ 109.6894366, -7.401127 ], [ 109.6893494, -7.401131 ], [ 109.6891858, -7.4011523 ], [ 109.6889198, -7.4011957 ], [ 109.68877, -7.4012028 ], [ 109.6886748, -7.4011709 ], [ 109.6885779, -7.4011119 ], [ 109.6882318, -7.4007701 ], [ 109.6881276, -7.4007094 ], [ 109.6879774, -7.4006469 ], [ 109.6878094, -7.4006211 ], [ 109.6877052, -7.400615 ], [ 109.68761, -7.4006243 ], [ 109.6874799, -7.4006549 ], [ 109.6873172, -7.400709 ], [ 109.6869609, -7.4008477 ], [ 109.6868791, -7.400865 ], [ 109.6867901, -7.4008725 ], [ 109.6865492, -7.4008783 ], [ 109.6863436, -7.4008765 ], [ 109.6861911, -7.4008597 ], [ 109.6857901, -7.4008025 ], [ 109.6857297, -7.4008038 ], [ 109.685669, -7.4008126 ], [ 109.6854638, -7.400931 ], [ 109.6851741, -7.4011119 ], [ 109.6849488, -7.40108 ], [ 109.6841549, -7.4006438 ], [ 109.683833, -7.4005587 ], [ 109.6834039, -7.400665 ], [ 109.6830284, -7.4008991 ], [ 109.6827923, -7.4011013 ], [ 109.6825348, -7.4011864 ], [ 109.6820413, -7.4010693 ], [ 109.6816551, -7.4008672 ], [ 109.6813654, -7.4004735 ], [ 109.6810865, -7.4002288 ], [ 109.6806466, -7.4000692 ], [ 109.6802174, -7.4001118 ], [ 109.679917, -7.4001863 ], [ 109.6796702, -7.4002288 ], [ 109.6793269, -7.3999735 ], [ 109.678887, -7.3997713 ], [ 109.6775352, -7.3996649 ], [ 109.6759473, -7.3994947 ], [ 109.6744238, -7.3993457 ], [ 109.6732866, -7.3992021 ], [ 109.6724766, -7.399133 ], [ 109.6718704, -7.3990585 ], [ 109.6708082, -7.3989468 ], [ 109.6694349, -7.3988031 ], [ 109.6690487, -7.3987712 ], [ 109.6683084, -7.3987021 ], [ 109.6669946, -7.3985756 ] ] } },
{ "type": "Feature", "properties": { "waterway": "river", "name": "Serayu" }, "geometry": { "type": "LineString", "coordinates": [ [ 109.3637335, -7.4870168 ], [ 109.3628034, -7.4866185 ], [ 109.3612949, -7.4854882 ], [ 109.3595059, -7.4854944 ], [ 109.3589131, -7.4859137 ], [ 109.3581806, -7.4858564 ], [ 109.3579913, -7.4850365 ], [ 109.3574507, -7.4838521 ], [ 109.3564664, -7.4828632 ], [ 109.3557911, -7.482511 ], [ 109.3552028, -7.4825574 ], [ 109.3546746, -7.4827733 ], [ 109.3546312, -7.4833563 ], [ 109.355043, -7.4849047 ], [ 109.354786, -7.4852914 ], [ 109.3541426, -7.4855101 ], [ 109.3532928, -7.4854625 ], [ 109.352417, -7.484649 ], [ 109.3520719, -7.4826921 ], [ 109.3519505, -7.4815723 ], [ 109.351304, -7.480894 ], [ 109.3507088, -7.4810432 ], [ 109.3500596, -7.4815374 ], [ 109.3481551, -7.4834744 ], [ 109.3472804, -7.4843199 ], [ 109.3465661, -7.4840746 ], [ 109.346005, -7.4831281 ], [ 109.3455365, -7.4816377 ], [ 109.3461748, -7.4796128 ], [ 109.3463473, -7.4785113 ], [ 109.3457818, -7.4780527 ], [ 109.345076, -7.4781177 ], [ 109.3432574, -7.4791991 ], [ 109.3423154, -7.4797961 ], [ 109.3411966, -7.4809159 ], [ 109.3412238, -7.4816948 ], [ 109.3420839, -7.4826197 ], [ 109.3424492, -7.4836897 ], [ 109.3422089, -7.4846211 ], [ 109.3393372, -7.4857568 ], [ 109.3385142, -7.4864448 ], [ 109.3380248, -7.4872465 ], [ 109.3379948, -7.4898861 ], [ 109.3384156, -7.4915363 ], [ 109.3382269, -7.4925903 ], [ 109.3375111, -7.4932302 ] ] } },
{ "type": "Feature", "properties": { "waterway": "river", "name": "Serayu" }, "geometry": { "type": "LineString", "coordinates": [ [ 109.4201454, -7.475235 ], [ 109.419496, -7.4773961 ], [ 109.4187333, -7.4787992 ], [ 109.4181332, -7.4791142 ], [ 109.414746, -7.4787653 ], [ 109.4134109, -7.4782831 ], [ 109.412404, -7.4779547 ], [ 109.4115994, -7.4775781 ], [ 109.4110844, -7.476842 ], [ 109.4120757, -7.4753953 ], [ 109.412668, -7.4733231 ], [ 109.4131086, -7.4727429 ] ] } },
{ "type": "Feature", "properties": { "waterway": "canal", "name": null }, "geometry": { "type": "LineString", "coordinates": [ [ 109.5477584, -7.4235146 ], [ 109.547401, -7.4238047 ], [ 109.5470378, -7.4240528 ], [ 109.5467611, -7.4243661 ], [ 109.5464131, -7.4247573 ], [ 109.5462411, -7.4249105 ], [ 109.5446114, -7.4260258 ], [ 109.5433588, -7.426645 ], [ 109.5419469, -7.4273631 ], [ 109.5417008, -7.4274552 ], [ 109.5412102, -7.4276113 ], [ 109.5408555, -7.4277185 ], [ 109.5388996, -7.4281921 ], [ 109.5364545, -7.4288958 ], [ 109.5345489, -7.4296385 ], [ 109.5334031, -7.4302081 ], [ 109.5324087, -7.430682 ], [ 109.5312182, -7.4311685 ], [ 109.5296885, -7.431686 ], [ 109.5295739, -7.4317422 ], [ 109.5295144, -7.4318029 ], [ 109.5291021, -7.4325104 ], [ 109.5287642, -7.4331073 ], [ 109.5286612, -7.4332177 ], [ 109.5285044, -7.4332986 ], [ 109.528195, -7.433413 ], [ 109.5269699, -7.4338657 ], [ 109.5261262, -7.4341581 ], [ 109.5258991, -7.4342549 ], [ 109.5256871, -7.4344055 ], [ 109.5250651, -7.4350381 ], [ 109.524118, -7.4358488 ], [ 109.523887, -7.4359488 ], [ 109.5221352, -7.4363984 ], [ 109.5217097, -7.4365471 ], [ 109.5206974, -7.437096 ], [ 109.520572, -7.4371134 ], [ 109.5189256, -7.4371583 ], [ 109.5184023, -7.4372036 ], [ 109.51817, -7.4372525 ], [ 109.5179837, -7.4373859 ], [ 109.5172949, -7.4381142 ], [ 109.5170615, -7.4384047 ], [ 109.5169069, -7.4386633 ], [ 109.5168231, -7.4389665 ], [ 109.5166937, -7.4395492 ], [ 109.5166255, -7.4397607 ], [ 109.5165616, -7.4398553 ], [ 109.516476, -7.4399426 ], [ 109.5162447, -7.4400445 ], [ 109.5136145, -7.4421447 ], [ 109.5134322, -7.4422226 ], [ 109.5132304, -7.4422305 ], [ 109.5129121, -7.4422148 ], [ 109.5118711, -7.4421157 ], [ 109.5053218, -7.4412651 ], [ 109.5014768, -7.4407492 ], [ 109.5012942, -7.4407036 ], [ 109.5010915, -7.4406285 ], [ 109.4933629, -7.4382233 ], [ 109.4930814, -7.438164 ], [ 109.4926263, -7.4380869 ], [ 109.4921531, -7.4380245 ], [ 109.4875292, -7.437467 ], [ 109.4870879, -7.4374127 ], [ 109.4820965, -7.4373922 ], [ 109.4819514, -7.4373949 ], [ 109.4818309, -7.4374088 ], [ 109.4801153, -7.4377103 ], [ 109.4756172, -7.438496 ], [ 109.4750687, -7.4385984 ], [ 109.4745459, -7.4386837 ], [ 109.4717079, -7.4391862 ], [ 109.4713323, -7.4393288 ], [ 109.4710522, -7.4394972 ], [ 109.4707904, -7.4396997 ], [ 109.4706144, -7.439884 ], [ 109.4699631, -7.4408552 ], [ 109.4685253, -7.4428472 ], [ 109.4684205, -7.4429021 ], [ 109.4682199, -7.4429484 ], [ 109.4644441, -7.4436926 ], [ 109.4613412, -7.4442958 ], [ 109.459304, -7.4446876 ], [ 109.4575383, -7.4450463 ], [ 109.457338, -7.4450618 ], [ 109.4571259, -7.4450476 ], [ 109.4555443, -7.4448957 ], [ 109.454684, -7.4448725 ], [ 109.449601, -7.4448181 ], [ 109.44953, -7.4448485 ], [ 109.4495082, -7.4449125 ], [ 109.4494777, -7.445666 ], [ 109.4494046, -7.4459418 ], [ 109.4491487, -7.4464182 ], [ 109.4488407, -7.4467398 ], [ 109.4484696, -7.4470534 ], [ 109.4483171, -7.4471385 ], [ 109.4481023, -7.4471852 ], [ 109.4470375, -7.4474219 ], [ 109.446866, -7.4474336 ], [ 109.4450473, -7.4475323 ], [ 109.4446796, -7.4475407 ], [ 109.4444666, -7.447498 ], [ 109.4429814, -7.4470803 ], [ 109.4428746, -7.4470653 ], [ 109.442728, -7.4470644 ], [ 109.4403076, -7.4471477 ], [ 109.4375091, -7.447205 ], [ 109.4369975, -7.4472652 ], [ 109.4364322, -7.4474613 ], [ 109.4360431, -7.4476825 ], [ 109.4357649, -7.4478998 ], [ 109.4355782, -7.4480982 ], [ 109.4353651, -7.4483793 ], [ 109.4350504, -7.4488989 ], [ 109.4347585, -7.4493902 ], [ 109.4339718, -7.4507141 ], [ 109.4337335, -7.4510302 ], [ 109.433599, -7.4511064 ], [ 109.4334278, -7.4511617 ], [ 109.4331642, -7.4511895 ], [ 109.4312799, -7.451221 ], [ 109.4287199, -7.4513084 ], [ 109.4286986, -7.4513092 ], [ 109.428267, -7.4513239 ], [ 109.4263924, -7.4514624 ], [ 109.4248717, -7.4515374 ], [ 109.4211822, -7.451596 ], [ 109.4194751, -7.4516653 ], [ 109.4160311, -7.451784 ], [ 109.4159252, -7.4517722 ], [ 109.4157672, -7.45173 ], [ 109.4155488, -7.4516143 ], [ 109.411978, -7.44942 ], [ 109.4118418, -7.4493715 ], [ 109.4116336, -7.44937 ], [ 109.4111299, -7.4494126 ], [ 109.4084795, -7.4496414 ], [ 109.4080465, -7.4496766 ], [ 109.4043019, -7.4500314 ], [ 109.4007913, -7.4503518 ], [ 109.3997457, -7.4503229 ], [ 109.3989499, -7.4503276 ], [ 109.3986798, -7.450389 ], [ 109.3985045, -7.4504882 ], [ 109.3983524, -7.4506432 ], [ 109.3973919, -7.4515942 ], [ 109.3972482, -7.4516899 ], [ 109.3964918, -7.4519855 ], [ 109.3958746, -7.4522155 ], [ 109.3948234, -7.4526139 ], [ 109.3929439, -7.4533201 ], [ 109.3926001, -7.4534432 ], [ 109.3904296, -7.4542298 ], [ 109.3850408, -7.4562078 ], [ 109.3842712, -7.456465 ], [ 109.3841765, -7.4564852 ], [ 109.3840157, -7.4564876 ], [ 109.3838852, -7.4564793 ], [ 109.383679, -7.4564326 ], [ 109.3828623, -7.4562103 ], [ 109.3810572, -7.4557829 ], [ 109.3810283, -7.4561747 ] ] } },
{ "type": "Feature", "properties": { "waterway": "river", "name": "Kali Klawing" }, "geometry": { "type": "LineString", "coordinates": [ [ 109.6438712, -7.3409781 ], [ 109.6439248, -7.341856 ], [ 109.6438283, -7.3424199 ], [ 109.6437049, -7.3430105 ], [ 109.6436566, -7.3431275 ], [ 109.6435922, -7.343234 ], [ 109.6435225, -7.3433191 ], [ 109.6434259, -7.3433829 ], [ 109.6433186, -7.3434095 ], [ 109.6431845, -7.3434149 ], [ 109.6429163, -7.3434042 ], [ 109.6426588, -7.343367 ], [ 109.6424442, -7.3434947 ], [ 109.6422726, -7.3437181 ], [ 109.6422189, -7.3438139 ], [ 109.6420258, -7.3442927 ], [ 109.6419561, -7.3445215 ], [ 109.6419185, -7.3447396 ], [ 109.6417683, -7.3450482 ], [ 109.641704, -7.3451333 ], [ 109.6415484, -7.3452876 ], [ 109.6413606, -7.3454366 ], [ 109.6412641, -7.3455004 ], [ 109.6410602, -7.3455909 ], [ 109.6407169, -7.3456973 ], [ 109.6402878, -7.3458463 ], [ 109.6398908, -7.3462293 ], [ 109.6398747, -7.3463464 ], [ 109.6398747, -7.3466975 ], [ 109.6399069, -7.3469157 ], [ 109.6399391, -7.3470221 ], [ 109.6399391, -7.3474956 ], [ 109.6398747, -7.3485171 ], [ 109.6399069, -7.3486235 ], [ 109.6400034, -7.3488257 ], [ 109.6402663, -7.3490598 ], [ 109.6403629, -7.3491183 ], [ 109.6404862, -7.3491289 ], [ 109.6405989, -7.349097 ], [ 109.640792, -7.34898 ], [ 109.6408939, -7.3489055 ], [ 109.6410012, -7.3488629 ], [ 109.6412319, -7.3488736 ], [ 109.6413338, -7.3489214 ], [ 109.641425, -7.3490279 ], [ 109.6414894, -7.3491183 ], [ 109.6415806, -7.3494748 ], [ 109.6416074, -7.349911 ], [ 109.6415913, -7.3500281 ], [ 109.6413848, -7.3506825 ], [ 109.6412185, -7.3508394 ], [ 109.6409717, -7.3509538 ], [ 109.6406203, -7.3511507 ], [ 109.6404648, -7.351305 ], [ 109.6403897, -7.3513954 ], [ 109.639923, -7.3520179 ], [ 109.6396494, -7.3526989 ], [ 109.6395314, -7.3532522 ], [ 109.6394885, -7.3533586 ], [ 109.6391398, -7.3538481 ], [ 109.6384638, -7.3545929 ], [ 109.6376055, -7.3554016 ], [ 109.6369511, -7.3558538 ], [ 109.6362108, -7.3564337 ], [ 109.6351594, -7.357019 ], [ 109.6346712, -7.3572211 ], [ 109.6344352, -7.3572903 ], [ 109.6343225, -7.3573116 ], [ 109.6342099, -7.3573169 ], [ 109.6337002, -7.3571998 ], [ 109.633137, -7.357019 ], [ 109.6327239, -7.3570828 ], [ 109.6318603, -7.357253 ], [ 109.6314847, -7.3575829 ], [ 109.6313238, -7.3580298 ], [ 109.6312272, -7.3585193 ], [ 109.6311629, -7.3589928 ], [ 109.6311575, -7.36011 ], [ 109.6312112, -7.3607325 ], [ 109.631415, -7.3614081 ], [ 109.6316189, -7.3618763 ], [ 109.6316403, -7.3623445 ], [ 109.6315813, -7.3624456 ], [ 109.6314847, -7.3625094 ], [ 109.6311629, -7.3624935 ], [ 109.6307123, -7.3624988 ], [ 109.6305782, -7.3625094 ], [ 109.6303636, -7.3625733 ], [ 109.6298379, -7.3629723 ], [ 109.6294033, -7.3633926 ], [ 109.629001, -7.3642651 ], [ 109.6288079, -7.364845 ], [ 109.6287811, -7.3649514 ], [ 109.6287328, -7.3650578 ], [ 109.6286416, -7.3651163 ], [ 109.6285289, -7.3651535 ], [ 109.627617, -7.365228 ], [ 109.6268928, -7.3654355 ], [ 109.626233, -7.3655898 ], [ 109.6258789, -7.3656962 ], [ 109.6254498, -7.3657973 ], [ 109.625085, -7.3658186 ], [ 109.6249723, -7.3658345 ], [ 109.6244466, -7.3657813 ], [ 109.6237224, -7.3660048 ], [ 109.6231002, -7.3664251 ], [ 109.6229392, -7.3665953 ], [ 109.6227676, -7.3667443 ], [ 109.6225798, -7.3668932 ], [ 109.6223813, -7.367005 ], [ 109.6222687, -7.3670369 ], [ 109.6218181, -7.3670688 ], [ 109.6213353, -7.3671326 ], [ 109.6208793, -7.3674412 ], [ 109.6201926, -7.3678402 ], [ 109.6195972, -7.3682605 ], [ 109.618696, -7.3687393 ], [ 109.6184921, -7.3688244 ], [ 109.6182668, -7.368883 ], [ 109.6180361, -7.3689202 ], [ 109.6178162, -7.3689202 ], [ 109.6177143, -7.368883 ], [ 109.6176231, -7.3688138 ], [ 109.6174353, -7.3683935 ], [ 109.6173602, -7.3683031 ], [ 109.6171939, -7.3680105 ], [ 109.6170813, -7.3674891 ], [ 109.617033, -7.3673933 ], [ 109.6164054, -7.3667656 ], [ 109.6160352, -7.3666113 ], [ 109.615649, -7.3665634 ], [ 109.6145546, -7.3668879 ], [ 109.6128863, -7.3677391 ], [ 109.6124196, -7.3678562 ], [ 109.6121782, -7.3678828 ], [ 109.6119636, -7.3678828 ], [ 109.6115023, -7.3678349 ], [ 109.6110195, -7.3678243 ], [ 109.6099037, -7.3682126 ], [ 109.6091312, -7.3685691 ], [ 109.6089059, -7.3687872 ], [ 109.6086001, -7.3691117 ], [ 109.6076131, -7.3696437 ], [ 109.6059394, -7.3703513 ], [ 109.6052366, -7.3709897 ], [ 109.6045446, -7.3718143 ], [ 109.604255, -7.3720112 ], [ 109.6037346, -7.3721708 ], [ 109.6034127, -7.3722346 ], [ 109.6030909, -7.3722559 ], [ 109.6029836, -7.3722772 ], [ 109.6026939, -7.3725113 ], [ 109.6024901, -7.3727719 ], [ 109.6022111, -7.373006 ], [ 109.6005374, -7.3739743 ], [ 109.5997059, -7.3745754 ], [ 109.5988262, -7.3751394 ], [ 109.5982575, -7.3754054 ], [ 109.5976299, -7.3756448 ], [ 109.5958972, -7.3760597 ], [ 109.5946848, -7.3768311 ], [ 109.5941806, -7.3771929 ], [ 109.5924425, -7.3780335 ], [ 109.5912248, -7.379156 ], [ 109.5903182, -7.3804487 ], [ 109.5895994, -7.3812148 ], [ 109.5889449, -7.3820181 ], [ 109.5887947, -7.3821884 ], [ 109.5886123, -7.3823054 ], [ 109.5884138, -7.3824012 ], [ 109.5881745, -7.3824809 ], [ 109.587774, -7.3835102 ], [ 109.5875538, -7.3841824 ], [ 109.5873141, -7.3847792 ], [ 109.5871767, -7.3849459 ], [ 109.5869112, -7.3849421 ], [ 109.5864734, -7.3847531 ], [ 109.5858711, -7.384316 ], [ 109.585222, -7.3838854 ], [ 109.5845755, -7.3836178 ], [ 109.584233, -7.3837489 ], [ 109.5840717, -7.3838617 ], [ 109.5839452, -7.384025 ], [ 109.5840725, -7.3844587 ], [ 109.5843878, -7.3848428 ], [ 109.5847159, -7.3850665 ], [ 109.5853179, -7.3852953 ], [ 109.5855735, -7.3856916 ], [ 109.5857799, -7.3860666 ], [ 109.5858586, -7.3863847 ], [ 109.5857397, -7.3866247 ], [ 109.5853736, -7.3869028 ], [ 109.5848488, -7.3870969 ], [ 109.5844545, -7.3871541 ], [ 109.5842317, -7.3871641 ], [ 109.5841253, -7.3873224 ], [ 109.5840137, -7.3876654 ], [ 109.5837776, -7.3879556 ], [ 109.583441, -7.3881571 ], [ 109.5830302, -7.388231 ], [ 109.5824278, -7.3883385 ], [ 109.5816924, -7.3883117 ], [ 109.5812145, -7.3882136 ], [ 109.5807904, -7.3881527 ], [ 109.5804462, -7.3879617 ], [ 109.5803248, -7.387995 ], [ 109.5803118, -7.3883686 ], [ 109.5802147, -7.3885863 ], [ 109.5799756, -7.3890477 ], [ 109.5797069, -7.3894248 ], [ 109.5793779, -7.3896522 ], [ 109.5790095, -7.3898341 ], [ 109.5788825, -7.3899318 ], [ 109.5789094, -7.390264 ], [ 109.5788646, -7.3907659 ], [ 109.5787789, -7.3912016 ], [ 109.5786483, -7.3913913 ], [ 109.5784736, -7.3914503 ], [ 109.5783478, -7.3913551 ], [ 109.5781946, -7.3910354 ], [ 109.5780391, -7.3907811 ], [ 109.5777272, -7.3906437 ], [ 109.5773937, -7.3906974 ], [ 109.5771628, -7.3909065 ], [ 109.5770007, -7.3912216 ], [ 109.5768749, -7.3916898 ], [ 109.5767739, -7.391871 ], [ 109.5766724, -7.3919923 ], [ 109.5762589, -7.3919551 ], [ 109.5758748, -7.3920607 ], [ 109.5755313, -7.3920042 ], [ 109.5749789, -7.3917839 ], [ 109.5742159, -7.3914134 ], [ 109.5735724, -7.3909385 ], [ 109.5730877, -7.3903331 ], [ 109.5719504, -7.389184 ], [ 109.5710167, -7.3883181 ], [ 109.5704698, -7.3879711 ], [ 109.569857, -7.3877494 ], [ 109.5691048, -7.3877286 ], [ 109.5683818, -7.3879366 ], [ 109.5677609, -7.3882172 ], [ 109.5671358, -7.3882769 ], [ 109.5665052, -7.3881848 ], [ 109.5656052, -7.3879371 ], [ 109.5652686, -7.3878689 ], [ 109.5649593, -7.3880381 ], [ 109.5646548, -7.388418 ], [ 109.5643589, -7.3889604 ], [ 109.5639022, -7.3898177 ], [ 109.5636013, -7.3907475 ], [ 109.5633299, -7.391055 ], [ 109.5627384, -7.3913108 ], [ 109.5622347, -7.3916202 ], [ 109.5619724, -7.3923687 ], [ 109.5615899, -7.3926993 ], [ 109.5607849, -7.3935653 ], [ 109.5603021, -7.3940342 ], [ 109.5596757, -7.3943866 ], [ 109.5591617, -7.3945571 ], [ 109.5585546, -7.3948008 ], [ 109.5581795, -7.3947999 ], [ 109.5578472, -7.3947349 ], [ 109.5576338, -7.3946279 ], [ 109.5574483, -7.3944972 ], [ 109.5573029, -7.3943299 ], [ 109.5572027, -7.3941836 ], [ 109.5570622, -7.3938668 ], [ 109.5568027, -7.393489 ], [ 109.5564726, -7.3931217 ], [ 109.555879, -7.3926366 ], [ 109.5555607, -7.3924651 ], [ 109.5552532, -7.3923995 ], [ 109.5549891, -7.392461 ], [ 109.5547175, -7.392569 ], [ 109.5538237, -7.3930458 ], [ 109.5533116, -7.3934372 ], [ 109.5530908, -7.3938127 ], [ 109.5530693, -7.3941855 ], [ 109.5531823, -7.394447 ], [ 109.5532161, -7.3946768 ], [ 109.5531451, -7.3947778 ], [ 109.5530129, -7.3948249 ], [ 109.552636, -7.3951575 ], [ 109.5521984, -7.3958995 ], [ 109.5519569, -7.3964192 ], [ 109.5517831, -7.397132 ], [ 109.5516267, -7.3978826 ], [ 109.5513736, -7.3986234 ], [ 109.5510194, -7.39883 ], [ 109.5507094, -7.3986476 ], [ 109.5503656, -7.3983695 ], [ 109.5498396, -7.3980651 ], [ 109.5493101, -7.397854 ], [ 109.5491176, -7.397933 ], [ 109.5489896, -7.3981156 ], [ 109.5489224, -7.3985847 ], [ 109.5489768, -7.3991655 ], [ 109.5491329, -7.3998444 ], [ 109.5491597, -7.4008327 ], [ 109.5490567, -7.40213 ], [ 109.5489037, -7.4023545 ], [ 109.5486493, -7.4025273 ], [ 109.548451, -7.4026159 ], [ 109.5483098, -7.4026147 ], [ 109.5479744, -7.402403 ], [ 109.547738, -7.4022289 ], [ 109.5475505, -7.4021415 ], [ 109.5474205, -7.4021343 ], [ 109.5471154, -7.402282 ], [ 109.5468286, -7.4025211 ], [ 109.5466774, -7.4027887 ], [ 109.54659, -7.4031243 ], [ 109.5464885, -7.4037869 ], [ 109.5465394, -7.4050083 ], [ 109.5465045, -7.4051086 ], [ 109.5464564, -7.4051959 ], [ 109.5463852, -7.4052635 ], [ 109.5462414, -7.4053485 ], [ 109.5460378, -7.4054035 ], [ 109.5457561, -7.4053877 ], [ 109.5454537, -7.405265 ], [ 109.5450727, -7.4048525 ], [ 109.5446116, -7.4044158 ], [ 109.5442756, -7.4037174 ], [ 109.5439861, -7.4034172 ], [ 109.5437429, -7.4032869 ], [ 109.5434902, -7.403261 ], [ 109.5432631, -7.4032684 ], [ 109.5430707, -7.403311 ], [ 109.5429685, -7.4034431 ], [ 109.5429598, -7.4037379 ], [ 109.5430128, -7.404005 ], [ 109.5430226, -7.4047436 ], [ 109.5428542, -7.4056638 ], [ 109.5427588, -7.4064716 ], [ 109.5426078, -7.4068967 ], [ 109.5423138, -7.4072206 ], [ 109.5421409, -7.4072949 ], [ 109.5419194, -7.4072779 ], [ 109.5416365, -7.407113 ], [ 109.5412552, -7.4068669 ], [ 109.5399209, -7.4066783 ], [ 109.5391633, -7.4064678 ], [ 109.5385998, -7.4062497 ], [ 109.5381125, -7.4059489 ], [ 109.5377414, -7.4058994 ], [ 109.5374656, -7.4058439 ], [ 109.5372686, -7.4058408 ], [ 109.537046, -7.405895 ], [ 109.5367676, -7.4061231 ], [ 109.5368077, -7.4065195 ], [ 109.5370917, -7.407017 ], [ 109.537201, -7.4072453 ], [ 109.5372383, -7.4074875 ], [ 109.5371018, -7.407811 ], [ 109.5369501, -7.4081197 ], [ 109.5367773, -7.4083694 ], [ 109.5364977, -7.408477 ], [ 109.5361892, -7.408459 ], [ 109.5359036, -7.4083291 ], [ 109.5356116, -7.4079011 ], [ 109.5353768, -7.40748 ], [ 109.5350467, -7.4071559 ], [ 109.5346219, -7.4069684 ], [ 109.5342784, -7.4069475 ], [ 109.533836, -7.4070011 ], [ 109.5334038, -7.4070569 ], [ 109.5331156, -7.4068982 ], [ 109.532942, -7.4068418 ], [ 109.5328682, -7.4068413 ], [ 109.5327826, -7.4068945 ], [ 109.5327248, -7.4069308 ], [ 109.5326789, -7.4070522 ], [ 109.5325101, -7.4078777 ], [ 109.5322817, -7.4087157 ], [ 109.5321276, -7.4088731 ], [ 109.5319594, -7.4089786 ], [ 109.5316369, -7.409018 ], [ 109.5311057, -7.4091688 ], [ 109.5304195, -7.409437 ], [ 109.5291277, -7.4098015 ], [ 109.5286062, -7.4098099 ], [ 109.5276296, -7.4097749 ], [ 109.5265859, -7.4097132 ], [ 109.5264199, -7.4097171 ], [ 109.5262189, -7.4097631 ], [ 109.5260111, -7.4099403 ], [ 109.5258571, -7.4101379 ], [ 109.5251885, -7.4105297 ], [ 109.5245016, -7.4108623 ], [ 109.52405, -7.4109192 ], [ 109.5234207, -7.410915 ], [ 109.5229483, -7.4110165 ], [ 109.5223407, -7.4114236 ], [ 109.5220686, -7.4114446 ], [ 109.5217293, -7.4114173 ], [ 109.5211918, -7.411505 ], [ 109.5207233, -7.4117236 ], [ 109.520171, -7.4120327 ], [ 109.5198168, -7.4120541 ], [ 109.5192815, -7.4120763 ], [ 109.5189997, -7.411922 ], [ 109.5188835, -7.4117985 ], [ 109.5186511, -7.4116836 ], [ 109.518438, -7.4117036 ], [ 109.5182383, -7.411834 ], [ 109.5179463, -7.4122776 ], [ 109.517648, -7.412626 ], [ 109.51718, -7.4128868 ], [ 109.5166419, -7.4128267 ], [ 109.5161361, -7.4126923 ], [ 109.5158331, -7.412534 ], [ 109.5155563, -7.4123278 ], [ 109.515211, -7.411591 ], [ 109.5149412, -7.4112408 ], [ 109.5146788, -7.4110294 ], [ 109.5144062, -7.4108894 ], [ 109.5140714, -7.4108067 ], [ 109.5137918, -7.4108275 ], [ 109.5136335, -7.4108891 ], [ 109.5134717, -7.4110091 ], [ 109.5132536, -7.411316 ], [ 109.5130129, -7.4116899 ], [ 109.5127276, -7.4119922 ], [ 109.5125731, -7.4120665 ], [ 109.5124104, -7.4121066 ], [ 109.5121332, -7.4121101 ], [ 109.5119258, -7.4121678 ], [ 109.5116558, -7.4122741 ], [ 109.5113483, -7.4125073 ], [ 109.5110253, -7.4126516 ], [ 109.5108549, -7.4126166 ], [ 109.5106592, -7.4124971 ], [ 109.5105085, -7.4121052 ], [ 109.5103845, -7.4116546 ], [ 109.5102192, -7.4113627 ], [ 109.5100456, -7.4112 ], [ 109.5098112, -7.4111917 ], [ 109.5095952, -7.4113135 ], [ 109.5093359, -7.4115454 ], [ 109.5090148, -7.4119374 ], [ 109.5086195, -7.4122497 ], [ 109.5084847, -7.4122649 ], [ 109.5083329, -7.4122587 ], [ 109.5081787, -7.4121117 ], [ 109.508123, -7.4118939 ], [ 109.5081769, -7.4113651 ], [ 109.5080829, -7.4108632 ], [ 109.5078896, -7.4105218 ], [ 109.5076426, -7.4102587 ], [ 109.5075446, -7.4100701 ], [ 109.5072636, -7.4098824 ], [ 109.5069074, -7.4097587 ], [ 109.5066589, -7.4097535 ], [ 109.5064376, -7.4098507 ], [ 109.5060904, -7.4098595 ], [ 109.5054555, -7.4098146 ], [ 109.5050288, -7.4098599 ], [ 109.5045254, -7.4099633 ], [ 109.5042662, -7.4101881 ], [ 109.5040643, -7.4104852 ], [ 109.5037798, -7.4106633 ], [ 109.5036349, -7.4109394 ], [ 109.5033332, -7.4115991 ], [ 109.5031464, -7.4117012 ], [ 109.5029266, -7.4117197 ], [ 109.502278, -7.411638 ], [ 109.5017072, -7.4114304 ], [ 109.5016096, -7.4113546 ], [ 109.5015748, -7.4112528 ], [ 109.5015988, -7.4111339 ], [ 109.5017298, -7.4107288 ], [ 109.5017262, -7.410612 ], [ 109.5016862, -7.4104993 ], [ 109.5016206, -7.4103995 ], [ 109.5015314, -7.4103372 ], [ 109.501189, -7.4102033 ], [ 109.5009902, -7.4101827 ], [ 109.5007827, -7.4102224 ], [ 109.5005049, -7.4102945 ], [ 109.5001664, -7.4104862 ], [ 109.4996878, -7.410862 ], [ 109.4994716, -7.4112478 ], [ 109.4993834, -7.411441 ], [ 109.4992872, -7.4116022 ], [ 109.4990598, -7.4117585 ], [ 109.4986803, -7.4118847 ], [ 109.4981471, -7.4120554 ], [ 109.4977979, -7.4120828 ], [ 109.497439, -7.4120075 ], [ 109.4971504, -7.4118634 ], [ 109.4969273, -7.4116259 ], [ 109.4967971, -7.4113425 ], [ 109.4968433, -7.4110375 ], [ 109.4969319, -7.4109179 ], [ 109.4970892, -7.4109212 ], [ 109.4972314, -7.4109591 ], [ 109.4973859, -7.4109548 ], [ 109.4974658, -7.410907 ], [ 109.497538, -7.410728 ], [ 109.4975296, -7.4105633 ], [ 109.4974953, -7.4103493 ], [ 109.4973576, -7.4101359 ], [ 109.4970609, -7.4098276 ], [ 109.4967624, -7.4096672 ], [ 109.496428, -7.4095698 ], [ 109.4960699, -7.4095991 ], [ 109.4957721, -7.4097393 ], [ 109.4950618, -7.4103548 ], [ 109.494182, -7.411195 ], [ 109.4937239, -7.4116735 ], [ 109.4933623, -7.4121687 ], [ 109.4930282, -7.4125912 ], [ 109.4926146, -7.4129136 ], [ 109.4922139, -7.4129991 ], [ 109.4918085, -7.4130369 ], [ 109.4914385, -7.4129826 ], [ 109.4911777, -7.4128359 ], [ 109.4910365, -7.4126417 ], [ 109.4910704, -7.4124209 ], [ 109.4912471, -7.4121967 ], [ 109.4916499, -7.4117221 ], [ 109.4918263, -7.4116027 ], [ 109.4920731, -7.411362 ], [ 109.4922242, -7.4112022 ], [ 109.4922806, -7.4110348 ], [ 109.492224, -7.410916 ], [ 109.4921229, -7.4107965 ], [ 109.4919448, -7.4105952 ], [ 109.491647, -7.4104383 ], [ 109.4912547, -7.4103815 ], [ 109.4910831, -7.4104262 ], [ 109.4910328, -7.4105516 ], [ 109.4909807, -7.4108318 ], [ 109.4910001, -7.4111023 ], [ 109.4909668, -7.4112797 ], [ 109.4903799, -7.4117137 ], [ 109.4902846, -7.4118003 ], [ 109.4898677, -7.4121793 ], [ 109.489371, -7.4126554 ], [ 109.4880721, -7.4137108 ], [ 109.4874656, -7.4143176 ], [ 109.4868652, -7.4149308 ], [ 109.4862779, -7.4152476 ], [ 109.485707, -7.4153658 ], [ 109.4851336, -7.4154217 ] ] } },
{ "type": "Feature", "properties": { "waterway": "canal", "name": null }, "geometry": { "type": "LineString", "coordinates": [ [ 109.5227812, -7.4515684 ], [ 109.5230128, -7.4514862 ], [ 109.5233848, -7.4513428 ], [ 109.5239383, -7.4511087 ], [ 109.524141, -7.4509887 ], [ 109.5243267, -7.4509412 ], [ 109.524493, -7.450929 ], [ 109.5246779, -7.4509229 ], [ 109.524872, -7.4508801 ], [ 109.5251678, -7.4507579 ], [ 109.5253311, -7.4506541 ], [ 109.5255776, -7.4504738 ], [ 109.5257902, -7.4503302 ], [ 109.5259374, -7.4501962 ], [ 109.5260356, -7.4501388 ], [ 109.5262523, -7.4500369 ], [ 109.5264064, -7.4499881 ], [ 109.5265204, -7.4499514 ], [ 109.5267083, -7.4498353 ], [ 109.5268963, -7.4496642 ], [ 109.5271427, -7.4494351 ], [ 109.5274324, -7.4490746 ], [ 109.5279623, -7.4484208 ], [ 109.5281102, -7.4482253 ], [ 109.5281903, -7.4480909 ], [ 109.5282951, -7.4478617 ], [ 109.5285939, -7.4475257 ], [ 109.5288096, -7.4471682 ], [ 109.529053, -7.4469269 ], [ 109.5295244, -7.4466031 ], [ 109.5299927, -7.4462976 ], [ 109.530156, -7.4461937 ], [ 109.5308801, -7.4457324 ], [ 109.5311235, -7.4455827 ], [ 109.5314901, -7.4453199 ], [ 109.5318968, -7.4450816 ], [ 109.5323713, -7.4447914 ], [ 109.5328643, -7.4444798 ], [ 109.5330707, -7.4443576 ], [ 109.5333634, -7.4442415 ], [ 109.5336992, -7.4441957 ], [ 109.5346852, -7.444159 ], [ 109.5351319, -7.4441896 ], [ 109.5354, -7.4442109 ], [ 109.5356957, -7.4442293 ], [ 109.5360408, -7.4441773 ], [ 109.5367279, -7.4440979 ], [ 109.5370391, -7.4440276 ], [ 109.5372547, -7.4439421 ], [ 109.5374519, -7.4438291 ], [ 109.5378093, -7.4436732 ], [ 109.5380466, -7.4435816 ], [ 109.5382961, -7.4435174 ], [ 109.5390664, -7.4434136 ] ] } },
{ "type": "Feature", "properties": { "waterway": "canal", "name": null }, "geometry": { "type": "LineString", "coordinates": [ [ 109.4551417, -7.4555115 ], [ 109.4551818, -7.4551358 ], [ 109.4552095, -7.4550625 ], [ 109.4553974, -7.4549769 ], [ 109.4570828, -7.4545859 ], [ 109.4572307, -7.4545492 ], [ 109.4579177, -7.4542529 ], [ 109.4581581, -7.4541734 ], [ 109.4585124, -7.4541123 ], [ 109.4589591, -7.4540512 ], [ 109.4593227, -7.4539963 ], [ 109.4597356, -7.4539443 ], [ 109.4600313, -7.4539046 ], [ 109.4604257, -7.453813 ], [ 109.4614763, -7.4535411 ], [ 109.4617814, -7.4534616 ], [ 109.4620186, -7.4533944 ], [ 109.4622435, -7.4533211 ], [ 109.4625886, -7.4531408 ] ] } },
{ "type": "Feature", "properties": { "waterway": "canal", "name": null }, "geometry": { "type": "LineString", "coordinates": [ [ 109.4625886, -7.4531408 ], [ 109.462981, -7.4530209 ] ] } },
{ "type": "Feature", "properties": { "waterway": "canal", "name": null }, "geometry": { "type": "LineString", "coordinates": [ [ 109.462981, -7.4530209 ], [ 109.4629984, -7.4530156 ], [ 109.4635437, -7.4528415 ], [ 109.4641291, -7.4526857 ], [ 109.4646221, -7.4525421 ], [ 109.4651274, -7.4524138 ], [ 109.4656481, -7.4522946 ], [ 109.4658329, -7.4522427 ], [ 109.4660486, -7.4521327 ], [ 109.4664676, -7.4518547 ], [ 109.4665601, -7.4517875 ], [ 109.4667634, -7.451592 ], [ 109.466976, -7.4513781 ], [ 109.4671177, -7.4512009 ], [ 109.4675553, -7.4504524 ], [ 109.4677062, -7.4502416 ], [ 109.4678726, -7.4500858 ], [ 109.468039, -7.4500156 ], [ 109.4682269, -7.449985 ], [ 109.468535, -7.4500156 ], [ 109.4687045, -7.4500339 ], [ 109.4693916, -7.4501194 ], [ 109.4699307, -7.450205 ], [ 109.4701433, -7.4502233 ], [ 109.4704391, -7.4501958 ], [ 109.470701, -7.4501378 ], [ 109.4713758, -7.4499147 ], [ 109.4717486, -7.4498292 ], [ 109.4721368, -7.4497803 ], [ 109.4725188, -7.4497498 ], [ 109.4730457, -7.4497223 ], [ 109.4737143, -7.4496887 ], [ 109.4743428, -7.449652 ], [ 109.4744722, -7.4496367 ], [ 109.4746571, -7.4495329 ], [ 109.4751285, -7.4491999 ], [ 109.4752209, -7.4491571 ], [ 109.4754088, -7.4491296 ], [ 109.4757385, -7.4491052 ], [ 109.4759234, -7.4490868 ], [ 109.4761021, -7.4490532 ], [ 109.4762962, -7.4489891 ], [ 109.4766135, -7.4488791 ], [ 109.4768446, -7.4488241 ], [ 109.4771096, -7.4487783 ], [ 109.4773376, -7.4487569 ], [ 109.4776334, -7.4487813 ], [ 109.4779353, -7.4487874 ], [ 109.4782034, -7.4488669 ], [ 109.4787641, -7.4490593 ], [ 109.4788935, -7.449096 ], [ 109.4790784, -7.4490929 ], [ 109.4794296, -7.4490899 ], [ 109.4794882, -7.4490807 ], [ 109.4796515, -7.4490043 ], [ 109.4799565, -7.4487996 ], [ 109.4802523, -7.448595 ], [ 109.4804864, -7.4484178 ], [ 109.4807144, -7.4481978 ], [ 109.4809701, -7.4479351 ], [ 109.4811088, -7.4478006 ], [ 109.4812474, -7.4476723 ], [ 109.4815494, -7.4475562 ], [ 109.4819684, -7.447544 ], [ 109.4823135, -7.4475593 ], [ 109.4827633, -7.4475624 ], [ 109.4830499, -7.4475532 ], [ 109.4834073, -7.447599 ], [ 109.4837308, -7.4476571 ] ] } },
{ "type": "Feature", "properties": { "waterway": "canal", "name": null }, "geometry": { "type": "LineString", "coordinates": [ [ 109.4877146, -7.4477915 ], [ 109.4878132, -7.4477968 ] ] } },
{ "type": "Feature", "properties": { "waterway": "canal", "name": null }, "geometry": { "type": "LineString", "coordinates": [ [ 109.4878132, -7.4477968 ], [ 109.487884, -7.4478006 ], [ 109.4879888, -7.4478343 ], [ 109.4882383, -7.4478037 ], [ 109.4884509, -7.4477731 ], [ 109.4887313, -7.4478251 ], [ 109.4891873, -7.4479351 ], [ 109.4894369, -7.4479595 ], [ 109.4896587, -7.4480298 ], [ 109.4899113, -7.4481795 ], [ 109.4901178, -7.4483047 ], [ 109.4904474, -7.4484086 ], [ 109.4907525, -7.4484941 ], [ 109.4908239, -7.4485331 ] ] } },
{ "type": "Feature", "properties": { "waterway": "canal", "name": null }, "geometry": { "type": "LineString", "coordinates": [ [ 109.4908239, -7.4485331 ], [ 109.4909131, -7.4485819 ] ] } },
{ "type": "Feature", "properties": { "waterway": "canal", "name": null }, "geometry": { "type": "LineString", "coordinates": [ [ 109.4909131, -7.4485819 ], [ 109.4909651, -7.4486102 ], [ 109.4912978, -7.4488333 ], [ 109.4916675, -7.4491846 ], [ 109.492863, -7.4504005 ] ] } },
{ "type": "Feature", "properties": { "waterway": "canal", "name": null }, "geometry": { "type": "LineString", "coordinates": [ [ 109.492863, -7.4504005 ], [ 109.4929246, -7.4504677 ] ] } },
{ "type": "Feature", "properties": { "waterway": "canal", "name": null }, "geometry": { "type": "LineString", "coordinates": [ [ 109.4929246, -7.4504677 ], [ 109.4931495, -7.4506846 ], [ 109.4933529, -7.4508221 ], [ 109.4935994, -7.4509168 ], [ 109.4938335, -7.4509718 ], [ 109.4940985, -7.4510359 ], [ 109.494271, -7.451152 ], [ 109.4943327, -7.4513414 ], [ 109.4943296, -7.4514728 ], [ 109.4943296, -7.4515224 ] ] } },
{ "type": "Feature", "properties": { "waterway": "canal", "name": null }, "geometry": { "type": "LineString", "coordinates": [ [ 109.4943296, -7.4515224 ], [ 109.4943296, -7.4516393 ] ] } },
{ "type": "Feature", "properties": { "waterway": "canal", "name": null }, "geometry": { "type": "LineString", "coordinates": [ [ 109.4838114, -7.4476743 ], [ 109.4838879, -7.4476907 ], [ 109.4841775, -7.4477212 ], [ 109.4843932, -7.4476937 ], [ 109.484615, -7.4475868 ], [ 109.4848553, -7.4474493 ], [ 109.4850156, -7.4473729 ], [ 109.4851881, -7.4473577 ], [ 109.4855948, -7.4474218 ], [ 109.4865961, -7.447541 ], [ 109.4872647, -7.4476296 ], [ 109.487465, -7.4476448 ], [ 109.4876437, -7.4477365 ], [ 109.4877146, -7.4477915 ] ] } },
{ "type": "Feature", "properties": { "waterway": "canal", "name": null }, "geometry": { "type": "LineString", "coordinates": [ [ 109.4837308, -7.4476571 ], [ 109.4838114, -7.4476743 ] ] } },
{ "type": "Feature", "properties": { "waterway": "canal", "name": null }, "geometry": { "type": "LineString", "coordinates": [ [ 109.4943296, -7.4516393 ], [ 109.4943296, -7.4516775 ], [ 109.4943943, -7.4518302 ], [ 109.4946192, -7.4522366 ], [ 109.4946962, -7.4523221 ], [ 109.4947917, -7.4523618 ], [ 109.4949026, -7.4524199 ], [ 109.4953155, -7.4525757 ], [ 109.495602, -7.452707 ], [ 109.496628, -7.4531714 ], [ 109.4972874, -7.4535349 ], [ 109.4974599, -7.4536297 ], [ 109.4977341, -7.4539138 ], [ 109.4981655, -7.4543537 ], [ 109.4982672, -7.4544209 ], [ 109.4984366, -7.4545614 ], [ 109.4986369, -7.4547814 ], [ 109.4988063, -7.4549403 ], [ 109.4990621, -7.4550533 ], [ 109.4993763, -7.4551236 ], [ 109.4998878, -7.4551358 ], [ 109.5001158, -7.4551083 ], [ 109.5006334, -7.455035 ], [ 109.5009353, -7.4549677 ], [ 109.5013359, -7.4548425 ], [ 109.5016255, -7.4548394 ], [ 109.5020753, -7.4548333 ], [ 109.5031106, -7.4548425 ], [ 109.5045463, -7.4548181 ], [ 109.505369, -7.4546836 ], [ 109.5059112, -7.4545981 ], [ 109.506663, -7.4544667 ], [ 109.5078615, -7.4544148 ], [ 109.5087027, -7.4543842 ], [ 109.509781, -7.4543965 ], [ 109.5113185, -7.4543079 ], [ 109.51187, -7.4542407 ], [ 109.5127296, -7.4540237 ], [ 109.513506, -7.4537305 ], [ 109.5137494, -7.4536724 ], [ 109.5140544, -7.4535991 ], [ 109.515179, -7.4535502 ], [ 109.515635, -7.4535441 ], [ 109.5159154, -7.4536235 ], [ 109.5166579, -7.4538496 ], [ 109.5175915, -7.4539565 ], [ 109.5182293, -7.4540299 ], [ 109.5187376, -7.4540635 ], [ 109.5192737, -7.4541032 ], [ 109.5196712, -7.4540726 ], [ 109.5199639, -7.4540665 ], [ 109.5202381, -7.4540054 ], [ 109.5204168, -7.4538588 ], [ 109.5206017, -7.4536571 ], [ 109.5207773, -7.4534616 ], [ 109.5208328, -7.453318 ], [ 109.5208605, -7.4528873 ], [ 109.5208574, -7.4527468 ], [ 109.5208574, -7.452649 ], [ 109.5209252, -7.4525757 ], [ 109.5210115, -7.4525604 ], [ 109.521184, -7.4525573 ], [ 109.5213411, -7.452539 ], [ 109.5215515, -7.4525089 ], [ 109.521715, -7.4524226 ], [ 109.5218808, -7.4522779 ], [ 109.5221099, -7.45207 ], [ 109.5223484, -7.4518243 ], [ 109.5225772, -7.4516555 ], [ 109.5227812, -7.4515684 ] ] } },
{ "type": "Feature", "properties": { "waterway": "canal", "name": null }, "geometry": { "type": "LineString", "coordinates": [ [ 109.5391572, -7.4434029 ], [ 109.5393006, -7.4433861 ], [ 109.5400308, -7.4432822 ], [ 109.5405361, -7.4431967 ], [ 109.5411844, -7.4430688 ], [ 109.5416726, -7.4429837 ], [ 109.5420212, -7.4429571 ], [ 109.5425201, -7.4429199 ], [ 109.5428045, -7.442872 ], [ 109.5430673, -7.4427709 ], [ 109.5434696, -7.4426007 ], [ 109.5437593, -7.442489 ], [ 109.544226, -7.4424411 ], [ 109.5446504, -7.4424227 ], [ 109.5450294, -7.4423403 ], [ 109.545319, -7.4422486 ], [ 109.5455963, -7.4421264 ], [ 109.5458983, -7.4419706 ], [ 109.5463111, -7.4417537 ], [ 109.5464867, -7.4417079 ], [ 109.5469705, -7.4414604 ], [ 109.5472755, -7.4413229 ], [ 109.5474172, -7.4412404 ], [ 109.5475158, -7.4412038 ], [ 109.5476329, -7.4413351 ], [ 109.5477376, -7.441497 ], [ 109.5478824, -7.4416101 ], [ 109.5482029, -7.4415612 ], [ 109.5485972, -7.4414696 ], [ 109.5487944, -7.4414329 ], [ 109.549081, -7.4414359 ], [ 109.5493429, -7.4414421 ], [ 109.5494076, -7.441549 ], [ 109.5494569, -7.4417292 ], [ 109.5495031, -7.4419339 ], [ 109.5495986, -7.4421936 ], [ 109.5497095, -7.44238 ], [ 109.5499221, -7.4426488 ], [ 109.5501255, -7.4427771 ], [ 109.5503473, -7.442994 ], [ 109.5504767, -7.4431865 ], [ 109.5505568, -7.4433209 ], [ 109.5506708, -7.4435287 ], [ 109.5507879, -7.4437456 ] ] } },
{ "type": "Feature", "properties": { "waterway": "canal", "name": null }, "geometry": { "type": "LineString", "coordinates": [ [ 109.5390664, -7.4434136 ], [ 109.5391572, -7.4434029 ] ] } },
{ "type": "Feature", "properties": { "waterway": "river", "name": "Serayu" }, "geometry": { "type": "LineString", "coordinates": [ [ 109.564959, -7.421096 ], [ 109.5642302, -7.4208521 ], [ 109.5635812, -7.4209293 ], [ 109.5626802, -7.4213667 ], [ 109.5621107, -7.4223381 ], [ 109.5621222, -7.4230486 ], [ 109.5624839, -7.4235515 ], [ 109.5631961, -7.4245383 ], [ 109.5636872, -7.4254129 ], [ 109.5636248, -7.426262 ], [ 109.5633463, -7.427507 ], [ 109.5629167, -7.4283684 ], [ 109.5622734, -7.4289539 ], [ 109.5616722, -7.4289855 ], [ 109.5609855, -7.4285812 ], [ 109.5604062, -7.4276237 ], [ 109.5596555, -7.4270388 ], [ 109.5586467, -7.4271131 ], [ 109.5580891, -7.4277624 ], [ 109.5578956, -7.4288791 ], [ 109.5577884, -7.4301132 ], [ 109.5571664, -7.4305071 ], [ 109.5567158, -7.430273 ], [ 109.5565013, -7.4297199 ], [ 109.5565438, -7.428794 ], [ 109.556115, -7.4279751 ], [ 109.5555782, -7.4278578 ], [ 109.5551708, -7.4281453 ], [ 109.5548272, -7.4289855 ], [ 109.5545271, -7.4299964 ], [ 109.5539474, -7.4305388 ], [ 109.5534972, -7.430805 ], [ 109.5530306, -7.4307468 ], [ 109.552772, -7.4302339 ], [ 109.5531513, -7.4289859 ], [ 109.5529662, -7.4282373 ], [ 109.5524776, -7.427645 ], [ 109.5521128, -7.4274642 ], [ 109.5516612, -7.4274895 ], [ 109.5510721, -7.4279535 ], [ 109.5507242, -7.4287217 ], [ 109.5507288, -7.4296877 ], [ 109.5509648, -7.4305388 ], [ 109.5508891, -7.4308123 ], [ 109.5506004, -7.4308263 ], [ 109.5499456, -7.4304962 ], [ 109.5492164, -7.4302518 ], [ 109.5486045, -7.4302409 ], [ 109.5481539, -7.4305494 ], [ 109.5475316, -7.4311665 ], [ 109.5470791, -7.431463 ], [ 109.5454506, -7.4315072 ], [ 109.5449709, -7.4313242 ], [ 109.5444227, -7.4314971 ], [ 109.5438862, -7.4319045 ], [ 109.5438578, -7.4327939 ], [ 109.5440977, -7.434243 ], [ 109.544104, -7.4348833 ], [ 109.5438047, -7.4350807 ], [ 109.5430886, -7.4349802 ], [ 109.5423542, -7.4352546 ], [ 109.5414969, -7.4357488 ], [ 109.5410806, -7.4367222 ], [ 109.5402374, -7.4373967 ], [ 109.5395475, -7.4376829 ], [ 109.5388807, -7.4373643 ], [ 109.5384215, -7.4374063 ], [ 109.5379854, -7.437993 ], [ 109.53745, -7.439017 ], [ 109.5369484, -7.4396739 ], [ 109.5365332, -7.4400819 ], [ 109.5362371, -7.4400196 ], [ 109.5359346, -7.4393031 ], [ 109.5357473, -7.4383654 ], [ 109.5357286, -7.437459 ], [ 109.5357291, -7.4368047 ] ] } },
{ "type": "Feature", "properties": { "waterway": "river", "name": null }, "geometry": { "type": "LineString", "coordinates": [ [ 109.5953876, -7.2519581 ], [ 109.5953286, -7.2523094 ], [ 109.5953715, -7.2535014 ], [ 109.5953876, -7.2538952 ], [ 109.5956933, -7.2543741 ], [ 109.5959991, -7.2549009 ], [ 109.5960367, -7.2554597 ], [ 109.5959133, -7.2557257 ], [ 109.5955646, -7.25621 ], [ 109.5955324, -7.2569337 ], [ 109.5954198, -7.257402 ], [ 109.5953768, -7.2576947 ], [ 109.5955807, -7.2579767 ], [ 109.5957148, -7.2584556 ], [ 109.5959294, -7.2590463 ], [ 109.5959938, -7.2595625 ], [ 109.5958918, -7.2596742 ], [ 109.5955378, -7.2597966 ], [ 109.5952749, -7.2601212 ], [ 109.5954305, -7.260696 ], [ 109.5953929, -7.2613611 ], [ 109.5954037, -7.2617123 ], [ 109.5952159, -7.2621061 ], [ 109.5953071, -7.2626063 ], [ 109.5955485, -7.2629256 ], [ 109.595924, -7.2631172 ], [ 109.5961064, -7.26333 ], [ 109.5960742, -7.2636866 ], [ 109.5958006, -7.2638888 ], [ 109.595688, -7.2646019 ], [ 109.5956504, -7.2649637 ], [ 109.5956182, -7.2657353 ], [ 109.5955968, -7.2661983 ], [ 109.5954144, -7.2667251 ], [ 109.5949584, -7.2674967 ], [ 109.5946795, -7.2683055 ], [ 109.5944166, -7.2686035 ], [ 109.5943952, -7.2689441 ], [ 109.5947385, -7.2693059 ], [ 109.5949799, -7.2697316 ], [ 109.5948672, -7.2700562 ], [ 109.5945829, -7.2705564 ], [ 109.594878, -7.2712056 ], [ 109.5950174, -7.2715994 ], [ 109.5947117, -7.2720677 ], [ 109.5945775, -7.2727328 ], [ 109.594658, -7.2731958 ], [ 109.5948887, -7.2737917 ], [ 109.5952481, -7.2743398 ], [ 109.5957094, -7.2746485 ], [ 109.5960581, -7.2749837 ], [ 109.596557, -7.2753136 ], [ 109.5966428, -7.2758777 ], [ 109.5968467, -7.27633 ], [ 109.5971847, -7.2764949 ], [ 109.5974797, -7.2768089 ], [ 109.5975172, -7.2774315 ], [ 109.5975119, -7.2782882 ], [ 109.5974904, -7.2788895 ], [ 109.5973724, -7.2792673 ], [ 109.5968896, -7.2795546 ], [ 109.5966536, -7.2799963 ], [ 109.5965946, -7.2803421 ], [ 109.5964712, -7.280853 ], [ 109.5961708, -7.2812787 ], [ 109.5960206, -7.2816565 ], [ 109.5958114, -7.2821779 ], [ 109.595688, -7.2827739 ], [ 109.5957629, -7.2836955 ], [ 109.596042, -7.2840457 ], [ 109.5960528, -7.2845086 ], [ 109.5959346, -7.2850219 ], [ 109.5959889, -7.2852662 ], [ 109.5960313, -7.2856473 ], [ 109.5959187, -7.2861528 ], [ 109.5956504, -7.2865838 ], [ 109.5953608, -7.2868818 ], [ 109.5949209, -7.2868925 ], [ 109.5942825, -7.2866743 ], [ 109.5938855, -7.2866158 ], [ 109.5935851, -7.2868818 ], [ 109.5933008, -7.2874512 ], [ 109.5932364, -7.2879301 ], [ 109.5933974, -7.2885048 ], [ 109.5932954, -7.2888347 ], [ 109.5930594, -7.2892976 ], [ 109.5927107, -7.2902022 ], [ 109.5924157, -7.2911493 ], [ 109.5922601, -7.2916122 ], [ 109.5920777, -7.2924902 ], [ 109.5917988, -7.2928787 ], [ 109.5912409, -7.2930862 ], [ 109.5905328, -7.293166 ], [ 109.5897978, -7.2932405 ], [ 109.5893365, -7.2932618 ], [ 109.588843, -7.2934267 ], [ 109.5884353, -7.2934054 ], [ 109.5878184, -7.2930755 ], [ 109.5874751, -7.292884 ], [ 109.5869762, -7.2929585 ], [ 109.5864397, -7.2928361 ], [ 109.5860481, -7.2927882 ], [ 109.5855761, -7.2930596 ], [ 109.5851952, -7.293315 ], [ 109.5847875, -7.2932245 ], [ 109.5841491, -7.2932032 ], [ 109.5837253, -7.2933416 ], [ 109.583264, -7.2938311 ], [ 109.5825291, -7.294475 ], [ 109.5822877, -7.2948208 ], [ 109.5818692, -7.2949804 ], [ 109.5812041, -7.2949858 ], [ 109.5806783, -7.2947942 ], [ 109.5801419, -7.2946027 ], [ 109.5797771, -7.2945654 ], [ 109.5791388, -7.2947942 ], [ 109.5782053, -7.2952039 ], [ 109.57739, -7.2956403 ], [ 109.5767033, -7.2959116 ], [ 109.5760971, -7.2960659 ], [ 109.5754588, -7.2963745 ], [ 109.5748687, -7.297045 ], [ 109.5744771, -7.2973802 ], [ 109.5747828, -7.2979868 ], [ 109.5751476, -7.2983699 ], [ 109.5755124, -7.2988914 ], [ 109.5756358, -7.2993064 ], [ 109.5754749, -7.2996203 ], [ 109.574976, -7.3001897 ], [ 109.5744932, -7.300344 ], [ 109.5737529, -7.3003227 ], [ 109.5735007, -7.3001684 ], [ 109.5732701, -7.2997853 ], [ 109.5733559, -7.2993011 ], [ 109.573195, -7.2990457 ], [ 109.5724869, -7.2992266 ], [ 109.5718217, -7.2995884 ], [ 109.5713282, -7.2996257 ], [ 109.5707703, -7.2994181 ], [ 109.5702821, -7.2993809 ], [ 109.5697939, -7.299466 ], [ 109.5695847, -7.2998704 ], [ 109.5697778, -7.3006047 ], [ 109.5697993, -7.3009559 ], [ 109.5694721, -7.30119 ], [ 109.5688927, -7.3008122 ], [ 109.5682651, -7.3004078 ], [ 109.5677555, -7.3002269 ], [ 109.5672458, -7.3009293 ], [ 109.5673424, -7.3017221 ], [ 109.5672083, -7.3021903 ], [ 109.5668167, -7.302616 ], [ 109.5665967, -7.3037281 ], [ 109.566645, -7.3048827 ], [ 109.5667201, -7.3051434 ], [ 109.5670688, -7.3055957 ], [ 109.5674121, -7.306197 ], [ 109.5674175, -7.3064737 ], [ 109.5670956, -7.3067663 ], [ 109.5669562, -7.3072771 ], [ 109.5674497, -7.3082189 ], [ 109.5677286, -7.3087297 ], [ 109.5676267, -7.3098471 ], [ 109.5681363, -7.3107622 ], [ 109.5685387, -7.311837 ], [ 109.568662, -7.3127788 ], [ 109.5688337, -7.3136248 ], [ 109.5685816, -7.3144921 ], [ 109.5682812, -7.3147954 ], [ 109.5679218, -7.3149603 ], [ 109.567439, -7.315104 ], [ 109.567219, -7.3155563 ], [ 109.5672727, -7.3160458 ], [ 109.5672458, -7.3163225 ], [ 109.5668971, -7.3164555 ], [ 109.5661622, -7.3164502 ], [ 109.5657492, -7.3164395 ], [ 109.564966, -7.316514 ], [ 109.5645422, -7.3167002 ], [ 109.5637858, -7.3171152 ], [ 109.5626485, -7.317791 ], [ 109.5623106, -7.3180091 ], [ 109.5622569, -7.3183071 ], [ 109.5625359, -7.3183656 ], [ 109.5627236, -7.3185572 ], [ 109.5630401, -7.3191158 ], [ 109.5635927, -7.3195362 ], [ 109.5642418, -7.3195202 ], [ 109.5644993, -7.3193925 ], [ 109.5645529, -7.3190626 ], [ 109.564451, -7.3185306 ], [ 109.564569, -7.3180091 ], [ 109.565025, -7.3177644 ], [ 109.5657116, -7.3179346 ], [ 109.5658457, -7.3183443 ], [ 109.5656097, -7.3188232 ], [ 109.5657974, -7.3193553 ], [ 109.5658189, -7.3196479 ], [ 109.5655721, -7.3202811 ], [ 109.5647997, -7.3214303 ], [ 109.5644081, -7.3224785 ], [ 109.5646012, -7.3229787 ], [ 109.5651269, -7.3234894 ], [ 109.565717, -7.3237501 ], [ 109.5660496, -7.3242716 ], [ 109.5660174, -7.325075 ], [ 109.565835, -7.3261817 ], [ 109.5657331, -7.3266712 ], [ 109.5654219, -7.3271713 ], [ 109.5654595, -7.3279056 ], [ 109.5653039, -7.3282674 ], [ 109.5647675, -7.3282088 ], [ 109.5639306, -7.328012 ], [ 109.5632654, -7.3280652 ], [ 109.5628953, -7.3283525 ], [ 109.5629704, -7.3289324 ], [ 109.5634586, -7.3297837 ], [ 109.5637429, -7.3304382 ], [ 109.5634854, -7.3313107 ], [ 109.5630133, -7.3323216 ], [ 109.562509, -7.3323429 ], [ 109.5613181, -7.3319811 ], [ 109.560374, -7.3318641 ], [ 109.5597196, -7.3319918 ], [ 109.5589363, -7.3317683 ], [ 109.5580566, -7.3317896 ], [ 109.5572305, -7.331215 ], [ 109.5564258, -7.3308053 ], [ 109.5557928, -7.3306244 ], [ 109.5553744, -7.3308478 ], [ 109.5550471, -7.3313214 ], [ 109.5544892, -7.331497 ], [ 109.5535022, -7.3312948 ], [ 109.5527351, -7.3313693 ], [ 109.5519036, -7.3313959 ], [ 109.551335, -7.3313161 ], [ 109.5505679, -7.3311511 ], [ 109.5500153, -7.3308266 ], [ 109.5499563, -7.3302573 ], [ 109.5497364, -7.329938 ], [ 109.5491662, -7.3296839 ], [ 109.5486689, -7.3296614 ], [ 109.5478741, -7.3295478 ], [ 109.5474496, -7.329196 ], [ 109.5471346, -7.3285281 ], [ 109.5469789, -7.3279552 ], [ 109.5467185, -7.3274617 ], [ 109.5461243, -7.3272258 ], [ 109.5448815, -7.3269273 ], [ 109.5443344, -7.3267162 ], [ 109.5437319, -7.3266445 ], [ 109.5435017, -7.3265819 ], [ 109.5431489, -7.3262775 ], [ 109.5423442, -7.3259582 ], [ 109.541879, -7.3255714 ], [ 109.5411172, -7.3254637 ], [ 109.5403486, -7.3255006 ], [ 109.5394839, -7.3256824 ], [ 109.5388055, -7.3260548 ], [ 109.5380148, -7.3265911 ], [ 109.5372847, -7.3273087 ], [ 109.5365258, -7.3277299 ], [ 109.5361161, -7.3278896 ], [ 109.5358718, -7.3280576 ], [ 109.5349968, -7.3284119 ], [ 109.5345376, -7.3284973 ], [ 109.5340146, -7.328423 ], [ 109.5335966, -7.3280576 ], [ 109.5333899, -7.3275003 ], [ 109.5331603, -7.3268574 ], [ 109.5330679, -7.3267128 ], [ 109.5328277, -7.3266659 ], [ 109.5325729, -7.3266358 ], [ 109.5322041, -7.326563 ], [ 109.5320062, -7.3263844 ], [ 109.5317346, -7.3261477 ], [ 109.5311605, -7.3258376 ], [ 109.5306524, -7.3257848 ], [ 109.5300073, -7.3258795 ], [ 109.5292389, -7.3256656 ], [ 109.5290885, -7.325434 ], [ 109.5290502, -7.3252418 ], [ 109.5291414, -7.3250587 ], [ 109.5292775, -7.3249234 ], [ 109.5294474, -7.3247209 ] ] } },
{ "type": "Feature", "properties": { "waterway": "river", "name": null }, "geometry": { "type": "LineString", "coordinates": [ [ 109.5306524, -7.3257848 ], [ 109.5300222, -7.325314 ], [ 109.5294474, -7.3247209 ], [ 109.5293368, -7.3243608 ], [ 109.5290351, -7.3240587 ], [ 109.5284603, -7.323694 ], [ 109.5280641, -7.3235692 ], [ 109.5277373, -7.3235006 ], [ 109.5274228, -7.3235176 ], [ 109.5272482, -7.3236445 ], [ 109.5271383, -7.3238203 ], [ 109.5270347, -7.3239929 ], [ 109.5267985, -7.3241105 ], [ 109.5262042, -7.324198 ], [ 109.5255534, -7.3242532 ], [ 109.5249047, -7.3241673 ], [ 109.5242968, -7.324025 ], [ 109.5238395, -7.3240829 ], [ 109.5236216, -7.3241302 ], [ 109.5234499, -7.3242325 ], [ 109.5233933, -7.3244824 ], [ 109.5233736, -7.3247873 ], [ 109.5232294, -7.3250426 ], [ 109.5230315, -7.3253001 ], [ 109.5227319, -7.3254049 ], [ 109.5221115, -7.325624 ], [ 109.52194, -7.3256389 ], [ 109.5218517, -7.3256292 ], [ 109.5218319, -7.3255785 ], [ 109.5218429, -7.3254606 ], [ 109.5218589, -7.3253317 ], [ 109.5218969, -7.3250922 ], [ 109.5217948, -7.3249153 ], [ 109.5216495, -7.324769 ], [ 109.5212558, -7.3245347 ], [ 109.5210289, -7.3244056 ], [ 109.5207497, -7.324359 ], [ 109.5206374, -7.3244323 ], [ 109.5205497, -7.3245484 ], [ 109.5201917, -7.3249353 ], [ 109.5200406, -7.3253083 ], [ 109.5199789, -7.3255958 ], [ 109.5199629, -7.326114 ], [ 109.5198893, -7.3264716 ], [ 109.5196555, -7.326496 ], [ 109.5195454, -7.3264105 ], [ 109.5189911, -7.3260459 ], [ 109.5188209, -7.3259492 ], [ 109.5185151, -7.3259136 ], [ 109.5178578, -7.3261688 ], [ 109.5173251, -7.3268031 ], [ 109.5169061, -7.327283 ], [ 109.5164233, -7.3272086 ], [ 109.5159566, -7.3272032 ], [ 109.5153451, -7.3273575 ], [ 109.5149696, -7.3277619 ], [ 109.5147604, -7.3281556 ], [ 109.5145243, -7.3289218 ], [ 109.5139396, -7.3296294 ], [ 109.5135319, -7.3301296 ], [ 109.5125985, -7.3314118 ], [ 109.5119333, -7.3319705 ], [ 109.5111448, -7.3322684 ], [ 109.5096266, -7.3319758 ], [ 109.50876, -7.331421 ], [ 109.5086127, -7.3313267 ], [ 109.5077062, -7.3309596 ], [ 109.5066118, -7.3305712 ], [ 109.5058876, -7.330071 ], [ 109.5054665, -7.3299424 ], [ 109.5050454, -7.329954 ], [ 109.5047354, -7.3300135 ], [ 109.5044607, -7.330257 ], [ 109.5044823, -7.3305654 ], [ 109.5043802, -7.3308212 ], [ 109.5043048, -7.3310882 ], [ 109.5041764, -7.3313026 ], [ 109.5035522, -7.3315564 ], [ 109.502667, -7.3318597 ], [ 109.5017308, -7.3322894 ], [ 109.5013922, -7.3325664 ], [ 109.5009845, -7.3331357 ], [ 109.5003837, -7.3335879 ], [ 109.5000055, -7.3337926 ], [ 109.4996856, -7.3339377 ], [ 109.4993248, -7.3340457 ], [ 109.4990506, -7.3341329 ], [ 109.498578, -7.3342752 ], [ 109.4982856, -7.3343747 ], [ 109.4980157, -7.3344977 ], [ 109.4977025, -7.3346229 ], [ 109.4973992, -7.3347326 ], [ 109.4972106, -7.3348115 ], [ 109.4969351, -7.334931 ], [ 109.4966712, -7.3350257 ], [ 109.496296, -7.3351947 ], [ 109.4956094, -7.3354182 ], [ 109.4947672, -7.3355938 ], [ 109.494161, -7.3356204 ], [ 109.4935065, -7.3355618 ], [ 109.493072, -7.3354554 ], [ 109.4923178, -7.3352787 ], [ 109.4918672, -7.3353638 ], [ 109.4913196, -7.3355267 ], [ 109.4908508, -7.3355873 ], [ 109.4903587, -7.3357289 ], [ 109.4895135, -7.3359381 ], [ 109.4889729, -7.3359895 ], [ 109.4885461, -7.335989 ], [ 109.4880801, -7.3359742 ], [ 109.4874634, -7.3359146 ], [ 109.4870421, -7.3359312 ], [ 109.4866684, -7.3358674 ], [ 109.4863969, -7.336503 ], [ 109.4862943, -7.3369197 ], [ 109.4860307, -7.3369174 ], [ 109.4850651, -7.3369813 ], [ 109.4832841, -7.3368536 ], [ 109.4821898, -7.3364492 ], [ 109.481825, -7.3364067 ], [ 109.48028, -7.3367685 ], [ 109.4793788, -7.3365769 ], [ 109.4774047, -7.3364492 ], [ 109.4753448, -7.3359172 ], [ 109.4737574, -7.3356503 ], [ 109.4725431, -7.3358228 ], [ 109.4718668, -7.3360624 ], [ 109.4711801, -7.3363974 ], [ 109.4708933, -7.3365057 ], [ 109.4694439, -7.3362752 ], [ 109.4679419, -7.3357682 ], [ 109.467223, -7.3355554 ] ] } },
{ "type": "Feature", "properties": { "waterway": "stream", "name": null }, "geometry": { "type": "LineString", "coordinates": [ [ 109.7324082, -7.4713258 ], [ 109.7325316, -7.4713418 ], [ 109.7325638, -7.4715279 ], [ 109.7325745, -7.4717008 ], [ 109.7326148, -7.471738 ], [ 109.732714, -7.4718018 ], [ 109.7327576, -7.4718146 ], [ 109.7328052, -7.4718417 ], [ 109.7335213, -7.4721715 ], [ 109.7339907, -7.4726475 ], [ 109.7342616, -7.473097 ], [ 109.7345513, -7.4737087 ], [ 109.7346559, -7.4741421 ], [ 109.734723, -7.4743655 ], [ 109.7347069, -7.474424 ], [ 109.7346988, -7.4744932 ], [ 109.7347015, -7.474549 ], [ 109.7347391, -7.4746474 ], [ 109.7347793, -7.474682 ], [ 109.7348866, -7.4747458 ], [ 109.7351092, -7.4747644 ], [ 109.7352782, -7.4747352 ], [ 109.7356081, -7.4745783 ], [ 109.7356993, -7.4745065 ], [ 109.7357529, -7.4744825 ], [ 109.7358629, -7.4744506 ], [ 109.7359166, -7.4744294 ], [ 109.7359729, -7.47444 ], [ 109.7360238, -7.4744825 ], [ 109.736056, -7.4745251 ], [ 109.735989, -7.4750091 ], [ 109.7359031, -7.475166 ], [ 109.7358522, -7.4752112 ], [ 109.7358012, -7.4752352 ], [ 109.7356269, -7.4752963 ], [ 109.7353828, -7.4753575 ], [ 109.7353211, -7.475424 ], [ 109.7352755, -7.475666 ], [ 109.7352514, -7.4757325 ], [ 109.7352165, -7.475783 ], [ 109.735136, -7.4758734 ], [ 109.7349885, -7.4759984 ], [ 109.7346318, -7.4761527 ], [ 109.7343233, -7.4762351 ], [ 109.734267, -7.4762697 ], [ 109.7342026, -7.4762909 ], [ 109.7339505, -7.4763548 ], [ 109.7338915, -7.4763814 ], [ 109.7337708, -7.4764213 ], [ 109.7337198, -7.4764425 ], [ 109.7336742, -7.4764718 ], [ 109.733524, -7.4765941 ], [ 109.7334757, -7.4770382 ], [ 109.7334462, -7.4773919 ], [ 109.7334811, -7.4773494 ], [ 109.7333282, -7.4776632 ], [ 109.7332665, -7.4778733 ], [ 109.7332451, -7.4779291 ], [ 109.7331887, -7.4780249 ], [ 109.7331834, -7.4782908 ], [ 109.7330466, -7.4785435 ], [ 109.7328132, -7.4788147 ], [ 109.7327596, -7.4789105 ], [ 109.7327542, -7.4790275 ], [ 109.7328347, -7.4791072 ], [ 109.7329205, -7.4791604 ], [ 109.7330278, -7.4791764 ], [ 109.7332478, -7.4791285 ], [ 109.7335535, -7.4789743 ], [ 109.7336447, -7.4789211 ], [ 109.7338003, -7.4788892 ], [ 109.7338915, -7.478937 ], [ 109.733988, -7.4790062 ], [ 109.7340578, -7.479086 ], [ 109.734149, -7.4791711 ], [ 109.7342509, -7.4792189 ], [ 109.7344816, -7.4792615 ], [ 109.7346371, -7.4793625 ], [ 109.7346747, -7.4795008 ], [ 109.7347015, -7.4796232 ], [ 109.7347176, -7.4797402 ], [ 109.7347444, -7.4798466 ], [ 109.7348893, -7.4801444 ], [ 109.7349161, -7.4802561 ], [ 109.7349644, -7.4803518 ], [ 109.7350234, -7.4804476 ], [ 109.7350717, -7.480554 ], [ 109.7351521, -7.4806337 ], [ 109.735238, -7.4806922 ], [ 109.7353184, -7.480772 ], [ 109.7353882, -7.4808571 ], [ 109.7354257, -7.4809688 ], [ 109.7354364, -7.4810752 ], [ 109.7353989, -7.4811762 ], [ 109.7353023, -7.4812507 ], [ 109.7351897, -7.4813092 ], [ 109.7349966, -7.4814369 ], [ 109.7346908, -7.4816017 ], [ 109.734621, -7.4816868 ], [ 109.7345781, -7.4817879 ], [ 109.7345567, -7.4818996 ], [ 109.7345492, -7.4823097 ], [ 109.7345693, -7.4824487 ], [ 109.7346293, -7.4825877 ], [ 109.7346593, -7.4827762 ], [ 109.7347194, -7.4829251 ], [ 109.7347995, -7.483074 ], [ 109.7348495, -7.4831732 ], [ 109.7350097, -7.4832129 ], [ 109.7351098, -7.4831435 ], [ 109.73529, -7.4831335 ], [ 109.7353901, -7.4831633 ], [ 109.7355403, -7.4833618 ], [ 109.7356404, -7.4836 ], [ 109.7357405, -7.4838283 ], [ 109.7358005, -7.483997 ], [ 109.7358506, -7.4841955 ], [ 109.7358206, -7.4843543 ], [ 109.7357104, -7.4844734 ], [ 109.7356203, -7.4845727 ], [ 109.7354001, -7.4846223 ], [ 109.7351198, -7.4846421 ], [ 109.7348796, -7.4846223 ], [ 109.7346794, -7.4845627 ], [ 109.7345092, -7.4845528 ], [ 109.734349, -7.4845925 ], [ 109.7341889, -7.4845826 ], [ 109.7340087, -7.484533 ], [ 109.7337484, -7.4844436 ], [ 109.7336183, -7.4844933 ], [ 109.7335482, -7.4846918 ], [ 109.7335782, -7.4848406 ], [ 109.7336683, -7.48493 ], [ 109.7338685, -7.4850094 ], [ 109.7340487, -7.4851582 ], [ 109.7341588, -7.4853667 ], [ 109.7342389, -7.4855751 ], [ 109.7340087, -7.4858133 ], [ 109.7338485, -7.4859026 ], [ 109.7335882, -7.4860217 ], [ 109.7334681, -7.4861309 ], [ 109.7335182, -7.4863294 ], [ 109.7336683, -7.4864882 ], [ 109.7338285, -7.4866867 ], [ 109.7340187, -7.4868356 ], [ 109.7340988, -7.4869348 ], [ 109.7341588, -7.4871036 ], [ 109.7341188, -7.4873021 ], [ 109.7339586, -7.4874609 ], [ 109.7337784, -7.4876097 ], [ 109.7335882, -7.4877785 ], [ 109.7335782, -7.4879571 ], [ 109.7335882, -7.4881755 ], [ 109.7336984, -7.4883243 ], [ 109.7339486, -7.4883442 ], [ 109.7341588, -7.4883541 ], [ 109.734299, -7.488364 ], [ 109.7345292, -7.4884137 ], [ 109.7347094, -7.4884831 ], [ 109.7348596, -7.4885427 ], [ 109.7349697, -7.4887213 ], [ 109.7350397, -7.4889397 ], [ 109.7350197, -7.489158 ], [ 109.7350197, -7.4893764 ], [ 109.7348896, -7.4895153 ], [ 109.7348596, -7.4898032 ], [ 109.7348495, -7.4900513 ], [ 109.7350798, -7.4901902 ], [ 109.73527, -7.4902895 ], [ 109.7355102, -7.4902994 ], [ 109.7356604, -7.4903689 ], [ 109.7359307, -7.4905475 ], [ 109.736221, -7.4906567 ], [ 109.7363911, -7.4907063 ], [ 109.7365813, -7.4907857 ], [ 109.7367315, -7.490885 ], [ 109.7368316, -7.4910537 ], [ 109.7370618, -7.4911232 ], [ 109.7372821, -7.4910636 ], [ 109.7375023, -7.4909644 ], [ 109.7377626, -7.4909346 ], [ 109.7380429, -7.4909842 ], [ 109.7382431, -7.4911529 ], [ 109.7384032, -7.4913614 ], [ 109.7385033, -7.4915301 ], [ 109.7386635, -7.4917286 ], [ 109.7387436, -7.4919271 ], [ 109.7386435, -7.4921157 ], [ 109.7383932, -7.4923142 ], [ 109.738153, -7.4925027 ], [ 109.7379728, -7.4926715 ], [ 109.7377526, -7.4929096 ], [ 109.7376625, -7.4930486 ], [ 109.7375523, -7.4931875 ], [ 109.7373944, -7.4934784 ], [ 109.7373623, -7.4938294 ], [ 109.7372121, -7.4941432 ], [ 109.7371799, -7.4943719 ], [ 109.7371799, -7.4947069 ], [ 109.7372013, -7.4948133 ], [ 109.737255, -7.4949037 ], [ 109.7373301, -7.4949888 ], [ 109.737432, -7.4950261 ], [ 109.7376734, -7.4950633 ], [ 109.7381401, -7.4950633 ], [ 109.7382474, -7.495042 ], [ 109.7384673, -7.4950314 ], [ 109.7385693, -7.4950101 ], [ 109.7386658, -7.4949622 ], [ 109.7387463, -7.4948931 ], [ 109.7388804, -7.4945899 ], [ 109.738934, -7.4943772 ], [ 109.738993, -7.4942868 ], [ 109.7391593, -7.4942815 ], [ 109.7394061, -7.4945208 ], [ 109.7396743, -7.4948825 ], [ 109.7397065, -7.4951112 ], [ 109.7397494, -7.4952175 ], [ 109.7398192, -7.4953079 ], [ 109.7399104, -7.4953665 ], [ 109.7402537, -7.495526 ], [ 109.7404414, -7.4956802 ], [ 109.7405058, -7.4957813 ], [ 109.7405326, -7.4958877 ], [ 109.7406936, -7.4962866 ], [ 109.7407633, -7.4963663 ], [ 109.7408706, -7.4964142 ], [ 109.7410852, -7.4964461 ], [ 109.7411871, -7.4964834 ], [ 109.7413748, -7.4965738 ], [ 109.7414392, -7.4966695 ], [ 109.7416216, -7.4972545 ], [ 109.7416645, -7.4973556 ], [ 109.7416699, -7.4974566 ], [ 109.7414446, -7.4981055 ], [ 109.7412944, -7.4985948 ], [ 109.7412461, -7.4987012 ], [ 109.7411925, -7.4989192 ], [ 109.7411817, -7.4990256 ], [ 109.7411871, -7.4991267 ], [ 109.7412783, -7.4991905 ], [ 109.7414982, -7.4992437 ], [ 109.7417182, -7.4993288 ], [ 109.7419006, -7.4994458 ], [ 109.7421902, -7.4995947 ], [ 109.7422761, -7.4996638 ], [ 109.7422761, -7.4998021 ], [ 109.7422332, -7.4999085 ], [ 109.7421741, -7.4999989 ], [ 109.7420239, -7.5001744 ], [ 109.7418308, -7.5004457 ], [ 109.7417986, -7.500552 ], [ 109.7418791, -7.5007382 ], [ 109.7424424, -7.5010945 ], [ 109.7426248, -7.5012381 ], [ 109.7427964, -7.5014083 ], [ 109.7429413, -7.5015785 ], [ 109.7430003, -7.5016742 ], [ 109.7431987, -7.5018817 ], [ 109.7432685, -7.5020997 ], [ 109.743247, -7.5022114 ], [ 109.7431773, -7.5023763 ], [ 109.7431022, -7.5024561 ], [ 109.7429091, -7.5025943 ], [ 109.7427964, -7.5026528 ], [ 109.7427159, -7.5027273 ], [ 109.7426408, -7.5028177 ], [ 109.7426248, -7.5030411 ], [ 109.742732, -7.5032379 ], [ 109.7428715, -7.5034187 ], [ 109.7430325, -7.5035623 ], [ 109.743644, -7.5043601 ], [ 109.7438425, -7.5049292 ], [ 109.7440383, -7.5054291 ], [ 109.7440945, -7.5055367 ] ] } },
{ "type": "Feature", "properties": { "waterway": "stream", "name": "Kali sapi" }, "geometry": { "type": "LineString", "coordinates": [ [ 109.7302367, -7.2373864 ], [ 109.7301117, -7.2373466 ], [ 109.7300031, -7.2372974 ], [ 109.729904, -7.2372927 ], [ 109.7298663, -7.2373513 ], [ 109.729838, -7.2374332 ], [ 109.7297955, -7.237494 ], [ 109.7296492, -7.2375245 ], [ 109.7295218, -7.2375057 ], [ 109.7293165, -7.2374777 ], [ 109.7291679, -7.237494 ], [ 109.7290947, -7.2375338 ], [ 109.729024, -7.2375783 ], [ 109.7289343, -7.2375994 ], [ 109.7288116, -7.2376087 ], [ 109.7286795, -7.2376087 ], [ 109.7286323, -7.2375689 ], [ 109.7285473, -7.2375174 ], [ 109.7284766, -7.2375151 ], [ 109.7284199, -7.2375151 ], [ 109.7283421, -7.2375081 ], [ 109.7282689, -7.2375034 ], [ 109.7282099, -7.2374847 ], [ 109.7280967, -7.2374472 ], [ 109.7280401, -7.2374121 ], [ 109.7279386, -7.2373559 ], [ 109.7278592, -7.2373078 ], [ 109.7278109, -7.2371548 ], [ 109.7278002, -7.2370643 ], [ 109.7276942, -7.2368248 ], [ 109.7276594, -7.2367317 ], [ 109.7276419, -7.2366625 ], [ 109.7276567, -7.2365149 ], [ 109.7276674, -7.236463 ], [ 109.7276621, -7.2364137 ], [ 109.7276232, -7.2364111 ], [ 109.7275588, -7.2364244 ], [ 109.7274636, -7.2364364 ], [ 109.7273764, -7.2363738 ], [ 109.7273697, -7.2363233 ], [ 109.7273603, -7.2362381 ], [ 109.7273187, -7.2361942 ], [ 109.7272235, -7.2361703 ], [ 109.7271632, -7.2361423 ], [ 109.7271001, -7.2360838 ], [ 109.7270612, -7.2360239 ], [ 109.7270358, -7.2359428 ] ] } },
{ "type": "Feature", "properties": { "waterway": "stream", "name": null }, "geometry": { "type": "LineString", "coordinates": [ [ 109.9126037, -7.1945614 ], [ 109.9123912, -7.1944543 ], [ 109.9121317, -7.1943438 ], [ 109.9117313, -7.1941256 ], [ 109.9115691, -7.1940371 ], [ 109.9115228, -7.1939859 ], [ 109.9114873, -7.193954 ], [ 109.9114558, -7.1939344 ] ] } },
{ "type": "Feature", "properties": { "waterway": "stream", "name": null }, "geometry": { "type": "LineString", "coordinates": [ [ 109.8943895, -7.1860145 ], [ 109.8941535, -7.1857537 ], [ 109.894073, -7.1855462 ], [ 109.8936814, -7.185312 ], [ 109.8935956, -7.1850299 ], [ 109.8935279, -7.1846389 ], [ 109.8933247, -7.1841956 ], [ 109.8931825, -7.1840879 ], [ 109.8929163, -7.1838583 ], [ 109.8927292, -7.1835809 ], [ 109.8925884, -7.1832523 ], [ 109.8923698, -7.1830048 ], [ 109.8922518, -7.1829143 ], [ 109.8920386, -7.1828478 ], [ 109.8919085, -7.1828478 ], [ 109.8917542, -7.1827254 ], [ 109.8916557, -7.1826815 ], [ 109.8915035, -7.1824446 ], [ 109.8913801, -7.1822889 ], [ 109.8912218, -7.1822343 ], [ 109.8911501, -7.1821825 ], [ 109.8910991, -7.1821113 ], [ 109.8910046, -7.1819829 ], [ 109.8908356, -7.181786 ], [ 109.8907632, -7.1815944 ], [ 109.8907444, -7.1814666 ], [ 109.8907793, -7.1812857 ] ] } },
{ "type": "Feature", "properties": { "waterway": "stream", "name": null }, "geometry": { "type": "LineString", "coordinates": [ [ 109.8896621, -7.183557 ], [ 109.8896621, -7.1834119 ], [ 109.8896769, -7.1833454 ], [ 109.8896943, -7.1833148 ], [ 109.8896956, -7.183231 ], [ 109.889701, -7.1831232 ], [ 109.8896956, -7.1830314 ], [ 109.8896219, -7.1829516 ], [ 109.8895401, -7.1828664 ], [ 109.8894998, -7.182752 ], [ 109.8896232, -7.1824859 ], [ 109.8898432, -7.1823049 ], [ 109.8898244, -7.182068 ], [ 109.8899451, -7.1820148 ], [ 109.8900095, -7.1818844 ], [ 109.8900135, -7.1818405 ], [ 109.8900138, -7.1817872 ] ] } },
{ "type": "Feature", "properties": { "waterway": "stream", "name": null }, "geometry": { "type": "LineString", "coordinates": [ [ 109.851104, -7.1831192 ], [ 109.8513025, -7.1832922 ], [ 109.8514152, -7.183364 ], [ 109.8515305, -7.1834572 ], [ 109.8516566, -7.1835743 ], [ 109.8517665, -7.1837126 ], [ 109.8519167, -7.1838377 ], [ 109.8520777, -7.1839388 ], [ 109.8522493, -7.1839521 ], [ 109.8523861, -7.1839708 ], [ 109.8525417, -7.1840666 ], [ 109.852775, -7.1842156 ], [ 109.8529708, -7.184354 ], [ 109.853282, -7.1845456 ], [ 109.8535475, -7.1847505 ], [ 109.8536816, -7.1849847 ], [ 109.8537433, -7.1851443 ], [ 109.8537594, -7.1852747 ], [ 109.8537567, -7.1855515 ], [ 109.8537755, -7.1856194 ], [ 109.8537996, -7.1857085 ], [ 109.8538184, -7.1857604 ], [ 109.853809, -7.1857923 ], [ 109.8537715, -7.1858229 ], [ 109.853691, -7.1858509 ], [ 109.8536119, -7.1858974 ], [ 109.8535328, -7.1859533 ], [ 109.8535073, -7.1860039 ], [ 109.8535435, -7.1861024 ], [ 109.8535757, -7.1861609 ], [ 109.8535824, -7.1862194 ], [ 109.8535448, -7.186254 ], [ 109.8534603, -7.1862953 ], [ 109.853404, -7.1863658 ], [ 109.8533785, -7.186427 ], [ 109.8533296, -7.1864383 ], [ 109.8532156, -7.1864696 ], [ 109.8531988, -7.1864869 ] ] } },
{ "type": "Feature", "properties": { "waterway": "river", "name": null }, "geometry": { "type": "LineString", "coordinates": [ [ 109.8459622, -7.2153101 ], [ 109.8458469, -7.2152622 ], [ 109.8457128, -7.2151584 ], [ 109.8456833, -7.2150626 ], [ 109.8456216, -7.215044 ], [ 109.8455062, -7.2150653 ], [ 109.8453185, -7.2151025 ], [ 109.8452488, -7.2150946 ], [ 109.8451602, -7.2151185 ], [ 109.8451227, -7.2151291 ], [ 109.845061, -7.2151172 ], [ 109.8449846, -7.2150453 ], [ 109.8449832, -7.2149695 ], [ 109.8449819, -7.2149043 ], [ 109.844939, -7.214891 ], [ 109.8448987, -7.2149136 ], [ 109.8448504, -7.2149256 ], [ 109.8447901, -7.214875 ], [ 109.8447324, -7.2148178 ], [ 109.8446667, -7.2148138 ], [ 109.8446345, -7.2148511 ], [ 109.8446171, -7.2148976 ], [ 109.8446064, -7.2149695 ], [ 109.8445608, -7.2150294 ], [ 109.8445125, -7.2150746 ], [ 109.844483, -7.2151238 ], [ 109.8444629, -7.2152063 ], [ 109.8443851, -7.2152875 ], [ 109.8442832, -7.2152968 ], [ 109.8441866, -7.2151983 ], [ 109.8441142, -7.2151504 ], [ 109.8438567, -7.2152861 ], [ 109.8437038, -7.2154298 ], [ 109.8435536, -7.2155789 ], [ 109.8434007, -7.2157465 ], [ 109.8431888, -7.2158343 ], [ 109.8430386, -7.2159328 ], [ 109.8426577, -7.216284 ], [ 109.8424552, -7.2164157 ], [ 109.8424083, -7.2164556 ], [ 109.842356, -7.2165062 ], [ 109.8422769, -7.2166885 ], [ 109.8422353, -7.2168867 ], [ 109.8421454, -7.2171222 ], [ 109.8419926, -7.2172925 ], [ 109.8417512, -7.2174681 ], [ 109.8416144, -7.2175879 ], [ 109.8416251, -7.2178353 ], [ 109.8415393, -7.2181068 ], [ 109.8414266, -7.2183782 ], [ 109.8411637, -7.2185698 ], [ 109.8409653, -7.2187933 ], [ 109.8408526, -7.2190062 ], [ 109.8408794, -7.2193255 ], [ 109.8409009, -7.2195862 ], [ 109.8407668, -7.2197991 ], [ 109.8407078, -7.2198683 ], [ 109.8405307, -7.2202302 ], [ 109.8403913, -7.2205495 ], [ 109.840343, -7.2209114 ], [ 109.8403484, -7.2212733 ], [ 109.8403779, -7.2214117 ], [ 109.8405173, -7.2214808 ], [ 109.840626, -7.2215487 ], [ 109.8406447, -7.2216525 ], [ 109.8405348, -7.2219625 ], [ 109.8403993, -7.222343 ], [ 109.8403457, -7.2226623 ], [ 109.8402974, -7.2228486 ], [ 109.8403645, -7.2229683 ], [ 109.8404691, -7.2229869 ], [ 109.8406112, -7.2229337 ], [ 109.8408017, -7.2228406 ], [ 109.8410243, -7.2227874 ], [ 109.8411182, -7.222814 ], [ 109.8411638, -7.2228565 ], [ 109.8411691, -7.2229497 ], [ 109.8411852, -7.2230481 ], [ 109.8413274, -7.2231546 ], [ 109.8415741, -7.2232637 ], [ 109.8418075, -7.223253 ], [ 109.8420301, -7.2231998 ], [ 109.8421602, -7.2232158 ], [ 109.8422179, -7.2232943 ], [ 109.8422286, -7.2234074 ], [ 109.8422299, -7.2234513 ], [ 109.8422863, -7.2234725 ], [ 109.8424231, -7.2235164 ], [ 109.8425437, -7.223579 ], [ 109.8425317, -7.2236468 ], [ 109.8424955, -7.2237147 ], [ 109.8424298, -7.2237413 ], [ 109.8423399, -7.22374 ], [ 109.8422299, -7.2237293 ], [ 109.8421374, -7.2237586 ], [ 109.8421186, -7.2238624 ], [ 109.8421991, -7.2239582 ], [ 109.8423654, -7.224038 ], [ 109.8426872, -7.2242243 ], [ 109.842816, -7.2243041 ], [ 109.8429045, -7.2244052 ], [ 109.8429126, -7.2245595 ], [ 109.8428401, -7.2246473 ], [ 109.8427141, -7.2246952 ], [ 109.8425344, -7.2247564 ], [ 109.8422983, -7.2247644 ], [ 109.8421589, -7.2247937 ], [ 109.8420998, -7.2248602 ], [ 109.8421106, -7.2250119 ], [ 109.8422447, -7.2251077 ], [ 109.8424861, -7.2253126 ], [ 109.8426872, -7.2254696 ], [ 109.8427865, -7.2256079 ], [ 109.8427597, -7.2256957 ], [ 109.8426175, -7.2260762 ], [ 109.8424512, -7.2262944 ], [ 109.8422903, -7.2264142 ], [ 109.8420677, -7.226486 ], [ 109.8417056, -7.2267095 ], [ 109.8416063, -7.2269543 ], [ 109.841609, -7.2271007 ], [ 109.841609, -7.2274227 ], [ 109.8415714, -7.2276488 ], [ 109.8415205, -7.2278165 ], [ 109.8413596, -7.2279921 ], [ 109.8413542, -7.2281198 ], [ 109.8414186, -7.2282529 ], [ 109.8414749, -7.2282954 ], [ 109.8414937, -7.2284232 ], [ 109.8412845, -7.2285296 ], [ 109.8411825, -7.22866 ], [ 109.8411047, -7.2288808 ], [ 109.8411208, -7.2290325 ], [ 109.8410726, -7.2293146 ], [ 109.8410913, -7.2295248 ], [ 109.8411933, -7.2296977 ], [ 109.8412362, -7.2298467 ], [ 109.8411959, -7.2302831 ], [ 109.8412791, -7.2305785 ], [ 109.8413783, -7.2307834 ], [ 109.8414588, -7.2311452 ], [ 109.841373, -7.2313581 ], [ 109.8410672, -7.2315869 ], [ 109.8409438, -7.2318477 ], [ 109.8409921, -7.2320287 ], [ 109.8409384, -7.2322575 ], [ 109.8406327, -7.2325395 ], [ 109.8406917, -7.2328588 ], [ 109.8409063, -7.2329759 ], [ 109.8410404, -7.2331249 ], [ 109.841035, -7.2333005 ], [ 109.8409277, -7.2334815 ], [ 109.8408204, -7.2337023 ], [ 109.8408258, -7.2338141 ], [ 109.84074, -7.234152 ], [ 109.8406756, -7.2343303 ], [ 109.8406622, -7.2344234 ], [ 109.8406917, -7.2345245 ], [ 109.84074, -7.2346336 ], [ 109.8407561, -7.2347986 ], [ 109.840799, -7.2349556 ], [ 109.8408097, -7.2350434 ], [ 109.8407507, -7.2351472 ], [ 109.8406059, -7.2352989 ], [ 109.8403966, -7.2354585 ], [ 109.8402169, -7.2356394 ], [ 109.8400962, -7.2359135 ], [ 109.8400909, -7.2360944 ], [ 109.8399353, -7.2362541 ], [ 109.8398656, -7.2363446 ], [ 109.8398226, -7.2365468 ], [ 109.8397475, -7.2367809 ], [ 109.8396134, -7.2367863 ], [ 109.8394793, -7.2367916 ], [ 109.8392701, -7.2368235 ], [ 109.8392326, -7.2369299 ], [ 109.8393023, -7.2371215 ], [ 109.8392379, -7.2373238 ], [ 109.8391092, -7.2374621 ], [ 109.8391253, -7.2376537 ], [ 109.8392272, -7.23784 ], [ 109.8392165, -7.2379517 ], [ 109.8389965, -7.2382018 ], [ 109.8387605, -7.2383774 ], [ 109.8384172, -7.2385743 ], [ 109.8381865, -7.2387207 ], [ 109.8381704, -7.2389575 ], [ 109.838208, -7.2391438 ], [ 109.8381329, -7.2394524 ], [ 109.8380738, -7.239511 ], [ 109.8380138, -7.2395207 ], [ 109.837811, -7.2395535 ], [ 109.837532, -7.2397558 ], [ 109.8374891, -7.239958 ], [ 109.8375481, -7.2402134 ], [ 109.8374677, -7.2405806 ], [ 109.8372531, -7.2406977 ], [ 109.8371512, -7.2409212 ], [ 109.83684, -7.2412671 ], [ 109.8364377, -7.2414427 ], [ 109.8361105, -7.2415545 ], [ 109.8357564, -7.2417886 ], [ 109.8356116, -7.2419908 ], [ 109.8351046, -7.2421904 ], [ 109.8349598, -7.2423314 ], [ 109.8346513, -7.2426082 ], [ 109.8344958, -7.2426614 ], [ 109.8342597, -7.242845 ], [ 109.8341659, -7.2429993 ], [ 109.8342571, -7.243135 ], [ 109.8345065, -7.2432574 ], [ 109.8346701, -7.2434197 ], [ 109.8347211, -7.2435474 ], [ 109.8343831, -7.2440024 ], [ 109.8342436, -7.244029 ], [ 109.8339808, -7.2439705 ], [ 109.8336482, -7.243864 ], [ 109.8334712, -7.2438215 ], [ 109.8332888, -7.2438747 ], [ 109.8332459, -7.2440077 ], [ 109.8331225, -7.244939 ], [ 109.8331332, -7.2454499 ], [ 109.833262, -7.2463758 ], [ 109.8336482, -7.2472166 ], [ 109.8333692, -7.2480042 ], [ 109.832983, -7.2485577 ], [ 109.8328596, -7.248877 ], [ 109.8329508, -7.2491909 ], [ 109.8331386, -7.2495475 ], [ 109.8334497, -7.2498668 ], [ 109.8337018, -7.2498561 ], [ 109.8339325, -7.2497178 ], [ 109.8341095, -7.2497231 ], [ 109.8342383, -7.2498668 ], [ 109.8342436, -7.2500637 ], [ 109.8340934, -7.2502446 ], [ 109.834013, -7.2504947 ], [ 109.8339057, -7.2507448 ], [ 109.8335999, -7.2508725 ], [ 109.833219, -7.2509311 ], [ 109.83316, -7.2511812 ], [ 109.8332405, -7.2513515 ], [ 109.8340344, -7.2517878 ], [ 109.8342839, -7.2520965 ], [ 109.8343322, -7.2522907 ], [ 109.8342222, -7.252634 ], [ 109.8343509, -7.2531289 ], [ 109.8345011, -7.2537302 ], [ 109.8345333, -7.2540867 ], [ 109.834469, -7.2544486 ], [ 109.8344099, -7.2555235 ], [ 109.8344099, -7.2557417 ], [ 109.8345709, -7.2561781 ], [ 109.8345494, -7.2565718 ], [ 109.8343241, -7.2568273 ], [ 109.8340559, -7.2569763 ], [ 109.8337662, -7.2572424 ], [ 109.8336482, -7.2576149 ], [ 109.8337769, -7.2582747 ], [ 109.8338735, -7.2590516 ], [ 109.8338199, -7.2594241 ], [ 109.8335516, -7.2595625 ], [ 109.8330527, -7.2595572 ], [ 109.8328006, -7.2595891 ], [ 109.8327309, -7.259653 ], [ 109.8327202, -7.259786 ], [ 109.8327416, -7.2599882 ], [ 109.8329133, -7.2602702 ], [ 109.8330957, -7.2604884 ], [ 109.83316, -7.2606427 ], [ 109.8331332, -7.2607864 ], [ 109.8330527, -7.260962 ], [ 109.8328918, -7.260978 ], [ 109.8327041, -7.2609407 ], [ 109.8325324, -7.2609248 ], [ 109.8324144, -7.2609594 ], [ 109.83235, -7.261111 ], [ 109.8323071, -7.2613212 ], [ 109.8322535, -7.2615101 ], [ 109.8321998, -7.2616751 ], [ 109.8321193, -7.2617789 ], [ 109.8319262, -7.2617948 ], [ 109.831827, -7.2616857 ], [ 109.8318028, -7.2615155 ], [ 109.8316553, -7.2613159 ], [ 109.8314729, -7.2613026 ], [ 109.8312181, -7.261425 ], [ 109.8308963, -7.2615953 ], [ 109.8306549, -7.261723 ], [ 109.830392, -7.2617656 ], [ 109.8301023, -7.2617443 ], [ 109.8298395, -7.261872 ], [ 109.8296624, -7.2621593 ], [ 109.8294639, -7.2626276 ], [ 109.8291743, -7.2630427 ], [ 109.8288846, -7.2634258 ], [ 109.828316, -7.2637558 ], [ 109.8281765, -7.264075 ], [ 109.8281121, -7.264554 ], [ 109.8280585, -7.265118 ], [ 109.8276186, -7.265416 ], [ 109.827168, -7.265416 ], [ 109.8267388, -7.2653947 ], [ 109.8265886, -7.2657672 ], [ 109.826594, -7.2661131 ], [ 109.826476, -7.2664164 ], [ 109.8263311, -7.2666506 ], [ 109.8263043, -7.2668847 ], [ 109.826535, -7.2671455 ], [ 109.8268032, -7.2672466 ], [ 109.8271143, -7.2674807 ], [ 109.8272216, -7.2676403 ], [ 109.8269749, -7.2677787 ], [ 109.8262882, -7.2679383 ], [ 109.8260736, -7.2682895 ], [ 109.8261166, -7.2687897 ], [ 109.8263633, -7.2691942 ], [ 109.8264813, -7.2694283 ], [ 109.8264921, -7.2696944 ], [ 109.8262131, -7.2699179 ], [ 109.8259717, -7.2700828 ], [ 109.8258966, -7.2702637 ], [ 109.8260307, -7.2704393 ], [ 109.8260522, -7.2706682 ], [ 109.8260844, -7.2711684 ], [ 109.8259824, -7.271477 ], [ 109.8258591, -7.2716313 ], [ 109.8255426, -7.2715941 ], [ 109.8253226, -7.2715089 ], [ 109.8249525, -7.2713014 ], [ 109.8247057, -7.2713227 ], [ 109.8246655, -7.2714158 ], [ 109.824577, -7.2715595 ], [ 109.8245287, -7.2717963 ], [ 109.8245877, -7.2722379 ], [ 109.8247486, -7.2724348 ], [ 109.8249632, -7.2725466 ], [ 109.8252314, -7.2725785 ], [ 109.8255211, -7.2725838 ], [ 109.8257518, -7.2726157 ], [ 109.8258537, -7.2727701 ], [ 109.8257974, -7.2733128 ], [ 109.8257303, -7.2737119 ], [ 109.8256016, -7.273986 ], [ 109.8251349, -7.2745367 ], [ 109.8247808, -7.2748613 ], [ 109.8246521, -7.2751327 ], [ 109.8246843, -7.275718 ], [ 109.8250759, -7.2762714 ], [ 109.8253334, -7.2764258 ], [ 109.8257035, -7.2764736 ], [ 109.8262131, -7.2768302 ], [ 109.8267335, -7.2772612 ], [ 109.8273343, -7.2777933 ], [ 109.8277205, -7.2782084 ], [ 109.8278171, -7.2785223 ], [ 109.8277366, -7.2786607 ], [ 109.8274523, -7.2786979 ], [ 109.8272592, -7.2786128 ], [ 109.8270124, -7.2785915 ], [ 109.8268542, -7.2786926 ], [ 109.8269507, -7.2788283 ], [ 109.8271975, -7.2790438 ], [ 109.8274925, -7.2792726 ], [ 109.827868, -7.279528 ], [ 109.8279807, -7.2796876 ], [ 109.8281094, -7.2798499 ], [ 109.8280933, -7.2800708 ], [ 109.8279673, -7.2802011 ], [ 109.8278734, -7.2802304 ], [ 109.8278439, -7.2803342 ], [ 109.8278788, -7.2804166 ], [ 109.8281014, -7.2807785 ], [ 109.8283803, -7.280986 ], [ 109.8284608, -7.2812361 ], [ 109.8284715, -7.281433 ], [ 109.8286164, -7.2818001 ], [ 109.828788, -7.2820715 ], [ 109.8293111, -7.2822099 ], [ 109.8295659, -7.2822179 ], [ 109.8298475, -7.2823323 ], [ 109.8299548, -7.2824919 ], [ 109.8300165, -7.2830586 ], [ 109.8299789, -7.2834178 ], [ 109.8295981, -7.2836838 ], [ 109.8293459, -7.2838461 ], [ 109.8287129, -7.2843437 ], [ 109.8279834, -7.284897 ], [ 109.8278707, -7.2852908 ], [ 109.8277581, -7.2855143 ], [ 109.8272109, -7.2863763 ], [ 109.8270017, -7.2868073 ], [ 109.8269159, -7.2875895 ], [ 109.8266262, -7.2877917 ], [ 109.8263955, -7.2878662 ], [ 109.8260871, -7.2878848 ], [ 109.8256391, -7.2880977 ], [ 109.8252448, -7.2883504 ], [ 109.8252582, -7.2889304 ], [ 109.8255318, -7.2893827 ], [ 109.8258108, -7.2897605 ], [ 109.825843, -7.2903671 ], [ 109.825741, -7.290862 ], [ 109.8253387, -7.2912238 ], [ 109.8250705, -7.2913462 ], [ 109.8247647, -7.2913409 ], [ 109.8243678, -7.2911067 ], [ 109.8237991, -7.2907023 ], [ 109.8231178, -7.2904895 ], [ 109.822737, -7.290564 ], [ 109.8223722, -7.2910269 ], [ 109.8223615, -7.2919368 ], [ 109.8225009, -7.2924476 ], [ 109.8225653, -7.2928414 ], [ 109.8222756, -7.2933203 ], [ 109.8218465, -7.2935651 ], [ 109.8212886, -7.2936396 ], [ 109.8208594, -7.2939588 ], [ 109.8204946, -7.2945973 ], [ 109.8204303, -7.2952891 ], [ 109.8202479, -7.2958318 ], [ 109.8198509, -7.2965342 ], [ 109.8199797, -7.2970876 ], [ 109.8203659, -7.2979389 ], [ 109.8205054, -7.2983859 ], [ 109.8202264, -7.2988754 ], [ 109.81969, -7.2993756 ], [ 109.819175, -7.299482 ], [ 109.8187244, -7.2995033 ], [ 109.8186171, -7.2992798 ], [ 109.8185205, -7.2987051 ], [ 109.8183274, -7.2984816 ], [ 109.8178446, -7.2986306 ], [ 109.8172545, -7.2992798 ], [ 109.8169273, -7.2995139 ], [ 109.8167986, -7.2996203 ], [ 109.8165089, -7.2998704 ], [ 109.8163694, -7.3002695 ], [ 109.8162728, -7.300642 ], [ 109.8161226, -7.3010517 ], [ 109.8159617, -7.3015305 ], [ 109.815774, -7.3021052 ], [ 109.8154414, -7.30235 ], [ 109.8151892, -7.3024138 ], [ 109.8149639, -7.3026799 ], [ 109.8149103, -7.3032279 ], [ 109.8151141, -7.3033982 ], [ 109.8157257, -7.3035099 ], [ 109.8161495, -7.30376 ], [ 109.8162728, -7.3040899 ], [ 109.816187, -7.3045954 ], [ 109.8162621, -7.304888 ], [ 109.816407, -7.3048987 ], [ 109.8167664, -7.3048135 ], [ 109.8169917, -7.3046433 ], [ 109.8173082, -7.3045369 ], [ 109.8173994, -7.3047497 ], [ 109.8174208, -7.3049093 ], [ 109.8173511, -7.3051434 ], [ 109.8177266, -7.3054414 ], [ 109.8180056, -7.3054733 ], [ 109.8180592, -7.3056117 ], [ 109.8180807, -7.3059735 ], [ 109.8182094, -7.3062395 ], [ 109.8183274, -7.3063672 ], [ 109.8183408, -7.3065668 ], [ 109.8182858, -7.3067179 ], [ 109.8182636, -7.3067787 ] ] } },
{ "type": "Feature", "properties": { "waterway": "stream", "name": null }, "geometry": { "type": "LineString", "coordinates": [ [ 109.8524478, -7.2151065 ], [ 109.8523915, -7.2151105 ], [ 109.8522869, -7.2151238 ], [ 109.8522533, -7.2151438 ], [ 109.852193, -7.2152223 ], [ 109.8521434, -7.2152835 ], [ 109.8521031, -7.215342 ], [ 109.8520857, -7.2154086 ], [ 109.8520683, -7.2154232 ], [ 109.8518389, -7.2153793 ], [ 109.8516579, -7.215338 ], [ 109.8514983, -7.2153154 ], [ 109.8514326, -7.2152915 ], [ 109.8513186, -7.2152915 ], [ 109.8512328, -7.2153021 ], [ 109.8511054, -7.2153247 ], [ 109.8509954, -7.2153274 ], [ 109.8509069, -7.2153434 ], [ 109.8508438, -7.215366 ], [ 109.8507701, -7.2153966 ], [ 109.8507205, -7.2154312 ], [ 109.8506588, -7.2154644 ], [ 109.8506011, -7.2154525 ], [ 109.8505045, -7.2154671 ], [ 109.8504563, -7.2154551 ], [ 109.8503463, -7.2154165 ], [ 109.8502672, -7.2153846 ], [ 109.8501599, -7.2153074 ], [ 109.8501022, -7.2152861 ], [ 109.8500472, -7.2152955 ], [ 109.8499976, -7.21535 ], [ 109.8499815, -7.2154072 ], [ 109.8499493, -7.2154604 ], [ 109.849897, -7.2155137 ], [ 109.8498487, -7.2155483 ], [ 109.8498206, -7.2155336 ], [ 109.8497602, -7.215491 ], [ 109.8496798, -7.2154711 ], [ 109.8496234, -7.2154099 ], [ 109.8495738, -7.215374 ], [ 109.8495081, -7.215362 ], [ 109.8494357, -7.2152968 ], [ 109.8494102, -7.2152369 ], [ 109.8494142, -7.2151558 ], [ 109.8493767, -7.2151052 ], [ 109.8492694, -7.2150839 ], [ 109.8491889, -7.215036 ], [ 109.8490602, -7.2148737 ], [ 109.8489904, -7.2148125 ], [ 109.8488992, -7.214746 ], [ 109.8487785, -7.2147619 ], [ 109.8486418, -7.2147646 ], [ 109.8485613, -7.2147273 ], [ 109.8484969, -7.2146715 ], [ 109.8483816, -7.2147194 ], [ 109.8481724, -7.2147566 ], [ 109.8481429, -7.2147327 ], [ 109.848057, -7.2147673 ], [ 109.8478451, -7.2149828 ], [ 109.8477888, -7.2150972 ], [ 109.847762, -7.2151957 ], [ 109.8477513, -7.2153553 ], [ 109.8477325, -7.2154538 ], [ 109.8476064, -7.2154538 ], [ 109.8475474, -7.2154698 ], [ 109.8474884, -7.2155363 ], [ 109.8473757, -7.2155842 ], [ 109.8472631, -7.2155895 ], [ 109.8471665, -7.2156374 ], [ 109.8470029, -7.2156427 ], [ 109.8469278, -7.2156534 ], [ 109.8467427, -7.2156986 ], [ 109.8466542, -7.2157092 ], [ 109.8466274, -7.2156613 ], [ 109.8466435, -7.2155789 ], [ 109.8466489, -7.2154857 ], [ 109.8465845, -7.2154006 ], [ 109.8465067, -7.2153447 ], [ 109.8463833, -7.21535 ], [ 109.8462358, -7.2153553 ], [ 109.8461178, -7.2153766 ], [ 109.8459622, -7.2153101 ] ] } },
{ "type": "Feature", "properties": { "waterway": "stream", "name": null }, "geometry": { "type": "LineString", "coordinates": [ [ 109.8522728, -7.2139929 ], [ 109.8522004, -7.2139783 ], [ 109.8521695, -7.2139869 ], [ 109.8520857, -7.2140408 ], [ 109.8520301, -7.2140794 ], [ 109.851969, -7.214112 ], [ 109.8519275, -7.2141107 ], [ 109.8518899, -7.2141213 ], [ 109.851796, -7.2140967 ], [ 109.851729, -7.214122 ], [ 109.8516592, -7.2141672 ], [ 109.8515627, -7.214283 ], [ 109.8514701, -7.2144466 ], [ 109.8514098, -7.2145251 ], [ 109.8513857, -7.2146395 ], [ 109.8513374, -7.2148205 ], [ 109.8513025, -7.2149296 ], [ 109.8512542, -7.2150254 ], [ 109.8511496, -7.2150227 ], [ 109.8510155, -7.2150493 ], [ 109.8509887, -7.2150999 ], [ 109.8509109, -7.2153207 ], [ 109.8509069, -7.2153434 ] ] } },
{ "type": "Feature", "properties": { "waterway": "stream", "name": null }, "geometry": { "type": "LineString", "coordinates": [ [ 109.8543106, -7.2058649 ], [ 109.8542207, -7.2058822 ], [ 109.8541376, -7.2058875 ], [ 109.8540732, -7.2058995 ], [ 109.8539914, -7.2059248 ], [ 109.8539458, -7.205966 ], [ 109.8539016, -7.2060791 ], [ 109.8538506, -7.2062002 ], [ 109.8538385, -7.20626 ], [ 109.8538613, -7.2062933 ], [ 109.8538908, -7.2063199 ], [ 109.8538908, -7.2063692 ], [ 109.8538426, -7.2064277 ], [ 109.8537996, -7.2065182 ], [ 109.8537809, -7.2066246 ], [ 109.8537715, -7.2066552 ], [ 109.8537406, -7.2066565 ], [ 109.8536669, -7.2066525 ], [ 109.8536427, -7.2066645 ], [ 109.8535408, -7.2067776 ], [ 109.8534228, -7.2069519 ], [ 109.8533651, -7.2070544 ], [ 109.8533329, -7.2071063 ], [ 109.853341, -7.2071848 ], [ 109.853345, -7.2072393 ], [ 109.8533316, -7.2072899 ], [ 109.8533088, -7.2073258 ], [ 109.8532337, -7.2073258 ], [ 109.8531626, -7.207375 ], [ 109.8529708, -7.2074562 ], [ 109.8529494, -7.2074868 ], [ 109.8528689, -7.207528 ], [ 109.8527187, -7.2076118 ], [ 109.8526356, -7.207697 ], [ 109.8525444, -7.2078194 ], [ 109.8524921, -7.2079338 ], [ 109.8524371, -7.2080203 ], [ 109.8523553, -7.2080376 ], [ 109.8522949, -7.2080483 ], [ 109.8520294, -7.208317 ], [ 109.8519275, -7.2084314 ], [ 109.8518845, -7.2084381 ], [ 109.8518577, -7.2084168 ], [ 109.8517102, -7.2084886 ], [ 109.8515841, -7.2086071 ], [ 109.8514386, -7.2087554 ], [ 109.851395, -7.2087421 ], [ 109.8513548, -7.2087428 ], [ 109.8513307, -7.2087887 ], [ 109.8512194, -7.2089743 ], [ 109.851163, -7.2090461 ], [ 109.851045, -7.2093202 ], [ 109.8509967, -7.2094799 ], [ 109.850978, -7.209585 ], [ 109.8510034, -7.2096622 ], [ 109.8509464, -7.2097899 ], [ 109.8509082, -7.2098105 ], [ 109.8508278, -7.2098158 ], [ 109.8507486, -7.2099376 ], [ 109.8506977, -7.2099668 ], [ 109.8505944, -7.2101052 ], [ 109.8505113, -7.2102396 ], [ 109.8504214, -7.210338 ], [ 109.8502336, -7.2105456 ], [ 109.8502175, -7.2106002 ], [ 109.8502108, -7.2106614 ], [ 109.8502162, -7.210692 ], [ 109.8501492, -7.2107465 ], [ 109.8500043, -7.2108263 ], [ 109.8499668, -7.2109115 ], [ 109.8499721, -7.2110259 ], [ 109.8499668, -7.2110871 ], [ 109.8498702, -7.2112388 ], [ 109.8497871, -7.211284 ], [ 109.8497146, -7.2112601 ], [ 109.8496556, -7.2112441 ], [ 109.8495778, -7.2113027 ], [ 109.8494545, -7.2114996 ], [ 109.8493874, -7.2115555 ], [ 109.8492211, -7.2115794 ], [ 109.8490977, -7.2116646 ], [ 109.849083, -7.2117085 ], [ 109.8490629, -7.2117524 ], [ 109.8489878, -7.2118069 ], [ 109.848922, -7.2119173 ], [ 109.848863, -7.2119386 ], [ 109.8487638, -7.2120757 ], [ 109.8487034, -7.2121781 ], [ 109.8486377, -7.2122646 ], [ 109.8484795, -7.2124083 ], [ 109.8484567, -7.2124575 ], [ 109.8484352, -7.2125413 ], [ 109.8483507, -7.2125986 ], [ 109.8482153, -7.2127063 ], [ 109.8481804, -7.2127462 ], [ 109.8481616, -7.2127835 ], [ 109.8479886, -7.212878 ], [ 109.8479571, -7.2128953 ], [ 109.8479155, -7.2128813 ], [ 109.8478163, -7.2128241 ], [ 109.8477117, -7.2128194 ], [ 109.8475689, -7.212882 ], [ 109.8474106, -7.2130004 ], [ 109.8473597, -7.2130536 ], [ 109.8472215, -7.2132505 ], [ 109.8471451, -7.2132705 ], [ 109.8469453, -7.2133117 ], [ 109.8468916, -7.2133716 ], [ 109.8468487, -7.2134727 ], [ 109.8467427, -7.2136563 ], [ 109.8466904, -7.2137574 ], [ 109.8467025, -7.2138665 ], [ 109.8467146, -7.2139224 ], [ 109.8465684, -7.2141965 ], [ 109.8464705, -7.2143375 ], [ 109.8464584, -7.2144559 ], [ 109.846496, -7.2145916 ], [ 109.8464128, -7.2147007 ], [ 109.8462573, -7.2148631 ], [ 109.8461768, -7.2150121 ], [ 109.8460454, -7.215185 ], [ 109.8459622, -7.2153101 ] ] } },
{ "type": "Feature", "properties": { "waterway": "stream", "name": null }, "geometry": { "type": "LineString", "coordinates": [ [ 109.8506024, -7.205004 ], [ 109.8505662, -7.2050386 ], [ 109.8505501, -7.2051131 ], [ 109.8505743, -7.2051837 ], [ 109.8505193, -7.2052542 ], [ 109.8504858, -7.2053194 ], [ 109.8504536, -7.2053939 ], [ 109.8503168, -7.2055988 ], [ 109.850355, -7.2057152 ], [ 109.8503181, -7.2058596 ], [ 109.8503074, -7.205986 ], [ 109.8501934, -7.2062175 ], [ 109.8500244, -7.2064743 ], [ 109.8499493, -7.2065913 ], [ 109.8497388, -7.2067151 ], [ 109.8496556, -7.2068242 ], [ 109.8496315, -7.2069306 ], [ 109.8496422, -7.2070637 ], [ 109.8496798, -7.2071621 ], [ 109.8496878, -7.2072819 ], [ 109.8496073, -7.2074336 ], [ 109.8494384, -7.2076092 ], [ 109.8493043, -7.2076518 ], [ 109.8492023, -7.2078779 ], [ 109.8491594, -7.2081653 ], [ 109.8491353, -7.2082931 ], [ 109.8491701, -7.2084235 ], [ 109.8492211, -7.2085193 ], [ 109.8493472, -7.208615 ], [ 109.8493606, -7.2086709 ], [ 109.8493391, -7.2087854 ], [ 109.8493123, -7.2088758 ], [ 109.8493123, -7.2089849 ], [ 109.8493391, -7.2091366 ], [ 109.8493418, -7.2092164 ], [ 109.8492613, -7.2093388 ], [ 109.8491085, -7.2094719 ], [ 109.8489878, -7.2095863 ], [ 109.8488939, -7.2096768 ], [ 109.8488483, -7.2097486 ], [ 109.8488724, -7.2098285 ], [ 109.8489422, -7.2099509 ], [ 109.8490548, -7.2101132 ], [ 109.8491406, -7.2102595 ], [ 109.8491594, -7.2103713 ], [ 109.8491219, -7.2104671 ], [ 109.8490065, -7.2105496 ], [ 109.8488939, -7.2106002 ], [ 109.8488054, -7.210672 ], [ 109.8487893, -7.2107518 ], [ 109.8488322, -7.2108556 ], [ 109.8489059, -7.2109115 ], [ 109.8489314, -7.2109927 ], [ 109.8489355, -7.2110751 ], [ 109.8489127, -7.2111975 ], [ 109.8488174, -7.211284 ], [ 109.8487155, -7.2113333 ], [ 109.8486136, -7.2113625 ], [ 109.8484392, -7.2113812 ], [ 109.8482931, -7.2114024 ], [ 109.8481549, -7.2115235 ], [ 109.8479792, -7.2116672 ], [ 109.8478344, -7.2117524 ], [ 109.8477539, -7.2118588 ], [ 109.8477298, -7.2119493 ], [ 109.847711, -7.212069 ], [ 109.8476627, -7.2120797 ], [ 109.8475997, -7.2120743 ], [ 109.847538, -7.2120491 ], [ 109.847475, -7.212061 ], [ 109.8474133, -7.212101 ], [ 109.8473784, -7.2121528 ], [ 109.8473583, -7.212218 ], [ 109.8473449, -7.2123085 ], [ 109.8472363, -7.2124203 ], [ 109.8470673, -7.2124615 ], [ 109.8469734, -7.2125307 ], [ 109.8468474, -7.2125427 ], [ 109.8467119, -7.2126039 ], [ 109.846563, -7.2126904 ], [ 109.8464142, -7.2128514 ], [ 109.8463163, -7.2129365 ], [ 109.8462707, -7.2130163 ], [ 109.8462734, -7.2131041 ], [ 109.8462975, -7.2132026 ], [ 109.8463511, -7.2132798 ], [ 109.8463726, -7.2133277 ], [ 109.8463739, -7.2133689 ], [ 109.8463364, -7.2134048 ], [ 109.8463069, -7.2134181 ], [ 109.8462854, -7.2134434 ], [ 109.8462425, -7.2134434 ], [ 109.8461272, -7.2134368 ], [ 109.8460481, -7.2134341 ], [ 109.8459904, -7.2134474 ], [ 109.8459274, -7.2134793 ], [ 109.8458938, -7.2135445 ], [ 109.8458938, -7.2135884 ], [ 109.845918, -7.2136403 ], [ 109.8459528, -7.2137015 ], [ 109.845981, -7.2137574 ], [ 109.8459917, -7.2138266 ], [ 109.8459676, -7.2138758 ], [ 109.8459099, -7.2139118 ], [ 109.8458657, -7.2139157 ], [ 109.8458026, -7.2139104 ], [ 109.8456927, -7.2139397 ], [ 109.8456082, -7.2139903 ], [ 109.8456055, -7.2140328 ], [ 109.8456189, -7.21411 ], [ 109.8456565, -7.2141792 ], [ 109.8456645, -7.2142723 ], [ 109.8456189, -7.2143096 ], [ 109.8455277, -7.2143708 ], [ 109.8454607, -7.2144453 ], [ 109.8454311, -7.2145517 ], [ 109.8454151, -7.2146555 ], [ 109.8453882, -7.2147034 ], [ 109.8453051, -7.2146927 ], [ 109.8452514, -7.2146635 ], [ 109.8451388, -7.2145797 ], [ 109.8450302, -7.2145637 ], [ 109.8449242, -7.2145757 ], [ 109.8448974, -7.2146036 ], [ 109.8448504, -7.2146196 ], [ 109.8448102, -7.2146076 ], [ 109.8447525, -7.2145956 ], [ 109.8445836, -7.2146568 ], [ 109.8445567, -7.2146994 ], [ 109.84455, -7.2147925 ], [ 109.8445795, -7.214867 ], [ 109.8446171, -7.2148976 ] ] } },
{ "type": "Feature", "properties": { "waterway": "stream", "name": null }, "geometry": { "type": "LineString", "coordinates": [ [ 109.8530553, -7.2015394 ], [ 109.8530486, -7.2015766 ], [ 109.8530594, -7.2016245 ], [ 109.8530701, -7.2016871 ], [ 109.8530781, -7.201723 ], [ 109.8529869, -7.2018614 ], [ 109.8529118, -7.202029 ], [ 109.8528206, -7.2022206 ], [ 109.8526785, -7.2023776 ], [ 109.8525524, -7.2025426 ], [ 109.8524719, -7.2026623 ], [ 109.8524183, -7.202806 ], [ 109.8523191, -7.2030429 ], [ 109.8521984, -7.2032132 ], [ 109.8520482, -7.2034181 ], [ 109.8519435, -7.2035458 ], [ 109.851914, -7.2035697 ], [ 109.8518175, -7.2035165 ], [ 109.8517746, -7.2034553 ], [ 109.8516056, -7.2034899 ], [ 109.8512998, -7.2036043 ], [ 109.8510718, -7.2038678 ], [ 109.8510262, -7.2040647 ], [ 109.851045, -7.2042244 ], [ 109.8510423, -7.2043335 ], [ 109.8510048, -7.2044 ], [ 109.8508599, -7.2045623 ], [ 109.8507768, -7.2047592 ], [ 109.8506802, -7.2049295 ], [ 109.8506024, -7.205004 ] ] } },
{ "type": "Feature", "properties": { "waterway": "stream", "name": null }, "geometry": { "type": "LineString", "coordinates": [ [ 109.8500499, -7.191712 ], [ 109.8501666, -7.1918411 ], [ 109.8502685, -7.1919821 ], [ 109.8503409, -7.1920925 ], [ 109.8503812, -7.192199 ], [ 109.8504657, -7.1922895 ], [ 109.8505287, -7.192376 ], [ 109.8505877, -7.1925117 ], [ 109.8506239, -7.1926168 ], [ 109.8507151, -7.1927791 ], [ 109.8507822, -7.1929414 ], [ 109.8508224, -7.1931117 ], [ 109.8508036, -7.1932714 ], [ 109.8507822, -7.1934018 ], [ 109.8507929, -7.1935029 ], [ 109.8508304, -7.1937344 ], [ 109.850809, -7.1939207 ], [ 109.8508143, -7.1939872 ], [ 109.8507795, -7.1941017 ], [ 109.8507285, -7.1942294 ], [ 109.850699, -7.1943092 ], [ 109.8507285, -7.194437 ], [ 109.8507231, -7.1945221 ], [ 109.8506749, -7.1946099 ], [ 109.8506427, -7.1946818 ], [ 109.8506749, -7.194735 ], [ 109.8506762, -7.1948029 ], [ 109.8506816, -7.1948774 ], [ 109.850703, -7.1949146 ], [ 109.850758, -7.1949412 ], [ 109.8508117, -7.1949452 ], [ 109.8508157, -7.1949812 ], [ 109.8508009, -7.1951076 ], [ 109.8507929, -7.1951914 ], [ 109.8507607, -7.1952699 ], [ 109.8507687, -7.1953657 ], [ 109.8507741, -7.1954934 ], [ 109.8508224, -7.1956345 ], [ 109.8508438, -7.1957835 ], [ 109.8508304, -7.1959165 ], [ 109.850817, -7.1960895 ], [ 109.8507902, -7.1961747 ], [ 109.8508278, -7.1964142 ], [ 109.850868, -7.1966457 ], [ 109.8509324, -7.1968346 ], [ 109.8510691, -7.1969623 ], [ 109.8511201, -7.1970448 ], [ 109.8511067, -7.1972178 ], [ 109.8510906, -7.1973482 ], [ 109.850986, -7.1976329 ], [ 109.8508036, -7.1978698 ], [ 109.8505247, -7.1981891 ], [ 109.8503423, -7.1984286 ], [ 109.8502108, -7.198543 ], [ 109.8502403, -7.1986867 ], [ 109.8503798, -7.1987878 ], [ 109.850412, -7.198849 ], [ 109.8504147, -7.1990007 ], [ 109.8503932, -7.1990885 ], [ 109.8504254, -7.1992349 ], [ 109.8505113, -7.1993493 ], [ 109.8505166, -7.1994371 ], [ 109.8505193, -7.1996341 ], [ 109.8505515, -7.1997298 ], [ 109.8505408, -7.1998363 ], [ 109.8505461, -7.1999906 ], [ 109.8505408, -7.2001663 ], [ 109.8505273, -7.2002408 ] ] } },
{ "type": "Feature", "properties": { "waterway": "stream", "name": null }, "geometry": { "type": "LineString", "coordinates": [ [ 109.8531988, -7.1864869 ], [ 109.8532525, -7.1865388 ], [ 109.853282, -7.186592 ], [ 109.8533705, -7.1866639 ], [ 109.8534107, -7.1867916 ], [ 109.8534697, -7.1868608 ], [ 109.8535287, -7.1869459 ], [ 109.8536199, -7.1871721 ], [ 109.8536628, -7.1873691 ], [ 109.8536628, -7.1875314 ], [ 109.8537165, -7.1876245 ], [ 109.8537835, -7.1877523 ], [ 109.853856, -7.187896 ], [ 109.8538747, -7.1879625 ], [ 109.853864, -7.1880397 ], [ 109.8538667, -7.1881913 ], [ 109.8539337, -7.1882632 ], [ 109.853982, -7.1883617 ], [ 109.8539793, -7.1886384 ], [ 109.8540571, -7.1888007 ], [ 109.8541859, -7.1889258 ], [ 109.8541908, -7.188936 ], [ 109.854261, -7.1890828 ], [ 109.8543468, -7.1892159 ], [ 109.8544165, -7.1893809 ], [ 109.8544273, -7.1895751 ], [ 109.8544434, -7.1897694 ], [ 109.8543602, -7.1899929 ], [ 109.8543146, -7.190102 ], [ 109.85432, -7.1901872 ], [ 109.8542878, -7.1903149 ], [ 109.8542449, -7.1904799 ], [ 109.8542905, -7.1906742 ], [ 109.8543924, -7.1908445 ], [ 109.854438, -7.1909004 ], [ 109.8544219, -7.1909829 ], [ 109.8543629, -7.1910281 ], [ 109.8542234, -7.1910813 ], [ 109.8542275, -7.1911465 ], [ 109.8542167, -7.1911997 ], [ 109.8542422, -7.1912769 ], [ 109.8543052, -7.1913368 ], [ 109.8543254, -7.1913993 ], [ 109.8543186, -7.1914938 ], [ 109.854316, -7.1915763 ], [ 109.8543361, -7.1916894 ], [ 109.854383, -7.1917799 ], [ 109.8543314, -7.1918471 ], [ 109.8543314, -7.1918983 ], [ 109.8541242, -7.1920433 ], [ 109.8540692, -7.1921059 ], [ 109.8540732, -7.1921538 ], [ 109.8540893, -7.1922402 ], [ 109.8540799, -7.1923414 ], [ 109.8541403, -7.192517 ], [ 109.8541731, -7.1926033 ], [ 109.8542838, -7.1927818 ], [ 109.8543709, -7.1929281 ], [ 109.8544514, -7.1930772 ], [ 109.8545292, -7.1931197 ], [ 109.8547491, -7.193149 ], [ 109.8548216, -7.1932767 ], [ 109.8548457, -7.1933459 ], [ 109.8548081, -7.1934896 ], [ 109.8547196, -7.1935854 ], [ 109.8546821, -7.1936626 ], [ 109.8546123, -7.1937211 ], [ 109.8546231, -7.1938196 ], [ 109.8546338, -7.1939367 ], [ 109.8546392, -7.1940538 ], [ 109.8546231, -7.1941123 ], [ 109.8545775, -7.1941602 ], [ 109.8544836, -7.1941549 ], [ 109.8543763, -7.1941496 ], [ 109.8542637, -7.1941895 ], [ 109.8542207, -7.1942906 ], [ 109.8541966, -7.1945354 ], [ 109.8541698, -7.1947723 ], [ 109.854202, -7.1950331 ], [ 109.8541725, -7.1951768 ], [ 109.8539579, -7.1953976 ], [ 109.8538881, -7.1955733 ], [ 109.853864, -7.1956877 ], [ 109.8538855, -7.1957835 ], [ 109.8538694, -7.1958527 ], [ 109.853805, -7.195874 ], [ 109.8537353, -7.1958766 ], [ 109.8535636, -7.1958713 ], [ 109.853408, -7.1958527 ], [ 109.8532954, -7.1958952 ], [ 109.8532632, -7.1959751 ], [ 109.8532712, -7.1960842 ], [ 109.8533437, -7.196172 ], [ 109.8533973, -7.196313 ], [ 109.8534027, -7.1963862 ], [ 109.8533356, -7.1964168 ], [ 109.8531908, -7.1964301 ], [ 109.8531318, -7.1964381 ], [ 109.8530057, -7.1964887 ], [ 109.852936, -7.1965605 ], [ 109.8528662, -7.1966404 ], [ 109.8527858, -7.1966297 ], [ 109.8526463, -7.1965712 ], [ 109.8525766, -7.1964913 ], [ 109.8524907, -7.1964168 ], [ 109.8524451, -7.1963503 ], [ 109.8523915, -7.1962492 ], [ 109.8523137, -7.19618 ], [ 109.8522842, -7.196164 ], [ 109.8521742, -7.1961534 ], [ 109.8520991, -7.1961594 ], [ 109.8520079, -7.1961667 ], [ 109.8519811, -7.1962518 ], [ 109.8519757, -7.196337 ], [ 109.851957, -7.1964062 ], [ 109.8518765, -7.1964727 ], [ 109.8517692, -7.1965738 ], [ 109.8517156, -7.1966164 ], [ 109.8515922, -7.1966537 ], [ 109.8515788, -7.1967149 ], [ 109.851619, -7.1968186 ], [ 109.8516324, -7.1969011 ], [ 109.8516351, -7.1970475 ], [ 109.8516351, -7.197263 ], [ 109.8516431, -7.1973588 ], [ 109.8516941, -7.1975052 ], [ 109.8517263, -7.1976037 ], [ 109.8517156, -7.1978405 ], [ 109.8516887, -7.1979735 ], [ 109.851627, -7.1981093 ], [ 109.8515841, -7.1982423 ], [ 109.8515895, -7.1983168 ], [ 109.8515761, -7.1984339 ], [ 109.8514956, -7.1986122 ], [ 109.8514701, -7.1986747 ], [ 109.8514675, -7.1987679 ], [ 109.8513132, -7.1988357 ], [ 109.851159, -7.1989209 ], [ 109.8511657, -7.1989555 ], [ 109.8512006, -7.1990619 ], [ 109.8511925, -7.1992056 ], [ 109.8511335, -7.199344 ], [ 109.8510906, -7.1994398 ], [ 109.8510799, -7.1995595 ], [ 109.8510236, -7.1997299 ], [ 109.8508304, -7.1999747 ], [ 109.8506695, -7.2001583 ], [ 109.8505273, -7.2002408 ], [ 109.8504978, -7.2004244 ], [ 109.8504844, -7.2005734 ], [ 109.8505273, -7.2006798 ], [ 109.8505703, -7.2007357 ], [ 109.8505783, -7.2008661 ], [ 109.8506185, -7.2010178 ], [ 109.8506346, -7.2011242 ], [ 109.8506588, -7.2012333 ], [ 109.8506641, -7.2013025 ], [ 109.8506105, -7.2014303 ], [ 109.8505381, -7.2015899 ], [ 109.8503584, -7.2019438 ], [ 109.8503315, -7.2022206 ], [ 109.8502833, -7.2026304 ], [ 109.8502564, -7.2030029 ], [ 109.8502994, -7.2032478 ], [ 109.8503423, -7.2034819 ], [ 109.8502672, -7.2037587 ], [ 109.8501545, -7.204062 ], [ 109.850117, -7.2042856 ], [ 109.8501706, -7.2044931 ], [ 109.850235, -7.2046581 ], [ 109.8503315, -7.2048231 ], [ 109.8505086, -7.2049615 ], [ 109.8506024, -7.205004 ] ] } },
{ "type": "Feature", "properties": { "waterway": "stream", "name": null }, "geometry": { "type": "LineString", "coordinates": [ [ 109.8519891, -7.1846361 ], [ 109.8521984, -7.184809 ], [ 109.8522869, -7.1849501 ], [ 109.8524263, -7.1851284 ], [ 109.8524773, -7.1852455 ], [ 109.8525444, -7.1853599 ], [ 109.8526329, -7.1855435 ], [ 109.852775, -7.1856633 ], [ 109.8527911, -7.1857458 ], [ 109.8527884, -7.1859347 ], [ 109.852834, -7.1860545 ], [ 109.8528662, -7.1861742 ], [ 109.8529038, -7.186294 ], [ 109.8529789, -7.1864004 ], [ 109.853062, -7.1864563 ], [ 109.8531573, -7.1864643 ], [ 109.8531988, -7.1864869 ] ] } },
{ "type": "Feature", "properties": { "waterway": "stream", "name": null }, "geometry": { "type": "LineString", "coordinates": [ [ 109.8573241, -7.184825 ], [ 109.8569807, -7.1846973 ], [ 109.8566428, -7.1845057 ], [ 109.8563558, -7.1843274 ], [ 109.856101, -7.1842875 ], [ 109.8558381, -7.1842555 ], [ 109.8555618, -7.1842582 ], [ 109.8552614, -7.1843034 ], [ 109.8551354, -7.184338 ], [ 109.8549718, -7.1844232 ], [ 109.8548794, -7.1845406 ] ] } },
{ "type": "Feature", "properties": { "waterway": "stream", "name": null }, "geometry": { "type": "LineString", "coordinates": [ [ 109.8558676, -7.1807135 ], [ 109.856109, -7.181134 ], [ 109.8561573, -7.181448 ], [ 109.856109, -7.1816928 ], [ 109.8560983, -7.181911 ], [ 109.8561197, -7.1820867 ], [ 109.856109, -7.1822996 ], [ 109.8560983, -7.18239 ], [ 109.8560634, -7.1824885 ], [ 109.8560024, -7.182593 ] ] } },
{ "type": "Feature", "properties": { "waterway": "stream", "name": null }, "geometry": { "type": "LineString", "coordinates": [ [ 109.8555672, -7.1816795 ], [ 109.8556785, -7.1819243 ], [ 109.8557603, -7.1820015 ], [ 109.855814, -7.1821293 ], [ 109.8558113, -7.1822597 ], [ 109.8558113, -7.1823847 ], [ 109.8558381, -7.1825364 ], [ 109.8558381, -7.1826043 ] ] } },
{ "type": "Feature", "properties": { "waterway": "stream", "name": null }, "geometry": { "type": "LineString", "coordinates": [ [ 109.8588127, -7.1821452 ], [ 109.858641, -7.1820654 ], [ 109.8584694, -7.1820547 ], [ 109.8582977, -7.1819749 ], [ 109.8582038, -7.1818578 ], [ 109.8581555, -7.1817061 ], [ 109.8580509, -7.1816157 ], [ 109.8579463, -7.1815731 ], [ 109.8578176, -7.1815678 ], [ 109.8577023, -7.1815465 ], [ 109.8575279, -7.1815065 ], [ 109.8573643, -7.181613 ], [ 109.8572034, -7.1817594 ], [ 109.8570719, -7.1819004 ], [ 109.8569754, -7.1820308 ], [ 109.8569244, -7.1822463 ], [ 109.8569003, -7.1823421 ], [ 109.8568091, -7.1823874 ], [ 109.8566321, -7.1824127 ], [ 109.8565288, -7.1824819 ], [ 109.8564738, -7.1825683 ], [ 109.8563732, -7.1826735 ], [ 109.8562592, -7.18272 ], [ 109.8561546, -7.182716 ], [ 109.8560742, -7.1826163 ], [ 109.8560024, -7.182593 ], [ 109.8559387, -7.1825723 ], [ 109.8558381, -7.1826043 ], [ 109.8556665, -7.1826242 ], [ 109.8555645, -7.1826987 ], [ 109.8555028, -7.1827653 ], [ 109.8553741, -7.182893 ], [ 109.8552239, -7.1828877 ], [ 109.8550308, -7.1827919 ], [ 109.8548189, -7.1828291 ], [ 109.8547277, -7.1829675 ], [ 109.8547344, -7.1830367 ], [ 109.8547652, -7.1832656 ], [ 109.854776, -7.183404 ], [ 109.8547223, -7.1835184 ], [ 109.8546633, -7.1836302 ], [ 109.8546633, -7.1837126 ], [ 109.8546767, -7.1839601 ], [ 109.8546553, -7.184181 ], [ 109.8546633, -7.184338 ], [ 109.8547411, -7.1844524 ], [ 109.854835, -7.184503 ], [ 109.8548794, -7.1845406 ], [ 109.8549262, -7.1845802 ], [ 109.8549691, -7.184676 ], [ 109.8549879, -7.1848436 ], [ 109.8550522, -7.1850964 ], [ 109.8551622, -7.1852561 ], [ 109.8552346, -7.185493 ], [ 109.8552561, -7.1856473 ], [ 109.8552105, -7.1858655 ], [ 109.8551086, -7.1859028 ], [ 109.8551327, -7.1859533 ], [ 109.8550723, -7.1860185 ], [ 109.8550227, -7.1860824 ], [ 109.8549852, -7.1861263 ], [ 109.8549597, -7.1861782 ], [ 109.8549516, -7.1862314 ], [ 109.8549221, -7.1862886 ], [ 109.8548309, -7.1863206 ], [ 109.8547693, -7.1863379 ], [ 109.8547371, -7.1864257 ], [ 109.8547465, -7.1865095 ], [ 109.8547089, -7.1865707 ], [ 109.8547196, -7.1866532 ], [ 109.8547786, -7.1867197 ], [ 109.8548081, -7.1867703 ], [ 109.8548403, -7.1868116 ], [ 109.8548296, -7.1868595 ], [ 109.8547585, -7.186926 ], [ 109.8546056, -7.1870617 ], [ 109.8545466, -7.1871296 ], [ 109.854497, -7.1872892 ], [ 109.8544689, -7.1873464 ], [ 109.8544662, -7.1874675 ], [ 109.854556, -7.1875806 ], [ 109.8546311, -7.1876964 ], [ 109.854784, -7.1879199 ], [ 109.8548108, -7.1879891 ], [ 109.8547465, -7.1881009 ], [ 109.8547143, -7.1881927 ], [ 109.8547304, -7.1882818 ], [ 109.8547263, -7.1883071 ], [ 109.8545721, -7.1883736 ], [ 109.8543629, -7.1884548 ], [ 109.8542502, -7.1885905 ], [ 109.854269, -7.1887715 ], [ 109.8542556, -7.1889444 ], [ 109.854261, -7.1890828 ] ] } },
{ "type": "Feature", "properties": { "waterway": "stream", "name": null }, "geometry": { "type": "LineString", "coordinates": [ [ 109.9149862, -7.1958607 ], [ 109.9149044, -7.1959658 ], [ 109.9148387, -7.1961234 ], [ 109.9147958, -7.1962931 ], [ 109.9147515, -7.1963776 ], [ 109.9146985, -7.1965638 ], [ 109.9146254, -7.1968033 ], [ 109.9144927, -7.196985 ], [ 109.9144109, -7.1970967 ], [ 109.9143358, -7.1972803 ], [ 109.9143143, -7.1973934 ], [ 109.9143602, -7.1974367 ], [ 109.9143911, -7.1974753 ], [ 109.9143451, -7.1977101 ], [ 109.91427, -7.1978139 ], [ 109.9141869, -7.1979496 ], [ 109.9141467, -7.1981266 ], [ 109.9140152, -7.1981891 ], [ 109.9139851, -7.1983022 ], [ 109.9139656, -7.1984625 ], [ 109.9140146, -7.1985656 ], [ 109.9140179, -7.1987572 ], [ 109.9140005, -7.198885 ], [ 109.9139629, -7.1990486 ], [ 109.913865, -7.1991697 ], [ 109.9137725, -7.1992801 ], [ 109.9136451, -7.1993191 ], [ 109.9135344, -7.1993892 ], [ 109.9133863, -7.1994435 ], [ 109.9127935, -7.1993986 ], [ 109.9126728, -7.1992695 ], [ 109.9126017, -7.1992362 ], [ 109.9124944, -7.1992562 ], [ 109.912418, -7.1992775 ], [ 109.9122101, -7.1994398 ], [ 109.9121162, -7.1994438 ], [ 109.911962, -7.1994331 ], [ 109.9117957, -7.1995429 ], [ 109.9115979, -7.1995595 ], [ 109.9113444, -7.1996234 ], [ 109.911276, -7.1996341 ], [ 109.9111815, -7.1996247 ], [ 109.911046, -7.1996274 ], [ 109.9109066, -7.1996686 ], [ 109.910814, -7.19967 ], [ 109.9107711, -7.1996633 ], [ 109.9105659, -7.1996194 ], [ 109.9105002, -7.1997565 ], [ 109.9104077, -7.1999334 ], [ 109.9103929, -7.1999521 ], [ 109.9104459, -7.2000432 ], [ 109.9105659, -7.2002248 ], [ 109.9106182, -7.2003179 ], [ 109.9107899, -7.2006359 ], [ 109.910877, -7.2007956 ], [ 109.9109334, -7.2009772 ], [ 109.9109682, -7.2010697 ], [ 109.911039, -7.2011645 ], [ 109.9111399, -7.2012314 ], [ 109.9112445, -7.2013651 ], [ 109.9112693, -7.2014708 ], [ 109.9113183, -7.2016232 ], [ 109.9113049, -7.2017815 ], [ 109.9112613, -7.2020822 ], [ 109.911221, -7.2022372 ], [ 109.9111366, -7.2024135 ], [ 109.9110628, -7.2026244 ], [ 109.9110675, -7.2027192 ], [ 109.9110733, -7.2028116 ], [ 109.9110772, -7.202838 ], [ 109.911096, -7.2029071 ], [ 109.9111287, -7.2030251 ], [ 109.9111603, -7.203271 ], [ 109.9112138, -7.2035842 ], [ 109.9113303, -7.2042749 ], [ 109.9113417, -7.2043421 ], [ 109.9114859, -7.2053673 ], [ 109.9119208, -7.2081507 ], [ 109.9120079, -7.2087348 ], [ 109.9121387, -7.2095135 ], [ 109.912359, -7.2108117 ], [ 109.9125306, -7.21192 ], [ 109.9127412, -7.2124136 ], [ 109.91357, -7.2131411 ], [ 109.9140722, -7.2134624 ], [ 109.9141272, -7.2135685 ], [ 109.9140877, -7.2137135 ], [ 109.9137001, -7.2147859 ], [ 109.9136707, -7.2149954 ] ] } },
{ "type": "Feature", "properties": { "waterway": "stream", "name": null }, "geometry": { "type": "LineString", "coordinates": [ [ 109.8946423, -7.200767 ], [ 109.8945236, -7.2007357 ], [ 109.8944043, -7.2006612 ], [ 109.8943037, -7.2006147 ], [ 109.894242, -7.200616 ], [ 109.8941722, -7.2006705 ], [ 109.8941079, -7.2007344 ], [ 109.8940864, -7.2007983 ], [ 109.8939912, -7.2008169 ], [ 109.8938671, -7.2008262 ], [ 109.893778, -7.2007916 ], [ 109.8936868, -7.2008036 ], [ 109.8936076, -7.2008209 ], [ 109.8935419, -7.2008355 ], [ 109.8934494, -7.200781 ], [ 109.8933743, -7.2007836 ], [ 109.893322, -7.2007956 ], [ 109.8932858, -7.2007956 ], [ 109.8932201, -7.2007756 ], [ 109.8931812, -7.2007796 ], [ 109.8930994, -7.2008302 ], [ 109.89298, -7.2007969 ], [ 109.8929163, -7.2007989 ], [ 109.8928372, -7.2008216 ], [ 109.8927668, -7.2008329 ], [ 109.8926742, -7.2008329 ], [ 109.8926193, -7.2008768 ], [ 109.8925676, -7.2009253 ], [ 109.8925281, -7.200946 ], [ 109.8924583, -7.2009207 ], [ 109.8923611, -7.2008801 ], [ 109.8922585, -7.2008382 ], [ 109.8922008, -7.2007663 ], [ 109.8919956, -7.2007477 ], [ 109.8918696, -7.2007264 ], [ 109.8916765, -7.2006932 ], [ 109.8915638, -7.2007111 ], [ 109.8914874, -7.2007331 ], [ 109.8913774, -7.2007184 ], [ 109.8913264, -7.2007211 ], [ 109.8912098, -7.2006479 ], [ 109.8910716, -7.2005827 ], [ 109.8909509, -7.2005628 ], [ 109.8908611, -7.2005535 ], [ 109.8907793, -7.2005228 ], [ 109.8906183, -7.2004909 ], [ 109.8903957, -7.2005282 ], [ 109.8902348, -7.2005521 ], [ 109.8899022, -7.2004829 ], [ 109.8895991, -7.2003925 ], [ 109.8895508, -7.2003446 ], [ 109.8893952, -7.2002541 ], [ 109.8892155, -7.2003286 ], [ 109.8891082, -7.2003246 ], [ 109.8889916, -7.2003485 ], [ 109.8889111, -7.2003539 ], [ 109.8887032, -7.2002647 ], [ 109.8886268, -7.2002687 ], [ 109.8885785, -7.2003046 ], [ 109.8885047, -7.2002794 ], [ 109.8884404, -7.2002873 ], [ 109.8884095, -7.2002727 ], [ 109.8883532, -7.2002621 ], [ 109.8882875, -7.2002887 ], [ 109.8881856, -7.2002661 ], [ 109.8881038, -7.2002807 ], [ 109.8879777, -7.2003286 ], [ 109.8878583, -7.2003459 ], [ 109.8877604, -7.2003419 ], [ 109.887629, -7.2003259 ], [ 109.8874547, -7.2002541 ], [ 109.8873138, -7.2001756 ], [ 109.8872361, -7.2001689 ], [ 109.8872119, -7.2002022 ], [ 109.8871663, -7.2002128 ], [ 109.8870161, -7.200117 ], [ 109.8868914, -7.2001556 ], [ 109.8867801, -7.2002075 ], [ 109.8867197, -7.2002088 ], [ 109.8866446, -7.2001969 ], [ 109.8866124, -7.2001463 ], [ 109.8866138, -7.2000651 ], [ 109.8865964, -7.1999427 ], [ 109.8865601, -7.199831 ], [ 109.8863965, -7.1996726 ], [ 109.886355, -7.1996447 ], [ 109.8862544, -7.1996553 ], [ 109.8862235, -7.1996647 ], [ 109.8861752, -7.1996367 ], [ 109.8861337, -7.1995782 ], [ 109.886021, -7.1995768 ], [ 109.8859178, -7.1996221 ], [ 109.8858762, -7.1996141 ], [ 109.885781, -7.1995383 ], [ 109.8857287, -7.1994225 ], [ 109.8856455, -7.1993799 ], [ 109.8855771, -7.1993746 ], [ 109.8854779, -7.1993906 ], [ 109.8854054, -7.1994265 ], [ 109.8853263, -7.1994385 ], [ 109.8852995, -7.1994119 ], [ 109.8852754, -7.1993546 ], [ 109.8852646, -7.1993067 ], [ 109.8851922, -7.1992868 ], [ 109.8851506, -7.1992855 ], [ 109.8851158, -7.1992442 ], [ 109.885148, -7.199167 ], [ 109.8851547, -7.1990845 ], [ 109.8850943, -7.1989781 ], [ 109.8850206, -7.1989315 ], [ 109.8849361, -7.1989448 ], [ 109.8848945, -7.1989675 ], [ 109.8848382, -7.1989781 ], [ 109.8847859, -7.1989236 ], [ 109.8847295, -7.198853 ], [ 109.8846316, -7.1988131 ], [ 109.8845351, -7.1988211 ], [ 109.8844345, -7.1988144 ], [ 109.8843178, -7.1987599 ], [ 109.8842427, -7.1987133 ], [ 109.8841703, -7.1987466 ], [ 109.8841663, -7.1987945 ], [ 109.8841421, -7.1988291 ], [ 109.8840375, -7.198849 ], [ 109.8839423, -7.198885 ], [ 109.8838833, -7.198885 ], [ 109.8838095, -7.1988357 ], [ 109.8837291, -7.1988317 ], [ 109.8835132, -7.1987679 ], [ 109.8834836, -7.1987972 ], [ 109.8832825, -7.1988304 ], [ 109.8832141, -7.1987985 ], [ 109.8830692, -7.198696 ], [ 109.8829848, -7.1986734 ], [ 109.8828667, -7.1986215 ], [ 109.8828775, -7.1985044 ], [ 109.8829338, -7.1983501 ], [ 109.8829821, -7.1982703 ], [ 109.8829539, -7.1981931 ], [ 109.882907, -7.1981638 ], [ 109.8828238, -7.1981545 ], [ 109.8826428, -7.1980214 ], [ 109.88262, -7.1978911 ], [ 109.8826159, -7.1977646 ], [ 109.8824725, -7.1975904 ], [ 109.8824228, -7.1975651 ], [ 109.8824134, -7.1974653 ], [ 109.8824108, -7.1973855 ], [ 109.8823276, -7.1972231 ], [ 109.8823196, -7.1971779 ], [ 109.8823638, -7.197126 ], [ 109.8824778, -7.1970675 ], [ 109.8826227, -7.1969836 ], [ 109.8826723, -7.1969211 ], [ 109.8826468, -7.1968772 ], [ 109.882675, -7.1967534 ], [ 109.8827071, -7.1966856 ], [ 109.8827031, -7.196651 ], [ 109.8825958, -7.1965366 ], [ 109.8825972, -7.1964221 ], [ 109.8824765, -7.1963676 ], [ 109.8824041, -7.1963476 ], [ 109.8823544, -7.196325 ], [ 109.8823021, -7.1962518 ], [ 109.882278, -7.1961587 ], [ 109.8822297, -7.1960895 ], [ 109.8821278, -7.1960935 ], [ 109.8820312, -7.1961773 ], [ 109.8820044, -7.1962598 ], [ 109.882046, -7.1964075 ], [ 109.8820285, -7.1965565 ], [ 109.8818649, -7.196659 ], [ 109.8817255, -7.1965951 ], [ 109.881653, -7.1964767 ], [ 109.8816074, -7.1963649 ], [ 109.8815484, -7.1962026 ], [ 109.8814183, -7.1960922 ], [ 109.8812728, -7.1961015 ], [ 109.8810093, -7.19616 ], [ 109.8808886, -7.1960948 ], [ 109.8807746, -7.1959884 ], [ 109.8806271, -7.1957822 ], [ 109.8804742, -7.1956145 ], [ 109.8803041, -7.1954628 ], [ 109.8801497, -7.1954934 ], [ 109.8800544, -7.1955453 ], [ 109.879986, -7.1955639 ], [ 109.8798915, -7.1955466 ], [ 109.8798533, -7.1954894 ], [ 109.8797795, -7.1954322 ], [ 109.8796307, -7.1954469 ], [ 109.8794496, -7.1954881 ], [ 109.8792337, -7.1955294 ], [ 109.8790674, -7.19554 ], [ 109.878948, -7.1954921 ], [ 109.8787187, -7.1951448 ], [ 109.8785886, -7.1949958 ], [ 109.8786275, -7.194904 ], [ 109.8787335, -7.1948388 ], [ 109.8788045, -7.1947257 ], [ 109.8788059, -7.1946751 ], [ 109.8787348, -7.1946099 ], [ 109.8786329, -7.1944603 ], [ 109.8785605, -7.1944117 ], [ 109.8784485, -7.1943944 ], [ 109.8783499, -7.1944104 ], [ 109.8781916, -7.1943744 ], [ 109.8781098, -7.1943265 ], [ 109.8780428, -7.19426 ], [ 109.8779865, -7.1942347 ], [ 109.8778772, -7.1941529 ] ] } },
{ "type": "Feature", "properties": { "waterway": "stream", "name": null }, "geometry": { "type": "LineString", "coordinates": [ [ 109.890161, -7.1935282 ], [ 109.8900685, -7.1934697 ], [ 109.8899867, -7.1934244 ], [ 109.8899169, -7.1933805 ], [ 109.8898351, -7.1932967 ], [ 109.8897238, -7.1931982 ], [ 109.8896246, -7.1931224 ], [ 109.8895696, -7.1930692 ], [ 109.8894931, -7.1930026 ], [ 109.8894395, -7.1930013 ], [ 109.8893188, -7.1929747 ], [ 109.889233, -7.1929361 ], [ 109.8891605, -7.1928257 ], [ 109.8891424, -7.1927605 ], [ 109.8890888, -7.1927319 ], [ 109.8890526, -7.192666 ], [ 109.8889594, -7.1925642 ], [ 109.8888447, -7.1924964 ], [ 109.888726, -7.1924571 ], [ 109.8886617, -7.1923919 ], [ 109.8884726, -7.1923467 ], [ 109.8883197, -7.1923201 ], [ 109.8881963, -7.1922815 ], [ 109.8880702, -7.1923108 ], [ 109.8878396, -7.1922629 ], [ 109.8876786, -7.1921937 ], [ 109.8875003, -7.1920886 ], [ 109.8873769, -7.1919528 ], [ 109.8872884, -7.1918903 ], [ 109.8870496, -7.1917892 ], [ 109.8869424, -7.191712 ], [ 109.8867197, -7.191696 ], [ 109.8864676, -7.1916761 ], [ 109.886308, -7.1916694 ], [ 109.8862034, -7.1916242 ], [ 109.8860908, -7.1915617 ], [ 109.8859486, -7.1915417 ], [ 109.8857769, -7.1915231 ], [ 109.8856428, -7.1915577 ], [ 109.8855261, -7.1916441 ], [ 109.8853827, -7.1917546 ], [ 109.8853411, -7.1918597 ], [ 109.885219, -7.1921085 ], [ 109.8851748, -7.1922668 ], [ 109.8850863, -7.1924784 ], [ 109.8849025, -7.1925117 ], [ 109.8846638, -7.1926248 ], [ 109.8845163, -7.1927192 ], [ 109.8843352, -7.1928284 ] ] } },
{ "type": "Feature", "properties": { "waterway": "stream", "name": null }, "geometry": { "type": "LineString", "coordinates": [ [ 109.8824054, -7.189939 ], [ 109.8824047, -7.1900442 ], [ 109.8824389, -7.190124 ], [ 109.8824805, -7.1901699 ], [ 109.8825536, -7.1901978 ], [ 109.8826287, -7.190255 ], [ 109.8827172, -7.1903841 ], [ 109.8827829, -7.190436 ], [ 109.8828077, -7.1904773 ], [ 109.8828144, -7.1905218 ], [ 109.8828654, -7.1906063 ], [ 109.8829016, -7.1907088 ], [ 109.8829338, -7.1907899 ], [ 109.8829539, -7.190899 ], [ 109.882966, -7.1910268 ], [ 109.8829814, -7.1911039 ], [ 109.8829646, -7.1911572 ], [ 109.8829673, -7.1912516 ], [ 109.8830263, -7.191398 ], [ 109.8830283, -7.1914958 ], [ 109.8830511, -7.1915916 ], [ 109.8831477, -7.191698 ], [ 109.8831685, -7.1918397 ], [ 109.883253, -7.1919196 ], [ 109.8832677, -7.1921012 ], [ 109.8832852, -7.1922349 ], [ 109.8832838, -7.1923693 ], [ 109.8833388, -7.1925223 ], [ 109.8833748, -7.1926239 ] ] } },
{ "type": "Feature", "properties": { "waterway": "stream", "name": null }, "geometry": { "type": "LineString", "coordinates": [ [ 109.8796132, -7.1884774 ], [ 109.8796508, -7.1886278 ], [ 109.8796789, -7.1887222 ], [ 109.8796897, -7.1887928 ], [ 109.8797782, -7.1889431 ], [ 109.8798117, -7.1890323 ], [ 109.8798667, -7.189148 ], [ 109.8799042, -7.1892172 ], [ 109.8798828, -7.1892891 ], [ 109.879797, -7.1893769 ], [ 109.8796588, -7.1893835 ], [ 109.8795314, -7.1893809 ], [ 109.8794684, -7.1893915 ], [ 109.8793396, -7.189474 ], [ 109.8792055, -7.1895738 ], [ 109.8790956, -7.1896723 ], [ 109.879176, -7.18982 ], [ 109.8792283, -7.1898772 ], [ 109.8792766, -7.189981 ], [ 109.8792994, -7.1901047 ], [ 109.8792645, -7.190275 ], [ 109.8792404, -7.190456 ], [ 109.8792833, -7.1905757 ], [ 109.8793316, -7.1906343 ], [ 109.879463, -7.1906955 ], [ 109.8796575, -7.1908179 ], [ 109.8796897, -7.1908538 ], [ 109.8797339, -7.190903 ] ] } },
{ "type": "Feature", "properties": { "waterway": "stream", "name": null }, "geometry": { "type": "LineString", "coordinates": [ [ 109.8701705, -7.1921431 ], [ 109.8701879, -7.1922589 ], [ 109.8701933, -7.1923147 ], [ 109.8702215, -7.1923906 ], [ 109.8702362, -7.1924278 ], [ 109.8702443, -7.1924771 ], [ 109.8702376, -7.1925343 ], [ 109.8702617, -7.1926567 ], [ 109.870263, -7.1927778 ], [ 109.8702751, -7.192851 ], [ 109.8702832, -7.1929694 ], [ 109.8702912, -7.1930492 ], [ 109.8704052, -7.1931636 ], [ 109.8704173, -7.1932741 ], [ 109.8704669, -7.1933952 ], [ 109.8705487, -7.1934896 ], [ 109.8705997, -7.1935721 ], [ 109.8706144, -7.1936932 ], [ 109.8706573, -7.1938675 ], [ 109.8706573, -7.1940165 ], [ 109.8705339, -7.1941429 ], [ 109.870373, -7.1943013 ], [ 109.8702644, -7.1944144 ], [ 109.870259, -7.1944609 ], [ 109.870314, -7.1945753 ], [ 109.8702134, -7.1945926 ], [ 109.8701276, -7.1946113 ], [ 109.8700377, -7.1946246 ], [ 109.8699693, -7.1946219 ], [ 109.8699278, -7.1946193 ], [ 109.8698916, -7.1946525 ] ] } },
{ "type": "Feature", "properties": { "waterway": "stream", "name": null }, "geometry": { "type": "LineString", "coordinates": [ [ 109.8755054, -7.1917559 ], [ 109.8755524, -7.1918584 ], [ 109.875547, -7.1919741 ], [ 109.8755832, -7.1920726 ], [ 109.8756288, -7.1921963 ], [ 109.8756476, -7.1923307 ], [ 109.875716, -7.1924651 ], [ 109.8757669, -7.1925436 ], [ 109.8758259, -7.1926354 ], [ 109.8758568, -7.1927631 ], [ 109.8758742, -7.1930186 ], [ 109.8759198, -7.193133 ], [ 109.8760834, -7.1933619 ], [ 109.8762175, -7.1935269 ], [ 109.8763436, -7.193612 ], [ 109.8764133, -7.1937504 ], [ 109.8764455, -7.1939447 ], [ 109.8764402, -7.1940857 ], [ 109.8763382, -7.1942959 ], [ 109.8762783, -7.1944536 ] ] } },
{ "type": "Feature", "properties": { "waterway": "stream", "name": null }, "geometry": { "type": "LineString", "coordinates": [ [ 109.8739417, -7.1927419 ], [ 109.8738143, -7.1928337 ], [ 109.8737513, -7.1929188 ], [ 109.8736574, -7.1930452 ], [ 109.873416, -7.1933127 ], [ 109.8732859, -7.193463 ], [ 109.8732269, -7.1935721 ], [ 109.8732188, -7.1936613 ], [ 109.8731732, -7.1937012 ], [ 109.873074, -7.1937624 ], [ 109.8730002, -7.1937983 ], [ 109.8729707, -7.1938835 ], [ 109.8729667, -7.1940325 ], [ 109.8730096, -7.1941576 ], [ 109.873082, -7.1943279 ], [ 109.8731089, -7.1944662 ], [ 109.873125, -7.1946951 ], [ 109.8731196, -7.1947696 ], [ 109.8731373, -7.194839 ] ] } },
{ "type": "Feature", "properties": { "waterway": "stream", "name": null }, "geometry": { "type": "LineString", "coordinates": [ [ 109.8769039, -7.1911016 ], [ 109.8770034, -7.1912057 ], [ 109.8770544, -7.1912749 ], [ 109.877151, -7.1913634 ], [ 109.8772234, -7.1913834 ], [ 109.8773092, -7.1914206 ], [ 109.8773615, -7.1914752 ], [ 109.8774044, -7.1915177 ], [ 109.877412, -7.1915455 ] ] } },
{ "type": "Feature", "properties": { "waterway": "stream", "name": null }, "geometry": { "type": "LineString", "coordinates": [ [ 109.878303, -7.1879212 ], [ 109.8783284, -7.1879971 ], [ 109.8783479, -7.1880244 ], [ 109.8783647, -7.1881434 ], [ 109.8783928, -7.1882659 ], [ 109.8783915, -7.1883763 ], [ 109.8783888, -7.1885014 ], [ 109.8783432, -7.1886118 ], [ 109.8782667, -7.1887129 ], [ 109.8781165, -7.1888566 ], [ 109.8780414, -7.1889365 ], [ 109.8779905, -7.1891201 ], [ 109.8779543, -7.1892239 ], [ 109.8779275, -7.1892598 ], [ 109.877902, -7.1894487 ], [ 109.8778899, -7.1895778 ], [ 109.8778671, -7.1898093 ], [ 109.8778269, -7.1900169 ], [ 109.8778322, -7.190283 ], [ 109.8778376, -7.1904746 ], [ 109.8779006, -7.1905518 ], [ 109.8779114, -7.1906023 ], [ 109.8778765, -7.1907034 ], [ 109.8777893, -7.1909163 ], [ 109.8777102, -7.191072 ], [ 109.877682, -7.1911731 ], [ 109.8776807, -7.191213 ], [ 109.8776525, -7.1912889 ], [ 109.877564, -7.191398 ], [ 109.8775077, -7.1914619 ], [ 109.8774326, -7.1914911 ], [ 109.877412, -7.1915455 ], [ 109.8774004, -7.1915763 ], [ 109.877387, -7.191696 ], [ 109.8773937, -7.1917759 ], [ 109.877383, -7.1918371 ], [ 109.877383, -7.1919222 ], [ 109.8773696, -7.1920234 ], [ 109.8774205, -7.1920779 ], [ 109.8774862, -7.1921351 ], [ 109.8775211, -7.1922017 ], [ 109.8775654, -7.1923001 ], [ 109.877627, -7.1924039 ], [ 109.8777223, -7.1924332 ], [ 109.8778081, -7.1924491 ], [ 109.8778845, -7.1924718 ], [ 109.8779422, -7.192517 ], [ 109.8779798, -7.1925649 ], [ 109.8780455, -7.1925942 ], [ 109.8780951, -7.1926354 ], [ 109.8780924, -7.1926979 ], [ 109.8780924, -7.1927871 ], [ 109.8781045, -7.1928762 ], [ 109.8781045, -7.1929987 ], [ 109.8780656, -7.193133 ], [ 109.8780656, -7.1931796 ], [ 109.878053, -7.1932352 ] ] } },
{ "type": "Feature", "properties": { "waterway": "stream", "name": null }, "geometry": { "type": "LineString", "coordinates": [ [ 109.8817, -7.188838 ], [ 109.881704, -7.1889484 ], [ 109.881641, -7.1891015 ], [ 109.8815337, -7.1892332 ], [ 109.8814063, -7.1893769 ], [ 109.8813424, -7.1894315 ], [ 109.8812038, -7.1895499 ], [ 109.8811179, -7.1895858 ], [ 109.8810442, -7.1896629 ], [ 109.8809785, -7.1897441 ], [ 109.8809114, -7.189796 ], [ 109.8808336, -7.1898612 ], [ 109.8807733, -7.1899171 ], [ 109.8807102, -7.1900022 ], [ 109.8805426, -7.1900874 ], [ 109.8804501, -7.1901193 ], [ 109.8803817, -7.1901792 ], [ 109.8803119, -7.1902045 ], [ 109.8802395, -7.1902364 ], [ 109.8801671, -7.1902803 ], [ 109.8800209, -7.1903322 ], [ 109.8799311, -7.1903948 ], [ 109.8798855, -7.190436 ], [ 109.879813, -7.1905597 ], [ 109.8797782, -7.1906928 ], [ 109.8797339, -7.190903 ], [ 109.8797648, -7.1910281 ], [ 109.8797648, -7.1911252 ], [ 109.8798707, -7.1911944 ], [ 109.8799029, -7.1912822 ], [ 109.8799767, -7.1913794 ], [ 109.8800035, -7.1914672 ], [ 109.8799404, -7.1915377 ], [ 109.8798975, -7.1916135 ], [ 109.87986, -7.1917865 ], [ 109.8797822, -7.1918797 ], [ 109.879691, -7.1919701 ], [ 109.8796441, -7.1920313 ], [ 109.8795421, -7.1921192 ], [ 109.8794657, -7.1922668 ], [ 109.8794188, -7.1924066 ], [ 109.8794523, -7.1925183 ], [ 109.879514, -7.1926141 ], [ 109.8795334, -7.1927212 ], [ 109.8795427, -7.1927389 ] ] } },
{ "type": "Feature", "properties": { "waterway": "stream", "name": null }, "geometry": { "type": "LineString", "coordinates": [ [ 109.8905003, -7.1940019 ], [ 109.890397, -7.1939234 ], [ 109.8903635, -7.1938435 ], [ 109.8903649, -7.1937744 ], [ 109.8903273, -7.1937038 ], [ 109.8902616, -7.1936426 ], [ 109.8902066, -7.1935808 ], [ 109.890161, -7.1935282 ] ] } },
{ "type": "Feature", "properties": { "waterway": "stream", "name": null }, "geometry": { "type": "LineString", "coordinates": [ [ 109.8881829, -7.1854757 ], [ 109.8882902, -7.1853532 ], [ 109.8883747, -7.1852801 ], [ 109.8885638, -7.1851829 ], [ 109.8886415, -7.1851483 ], [ 109.8888025, -7.1851922 ], [ 109.8888722, -7.185171 ], [ 109.8890331, -7.1852228 ], [ 109.8891149, -7.1852308 ], [ 109.8892021, -7.185167 ], [ 109.8892169, -7.1851151 ], [ 109.8892128, -7.1850406 ], [ 109.8892665, -7.1850352 ], [ 109.8893456, -7.185147 ], [ 109.8894502, -7.1851616 ], [ 109.8896192, -7.185131 ], [ 109.8897466, -7.1850818 ], [ 109.8898016, -7.1850246 ], [ 109.8899317, -7.1848596 ], [ 109.8899786, -7.1847625 ], [ 109.8900162, -7.1847186 ], [ 109.8900886, -7.1846999 ], [ 109.8901999, -7.1845735 ], [ 109.8901838, -7.1844285 ], [ 109.8901114, -7.1842808 ], [ 109.8900631, -7.1841571 ], [ 109.8900175, -7.1839801 ], [ 109.8899344, -7.1838337 ], [ 109.8898311, -7.1837446 ], [ 109.8897627, -7.1836461 ], [ 109.8896715, -7.1835689 ], [ 109.8896621, -7.183557 ] ] } },
{ "type": "Feature", "properties": { "waterway": "stream", "name": null }, "geometry": { "type": "LineString", "coordinates": [ [ 109.8459461, -7.201103 ], [ 109.8458362, -7.2012467 ], [ 109.8457396, -7.2015101 ], [ 109.8457289, -7.2017336 ], [ 109.8457879, -7.2020689 ], [ 109.8458254, -7.2023457 ], [ 109.8457342, -7.202806 ], [ 109.845584, -7.2030375 ], [ 109.8453614, -7.2032424 ], [ 109.8448759, -7.203434 ], [ 109.8443448, -7.2035192 ], [ 109.8439854, -7.2036309 ], [ 109.8438191, -7.2039609 ], [ 109.8437762, -7.2042962 ], [ 109.8435348, -7.2046155 ], [ 109.8432988, -7.2047592 ], [ 109.8431057, -7.2052542 ], [ 109.8427677, -7.205515 ], [ 109.8424727, -7.2058502 ], [ 109.8424941, -7.2060844 ], [ 109.8426229, -7.2062334 ], [ 109.8426282, -7.2063984 ], [ 109.8425692, -7.2065474 ], [ 109.8425585, -7.2066645 ], [ 109.8426175, -7.2068135 ], [ 109.8426685, -7.2069546 ], [ 109.8426738, -7.2071941 ], [ 109.8427597, -7.2073803 ], [ 109.842883, -7.2075746 ], [ 109.8428603, -7.2078966 ], [ 109.8427556, -7.2079378 ], [ 109.8426215, -7.2079551 ], [ 109.8425558, -7.2079711 ], [ 109.8425491, -7.2080349 ], [ 109.842588, -7.2081507 ], [ 109.8425317, -7.2084368 ], [ 109.8424948, -7.2085412 ], [ 109.8424029, -7.208969 ], [ 109.8424619, -7.209118 ], [ 109.8424727, -7.2092617 ], [ 109.8424405, -7.2094479 ], [ 109.8423439, -7.2095384 ], [ 109.8420703, -7.2097353 ], [ 109.8420596, -7.2100972 ], [ 109.8422474, -7.2104538 ], [ 109.8423546, -7.2111616 ], [ 109.8425478, -7.2115767 ], [ 109.8424458, -7.2119599 ], [ 109.842419, -7.2121755 ], [ 109.8424378, -7.2123138 ], [ 109.8422259, -7.21254 ], [ 109.8420529, -7.2126884 ], [ 109.8419268, -7.2128121 ], [ 109.8418189, -7.21286 ], [ 109.8417512, -7.2129338 ], [ 109.8417699, -7.2130536 ], [ 109.8416921, -7.2132292 ], [ 109.8416358, -7.2133649 ], [ 109.8416814, -7.2135991 ], [ 109.8416573, -7.2137375 ], [ 109.8416761, -7.2139131 ], [ 109.8418182, -7.21411 ], [ 109.8418665, -7.2141632 ], [ 109.8418611, -7.2142909 ], [ 109.841778, -7.2145145 ], [ 109.8416546, -7.2146156 ], [ 109.8416331, -7.2148737 ], [ 109.8417109, -7.2151425 ], [ 109.8417512, -7.2155922 ], [ 109.8418584, -7.2158263 ], [ 109.8420167, -7.215954 ], [ 109.8420516, -7.216119 ], [ 109.8419979, -7.2161802 ], [ 109.842006, -7.2163186 ], [ 109.8421079, -7.2163771 ], [ 109.8422286, -7.2163904 ], [ 109.8423198, -7.2164197 ], [ 109.8424083, -7.2164556 ] ] } },
{ "type": "Feature", "properties": { "waterway": "stream", "name": null }, "geometry": { "type": "LineString", "coordinates": [ [ 109.8474723, -7.190762 ], [ 109.8475259, -7.1910707 ], [ 109.847703, -7.1913528 ], [ 109.8478344, -7.1915523 ], [ 109.8478854, -7.1916189 ], [ 109.8479497, -7.1916269 ], [ 109.8480463, -7.1916056 ], [ 109.8482528, -7.191579 ], [ 109.8483172, -7.1916295 ], [ 109.848395, -7.191728 ], [ 109.8484406, -7.1918371 ], [ 109.8484862, -7.1919781 ], [ 109.8485157, -7.1922203 ], [ 109.848564, -7.1923533 ], [ 109.8485774, -7.1926141 ], [ 109.8486391, -7.1927365 ], [ 109.8487544, -7.1928776 ], [ 109.8489287, -7.1929175 ], [ 109.8490119, -7.19298 ] ] } },
{ "type": "Feature", "properties": { "waterway": "stream", "name": null }, "geometry": { "type": "LineString", "coordinates": [ [ 109.8519489, -7.1885493 ], [ 109.8518899, -7.1886278 ], [ 109.8518269, -7.1887409 ], [ 109.8517705, -7.1888234 ], [ 109.8517075, -7.1890243 ], [ 109.8516566, -7.1891121 ], [ 109.8516083, -7.1892531 ], [ 109.8514742, -7.1893782 ], [ 109.8513561, -7.1895219 ], [ 109.8512059, -7.1897242 ], [ 109.8511308, -7.1898971 ], [ 109.8511389, -7.1900328 ], [ 109.8512274, -7.1902803 ], [ 109.8512998, -7.1906822 ], [ 109.8513374, -7.1908631 ], [ 109.8513615, -7.191076 ], [ 109.851336, -7.1911372 ], [ 109.8512542, -7.191221 ], [ 109.8512918, -7.1913315 ], [ 109.8512354, -7.1915271 ], [ 109.8512354, -7.1916561 ], [ 109.8512623, -7.1919169 ], [ 109.851324, -7.1921404 ], [ 109.8513642, -7.1923347 ], [ 109.8514071, -7.1925742 ], [ 109.8513481, -7.1926594 ], [ 109.8513481, -7.1927232 ], [ 109.8514017, -7.192851 ], [ 109.8513857, -7.1929893 ], [ 109.8513427, -7.1931836 ], [ 109.8513092, -7.193286 ], [ 109.8512918, -7.1933779 ], [ 109.8513629, -7.193467 ], [ 109.8514219, -7.1935921 ], [ 109.8514514, -7.1937956 ], [ 109.8513803, -7.1939819 ], [ 109.8513964, -7.1940964 ], [ 109.8514393, -7.1942347 ], [ 109.8514339, -7.1943678 ], [ 109.8514634, -7.1945035 ], [ 109.8514956, -7.1946366 ], [ 109.851501, -7.1948029 ], [ 109.8515828, -7.1949679 ], [ 109.8517545, -7.1951901 ], [ 109.8518255, -7.1953817 ], [ 109.8519838, -7.1955333 ], [ 109.8520267, -7.1957409 ], [ 109.852075, -7.1959458 ], [ 109.8521072, -7.1960616 ], [ 109.8520991, -7.1961594 ] ] } },
{ "type": "Feature", "properties": { "waterway": "stream", "name": null }, "geometry": { "type": "LineString", "coordinates": [ [ 109.8523794, -7.1908698 ], [ 109.8524089, -7.1909376 ], [ 109.852429, -7.1910161 ], [ 109.8524572, -7.1910973 ], [ 109.8524947, -7.1912317 ], [ 109.8525296, -7.1913235 ], [ 109.8525913, -7.1914938 ], [ 109.8526114, -7.191571 ], [ 109.8526691, -7.1916561 ], [ 109.852712, -7.19172 ], [ 109.852818, -7.1917719 ], [ 109.8529333, -7.1917958 ], [ 109.8530942, -7.191877 ], [ 109.8532096, -7.19201 ], [ 109.8534, -7.1921883 ], [ 109.8534885, -7.1922176 ], [ 109.8535636, -7.1922309 ], [ 109.8536494, -7.1922522 ], [ 109.8537567, -7.1922256 ], [ 109.8538399, -7.1922549 ], [ 109.8539847, -7.1923161 ], [ 109.8540538, -7.1923347 ], [ 109.8540799, -7.1923414 ] ] } },
{ "type": "Feature", "properties": { "waterway": "stream", "name": null }, "geometry": { "type": "LineString", "coordinates": [ [ 109.8589227, -7.1984925 ], [ 109.8590286, -7.1985031 ], [ 109.8591158, -7.1985603 ], [ 109.8592043, -7.1986162 ], [ 109.8592848, -7.1986561 ], [ 109.859325, -7.198712 ], [ 109.859321, -7.1988291 ], [ 109.8593196, -7.1989275 ], [ 109.8593719, -7.1990247 ], [ 109.8594511, -7.1991338 ], [ 109.8595101, -7.1992455 ], [ 109.8595744, -7.1993467 ], [ 109.8595235, -7.1993999 ], [ 109.8594403, -7.1994504 ], [ 109.8594189, -7.1995702 ], [ 109.8594698, -7.1996766 ], [ 109.8594698, -7.1997086 ], [ 109.8594511, -7.1997591 ], [ 109.8594618, -7.1998576 ], [ 109.8594618, -7.1999321 ], [ 109.8594108, -7.2000252 ], [ 109.8593169, -7.2000731 ], [ 109.8592177, -7.200145 ], [ 109.8591721, -7.2002567 ], [ 109.8591506, -7.2003605 ], [ 109.8591667, -7.200435 ], [ 109.8591909, -7.2005761 ], [ 109.8591721, -7.2006958 ], [ 109.8591621, -7.2008129 ] ] } },
{ "type": "Feature", "properties": { "waterway": "stream", "name": null }, "geometry": { "type": "LineString", "coordinates": [ [ 109.8564872, -7.1973123 ], [ 109.8566334, -7.1973562 ], [ 109.8567983, -7.19742 ], [ 109.8571631, -7.1975677 ], [ 109.8574354, -7.1976768 ], [ 109.8574407, -7.1977553 ], [ 109.8576191, -7.1978644 ], [ 109.8577774, -7.197927 ], [ 109.8579437, -7.1980002 ], [ 109.8579839, -7.1980268 ], [ 109.8579517, -7.1981133 ], [ 109.8579504, -7.1981904 ], [ 109.8580107, -7.198245 ], [ 109.8581153, -7.1983035 ], [ 109.8582253, -7.1983594 ], [ 109.8582293, -7.198398 ], [ 109.8582682, -7.1984552 ], [ 109.8584171, -7.1985177 ], [ 109.8586611, -7.1985204 ], [ 109.8588073, -7.1985164 ], [ 109.8588851, -7.1985071 ], [ 109.8589227, -7.1984925 ] ] } },
{ "type": "Feature", "properties": { "waterway": "stream", "name": null }, "geometry": { "type": "LineString", "coordinates": [ [ 109.8591346, -7.1919289 ], [ 109.8591024, -7.1920832 ], [ 109.8590836, -7.1922309 ], [ 109.8590702, -7.1923866 ], [ 109.8590541, -7.1924611 ], [ 109.8590206, -7.1925409 ], [ 109.8589978, -7.1926833 ], [ 109.8589736, -7.1927924 ], [ 109.8588824, -7.1929468 ], [ 109.8588046, -7.1930479 ], [ 109.8587, -7.1932209 ], [ 109.8586035, -7.1935721 ], [ 109.8585981, -7.1937158 ], [ 109.858523, -7.194107 ], [ 109.8584935, -7.1942081 ], [ 109.858464, -7.194578 ], [ 109.8584855, -7.1948122 ], [ 109.8585176, -7.1949931 ], [ 109.8585445, -7.1952859 ], [ 109.8585632, -7.1954296 ], [ 109.8585767, -7.1954908 ], [ 109.8585793, -7.1956052 ], [ 109.8585579, -7.1957409 ], [ 109.8584425, -7.1959219 ], [ 109.8584184, -7.1959777 ], [ 109.858413, -7.1961081 ], [ 109.8584506, -7.1962279 ], [ 109.858472, -7.1964328 ], [ 109.8585069, -7.1966297 ], [ 109.8585311, -7.1967468 ], [ 109.8584962, -7.1968319 ], [ 109.8584345, -7.1970049 ], [ 109.8584479, -7.197138 ], [ 109.8586652, -7.1974546 ], [ 109.8587671, -7.1976622 ], [ 109.8589039, -7.1978405 ], [ 109.8590112, -7.1980454 ], [ 109.8589307, -7.1981891 ], [ 109.8590112, -7.1983434 ], [ 109.8589495, -7.1984286 ], [ 109.8589227, -7.1984925 ] ] } },
{ "type": "Feature", "properties": { "waterway": "stream", "name": null }, "geometry": { "type": "LineString", "coordinates": [ [ 109.8614506, -7.1935668 ], [ 109.8616371, -7.1936573 ], [ 109.8618557, -7.1937996 ], [ 109.8620032, -7.1938835 ], [ 109.8622338, -7.1939806 ], [ 109.862368, -7.1940631 ], [ 109.8625094, -7.1941895 ], [ 109.8626261, -7.1942733 ], [ 109.8627475, -7.1943864 ], [ 109.8627837, -7.1944796 ], [ 109.8629889, -7.1947324 ], [ 109.8631659, -7.1948814 ], [ 109.8632491, -7.1949918 ], [ 109.8632598, -7.1950517 ], [ 109.8632611, -7.1951102 ], [ 109.8632196, -7.1951768 ], [ 109.8632155, -7.1952619 ], [ 109.8632142, -7.1953537 ], [ 109.8631766, -7.1955094 ], [ 109.8631015, -7.1957036 ], [ 109.8629755, -7.1958128 ], [ 109.8628548, -7.1958766 ], [ 109.8627582, -7.1959352 ], [ 109.8626992, -7.1960177 ], [ 109.8626858, -7.1962119 ], [ 109.8626201, -7.1962532 ], [ 109.8625624, -7.1962997 ], [ 109.8625436, -7.1963649 ], [ 109.8624659, -7.1964527 ], [ 109.8623559, -7.1965738 ], [ 109.8623143, -7.1966869 ], [ 109.8623224, -7.1967574 ], [ 109.8622996, -7.1968013 ], [ 109.8622526, -7.1968226 ], [ 109.8622486, -7.1968652 ], [ 109.8622499, -7.1968998 ], [ 109.8621882, -7.1969304 ], [ 109.8621628, -7.1969717 ], [ 109.8621668, -7.1970555 ], [ 109.8621829, -7.1971672 ], [ 109.8622218, -7.1972311 ], [ 109.8622365, -7.1973189 ], [ 109.8622218, -7.1975425 ], [ 109.8622137, -7.1976901 ], [ 109.8620796, -7.1976941 ], [ 109.8619898, -7.1977367 ], [ 109.8619214, -7.1978312 ], [ 109.8619375, -7.197911 ], [ 109.8619522, -7.1979696 ], [ 109.8620166, -7.1980268 ], [ 109.8620444, -7.1980429 ] ] } },
{ "type": "Feature", "properties": { "waterway": "stream", "name": null }, "geometry": { "type": "LineString", "coordinates": [ [ 109.8664422, -7.192175 ], [ 109.8664382, -7.1922416 ], [ 109.8664811, -7.1923187 ], [ 109.8665106, -7.1923773 ], [ 109.8665187, -7.1924491 ], [ 109.8665133, -7.1926088 ], [ 109.8665133, -7.1927206 ], [ 109.8665401, -7.1928377 ], [ 109.8665294, -7.1929787 ], [ 109.8664945, -7.1930718 ], [ 109.8664516, -7.1931703 ], [ 109.8664677, -7.1933326 ], [ 109.8665428, -7.1934311 ], [ 109.8666608, -7.1934497 ], [ 109.8667708, -7.1935362 ], [ 109.8667949, -7.1936413 ], [ 109.866917, -7.193628 ], [ 109.8670109, -7.193628 ], [ 109.867149, -7.19364 ], [ 109.867263, -7.193644 ], [ 109.8673569, -7.193632 ], [ 109.8674896, -7.1936732 ], [ 109.867605, -7.1937371 ], [ 109.8676988, -7.1938116 ], [ 109.8677029, -7.1938941 ], [ 109.8676412, -7.1939726 ], [ 109.8676157, -7.1940272 ], [ 109.8676358, -7.194087 ], [ 109.8677163, -7.194099 ], [ 109.8677927, -7.1941163 ], [ 109.8678879, -7.1941815 ], [ 109.8679858, -7.1942733 ], [ 109.868073, -7.1943359 ], [ 109.8681213, -7.1943997 ], [ 109.8681656, -7.1945847 ], [ 109.8682474, -7.1946539 ], [ 109.8683533, -7.1946751 ], [ 109.8684512, -7.1948335 ], [ 109.8684525, -7.1948561 ], [ 109.8684713, -7.1949306 ], [ 109.8685303, -7.1949798 ], [ 109.8686001, -7.1950543 ], [ 109.8685893, -7.1951528 ], [ 109.8685652, -7.1953284 ], [ 109.8685518, -7.1954828 ], [ 109.8685478, -7.1955945 ] ] } },
{ "type": "Feature", "properties": { "waterway": "stream", "name": null }, "geometry": { "type": "LineString", "coordinates": [ [ 109.8608163, -7.1858549 ], [ 109.8609772, -7.1860757 ], [ 109.8610684, -7.1861955 ], [ 109.861173, -7.1863365 ], [ 109.8612133, -7.1864616 ], [ 109.861342, -7.1866346 ], [ 109.8614359, -7.1868927 ], [ 109.8614815, -7.1870311 ], [ 109.861578, -7.1872147 ], [ 109.86168, -7.1873744 ], [ 109.8618463, -7.1875447 ], [ 109.8620984, -7.1878214 ], [ 109.8621842, -7.1879013 ], [ 109.8623183, -7.1880184 ], [ 109.8623981, -7.1881794 ], [ 109.8624444, -7.1882406 ], [ 109.8625356, -7.1882805 ], [ 109.8625758, -7.1882885 ], [ 109.8626228, -7.1883377 ], [ 109.8626952, -7.1884042 ], [ 109.8627381, -7.188528 ], [ 109.8627636, -7.1886424 ], [ 109.862832, -7.1887435 ], [ 109.8628856, -7.1888101 ], [ 109.8629299, -7.1889764 ], [ 109.86295, -7.1891793 ], [ 109.8629708, -7.1892791 ], [ 109.8631605, -7.1895365 ], [ 109.8632571, -7.1896829 ], [ 109.863351, -7.1898333 ], [ 109.8633818, -7.1899277 ], [ 109.8633724, -7.1901034 ], [ 109.8633443, -7.1901686 ], [ 109.8633322, -7.1902444 ], [ 109.8633027, -7.1903189 ], [ 109.8633242, -7.1903655 ] ] } },
{ "type": "Feature", "properties": { "waterway": "stream", "name": null }, "geometry": { "type": "LineString", "coordinates": [ [ 109.8633242, -7.1903655 ], [ 109.8633295, -7.1904187 ], [ 109.8633295, -7.1905065 ], [ 109.8633832, -7.1905571 ], [ 109.8634529, -7.1906156 ], [ 109.8635173, -7.1906955 ], [ 109.8635709, -7.1907833 ], [ 109.8636541, -7.1908471 ], [ 109.8637882, -7.1908844 ], [ 109.8639934, -7.1909336 ], [ 109.8640457, -7.1908937 ], [ 109.8641181, -7.1909243 ], [ 109.8641811, -7.1909536 ], [ 109.8642482, -7.1909882 ], [ 109.8643273, -7.1910148 ], [ 109.864393, -7.1910547 ], [ 109.8645607, -7.191084 ], [ 109.8646975, -7.1911146 ], [ 109.8647994, -7.1911186 ], [ 109.8650287, -7.1911372 ], [ 109.8651373, -7.1911345 ], [ 109.8652835, -7.1911199 ], [ 109.8653385, -7.1911252 ], [ 109.8653962, -7.1911997 ], [ 109.8654632, -7.1912397 ], [ 109.8654994, -7.1912902 ], [ 109.8655316, -7.1913661 ], [ 109.8656711, -7.1915603 ], [ 109.8657596, -7.1916056 ], [ 109.8658293, -7.1916641 ], [ 109.8659769, -7.1918185 ], [ 109.8661029, -7.1919409 ], [ 109.8661861, -7.1919435 ], [ 109.8662451, -7.192034 ], [ 109.8663041, -7.1920766 ], [ 109.8664007, -7.1921258 ], [ 109.8664422, -7.192175 ] ] } },
{ "type": "Feature", "properties": { "waterway": "stream", "name": null }, "geometry": { "type": "LineString", "coordinates": [ [ 109.8663604, -7.1861795 ], [ 109.8663577, -7.186254 ], [ 109.8665643, -7.1863844 ], [ 109.8666528, -7.1863578 ], [ 109.8667896, -7.1863498 ], [ 109.8668486, -7.1864403 ], [ 109.8669103, -7.1865734 ], [ 109.8669291, -7.1866772 ], [ 109.8669183, -7.186757 ], [ 109.866921, -7.1869246 ], [ 109.8669478, -7.1871588 ], [ 109.8669827, -7.1872892 ], [ 109.8670122, -7.1875021 ], [ 109.8670176, -7.1876432 ], [ 109.8669478, -7.1877469 ], [ 109.8668647, -7.1877869 ], [ 109.8667815, -7.1878667 ], [ 109.8667762, -7.1879785 ], [ 109.8667359, -7.1881142 ], [ 109.866693, -7.1882792 ], [ 109.8667172, -7.188367 ], [ 109.8667762, -7.1885054 ], [ 109.8668593, -7.1885745 ], [ 109.8668915, -7.1886411 ], [ 109.8668888, -7.1887662 ], [ 109.8668727, -7.1888433 ], [ 109.8667923, -7.1889711 ], [ 109.8667279, -7.1890828 ], [ 109.866685, -7.189136 ], [ 109.8666514, -7.189164 ], [ 109.8666219, -7.1891906 ], [ 109.8665294, -7.1892212 ], [ 109.8664275, -7.1892731 ], [ 109.8663712, -7.1893529 ], [ 109.8663712, -7.1894354 ], [ 109.8663832, -7.1895086 ], [ 109.8664342, -7.1895405 ], [ 109.8664369, -7.1895618 ], [ 109.8664261, -7.1896124 ], [ 109.8664154, -7.1896683 ], [ 109.8664342, -7.1897202 ], [ 109.8664422, -7.1897534 ], [ 109.8664221, -7.1897827 ], [ 109.8663604, -7.1898186 ], [ 109.8662437, -7.1899291 ], [ 109.8661633, -7.1900195 ], [ 109.8661177, -7.1900781 ], [ 109.8661217, -7.1901592 ], [ 109.8661016, -7.1902271 ], [ 109.8660453, -7.190424 ], [ 109.8659474, -7.1905917 ], [ 109.8659004, -7.1907394 ], [ 109.8659085, -7.1908511 ], [ 109.8659568, -7.1910654 ], [ 109.8659876, -7.1910654 ], [ 109.8660091, -7.191056 ], [ 109.8660453, -7.1910813 ], [ 109.8660989, -7.1911691 ], [ 109.8661405, -7.191225 ], [ 109.8661928, -7.1912942 ], [ 109.8662639, -7.1913461 ], [ 109.8663068, -7.1913701 ], [ 109.8663457, -7.1914499 ], [ 109.8663416, -7.1915244 ], [ 109.8663457, -7.1915962 ], [ 109.8663846, -7.1916708 ], [ 109.8663846, -7.1917479 ], [ 109.8663658, -7.1917945 ], [ 109.8663886, -7.1918464 ], [ 109.8663779, -7.1919542 ], [ 109.8663886, -7.192026 ], [ 109.8664248, -7.1921205 ], [ 109.8664422, -7.192175 ] ] } },
{ "type": "Feature", "properties": { "waterway": "stream", "name": null }, "geometry": { "type": "LineString", "coordinates": [ [ 109.884409, -7.1836009 ], [ 109.8845632, -7.1835077 ], [ 109.8846906, -7.1834399 ], [ 109.8847523, -7.1834306 ], [ 109.8849066, -7.1834638 ], [ 109.8850849, -7.1834718 ], [ 109.8851962, -7.1834931 ], [ 109.8852874, -7.1834658 ], [ 109.8853297, -7.1834492 ], [ 109.885437, -7.1833707 ], [ 109.8855101, -7.1832909 ], [ 109.8855355, -7.183231 ], [ 109.8855637, -7.1831618 ], [ 109.8855758, -7.1831099 ], [ 109.8856348, -7.1830513 ], [ 109.8856898, -7.1830021 ], [ 109.8857997, -7.1829901 ], [ 109.8858306, -7.1829622 ], [ 109.8859499, -7.182905 ], [ 109.8860063, -7.1828172 ], [ 109.8860693, -7.1826961 ], [ 109.8862275, -7.1826043 ], [ 109.8864757, -7.1824606 ], [ 109.8866071, -7.1824034 ], [ 109.8870738, -7.1821013 ], [ 109.8873045, -7.1820002 ], [ 109.8875727, -7.1820175 ], [ 109.887751, -7.181931 ], [ 109.8878919, -7.1819071 ], [ 109.8880287, -7.1818445 ], [ 109.8881279, -7.1818033 ], [ 109.88827, -7.1817846 ], [ 109.8884363, -7.1817248 ], [ 109.8885436, -7.1816981 ], [ 109.888667, -7.1817487 ], [ 109.8888427, -7.1817886 ], [ 109.8889969, -7.1817261 ], [ 109.8891324, -7.1817367 ], [ 109.8892947, -7.1817354 ], [ 109.8896581, -7.1818112 ], [ 109.8898204, -7.1818139 ], [ 109.8900138, -7.1817872 ], [ 109.8901288, -7.1817713 ], [ 109.8902106, -7.1816476 ], [ 109.8905848, -7.1813655 ], [ 109.8907793, -7.1812857 ], [ 109.8909134, -7.1810914 ], [ 109.8909214, -7.180945 ], [ 109.8908946, -7.1808333 ], [ 109.8910394, -7.1800881 ], [ 109.8910287, -7.1799604 ], [ 109.8911574, -7.1796411 ], [ 109.8912594, -7.179367 ], [ 109.8911011, -7.1790689 ], [ 109.8908651, -7.1787176 ], [ 109.8905539, -7.178377 ], [ 109.8901141, -7.1780098 ], [ 109.8899746, -7.1775999 ], [ 109.8899907, -7.1772806 ], [ 109.8900175, -7.1769612 ], [ 109.8898995, -7.1763119 ], [ 109.889642, -7.1757584 ], [ 109.8892558, -7.1748376 ], [ 109.8888695, -7.1742681 ], [ 109.8883384, -7.1736507 ], [ 109.888038, -7.1732781 ], [ 109.8878717, -7.172847 ], [ 109.8878503, -7.1722403 ] ] } },
{ "type": "Feature", "properties": { "waterway": "stream", "name": null }, "geometry": { "type": "LineString", "coordinates": [ [ 109.8459542, -7.1907926 ], [ 109.8459515, -7.1908551 ], [ 109.8460186, -7.1910055 ], [ 109.8461258, -7.1911026 ], [ 109.8462479, -7.1911931 ], [ 109.8463887, -7.1913102 ], [ 109.8464826, -7.1914086 ], [ 109.8465248, -7.1915211 ], [ 109.846561, -7.1916122 ], [ 109.8466033, -7.1916894 ], [ 109.8466663, -7.1919342 ], [ 109.8467803, -7.192018 ], [ 109.8468554, -7.1921032 ], [ 109.8468997, -7.1921844 ], [ 109.8469345, -7.1922362 ], [ 109.8470002, -7.1922748 ], [ 109.8470592, -7.1923986 ], [ 109.8471317, -7.1925157 ], [ 109.8472926, -7.1927844 ], [ 109.8474267, -7.1929414 ], [ 109.8475313, -7.1931251 ], [ 109.8475796, -7.1932581 ], [ 109.8477097, -7.1934391 ], [ 109.8477486, -7.1936054 ], [ 109.8478505, -7.1938489 ], [ 109.8479176, -7.1940458 ], [ 109.8479739, -7.1941895 ], [ 109.8480195, -7.1942347 ], [ 109.8480222, -7.1943545 ], [ 109.8480087, -7.1945168 ], [ 109.8479927, -7.1946765 ], [ 109.8480275, -7.1947696 ], [ 109.8481241, -7.1949027 ], [ 109.8481683, -7.1951156 ], [ 109.8481697, -7.1952047 ], [ 109.8481603, -7.1952978 ], [ 109.8481375, -7.1954003 ], [ 109.8481858, -7.195677 ], [ 109.8482341, -7.1957888 ], [ 109.8483199, -7.1959165 ], [ 109.8483869, -7.1960789 ], [ 109.8484004, -7.1961826 ], [ 109.848175, -7.196345 ], [ 109.8480141, -7.1965632 ], [ 109.8478585, -7.1967761 ], [ 109.8478317, -7.1968985 ], [ 109.8477405, -7.1973668 ], [ 109.847762, -7.1976436 ], [ 109.8478049, -7.1978724 ], [ 109.8478156, -7.1980534 ], [ 109.8477513, -7.1982556 ], [ 109.8476654, -7.1985803 ], [ 109.8475099, -7.1987293 ], [ 109.8473167, -7.198857 ], [ 109.8470807, -7.1988411 ], [ 109.8467803, -7.199022 ], [ 109.8466837, -7.1992934 ], [ 109.8466891, -7.1995968 ], [ 109.8466623, -7.1998789 ], [ 109.8465604, -7.2001716 ], [ 109.8464262, -7.2004723 ], [ 109.8463002, -7.2006 ], [ 109.8461285, -7.2008102 ], [ 109.8459461, -7.201103 ] ] } },
{ "type": "Feature", "properties": { "waterway": "stream", "name": null }, "geometry": { "type": "LineString", "coordinates": [ [ 109.7222802, -7.235243 ], [ 109.7221246, -7.2350407 ], [ 109.7220227, -7.2349636 ], [ 109.7219369, -7.2348332 ], [ 109.7218645, -7.2347587 ], [ 109.7217786, -7.2347214 ], [ 109.7216901, -7.2347348 ], [ 109.7216043, -7.2347081 ], [ 109.7215319, -7.2346975 ] ] } },
{ "type": "Feature", "properties": { "waterway": "stream", "name": null }, "geometry": { "type": "LineString", "coordinates": [ [ 109.7339813, -7.2192457 ], [ 109.7339733, -7.2193308 ], [ 109.7339585, -7.2194133 ], [ 109.7339277, -7.2195517 ], [ 109.7338794, -7.2196993 ], [ 109.733807, -7.2197699 ], [ 109.7337681, -7.2197685 ], [ 109.7337051, -7.2197459 ], [ 109.7336648, -7.2197366 ], [ 109.7336675, -7.2199002 ], [ 109.7336662, -7.2200093 ], [ 109.733689, -7.2200905 ], [ 109.7337936, -7.2203127 ], [ 109.7338097, -7.2204178 ], [ 109.7337574, -7.2206586 ], [ 109.7337574, -7.2207278 ], [ 109.7337654, -7.2208262 ], [ 109.7337386, -7.2209247 ], [ 109.733685, -7.2210072 ], [ 109.7336662, -7.2211243 ], [ 109.7336447, -7.2212946 ], [ 109.7335911, -7.2214037 ], [ 109.7335562, -7.2214622 ], [ 109.7335093, -7.2215647 ], [ 109.7334623, -7.2216591 ], [ 109.7334114, -7.2217496 ], [ 109.7333255, -7.222013 ], [ 109.733296, -7.2221088 ], [ 109.7331271, -7.2222951 ], [ 109.7330546, -7.222319 ], [ 109.7328857, -7.2223776 ], [ 109.7328052, -7.2224095 ], [ 109.7327381, -7.2224734 ], [ 109.7326818, -7.2226224 ], [ 109.7326684, -7.2227474 ], [ 109.7325557, -7.2228619 ], [ 109.7324793, -7.2229138 ], [ 109.7323425, -7.2230175 ], [ 109.7321936, -7.2230415 ], [ 109.7320569, -7.2230455 ], [ 109.7318906, -7.2231147 ], [ 109.7317095, -7.2231506 ], [ 109.7316237, -7.2232477 ], [ 109.7315982, -7.2233581 ], [ 109.7316062, -7.2234233 ], [ 109.7315781, -7.2235204 ], [ 109.7314708, -7.2235391 ], [ 109.7313689, -7.2235457 ], [ 109.7313125, -7.2235963 ], [ 109.7312844, -7.2236561 ], [ 109.7312817, -7.2237506 ], [ 109.73122, -7.2238757 ], [ 109.7311529, -7.2239395 ], [ 109.7309947, -7.2241551 ], [ 109.7308928, -7.2242828 ], [ 109.7308016, -7.22432 ], [ 109.7306809, -7.2243334 ], [ 109.7306219, -7.2243626 ], [ 109.7305629, -7.2244691 ], [ 109.7304288, -7.2247139 ], [ 109.730477, -7.2249028 ], [ 109.7304824, -7.2250039 ], [ 109.7304744, -7.2250997 ], [ 109.7304583, -7.2251662 ], [ 109.7303885, -7.2252035 ], [ 109.730337, -7.2252336 ], [ 109.7302839, -7.2252647 ], [ 109.7301069, -7.2253205 ], [ 109.7299835, -7.2253472 ], [ 109.7298601, -7.2253525 ], [ 109.7296697, -7.2253977 ], [ 109.7295007, -7.2254137 ], [ 109.7293854, -7.2254217 ], [ 109.7292191, -7.225427 ], [ 109.7291547, -7.2254483 ], [ 109.7290394, -7.22556 ], [ 109.7289777, -7.2256798 ], [ 109.728857, -7.2258075 ], [ 109.7286558, -7.2258607 ], [ 109.7284815, -7.2259299 ], [ 109.7284171, -7.226031 ], [ 109.7283259, -7.2261295 ], [ 109.7281998, -7.2262239 ], [ 109.7281113, -7.2262771 ], [ 109.7279491, -7.2263556 ], [ 109.7277814, -7.2264421 ], [ 109.7277009, -7.2265565 ], [ 109.7275387, -7.2266497 ], [ 109.7274367, -7.2268186 ], [ 109.7273777, -7.2270116 ], [ 109.7273147, -7.227247 ], [ 109.7272798, -7.2275397 ], [ 109.7272208, -7.2276781 ], [ 109.7271699, -7.2278617 ], [ 109.7270679, -7.2279548 ], [ 109.7269151, -7.2279921 ], [ 109.7267608, -7.2280121 ], [ 109.7265476, -7.2281837 ], [ 109.726392, -7.228338 ], [ 109.7263733, -7.2284471 ], [ 109.7263437, -7.2285216 ], [ 109.7263196, -7.2287132 ], [ 109.7262901, -7.2287983 ], [ 109.726333, -7.2288835 ], [ 109.726278, -7.2290378 ], [ 109.7262982, -7.229127 ], [ 109.7263196, -7.2291868 ], [ 109.7262874, -7.2293066 ], [ 109.7262123, -7.2294276 ], [ 109.726164, -7.2295607 ], [ 109.7261667, -7.2297456 ], [ 109.7261694, -7.229892 ], [ 109.726156, -7.2301075 ], [ 109.7261533, -7.2303097 ], [ 109.7261399, -7.2306317 ], [ 109.7261144, -7.2307142 ], [ 109.7260594, -7.2310202 ], [ 109.7260165, -7.2312437 ], [ 109.7259736, -7.2315351 ], [ 109.7259293, -7.2317652 ], [ 109.7259052, -7.2319009 ], [ 109.7259226, -7.2319355 ], [ 109.7259656, -7.2319475 ], [ 109.7260004, -7.2319595 ], [ 109.7260071, -7.232006 ], [ 109.725987, -7.2320726 ], [ 109.7258972, -7.2322375 ], [ 109.7257617, -7.2325289 ], [ 109.7257014, -7.2326566 ], [ 109.7256638, -7.2328176 ], [ 109.7256276, -7.2328974 ], [ 109.7256303, -7.232956 ], [ 109.7255981, -7.2330531 ], [ 109.7254841, -7.2332087 ], [ 109.7254626, -7.2332513 ], [ 109.7253647, -7.2333631 ], [ 109.7253446, -7.2334708 ], [ 109.7252776, -7.2335799 ], [ 109.7252655, -7.2336145 ], [ 109.7252776, -7.2336717 ], [ 109.7253031, -7.233725 ], [ 109.7252829, -7.2338088 ], [ 109.7252293, -7.2339232 ], [ 109.7251891, -7.2339338 ], [ 109.7251394, -7.2339405 ], [ 109.7251233, -7.2339897 ], [ 109.7251113, -7.2340522 ], [ 109.7250791, -7.2340762 ], [ 109.7249839, -7.2340961 ], [ 109.7249436, -7.2341281 ], [ 109.7249262, -7.2341946 ], [ 109.7249195, -7.2342239 ], [ 109.7248954, -7.2342345 ], [ 109.7248873, -7.2342558 ], [ 109.7248732, -7.2342718 ], [ 109.7248417, -7.2342724 ], [ 109.7248182, -7.2342844 ], [ 109.7247646, -7.2343409 ], [ 109.7247297, -7.2343556 ], [ 109.7246714, -7.2343436 ], [ 109.7245983, -7.2343316 ], [ 109.724552, -7.2343416 ], [ 109.7245058, -7.2343835 ], [ 109.7244132, -7.2343902 ], [ 109.7243663, -7.2343822 ], [ 109.7242905, -7.2344115 ], [ 109.7242094, -7.2344534 ], [ 109.7241537, -7.2344687 ], [ 109.7240451, -7.2345731 ], [ 109.7238761, -7.2346177 ], [ 109.7238305, -7.2345924 ], [ 109.7237058, -7.2345112 ], [ 109.723632, -7.2344806 ], [ 109.7235502, -7.234462 ], [ 109.7234483, -7.2344274 ], [ 109.7233182, -7.2344181 ], [ 109.7232445, -7.2344248 ], [ 109.7231546, -7.2344434 ], [ 109.7230902, -7.2344381 ], [ 109.7230057, -7.2344141 ], [ 109.7229239, -7.2343982 ], [ 109.7227831, -7.2344327 ], [ 109.7226343, -7.2343968 ], [ 109.7224572, -7.2343303 ], [ 109.7221568, -7.2342292 ], [ 109.7217759, -7.2340749 ], [ 109.7217303, -7.2341706 ], [ 109.7216982, -7.2342824 ], [ 109.7216579, -7.2343862 ], [ 109.7215882, -7.2345033 ], [ 109.7215587, -7.2345618 ], [ 109.7215319, -7.2346975 ] ] } },
{ "type": "Feature", "properties": { "waterway": "stream", "name": "Kali Sapi" }, "geometry": { "type": "LineString", "coordinates": [ [ 109.7427911, -7.2233515 ], [ 109.7429359, -7.2235351 ], [ 109.7431317, -7.2239289 ], [ 109.7432604, -7.2240726 ], [ 109.7433919, -7.2242801 ], [ 109.7433731, -7.2244345 ], [ 109.7433409, -7.2245409 ], [ 109.7431183, -7.22498 ], [ 109.7431827, -7.2251955 ], [ 109.7431585, -7.2253764 ], [ 109.743062, -7.2256372 ], [ 109.7430029, -7.2261587 ], [ 109.742952, -7.2263104 ], [ 109.7428796, -7.2264568 ], [ 109.7427615, -7.2265978 ], [ 109.7424477, -7.226824 ], [ 109.7422922, -7.2269543 ], [ 109.7421822, -7.2271513 ], [ 109.7421607, -7.2272949 ], [ 109.7421876, -7.227444 ], [ 109.7421688, -7.2276276 ], [ 109.7422251, -7.2278431 ], [ 109.7422197, -7.2280267 ], [ 109.7422439, -7.2281251 ], [ 109.7422063, -7.2284365 ], [ 109.7421446, -7.2285589 ], [ 109.741981, -7.2286653 ], [ 109.7415572, -7.2288569 ], [ 109.741179, -7.229123 ], [ 109.740884, -7.2293651 ], [ 109.7407955, -7.229554 ], [ 109.7406909, -7.2296498 ], [ 109.7406372, -7.2297988 ], [ 109.7406775, -7.2300303 ], [ 109.7408465, -7.2302618 ], [ 109.7411227, -7.2307355 ], [ 109.7411683, -7.2309031 ], [ 109.7411603, -7.2311426 ], [ 109.7411817, -7.2313342 ], [ 109.741179, -7.2316056 ], [ 109.7410932, -7.2318717 ], [ 109.7410557, -7.232175 ], [ 109.7410718, -7.2322415 ], [ 109.7408733, -7.2326247 ], [ 109.7408532, -7.2328761 ], [ 109.7408089, -7.2329879 ], [ 109.7406788, -7.2331003 ], [ 109.7404401, -7.2331941 ], [ 109.7400726, -7.2334096 ], [ 109.7399358, -7.233556 ], [ 109.739728, -7.23416 ], [ 109.7396448, -7.2343542 ], [ 109.7392237, -7.2342372 ], [ 109.7386283, -7.2341094 ], [ 109.7377351, -7.2339711 ], [ 109.7375232, -7.233846 ], [ 109.7373301, -7.2338859 ], [ 109.7372469, -7.2338753 ], [ 109.7371396, -7.2338194 ], [ 109.7370538, -7.2338168 ], [ 109.7369465, -7.233862 ], [ 109.7368312, -7.2338806 ], [ 109.7362974, -7.2338593 ], [ 109.7360185, -7.2338327 ], [ 109.7358978, -7.233862 ], [ 109.7358334, -7.2338194 ], [ 109.7356376, -7.2338647 ], [ 109.7355276, -7.2338567 ], [ 109.7355384, -7.2339631 ], [ 109.7355759, -7.2340296 ], [ 109.7355705, -7.234144 ], [ 109.7355437, -7.2342452 ], [ 109.7355625, -7.2343516 ], [ 109.7355625, -7.2345352 ], [ 109.7355464, -7.2346469 ], [ 109.7355115, -7.2346656 ], [ 109.7353747, -7.2346443 ], [ 109.7352809, -7.2346017 ], [ 109.7351146, -7.2345937 ], [ 109.7342831, -7.2347214 ], [ 109.7341624, -7.2347773 ], [ 109.7340417, -7.2347534 ], [ 109.7338968, -7.2347587 ], [ 109.733516, -7.2348332 ], [ 109.7333336, -7.2348492 ], [ 109.7332451, -7.2348492 ], [ 109.733178, -7.2348039 ], [ 109.7331351, -7.2347986 ], [ 109.7330761, -7.2348678 ], [ 109.7330493, -7.2349263 ], [ 109.7329769, -7.2348997 ], [ 109.7328213, -7.2347481 ], [ 109.7327462, -7.2347427 ], [ 109.7324243, -7.2348066 ], [ 109.7321025, -7.234905 ], [ 109.7315446, -7.2348598 ], [ 109.7313434, -7.2347986 ], [ 109.7312388, -7.2348039 ], [ 109.7309813, -7.234764 ], [ 109.7308794, -7.2347906 ], [ 109.7307721, -7.2348465 ], [ 109.7304341, -7.2348172 ], [ 109.7303349, -7.2347826 ], [ 109.7301981, -7.2346203 ], [ 109.7301364, -7.2345804 ], [ 109.7297099, -7.2345724 ], [ 109.7296455, -7.2344181 ], [ 109.7295329, -7.2343064 ], [ 109.7292969, -7.2343596 ], [ 109.729203, -7.2344181 ], [ 109.729152, -7.2345219 ], [ 109.729034, -7.2346097 ], [ 109.7286934, -7.2347135 ], [ 109.7286732, -7.2347973 ], [ 109.7286223, -7.2348851 ], [ 109.7285217, -7.234921 ], [ 109.7283594, -7.234937 ], [ 109.7281784, -7.2349875 ], [ 109.7279933, -7.2349742 ], [ 109.7279303, -7.2350035 ], [ 109.7278646, -7.2351073 ], [ 109.7278149, -7.2351485 ], [ 109.7276326, -7.2352204 ], [ 109.727595, -7.2352736 ], [ 109.7275802, -7.2353694 ], [ 109.7275481, -7.2354319 ], [ 109.7274917, -7.2354984 ], [ 109.7272825, -7.235678 ], [ 109.7271149, -7.2359002 ], [ 109.7270358, -7.2359428 ] ] } },
{ "type": "Feature", "properties": { "waterway": "stream", "name": null }, "geometry": { "type": "LineString", "coordinates": [ [ 109.7437566, -7.2264168 ], [ 109.743813, -7.2268293 ], [ 109.7438478, -7.2270315 ], [ 109.743813, -7.2272737 ], [ 109.7437352, -7.227404 ], [ 109.7436413, -7.2275318 ], [ 109.7436038, -7.2276675 ], [ 109.7436386, -7.2278271 ], [ 109.7436574, -7.2279309 ], [ 109.7436896, -7.2280959 ], [ 109.7437245, -7.2282875 ], [ 109.7436628, -7.2284764 ], [ 109.7435394, -7.2286759 ], [ 109.7433919, -7.2288329 ], [ 109.7433704, -7.2289766 ], [ 109.7433811, -7.2291815 ], [ 109.7434053, -7.2294077 ], [ 109.7434214, -7.2296365 ], [ 109.7434616, -7.2297084 ], [ 109.7434857, -7.2297935 ] ] } },
{ "type": "Feature", "properties": { "waterway": "stream", "name": null }, "geometry": { "type": "LineString", "coordinates": [ [ 109.744454, -7.2258714 ], [ 109.7444808, -7.2261268 ], [ 109.7445479, -7.2262492 ], [ 109.7446391, -7.2264594 ], [ 109.7446579, -7.2266137 ], [ 109.7447571, -7.2267867 ], [ 109.744918, -7.2271326 ], [ 109.7449851, -7.2273056 ], [ 109.7450736, -7.2274652 ], [ 109.7451219, -7.2275797 ], [ 109.7451165, -7.2277633 ], [ 109.7450414, -7.2278537 ], [ 109.7449502, -7.2279602 ], [ 109.7448805, -7.2280373 ], [ 109.7447947, -7.2281517 ] ] } },
{ "type": "Feature", "properties": { "waterway": "stream", "name": null }, "geometry": { "type": "LineString", "coordinates": [ [ 109.7487214, -7.2371827 ], [ 109.7483888, -7.2371934 ], [ 109.7482413, -7.237196 ], [ 109.7481313, -7.2372333 ], [ 109.7478309, -7.2372093 ], [ 109.7476405, -7.2372014 ], [ 109.7475466, -7.2372014 ], [ 109.7473749, -7.2371508 ], [ 109.7472757, -7.2370896 ], [ 109.7472033, -7.2369778 ], [ 109.7471067, -7.2368421 ], [ 109.7471067, -7.2367597 ], [ 109.7470745, -7.236584 ], [ 109.7470316, -7.2364271 ], [ 109.7469994, -7.2361956 ], [ 109.7469887, -7.2360625 ], [ 109.746978, -7.2359641 ], [ 109.7469646, -7.2357938 ], [ 109.7469833, -7.235549 ], [ 109.7469941, -7.235392 ], [ 109.7469538, -7.2352243 ], [ 109.7469498, -7.2351977 ], [ 109.7468586, -7.2351312 ] ] } },
{ "type": "Feature", "properties": { "waterway": "stream", "name": null }, "geometry": { "type": "LineString", "coordinates": [ [ 109.7447947, -7.2281517 ], [ 109.7445841, -7.2284112 ], [ 109.7443682, -7.2286493 ], [ 109.7441563, -7.2288489 ], [ 109.7438961, -7.2292055 ], [ 109.7437674, -7.2293784 ], [ 109.7436306, -7.2295727 ], [ 109.7434857, -7.2297935 ], [ 109.7434281, -7.2298507 ], [ 109.7433704, -7.2300303 ], [ 109.7433382, -7.2301581 ], [ 109.7432443, -7.2302831 ], [ 109.74318, -7.2303603 ], [ 109.7431666, -7.2304907 ], [ 109.7432417, -7.2306982 ], [ 109.7432953, -7.2308712 ], [ 109.743365, -7.2310468 ], [ 109.7433543, -7.2311612 ], [ 109.7432524, -7.2312357 ], [ 109.7430754, -7.2313688 ], [ 109.7430164, -7.231555 ], [ 109.7429788, -7.2317732 ], [ 109.7430539, -7.2320074 ], [ 109.7432148, -7.2322415 ], [ 109.7432899, -7.2324278 ], [ 109.7434562, -7.2328003 ], [ 109.7435179, -7.2328908 ], [ 109.7434509, -7.2330424 ], [ 109.7433972, -7.2331622 ], [ 109.7434241, -7.2332846 ], [ 109.7434536, -7.2335214 ], [ 109.7434831, -7.2337582 ], [ 109.7435018, -7.234003 ], [ 109.743534, -7.2340722 ], [ 109.743695, -7.2341866 ], [ 109.7437513, -7.2342585 ], [ 109.7437432, -7.2343409 ], [ 109.7437379, -7.2344101 ], [ 109.7437996, -7.2345432 ], [ 109.7437888, -7.2346762 ], [ 109.7437835, -7.2348518 ], [ 109.7437969, -7.2349716 ], [ 109.7437862, -7.2351179 ], [ 109.7437996, -7.2352683 ] ] } },
{ "type": "Feature", "properties": { "waterway": "stream", "name": null }, "geometry": { "type": "LineString", "coordinates": [ [ 109.7470893, -7.2251063 ], [ 109.7471161, -7.2251769 ], [ 109.7471791, -7.2252713 ], [ 109.7472194, -7.2253112 ], [ 109.7472221, -7.2254709 ], [ 109.7472247, -7.2255374 ], [ 109.7472878, -7.2256093 ], [ 109.7472757, -7.2257796 ], [ 109.7472569, -7.2258887 ], [ 109.747265, -7.2259525 ], [ 109.7472529, -7.2260177 ], [ 109.7471939, -7.2261241 ], [ 109.747159, -7.2263237 ], [ 109.7471564, -7.2264448 ], [ 109.747155, -7.2265552 ], [ 109.747265, -7.2268812 ], [ 109.7473334, -7.2271113 ], [ 109.7473481, -7.2272138 ], [ 109.7473159, -7.2272923 ], [ 109.747328, -7.2274333 ], [ 109.7472998, -7.2275451 ], [ 109.7472851, -7.2278112 ], [ 109.7473146, -7.2280054 ], [ 109.7472972, -7.228177 ], [ 109.7473039, -7.2283074 ], [ 109.7473522, -7.2284298 ], [ 109.7473441, -7.2285456 ], [ 109.7473133, -7.2286068 ], [ 109.7472154, -7.22866 ], [ 109.7470933, -7.2286733 ], [ 109.7469833, -7.2286999 ], [ 109.7468103, -7.2286879 ], [ 109.7464804, -7.2286893 ], [ 109.7463785, -7.2287478 ], [ 109.7462028, -7.228785 ], [ 109.7460835, -7.228789 ], [ 109.7459024, -7.2287904 ], [ 109.7456664, -7.2288329 ], [ 109.7455886, -7.2288329 ], [ 109.7454961, -7.2287957 ], [ 109.7454384, -7.2287438 ], [ 109.7453552, -7.2286986 ], [ 109.7452091, -7.2286121 ], [ 109.745091, -7.2285881 ], [ 109.7449127, -7.2286573 ], [ 109.7447826, -7.2286853 ], [ 109.7447062, -7.2286666 ], [ 109.7446404, -7.2285881 ], [ 109.7445841, -7.2284112 ] ] } },
{ "type": "Feature", "properties": { "waterway": "stream", "name": null }, "geometry": { "type": "LineString", "coordinates": [ [ 109.7499767, -7.2279229 ], [ 109.7498855, -7.2282848 ], [ 109.7498211, -7.228644 ], [ 109.7498882, -7.228801 ], [ 109.7500062, -7.2289846 ], [ 109.749966, -7.2291922 ], [ 109.7498694, -7.2293013 ], [ 109.7497702, -7.2293731 ], [ 109.7496468, -7.2294636 ], [ 109.7495851, -7.2295806 ], [ 109.7495797, -7.2296711 ], [ 109.749577, -7.2297616 ], [ 109.7494148, -7.2299452 ], [ 109.7493222, -7.2301953 ], [ 109.7492123, -7.2304295 ], [ 109.7490862, -7.2307225 ], [ 109.7488488, -7.2309949 ], [ 109.7486182, -7.2312291 ], [ 109.7484076, -7.2314446 ], [ 109.7481206, -7.2318517 ], [ 109.7479798, -7.2322455 ], [ 109.7479489, -7.2325568 ], [ 109.7479463, -7.2328455 ], [ 109.7479127, -7.2330025 ], [ 109.7479328, -7.2331648 ], [ 109.7479919, -7.2333351 ], [ 109.7479322, -7.2334742 ], [ 109.7478417, -7.2335447 ], [ 109.7477934, -7.2337023 ], [ 109.7477719, -7.2338487 ], [ 109.7477102, -7.2340389 ], [ 109.7476418, -7.2342252 ], [ 109.7475815, -7.2344687 ], [ 109.7475654, -7.2346523 ], [ 109.747328, -7.23478 ], [ 109.7472127, -7.2348705 ], [ 109.7470584, -7.2349583 ], [ 109.7469592, -7.2350368 ], [ 109.7468774, -7.2351179 ], [ 109.7468586, -7.2351312 ], [ 109.7467185, -7.2350953 ], [ 109.7465012, -7.2350521 ], [ 109.7463892, -7.2350208 ], [ 109.746227, -7.2349623 ], [ 109.7460982, -7.2348718 ], [ 109.7459976, -7.2347507 ], [ 109.7459601, -7.2347214 ], [ 109.7458823, -7.2347015 ], [ 109.7455202, -7.2346469 ], [ 109.7450763, -7.2345339 ], [ 109.7450066, -7.2345152 ], [ 109.7445425, -7.2343888 ], [ 109.7445063, -7.2346469 ], [ 109.744513, -7.2347906 ], [ 109.7444862, -7.2349902 ], [ 109.7444929, -7.2350847 ], [ 109.7444996, -7.2351791 ], [ 109.7444433, -7.2352683 ], [ 109.7443534, -7.2352829 ], [ 109.7442582, -7.2352749 ], [ 109.7441187, -7.2352762 ], [ 109.743982, -7.2352456 ], [ 109.7437996, -7.2352683 ], [ 109.7436802, -7.2353028 ], [ 109.7435313, -7.2354266 ], [ 109.7434348, -7.2355024 ], [ 109.7433141, -7.2356527 ], [ 109.7431692, -7.2358071 ], [ 109.7430298, -7.2358523 ], [ 109.7427991, -7.2358576 ], [ 109.7426382, -7.235863 ], [ 109.7424209, -7.2359268 ], [ 109.7422814, -7.235996 ], [ 109.7419167, -7.2360838 ], [ 109.7418228, -7.2361397 ], [ 109.7418255, -7.2362248 ], [ 109.7417852, -7.2363047 ], [ 109.741694, -7.2363579 ], [ 109.7415304, -7.2363871 ], [ 109.7413775, -7.2364244 ], [ 109.7413561, -7.2365016 ], [ 109.7412676, -7.2366 ], [ 109.7411844, -7.2366639 ], [ 109.7411522, -7.2367357 ], [ 109.7411495, -7.2368315 ], [ 109.7410315, -7.2369486 ], [ 109.7407955, -7.2371588 ], [ 109.7407418, -7.2372173 ], [ 109.74053, -7.2373238 ], [ 109.7404441, -7.2374116 ], [ 109.740361, -7.2375366 ], [ 109.7402778, -7.2375978 ], [ 109.7400337, -7.2377255 ], [ 109.7398862, -7.2377708 ], [ 109.7397843, -7.237808 ], [ 109.7397816, -7.2379357 ], [ 109.7397065, -7.2380076 ], [ 109.7395724, -7.2380581 ], [ 109.7394839, -7.238106 ], [ 109.739323, -7.238106 ], [ 109.7391781, -7.2380768 ], [ 109.7389474, -7.2380901 ], [ 109.7385639, -7.2381912 ], [ 109.7380784, -7.2382284 ], [ 109.7379121, -7.2382338 ], [ 109.7377056, -7.2382657 ], [ 109.7374883, -7.2382737 ], [ 109.737255, -7.2382497 ], [ 109.7370753, -7.2382524 ], [ 109.7366998, -7.238287 ], [ 109.7364208, -7.2383029 ], [ 109.7362062, -7.2382657 ], [ 109.7358039, -7.2382284 ], [ 109.7356108, -7.2382284 ], [ 109.7353104, -7.2382684 ], [ 109.7349671, -7.2382737 ], [ 109.7346532, -7.238279 ], [ 109.7342804, -7.2382896 ], [ 109.7340846, -7.2383136 ], [ 109.7338513, -7.2383748 ], [ 109.7336394, -7.2384253 ], [ 109.7332531, -7.238436 ], [ 109.7327784, -7.2384041 ], [ 109.7325906, -7.2383269 ], [ 109.7322366, -7.238263 ], [ 109.7319952, -7.2382178 ], [ 109.7314319, -7.238106 ], [ 109.7310483, -7.2380874 ], [ 109.7310054, -7.2379783 ], [ 109.7308445, -7.2377947 ], [ 109.7306997, -7.2377388 ], [ 109.7306514, -7.2376963 ], [ 109.7305655, -7.2376031 ], [ 109.730477, -7.2375366 ], [ 109.7303349, -7.2374235 ], [ 109.7302367, -7.2373864 ] ] } },
{ "type": "Feature", "properties": { "waterway": "stream", "name": null }, "geometry": { "type": "LineString", "coordinates": [ [ 109.7535896, -7.2294143 ], [ 109.753591, -7.2296525 ], [ 109.7536325, -7.2298068 ], [ 109.7536124, -7.2299332 ], [ 109.75365, -7.2300929 ], [ 109.7537197, -7.2302485 ], [ 109.7537479, -7.230347 ], [ 109.7537948, -7.2304228 ], [ 109.7538592, -7.2304933 ], [ 109.7538954, -7.2305918 ], [ 109.7539102, -7.2306211 ], [ 109.7540027, -7.2306304 ], [ 109.7540067, -7.2307049 ], [ 109.7539745, -7.2308605 ], [ 109.7538887, -7.2309656 ], [ 109.7538163, -7.2310308 ], [ 109.7537117, -7.2311559 ], [ 109.7536191, -7.2311985 ], [ 109.7535507, -7.2313182 ], [ 109.7534984, -7.2315763 ], [ 109.7534367, -7.2318876 ], [ 109.7534314, -7.2321564 ], [ 109.7533536, -7.2325049 ], [ 109.7533321, -7.2326486 ], [ 109.753367, -7.2328109 ], [ 109.7534072, -7.2329254 ], [ 109.7533643, -7.2331675 ], [ 109.753367, -7.2332952 ], [ 109.7534636, -7.2335613 ], [ 109.7534877, -7.2337556 ], [ 109.7536272, -7.2338673 ], [ 109.7537747, -7.2340057 ], [ 109.7538498, -7.2341653 ], [ 109.7539464, -7.2343463 ], [ 109.7540322, -7.2345565 ], [ 109.7539759, -7.2348066 ], [ 109.7538418, -7.2350487 ], [ 109.7536741, -7.2351791 ], [ 109.7536218, -7.2352855 ], [ 109.7535789, -7.2354319 ], [ 109.7535494, -7.2356235 ], [ 109.7534703, -7.2359148 ], [ 109.7533952, -7.2359188 ], [ 109.7533268, -7.2359215 ], [ 109.7532128, -7.2361384 ], [ 109.7529593, -7.2366426 ], [ 109.7528681, -7.2368435 ], [ 109.7528279, -7.2369433 ], [ 109.7529553, -7.2370657 ], [ 109.753359, -7.2371747 ], [ 109.7537532, -7.2372519 ], [ 109.7539222, -7.2372652 ], [ 109.7542468, -7.2373317 ], [ 109.7544721, -7.237377 ], [ 109.7545163, -7.2372386 ], [ 109.7545311, -7.2370696 ], [ 109.7545995, -7.2370563 ], [ 109.7546209, -7.236902 ], [ 109.7548865, -7.2368235 ], [ 109.75504, -7.2366945 ], [ 109.7551741, -7.2367124 ], [ 109.755215, -7.2366732 ], [ 109.7554712, -7.2366546 ], [ 109.7556415, -7.2366625 ], [ 109.7558078, -7.2366027 ], [ 109.7559553, -7.2364829 ], [ 109.7560412, -7.2364856 ], [ 109.7562316, -7.2365654 ], [ 109.7563845, -7.2366452 ], [ 109.7565159, -7.2366905 ], [ 109.7567224, -7.2367876 ] ] } },
{ "type": "Feature", "properties": { "waterway": "stream", "name": null }, "geometry": { "type": "LineString", "coordinates": [ [ 109.7665206, -7.2399926 ], [ 109.7666949, -7.240248 ], [ 109.7669202, -7.2405567 ], [ 109.7669658, -7.2407243 ], [ 109.7669041, -7.2408813 ], [ 109.7667217, -7.2410436 ], [ 109.7665581, -7.2411953 ], [ 109.766432, -7.2413868 ], [ 109.7662631, -7.2416396 ], [ 109.7661021, -7.2419057 ], [ 109.7659546, -7.2421957 ], [ 109.7658956, -7.24239 ], [ 109.76574, -7.2427039 ], [ 109.7656864, -7.2429221 ], [ 109.7656167, -7.2431456 ], [ 109.7656354, -7.243417 ], [ 109.765799, -7.2436938 ], [ 109.7659358, -7.2438428 ], [ 109.7660565, -7.2439013 ], [ 109.7662362, -7.2439492 ], [ 109.7664723, -7.2440769 ], [ 109.7666171, -7.24421 ], [ 109.7667754, -7.2443643 ], [ 109.7667941, -7.2445718 ], [ 109.7666922, -7.2447155 ], [ 109.7665152, -7.2448805 ], [ 109.7659171, -7.2452051 ], [ 109.7654718, -7.245535 ], [ 109.7653055, -7.2456947 ], [ 109.7650292, -7.2460645 ], [ 109.7649729, -7.2462295 ], [ 109.7649997, -7.2464636 ], [ 109.7650507, -7.2465887 ], [ 109.7651982, -7.2469107 ], [ 109.7652814, -7.2471554 ], [ 109.7652841, -7.2473444 ], [ 109.7651768, -7.2475812 ], [ 109.7650695, -7.2477461 ], [ 109.7649917, -7.2479297 ], [ 109.7650722, -7.2481532 ], [ 109.7652063, -7.2482437 ], [ 109.7653109, -7.248273 ], [ 109.7654906, -7.2482836 ], [ 109.7656354, -7.2482969 ], [ 109.7658178, -7.2483129 ], [ 109.766019, -7.248398 ], [ 109.7661048, -7.2484858 ], [ 109.7661772, -7.2486269 ], [ 109.7661692, -7.2487439 ], [ 109.7660995, -7.2488796 ], [ 109.7659385, -7.2491963 ], [ 109.7658098, -7.2493054 ], [ 109.765614, -7.2493878 ], [ 109.7654316, -7.2494065 ], [ 109.7652921, -7.2495448 ], [ 109.765268, -7.2496619 ], [ 109.765268, -7.2497683 ], [ 109.7651741, -7.2500264 ], [ 109.7650668, -7.2501967 ], [ 109.7649407, -7.2502952 ], [ 109.7648334, -7.2504016 ], [ 109.7647315, -7.2505932 ], [ 109.7646779, -7.2506836 ], [ 109.7647101, -7.2507768 ], [ 109.7647637, -7.2508433 ], [ 109.7647959, -7.2509417 ], [ 109.7648334, -7.2511306 ], [ 109.7648469, -7.2513009 ], [ 109.7648469, -7.2514792 ], [ 109.7649273, -7.2519794 ], [ 109.7650963, -7.2523173 ], [ 109.7653377, -7.25261 ], [ 109.7654772, -7.2527298 ], [ 109.7656247, -7.2527856 ], [ 109.7658071, -7.2529479 ], [ 109.7659063, -7.253089 ], [ 109.766019, -7.2532113 ], [ 109.7662443, -7.2534215 ], [ 109.7663838, -7.2535892 ], [ 109.7664937, -7.2536796 ], [ 109.7666118, -7.2537595 ], [ 109.7667941, -7.2538499 ], [ 109.7670516, -7.2539776 ], [ 109.7671911, -7.2540176 ], [ 109.767352, -7.2540442 ], [ 109.767513, -7.2540814 ], [ 109.7677061, -7.2541639 ], [ 109.7678214, -7.2542969 ], [ 109.7678804, -7.2544246 ], [ 109.7678938, -7.2545337 ], [ 109.7679341, -7.254704 ], [ 109.7679555, -7.2548158 ], [ 109.7680494, -7.2550552 ], [ 109.7680843, -7.255175 ], [ 109.7681138, -7.255316 ], [ 109.768095, -7.2555049 ], [ 109.7680172, -7.2556885 ], [ 109.7679797, -7.2558588 ], [ 109.7679502, -7.2560317 ], [ 109.7679609, -7.2561674 ], [ 109.7680521, -7.2564894 ], [ 109.7681245, -7.2566703 ], [ 109.7682372, -7.2568592 ], [ 109.7682908, -7.2570854 ], [ 109.7683552, -7.2572663 ], [ 109.7683552, -7.2574738 ], [ 109.768382, -7.2576734 ], [ 109.7684813, -7.2580166 ], [ 109.7685134, -7.2582188 ], [ 109.7685671, -7.2584556 ], [ 109.7685724, -7.2586233 ], [ 109.7685268, -7.258743 ], [ 109.7684303, -7.2588867 ], [ 109.7681782, -7.2591075 ], [ 109.768036, -7.2592539 ], [ 109.7678107, -7.2595119 ], [ 109.767639, -7.2596769 ], [ 109.7674727, -7.2598632 ], [ 109.7673628, -7.2599935 ], [ 109.7673038, -7.260076 ], [ 109.7672716, -7.2602942 ], [ 109.7672179, -7.2605709 ], [ 109.7671562, -7.2608051 ], [ 109.767116, -7.2609248 ], [ 109.7670811, -7.2611669 ], [ 109.7670329, -7.2612281 ], [ 109.7669256, -7.2613691 ], [ 109.76688, -7.2614516 ], [ 109.7667164, -7.2616059 ], [ 109.7665447, -7.261715 ], [ 109.7664589, -7.2617895 ], [ 109.7663891, -7.2619465 ], [ 109.7664133, -7.2620902 ], [ 109.7663248, -7.2622738 ], [ 109.7662845, -7.2623483 ], [ 109.7661558, -7.2626649 ], [ 109.7661531, -7.2628165 ], [ 109.7660995, -7.2632023 ], [ 109.7661129, -7.2633487 ], [ 109.766086, -7.263628 ], [ 109.7659948, -7.2638941 ], [ 109.7658366, -7.2642799 ], [ 109.7658393, -7.2645779 ], [ 109.7658393, -7.2648174 ], [ 109.7658661, -7.2651633 ], [ 109.7659707, -7.265259 ], [ 109.7660512, -7.2652644 ], [ 109.7661755, -7.2652125 ], [ 109.7663677, -7.2651074 ], [ 109.7664937, -7.2650994 ], [ 109.7666654, -7.2651659 ], [ 109.7667754, -7.2652537 ], [ 109.766888, -7.2653735 ], [ 109.7669443, -7.2656289 ], [ 109.7669899, -7.2657566 ], [ 109.7670409, -7.2659003 ], [ 109.7672233, -7.2662089 ], [ 109.7674137, -7.2664244 ], [ 109.7675371, -7.2667756 ], [ 109.767639, -7.2670204 ], [ 109.7677249, -7.2670949 ], [ 109.7678241, -7.2671907 ], [ 109.7680226, -7.2672519 ], [ 109.7682211, -7.2672971 ], [ 109.7684008, -7.267337 ], [ 109.7685778, -7.2674408 ], [ 109.7686395, -7.2675313 ], [ 109.768661, -7.267627 ], [ 109.7686529, -7.2676882 ], [ 109.7685865, -7.2678745 ], [ 109.7684249, -7.268098 ], [ 109.7683418, -7.2682949 ], [ 109.7683203, -7.2684811 ], [ 109.7683337, -7.268678 ], [ 109.7683927, -7.268827 ], [ 109.7685054, -7.2689467 ], [ 109.7687495, -7.2691755 ], [ 109.7688943, -7.2693112 ], [ 109.7690713, -7.2694363 ], [ 109.7691518, -7.2695613 ], [ 109.7691062, -7.2697276 ], [ 109.7690257, -7.2698487 ], [ 109.7689547, -7.2698926 ], [ 109.7688407, -7.2699431 ], [ 109.7687066, -7.2699737 ], [ 109.7685671, -7.2700296 ], [ 109.7685094, -7.270132 ], [ 109.7685027, -7.2702744 ], [ 109.7684853, -7.2704221 ], [ 109.7685617, -7.2708012 ], [ 109.7687307, -7.2711205 ], [ 109.7688889, -7.2712987 ], [ 109.7689909, -7.2713413 ], [ 109.7691706, -7.2713546 ], [ 109.7695032, -7.2713413 ], [ 109.7696856, -7.2712668 ], [ 109.7698465, -7.2712349 ], [ 109.7699672, -7.2712854 ], [ 109.7700584, -7.2714397 ], [ 109.7700638, -7.2715382 ], [ 109.7700289, -7.2716153 ], [ 109.7699484, -7.2716712 ], [ 109.7697955, -7.2717191 ], [ 109.7697285, -7.2718016 ], [ 109.7697218, -7.2719413 ], [ 109.7697204, -7.2720331 ], [ 109.7697258, -7.2721382 ], [ 109.7697701, -7.2722366 ], [ 109.7698572, -7.2723244 ], [ 109.7699484, -7.2724987 ], [ 109.7699243, -7.2728286 ], [ 109.7699001, -7.2729803 ], [ 109.7699404, -7.2731638 ], [ 109.7700664, -7.2733368 ], [ 109.7701979, -7.2734645 ], [ 109.7704366, -7.2735922 ], [ 109.7706056, -7.273664 ], [ 109.7708335, -7.2737545 ], [ 109.7711387, -7.2739148 ], [ 109.7712319, -7.273978 ], [ 109.7713083, -7.2740192 ], [ 109.7714545, -7.2740538 ], [ 109.7715577, -7.2740591 ], [ 109.7718394, -7.2740126 ], [ 109.772176, -7.2739341 ], [ 109.7725247, -7.2739221 ], [ 109.7727004, -7.2739328 ], [ 109.7728868, -7.2740073 ], [ 109.7730249, -7.2741616 ], [ 109.773147, -7.2743225 ], [ 109.7731724, -7.274393 ], [ 109.7732972, -7.2746405 ], [ 109.7733495, -7.2747429 ], [ 109.7734407, -7.2748613 ], [ 109.7735238, -7.2749026 ], [ 109.7735788, -7.2749079 ], [ 109.7736526, -7.2748932 ], [ 109.7738779, -7.2747881 ], [ 109.7739892, -7.274711 ], [ 109.7740898, -7.2746538 ], [ 109.7741957, -7.2745873 ], [ 109.7743016, -7.2745713 ], [ 109.7743902, -7.2745766 ], [ 109.7744505, -7.2746205 ], [ 109.7744921, -7.2746724 ], [ 109.7744787, -7.27484 ], [ 109.7744465, -7.2749624 ], [ 109.7744921, -7.2750795 ], [ 109.7745591, -7.2751247 ], [ 109.7746477, -7.275154 ], [ 109.7747308, -7.2753668 ], [ 109.7748381, -7.2757473 ], [ 109.7748917, -7.2759601 ], [ 109.7749963, -7.276157 ], [ 109.7750768, -7.2762023 ], [ 109.7751573, -7.2762156 ], [ 109.7752753, -7.2761969 ], [ 109.7753772, -7.276157 ], [ 109.7755194, -7.2761464 ], [ 109.7756401, -7.276173 ], [ 109.77575, -7.2764284 ], [ 109.7758412, -7.2767211 ], [ 109.7758895, -7.2768621 ], [ 109.775919, -7.2769818 ], [ 109.7759619, -7.2771548 ], [ 109.7759767, -7.2772718 ], [ 109.7759137, -7.2774222 ], [ 109.7758064, -7.2776909 ], [ 109.7756816, -7.2778292 ], [ 109.7755247, -7.2779942 ], [ 109.7753933, -7.2780993 ], [ 109.7752994, -7.2781618 ], [ 109.7752511, -7.2784478 ], [ 109.7753021, -7.2785409 ], [ 109.7754067, -7.2785888 ], [ 109.7756964, -7.278642 ], [ 109.7759083, -7.2786527 ], [ 109.776029, -7.2786314 ], [ 109.7761765, -7.2785702 ], [ 109.7763267, -7.2785409 ], [ 109.7765386, -7.2785409 ], [ 109.7767425, -7.2785489 ], [ 109.7769731, -7.2785542 ], [ 109.7771448, -7.2785489 ], [ 109.7772984, -7.2785239 ] ] } },
{ "type": "Feature", "properties": { "waterway": "stream", "name": null }, "geometry": { "type": "LineString", "coordinates": [ [ 109.7568083, -7.2329773 ], [ 109.7569558, -7.2330784 ], [ 109.757055, -7.233105 ], [ 109.7571664, -7.2331635 ], [ 109.7572897, -7.2332327 ], [ 109.7574587, -7.2332739 ], [ 109.7576532, -7.2333657 ], [ 109.7577672, -7.2334017 ], [ 109.7578329, -7.2334935 ], [ 109.757971, -7.2336199 ], [ 109.7581293, -7.2338114 ], [ 109.7582607, -7.2339698 ], [ 109.7584404, -7.2341879 ], [ 109.758604, -7.2344221 ], [ 109.7586738, -7.2345445 ], [ 109.7587824, -7.2347148 ], [ 109.7587891, -7.2348186 ], [ 109.758718, -7.2349064 ], [ 109.7585809, -7.2350235 ], [ 109.7583331, -7.2352895 ], [ 109.7581708, -7.2354505 ], [ 109.7580193, -7.2354984 ], [ 109.757845, -7.2355703 ], [ 109.7576478, -7.2357046 ], [ 109.7575942, -7.235823 ], [ 109.7575848, -7.2359281 ], [ 109.7574574, -7.2362035 ], [ 109.7573179, -7.2364204 ], [ 109.7572428, -7.2365268 ], [ 109.7571141, -7.2366146 ], [ 109.7569075, -7.2366639 ], [ 109.7567224, -7.2367876 ], [ 109.7566997, -7.2368222 ], [ 109.7566125, -7.2370736 ], [ 109.7567305, -7.2371255 ], [ 109.7568217, -7.2371721 ], [ 109.7569276, -7.2372612 ], [ 109.7570054, -7.2373105 ], [ 109.7572267, -7.2373983 ], [ 109.7575217, -7.2375113 ], [ 109.7577605, -7.2375739 ], [ 109.7580059, -7.2376364 ], [ 109.7582151, -7.237691 ], [ 109.7582835, -7.2377708 ], [ 109.7583143, -7.2378267 ], [ 109.7583599, -7.2379464 ], [ 109.7583747, -7.2380528 ], [ 109.7582996, -7.2381313 ], [ 109.75825, -7.2381726 ], [ 109.7583331, -7.2383309 ], [ 109.7585423, -7.2384027 ], [ 109.7587207, -7.2385105 ], [ 109.758887, -7.2386143 ], [ 109.7590104, -7.2387712 ], [ 109.7590157, -7.2389336 ], [ 109.7590613, -7.2390267 ], [ 109.7591123, -7.2392396 ], [ 109.7593403, -7.2393593 ], [ 109.7594529, -7.2394098 ], [ 109.7594824, -7.2394737 ], [ 109.7595763, -7.2396094 ], [ 109.7596729, -7.2396493 ], [ 109.7597051, -7.2396892 ], [ 109.7596836, -7.239793 ], [ 109.75963, -7.2398515 ], [ 109.7596085, -7.2399473 ], [ 109.7596917, -7.2399926 ], [ 109.7598633, -7.239966 ], [ 109.7598901, -7.2398675 ], [ 109.7599384, -7.2397824 ], [ 109.7600645, -7.2397717 ], [ 109.760212, -7.2397691 ], [ 109.7602656, -7.2397425 ], [ 109.7602791, -7.2396679 ], [ 109.7603568, -7.2395402 ], [ 109.7604614, -7.2394604 ], [ 109.7606331, -7.2394684 ], [ 109.7607699, -7.2395482 ], [ 109.7607806, -7.2397291 ], [ 109.760794, -7.2399048 ], [ 109.7608343, -7.2399447 ], [ 109.7608826, -7.2400405 ], [ 109.7609094, -7.2401363 ], [ 109.7609711, -7.2402294 ], [ 109.7611535, -7.2402746 ], [ 109.7612366, -7.2403624 ], [ 109.7613519, -7.2405141 ], [ 109.7614056, -7.2406684 ], [ 109.7614861, -7.2408201 ], [ 109.7615853, -7.2408733 ], [ 109.7617301, -7.2408241 ], [ 109.761828, -7.2408321 ], [ 109.7619058, -7.2408746 ], [ 109.7620399, -7.2408839 ], [ 109.7621673, -7.2409052 ], [ 109.7622478, -7.2409624 ], [ 109.7624409, -7.2409744 ], [ 109.762677, -7.2409079 ], [ 109.7630699, -7.2407323 ], [ 109.7634146, -7.2407349 ], [ 109.7635902, -7.240856 ], [ 109.7637579, -7.2410542 ], [ 109.7638947, -7.2411687 ], [ 109.7641468, -7.2413469 ], [ 109.7643131, -7.2414427 ], [ 109.7644311, -7.2415305 ], [ 109.7645518, -7.2415252 ], [ 109.7649595, -7.2412418 ], [ 109.7650816, -7.2411247 ], [ 109.7651245, -7.2410729 ], [ 109.7651486, -7.2409851 ], [ 109.7652036, -7.2409092 ], [ 109.7653685, -7.2408853 ], [ 109.7655416, -7.2408467 ], [ 109.7657762, -7.2408294 ], [ 109.7660136, -7.2408307 ], [ 109.7662389, -7.2408467 ], [ 109.7663516, -7.2408068 ], [ 109.7665232, -7.2408015 ], [ 109.7667271, -7.2408015 ], [ 109.7669041, -7.2408813 ] ] } },
{ "type": "Feature", "properties": { "waterway": "stream", "name": null }, "geometry": { "type": "LineString", "coordinates": [ [ 109.7252655, -7.2265832 ], [ 109.7253366, -7.2267282 ], [ 109.7253621, -7.2268226 ], [ 109.7253942, -7.2270342 ], [ 109.7253433, -7.2272098 ], [ 109.7253138, -7.2275211 ], [ 109.7252977, -7.2276222 ], [ 109.7252682, -7.2278032 ], [ 109.7252226, -7.2278644 ], [ 109.7251689, -7.2279442 ], [ 109.7251475, -7.2280267 ], [ 109.7251797, -7.2280879 ], [ 109.7252065, -7.2281677 ], [ 109.7252119, -7.2283247 ], [ 109.7251528, -7.2284711 ], [ 109.7250724, -7.2285802 ], [ 109.7250174, -7.228664 ], [ 109.7248887, -7.2287864 ], [ 109.7248404, -7.2288582 ], [ 109.7248176, -7.2289074 ], [ 109.72478, -7.2289487 ], [ 109.7247089, -7.2290698 ], [ 109.7246996, -7.2291389 ], [ 109.7246781, -7.2291975 ], [ 109.7246231, -7.229252 ], [ 109.724603, -7.2293159 ], [ 109.7245534, -7.2293957 ], [ 109.7245091, -7.229441 ], [ 109.7244769, -7.2295607 ], [ 109.7244421, -7.2298321 ], [ 109.7244045, -7.2300317 ], [ 109.7243804, -7.2304534 ], [ 109.7243857, -7.2308126 ], [ 109.7243482, -7.2313528 ], [ 109.7243884, -7.2319462 ], [ 109.7245038, -7.2319967 ], [ 109.7250643, -7.2319728 ], [ 109.7253486, -7.2319462 ], [ 109.7255471, -7.2319142 ], [ 109.7256598, -7.2319036 ], [ 109.7259226, -7.2319355 ] ] } },
{ "type": "Feature", "properties": { "waterway": "stream", "name": null }, "geometry": { "type": "LineString", "coordinates": [ [ 109.7337145, -7.2230907 ], [ 109.7334784, -7.2231838 ], [ 109.7332048, -7.2233967 ], [ 109.73306, -7.2235218 ], [ 109.732883, -7.2236601 ], [ 109.7327462, -7.2237719 ], [ 109.7325209, -7.2239076 ], [ 109.7323734, -7.2240752 ], [ 109.7319764, -7.2244212 ], [ 109.7317243, -7.2245888 ], [ 109.7313568, -7.2247511 ], [ 109.731271, -7.2248283 ], [ 109.7310993, -7.2250305 ], [ 109.7310027, -7.2251423 ], [ 109.7309062, -7.2251981 ], [ 109.7307935, -7.2252354 ], [ 109.7305682, -7.225274 ], [ 109.730337, -7.2252336 ] ] } },
{ "type": "Feature", "properties": { "waterway": "stream", "name": null }, "geometry": { "type": "LineString", "coordinates": [ [ 109.7354633, -7.2229922 ], [ 109.735077, -7.2233861 ], [ 109.7349161, -7.223567 ], [ 109.7349805, -7.223708 ], [ 109.7350636, -7.2237799 ], [ 109.7351682, -7.2239156 ], [ 109.7352916, -7.224022 ], [ 109.7353989, -7.2240965 ], [ 109.7354954, -7.2241285 ], [ 109.7356456, -7.2242216 ], [ 109.7357422, -7.2243413 ], [ 109.7357556, -7.2245489 ], [ 109.7357154, -7.2247032 ], [ 109.7356778, -7.2248549 ], [ 109.7356161, -7.2250119 ], [ 109.735592, -7.2253791 ], [ 109.7355705, -7.2256345 ], [ 109.7354606, -7.2260124 ], [ 109.7353774, -7.2262093 ], [ 109.7353587, -7.2263636 ], [ 109.7352701, -7.2266856 ], [ 109.7352245, -7.2269198 ], [ 109.7352567, -7.2271113 ], [ 109.7353747, -7.227271 ], [ 109.7354767, -7.2274253 ], [ 109.7355598, -7.2276276 ], [ 109.7358093, -7.2279043 ], [ 109.7359621, -7.228189 ], [ 109.7361526, -7.2285961 ], [ 109.7362491, -7.2289553 ], [ 109.7363377, -7.2290139 ], [ 109.736402, -7.2290964 ], [ 109.7364584, -7.2292188 ], [ 109.7364745, -7.2293811 ] ] } },
{ "type": "Feature", "properties": { "waterway": "stream", "name": null }, "geometry": { "type": "LineString", "coordinates": [ [ 109.7365522, -7.2181254 ], [ 109.7367078, -7.2185485 ], [ 109.7368111, -7.2187467 ], [ 109.7369438, -7.2188505 ], [ 109.7370417, -7.2189011 ], [ 109.7371329, -7.219086 ], [ 109.7372268, -7.2191618 ], [ 109.7373059, -7.2192922 ], [ 109.7375151, -7.2193574 ], [ 109.737711, -7.2194 ], [ 109.7378102, -7.2194718 ], [ 109.7379094, -7.2195729 ], [ 109.738073, -7.2198071 ], [ 109.738065, -7.2198896 ], [ 109.7380462, -7.2200173 ], [ 109.7380516, -7.2201557 ], [ 109.7380382, -7.2203207 ], [ 109.738006, -7.2204032 ], [ 109.7379282, -7.2205469 ], [ 109.7378531, -7.2206559 ], [ 109.7377163, -7.2206826 ], [ 109.7375768, -7.2207704 ], [ 109.7374749, -7.2210205 ], [ 109.7375822, -7.2214808 ], [ 109.7376037, -7.2216352 ], [ 109.737601, -7.2217975 ], [ 109.7376707, -7.2219917 ], [ 109.7377726, -7.2224707 ], [ 109.7377914, -7.2228086 ], [ 109.7377539, -7.2232903 ], [ 109.7378397, -7.2239821 ], [ 109.7380006, -7.2242908 ], [ 109.738183, -7.2245675 ], [ 109.7383761, -7.2248975 ], [ 109.7384995, -7.2250837 ], [ 109.7385639, -7.225403 ], [ 109.7385532, -7.2255574 ], [ 109.7384942, -7.2257543 ], [ 109.7385317, -7.2259352 ], [ 109.7386323, -7.2261268 ] ] } },
{ "type": "Feature", "properties": { "waterway": "stream", "name": null }, "geometry": { "type": "LineString", "coordinates": [ [ 109.7392398, -7.2223589 ], [ 109.7395402, -7.2227208 ], [ 109.7396797, -7.222971 ], [ 109.7397977, -7.2232424 ], [ 109.739846, -7.2233861 ], [ 109.7398514, -7.2237533 ], [ 109.7398567, -7.2239076 ], [ 109.7398567, -7.224046 ] ] } },
{ "type": "Feature", "properties": { "waterway": "stream", "name": null }, "geometry": { "type": "LineString", "coordinates": [ [ 109.7386068, -7.2161057 ], [ 109.7387704, -7.216308 ], [ 109.738875, -7.2164011 ], [ 109.7390038, -7.2164437 ], [ 109.7390869, -7.2164783 ], [ 109.7391808, -7.2165474 ], [ 109.7392318, -7.2166326 ], [ 109.7392988, -7.2167124 ], [ 109.7393927, -7.2168588 ], [ 109.7394758, -7.2169572 ], [ 109.739567, -7.2170291 ], [ 109.7395858, -7.2170783 ], [ 109.7396153, -7.2171967 ], [ 109.7396274, -7.2172792 ], [ 109.7396435, -7.2173284 ], [ 109.7396971, -7.2174162 ], [ 109.7397454, -7.2175506 ], [ 109.7397307, -7.2177103 ], [ 109.7397239, -7.217842 ], [ 109.7397642, -7.2181281 ], [ 109.7397548, -7.2181986 ], [ 109.7397803, -7.2183463 ], [ 109.7397964, -7.2184554 ], [ 109.7398044, -7.2185791 ], [ 109.7397803, -7.2186948 ], [ 109.7397159, -7.2188159 ], [ 109.7395805, -7.218913 ], [ 109.7394598, -7.2189756 ], [ 109.7392103, -7.2191366 ], [ 109.7390655, -7.219243 ], [ 109.7389287, -7.2193627 ], [ 109.7388536, -7.2195064 ], [ 109.7387677, -7.2197166 ], [ 109.7387195, -7.2198657 ], [ 109.7386631, -7.2200226 ], [ 109.7387087, -7.2201717 ], [ 109.7387463, -7.220302 ], [ 109.7388241, -7.2204244 ], [ 109.7388589, -7.2206293 ], [ 109.7389394, -7.2208422 ], [ 109.7390521, -7.2209433 ], [ 109.7391379, -7.2209699 ], [ 109.7392774, -7.2209859 ], [ 109.7394276, -7.2210711 ], [ 109.7394812, -7.2211323 ], [ 109.7395107, -7.22126 ], [ 109.7395992, -7.2213292 ], [ 109.7397414, -7.2213877 ], [ 109.7398514, -7.2214649 ], [ 109.7400257, -7.2216644 ], [ 109.7401062, -7.2217576 ], [ 109.740243, -7.2218347 ], [ 109.7403851, -7.2219332 ], [ 109.7405353, -7.2219944 ], [ 109.7406587, -7.2220529 ], [ 109.7407928, -7.2221461 ], [ 109.740876, -7.2222232 ], [ 109.7409242, -7.2223377 ], [ 109.7409323, -7.2224547 ], [ 109.7409028, -7.2225745 ], [ 109.7407955, -7.222798 ], [ 109.7407445, -7.2229736 ], [ 109.7406855, -7.2232264 ], [ 109.7406238, -7.2234632 ], [ 109.7405434, -7.2235776 ], [ 109.7404012, -7.2237453 ], [ 109.7403261, -7.223865 ], [ 109.7401491, -7.2239954 ], [ 109.7400445, -7.224022 ], [ 109.7398567, -7.224046 ], [ 109.739795, -7.2240806 ], [ 109.7396824, -7.2242562 ], [ 109.7396636, -7.2244265 ], [ 109.7395053, -7.224666 ], [ 109.7394195, -7.2247884 ], [ 109.739213, -7.2249666 ], [ 109.7391003, -7.2250358 ], [ 109.738926, -7.2253126 ], [ 109.7388428, -7.2255095 ], [ 109.7388053, -7.2256399 ], [ 109.7388053, -7.2257516 ], [ 109.7387597, -7.2258926 ], [ 109.7387195, -7.2259884 ], [ 109.738706, -7.226039 ], [ 109.7386323, -7.2261268 ] ] } },
{ "type": "Feature", "properties": { "waterway": "stream", "name": null }, "geometry": { "type": "LineString", "coordinates": [ [ 109.7386323, -7.2261268 ], [ 109.7385733, -7.2262199 ], [ 109.7385719, -7.2263184 ], [ 109.7385424, -7.2265978 ], [ 109.7385076, -7.2268399 ], [ 109.7385183, -7.2269756 ], [ 109.7384942, -7.2271486 ], [ 109.7383708, -7.2272311 ], [ 109.7381723, -7.2274732 ], [ 109.7376358, -7.2277526 ], [ 109.7375581, -7.2279256 ], [ 109.7375151, -7.2280959 ], [ 109.7371611, -7.2283699 ], [ 109.7369814, -7.2285775 ], [ 109.7369036, -7.2288276 ], [ 109.7368017, -7.2290644 ], [ 109.7365603, -7.22928 ], [ 109.7364745, -7.2293811 ], [ 109.736681, -7.2297084 ], [ 109.7368151, -7.2298707 ], [ 109.7370511, -7.2303683 ], [ 109.7373515, -7.2309058 ], [ 109.737381, -7.2311452 ], [ 109.7373435, -7.231265 ], [ 109.7374025, -7.2313368 ], [ 109.7374481, -7.2313954 ], [ 109.7374722, -7.2315018 ], [ 109.7375178, -7.2316162 ], [ 109.7375903, -7.2317014 ], [ 109.7376412, -7.2317519 ], [ 109.7377539, -7.2318397 ], [ 109.7377619, -7.2319169 ], [ 109.7378129, -7.2320885 ], [ 109.7378759, -7.2321936 ], [ 109.737943, -7.2322562 ], [ 109.7380127, -7.2322681 ], [ 109.7380663, -7.2322921 ], [ 109.7380757, -7.2324358 ], [ 109.7379926, -7.2326673 ], [ 109.7379684, -7.2328243 ], [ 109.7379121, -7.2331063 ], [ 109.7378089, -7.2335334 ], [ 109.7377418, -7.2336824 ], [ 109.7377136, -7.2337702 ], [ 109.7376949, -7.2338593 ], [ 109.7376596, -7.2339205 ] ] } },
{ "type": "Feature", "properties": { "waterway": "stream", "name": null }, "geometry": { "type": "LineString", "coordinates": [ [ 109.7215319, -7.2346975 ], [ 109.721379, -7.2346496 ], [ 109.7213119, -7.2345591 ], [ 109.7212489, -7.2342904 ], [ 109.7211738, -7.2341134 ], [ 109.7211027, -7.2339498 ], [ 109.7210249, -7.2338833 ], [ 109.7209069, -7.2338966 ], [ 109.7208452, -7.2339525 ], [ 109.7207996, -7.2340722 ], [ 109.7207379, -7.2341068 ], [ 109.7205904, -7.2341121 ], [ 109.7204027, -7.2340961 ], [ 109.7202793, -7.2340855 ], [ 109.720231, -7.2341061 ], [ 109.7202015, -7.2341653 ], [ 109.7201693, -7.2341973 ], [ 109.7200164, -7.2342611 ], [ 109.7199574, -7.234309 ], [ 109.7199091, -7.2343888 ], [ 109.7199038, -7.2345139 ], [ 109.7199064, -7.2346017 ], [ 109.7198313, -7.2346469 ], [ 109.7196275, -7.2347028 ], [ 109.7193915, -7.2347081 ], [ 109.7192466, -7.2347427 ], [ 109.7191071, -7.2347826 ], [ 109.7190374, -7.2348438 ], [ 109.7190213, -7.234921 ], [ 109.7190052, -7.2350221 ], [ 109.718965, -7.2351765 ], [ 109.7189248, -7.2353042 ], [ 109.7188604, -7.2353521 ], [ 109.718796, -7.2354346 ], [ 109.7187746, -7.235549 ], [ 109.7186981, -7.2358124 ], [ 109.718737, -7.2360505 ], [ 109.7187987, -7.2361543 ], [ 109.7188765, -7.2364137 ], [ 109.7188362, -7.2365069 ], [ 109.7186324, -7.2367304 ], [ 109.7183964, -7.2368581 ], [ 109.7181255, -7.2369885 ], [ 109.717758, -7.2371561 ], [ 109.7174495, -7.2373637 ], [ 109.7172725, -7.237534 ], [ 109.7172537, -7.2377229 ], [ 109.7174093, -7.2379278 ], [ 109.7177392, -7.2382284 ], [ 109.7178867, -7.238561 ], [ 109.7179592, -7.2388404 ], [ 109.7178787, -7.2392129 ], [ 109.7178036, -7.2394551 ], [ 109.7178921, -7.2396679 ], [ 109.7178626, -7.2398888 ], [ 109.7177875, -7.2401708 ], [ 109.7178787, -7.2402826 ], [ 109.7180021, -7.2402986 ], [ 109.7182542, -7.2402773 ], [ 109.7186029, -7.2402986 ], [ 109.7186994, -7.2404476 ], [ 109.7185653, -7.2407935 ], [ 109.71834, -7.2412618 ], [ 109.7180986, -7.2415758 ], [ 109.7178787, -7.2416024 ], [ 109.7174227, -7.2415438 ], [ 109.7170794, -7.2414374 ], [ 109.7167736, -7.241166 ], [ 109.7166127, -7.2410702 ], [ 109.7163069, -7.2409478 ], [ 109.7159421, -7.2409159 ], [ 109.7157651, -7.2409052 ], [ 109.7153842, -7.2411394 ], [ 109.7152179, -7.2413469 ], [ 109.7150999, -7.2415545 ], [ 109.7150463, -7.2417727 ], [ 109.7147673, -7.2421505 ], [ 109.7145796, -7.2423421 ], [ 109.7145259, -7.2424858 ], [ 109.7144991, -7.2426986 ], [ 109.7144347, -7.2429221 ], [ 109.7143918, -7.2431882 ], [ 109.7142255, -7.2433904 ], [ 109.7141343, -7.2435607 ], [ 109.7141129, -7.2437683 ], [ 109.7142255, -7.2439705 ], [ 109.7142631, -7.2441567 ], [ 109.7142684, -7.2442578 ] ] } },
{ "type": "Feature", "properties": { "waterway": "stream", "name": null }, "geometry": { "type": "LineString", "coordinates": [ [ 109.7246942, -7.2215128 ], [ 109.724611, -7.2218427 ], [ 109.7245413, -7.2220662 ], [ 109.7243428, -7.2222578 ], [ 109.7242624, -7.2224122 ], [ 109.7242409, -7.2226037 ], [ 109.7241712, -7.222774 ], [ 109.724021, -7.2229284 ], [ 109.7238547, -7.2230774 ], [ 109.7237205, -7.2232131 ], [ 109.7236401, -7.2234286 ], [ 109.7235891, -7.2236708 ], [ 109.7235757, -7.2238145 ], [ 109.7235247, -7.22403 ], [ 109.7235945, -7.224171 ], [ 109.723624, -7.2243759 ], [ 109.7236133, -7.2245782 ], [ 109.7235569, -7.2246686 ], [ 109.7235569, -7.2247671 ], [ 109.7235945, -7.2248629 ], [ 109.7236347, -7.2249267 ], [ 109.7236937, -7.2251449 ], [ 109.723675, -7.2253072 ], [ 109.7236696, -7.2254563 ], [ 109.7236589, -7.225584 ], [ 109.7236294, -7.2257835 ], [ 109.7236428, -7.2259219 ], [ 109.7236884, -7.226047 ], [ 109.723683, -7.2262598 ], [ 109.7236481, -7.2264488 ], [ 109.7236857, -7.2267069 ], [ 109.7237527, -7.2269464 ], [ 109.7237205, -7.2271326 ], [ 109.7237045, -7.227263 ], [ 109.723624, -7.2274094 ], [ 109.7235221, -7.2274333 ], [ 109.7234821, -7.2274867 ], [ 109.7234523, -7.2275264 ], [ 109.7233665, -7.2276754 ], [ 109.7232404, -7.2277899 ], [ 109.7231519, -7.227875 ], [ 109.7230715, -7.2279442 ], [ 109.7229803, -7.2280081 ], [ 109.722826, -7.2280812 ], [ 109.722763, -7.2281265 ], [ 109.7227228, -7.2282063 ], [ 109.7227013, -7.2282555 ], [ 109.7226436, -7.2283899 ], [ 109.7225565, -7.228479 ], [ 109.7224572, -7.2285482 ], [ 109.7223526, -7.2285762 ], [ 109.7223003, -7.2285482 ], [ 109.722248, -7.2285642 ], [ 109.7221206, -7.2286533 ], [ 109.7220375, -7.2287092 ], [ 109.7219302, -7.2287398 ], [ 109.7218417, -7.2287598 ], [ 109.7217438, -7.2288343 ], [ 109.7216982, -7.2289074 ], [ 109.7216298, -7.22897 ], [ 109.721556, -7.2290099 ], [ 109.7214621, -7.2290298 ], [ 109.7213481, -7.2290604 ], [ 109.7212341, -7.2290604 ], [ 109.7211134, -7.2290777 ], [ 109.721029, -7.2291004 ], [ 109.7209284, -7.2290671 ], [ 109.7207594, -7.2290059 ], [ 109.7205314, -7.2288995 ], [ 109.7203034, -7.2289207 ], [ 109.7201452, -7.2289394 ], [ 109.7200164, -7.22895 ], [ 109.7198582, -7.2289713 ], [ 109.7196999, -7.2289873 ], [ 109.7196221, -7.2290192 ], [ 109.7196007, -7.2291629 ], [ 109.719598, -7.2293358 ], [ 109.7195953, -7.2295833 ], [ 109.719606, -7.2297217 ], [ 109.7196168, -7.2299452 ], [ 109.7196248, -7.2300383 ], [ 109.7196114, -7.2302778 ], [ 109.7196141, -7.2304162 ], [ 109.7196168, -7.2306397 ], [ 109.7196248, -7.2308712 ], [ 109.719606, -7.2312011 ], [ 109.7196248, -7.2313501 ], [ 109.7195685, -7.231394 ], [ 109.7192587, -7.2314073 ], [ 109.718969, -7.2314353 ], [ 109.7189476, -7.2314952 ], [ 109.7190508, -7.2318224 ], [ 109.7190776, -7.2319688 ], [ 109.7190978, -7.2321218 ], [ 109.7192064, -7.2324584 ], [ 109.7192506, -7.2325555 ], [ 109.7193351, -7.2327963 ], [ 109.7193781, -7.2328961 ], [ 109.7194666, -7.2331409 ], [ 109.7194719, -7.2332181 ], [ 109.7195202, -7.2334203 ], [ 109.7195846, -7.2336172 ], [ 109.7196436, -7.2337875 ], [ 109.7197267, -7.2337848 ], [ 109.7198904, -7.2337236 ], [ 109.7200003, -7.2337023 ], [ 109.7200727, -7.2337369 ], [ 109.7200996, -7.2338274 ], [ 109.7201264, -7.2339631 ], [ 109.7202015, -7.2341653 ] ] } },
{ "type": "Feature", "properties": { "waterway": "stream", "name": null }, "geometry": { "type": "LineString", "coordinates": [ [ 109.6916574, -7.2036283 ], [ 109.6913624, -7.2037773 ], [ 109.6912819, -7.2039396 ], [ 109.6912685, -7.2040913 ], [ 109.6912873, -7.2043388 ], [ 109.6913141, -7.2045038 ], [ 109.6913007, -7.2046661 ], [ 109.691239, -7.2048018 ], [ 109.6911773, -7.2048391 ], [ 109.6910378, -7.2048737 ], [ 109.6908849, -7.204887 ], [ 109.6906999, -7.204879 ], [ 109.6905416, -7.2048497 ], [ 109.6903968, -7.2048497 ], [ 109.6902493, -7.204871 ], [ 109.6901071, -7.2049162 ], [ 109.6899998, -7.2049136 ], [ 109.6898952, -7.2049269 ], [ 109.6897477, -7.2049987 ] ] } },
{ "type": "Feature", "properties": { "waterway": "stream", "name": null }, "geometry": { "type": "LineString", "coordinates": [ [ 109.6900105, -7.2024548 ], [ 109.6895224, -7.2026996 ], [ 109.6891898, -7.2029657 ], [ 109.6890128, -7.2031945 ], [ 109.6889698, -7.2033116 ], [ 109.6889698, -7.2034713 ], [ 109.6890503, -7.2037427 ], [ 109.6891308, -7.2038971 ], [ 109.6892703, -7.2040354 ], [ 109.6895546, -7.2043335 ], [ 109.6896887, -7.2044718 ], [ 109.6897638, -7.2046581 ], [ 109.6897691, -7.2047858 ], [ 109.6897477, -7.2049987 ] ] } },
{ "type": "Feature", "properties": { "waterway": "stream", "name": null }, "geometry": { "type": "LineString", "coordinates": [ [ 109.7155237, -7.2072074 ], [ 109.7152018, -7.2075693 ], [ 109.7150034, -7.2078407 ], [ 109.71488, -7.2079684 ], [ 109.71466, -7.2081121 ], [ 109.7143757, -7.2082771 ], [ 109.7141343, -7.2084048 ], [ 109.7137481, -7.2086177 ], [ 109.7133672, -7.2087774 ], [ 109.7131097, -7.2089157 ], [ 109.7126269, -7.2091339 ], [ 109.7123426, -7.2092936 ], [ 109.7119725, -7.2095544 ], [ 109.7117512, -7.2096914 ], [ 109.7116077, -7.2098178 ], [ 109.7113435, -7.2100294 ], [ 109.7112697, -7.2101079 ], [ 109.7112644, -7.2102409 ], [ 109.7111437, -7.210539 ], [ 109.7109237, -7.2109142 ], [ 109.7103578, -7.2117603 ], [ 109.7102183, -7.2120876 ], [ 109.7101003, -7.2127875 ], [ 109.7100547, -7.2132106 ], [ 109.7100815, -7.2134607 ], [ 109.7101057, -7.2140036 ], [ 109.7101942, -7.2143974 ], [ 109.7101781, -7.2149988 ], [ 109.7101754, -7.2152356 ], [ 109.7101727, -7.2154245 ], [ 109.7101861, -7.2154777 ] ] } },
{ "type": "Feature", "properties": { "waterway": "stream", "name": null }, "geometry": { "type": "LineString", "coordinates": [ [ 109.6918881, -7.1977979 ], [ 109.6914589, -7.1979044 ], [ 109.6909225, -7.1980534 ], [ 109.690547, -7.198064 ], [ 109.6903378, -7.1981226 ], [ 109.6900749, -7.1981651 ], [ 109.6899515, -7.1981705 ], [ 109.6898282, -7.1981226 ], [ 109.6896136, -7.1981332 ], [ 109.689458, -7.1981864 ], [ 109.6893185, -7.1982024 ], [ 109.6890718, -7.1981918 ], [ 109.6888679, -7.1982077 ], [ 109.6887284, -7.1982556 ], [ 109.6885139, -7.1982184 ], [ 109.6883315, -7.1981439 ], [ 109.6880794, -7.1980853 ], [ 109.6878809, -7.1980002 ], [ 109.6877736, -7.1979789 ], [ 109.6876663, -7.1980321 ], [ 109.6875966, -7.1981385 ], [ 109.6873981, -7.1982822 ], [ 109.687205, -7.1984419 ], [ 109.6870547, -7.1985696 ], [ 109.6868455, -7.1986016 ], [ 109.6866524, -7.1986175 ], [ 109.6865505, -7.1986175 ], [ 109.6864217, -7.1985962 ] ] } },
{ "type": "Feature", "properties": { "waterway": "stream", "name": null }, "geometry": { "type": "LineString", "coordinates": [ [ 109.6895438, -7.195866 ], [ 109.6892327, -7.1961161 ], [ 109.6889806, -7.196345 ], [ 109.6888465, -7.1964674 ], [ 109.6886802, -7.1966058 ], [ 109.6885621, -7.1967388 ], [ 109.6884173, -7.1968559 ], [ 109.6882456, -7.196957 ], [ 109.6881384, -7.1970688 ], [ 109.6879613, -7.1972231 ], [ 109.6878326, -7.1973828 ], [ 109.6878219, -7.1975052 ], [ 109.6876556, -7.1976329 ], [ 109.6875322, -7.1977234 ], [ 109.6874195, -7.1977713 ], [ 109.6871728, -7.1978671 ], [ 109.6869367, -7.1979629 ], [ 109.6866471, -7.1981226 ], [ 109.6864861, -7.1982663 ], [ 109.6864647, -7.1983993 ], [ 109.6864808, -7.1984951 ], [ 109.6864217, -7.1985962 ] ] } },
{ "type": "Feature", "properties": { "waterway": "stream", "name": null }, "geometry": { "type": "LineString", "coordinates": [ [ 109.7027778, -7.1965738 ], [ 109.702574, -7.1960948 ], [ 109.7019732, -7.19585 ], [ 109.7016621, -7.195701 ], [ 109.7013616, -7.1952859 ], [ 109.7010934, -7.1951049 ], [ 109.700675, -7.195073 ], [ 109.7001493, -7.1950091 ], [ 109.6998596, -7.1948814 ], [ 109.6996879, -7.194743 ], [ 109.6994197, -7.1946153 ], [ 109.6990335, -7.1943279 ], [ 109.6988726, -7.1939553 ], [ 109.6987224, -7.1935881 ], [ 109.698379, -7.1932315 ], [ 109.6980518, -7.1930026 ], [ 109.6978372, -7.192976 ], [ 109.6976656, -7.1928589 ], [ 109.6972418, -7.1925822 ], [ 109.6971291, -7.1925556 ], [ 109.6969253, -7.1926407 ], [ 109.6968073, -7.1927099 ], [ 109.6965498, -7.1927578 ] ] } },
{ "type": "Feature", "properties": { "waterway": "stream", "name": null }, "geometry": { "type": "LineString", "coordinates": [ [ 109.7062433, -7.1976063 ], [ 109.7060662, -7.1979789 ], [ 109.706018, -7.1981492 ], [ 109.7059107, -7.1985483 ], [ 109.7057819, -7.1989156 ], [ 109.7056425, -7.1990806 ], [ 109.7054869, -7.1991125 ], [ 109.705385, -7.1990593 ], [ 109.705326, -7.1989156 ], [ 109.7052401, -7.1988144 ], [ 109.7049934, -7.1987878 ], [ 109.7047949, -7.1987612 ], [ 109.7046125, -7.1987985 ], [ 109.704355, -7.1989209 ], [ 109.7040707, -7.199171 ], [ 109.7038615, -7.1994212 ], [ 109.7037274, -7.1995755 ], [ 109.7034109, -7.1998682 ], [ 109.7032285, -7.2000918 ], [ 109.7029388, -7.2004803 ], [ 109.7028154, -7.2005814 ], [ 109.7026491, -7.2007198 ], [ 109.7025472, -7.2008528 ] ] } },
{ "type": "Feature", "properties": { "waterway": "stream", "name": null }, "geometry": { "type": "LineString", "coordinates": [ [ 109.7048324, -7.2014915 ], [ 109.7043765, -7.20122 ], [ 109.7040492, -7.2010657 ], [ 109.7037649, -7.200922 ], [ 109.7034323, -7.2008102 ], [ 109.7032499, -7.2007943 ], [ 109.7029763, -7.2007517 ], [ 109.7027564, -7.2007836 ], [ 109.7025472, -7.2008528 ], [ 109.7023916, -7.2008315 ], [ 109.7022468, -7.2007996 ], [ 109.7019088, -7.2006931 ] ] } },
{ "type": "Feature", "properties": { "waterway": "stream", "name": null }, "geometry": { "type": "LineString", "coordinates": [ [ 109.7186887, -7.2101079 ], [ 109.7182649, -7.2103686 ], [ 109.7179699, -7.2105017 ], [ 109.7174174, -7.210805 ], [ 109.7171599, -7.2110126 ], [ 109.7168702, -7.2110286 ], [ 109.7164786, -7.2110818 ], [ 109.7161245, -7.2111669 ], [ 109.7158241, -7.2113479 ], [ 109.7155988, -7.2114969 ], [ 109.7153252, -7.2117524 ], [ 109.7150999, -7.2118801 ], [ 109.714821, -7.2121728 ], [ 109.7147191, -7.2123005 ], [ 109.7146869, -7.2124283 ], [ 109.7146332, -7.2125879 ] ] } },
{ "type": "Feature", "properties": { "waterway": "stream", "name": null }, "geometry": { "type": "LineString", "coordinates": [ [ 109.7195229, -7.2107891 ], [ 109.7192627, -7.211151 ], [ 109.7190803, -7.211316 ], [ 109.7184205, -7.2116779 ], [ 109.7180235, -7.2119173 ], [ 109.7176266, -7.2121143 ], [ 109.7172511, -7.2123537 ], [ 109.7169775, -7.2124921 ], [ 109.7166449, -7.2126465 ], [ 109.7163606, -7.2127316 ], [ 109.7160709, -7.2127156 ], [ 109.7158295, -7.212721 ], [ 109.7155774, -7.2127316 ], [ 109.7152555, -7.2127476 ], [ 109.7150463, -7.2127476 ], [ 109.7148585, -7.2127422 ], [ 109.7147781, -7.212705 ], [ 109.7146332, -7.2125879 ] ] } },
{ "type": "Feature", "properties": { "waterway": "stream", "name": null }, "geometry": { "type": "LineString", "coordinates": [ [ 109.7103256, -7.2041259 ], [ 109.710111, -7.2045144 ], [ 109.7099984, -7.2047539 ], [ 109.7099769, -7.2049881 ], [ 109.7099823, -7.2052595 ], [ 109.7100359, -7.2054032 ], [ 109.7100306, -7.2057066 ], [ 109.7099501, -7.2060046 ], [ 109.7098482, -7.2062547 ], [ 109.7095907, -7.2067284 ], [ 109.7094995, -7.206904 ], [ 109.7094458, -7.2071275 ], [ 109.7094512, -7.2072925 ], [ 109.7094995, -7.2074362 ], [ 109.7095156, -7.2075586 ] ] } },
{ "type": "Feature", "properties": { "waterway": "stream", "name": null }, "geometry": { "type": "LineString", "coordinates": [ [ 109.6857297, -7.1840666 ], [ 109.6853113, -7.1840879 ], [ 109.6849465, -7.1840453 ], [ 109.684571, -7.1839655 ], [ 109.6843135, -7.1839921 ], [ 109.6839058, -7.1839655 ], [ 109.6836376, -7.1839176 ], [ 109.6832541, -7.1839655 ], [ 109.6831039, -7.1840001 ], [ 109.6828048, -7.1840227 ], [ 109.6825956, -7.1839056 ], [ 109.6824507, -7.183875 ], [ 109.6821718, -7.1838883 ], [ 109.6820323, -7.1839588 ], [ 109.6818513, -7.184044 ], [ 109.6817037, -7.184189 ], [ 109.6814972, -7.1843407 ], [ 109.681237, -7.1844045 ], [ 109.6810171, -7.1844099 ], [ 109.6808025, -7.1844578 ], [ 109.6806657, -7.1845163 ], [ 109.6805102, -7.1845403 ], [ 109.6803734, -7.1845855 ], [ 109.6802554, -7.1846148 ], [ 109.6801937, -7.1845828 ], [ 109.6801293, -7.1845642 ], [ 109.6799952, -7.1845589 ] ] } },
{ "type": "Feature", "properties": { "waterway": "stream", "name": null }, "geometry": { "type": "LineString", "coordinates": [ [ 109.6799952, -7.1845589 ], [ 109.6799174, -7.1846414 ], [ 109.6798584, -7.1847159 ], [ 109.6798289, -7.1847824 ], [ 109.6797699, -7.1848463 ], [ 109.6797806, -7.1849102 ], [ 109.6797913, -7.1850352 ], [ 109.6798316, -7.1851736 ], [ 109.6798718, -7.1852535 ] ] } },
{ "type": "Feature", "properties": { "waterway": "stream", "name": null }, "geometry": { "type": "LineString", "coordinates": [ [ 109.6814194, -7.1824619 ], [ 109.681225, -7.1826282 ], [ 109.6811177, -7.182728 ], [ 109.6810131, -7.1828118 ], [ 109.6808951, -7.1828943 ], [ 109.6807127, -7.1829728 ], [ 109.6806161, -7.1830327 ], [ 109.6804807, -7.1831844 ], [ 109.6803828, -7.1832975 ], [ 109.6802661, -7.1834891 ], [ 109.6801642, -7.1836488 ], [ 109.6800998, -7.1837818 ], [ 109.6800998, -7.1838697 ], [ 109.6800649, -7.1839149 ], [ 109.6800488, -7.1839655 ], [ 109.680073, -7.1840586 ], [ 109.6800327, -7.1841358 ], [ 109.6800113, -7.1842515 ], [ 109.6800099, -7.1843008 ], [ 109.679963, -7.1843646 ], [ 109.6799496, -7.1844658 ], [ 109.6799952, -7.1845589 ] ] } },
{ "type": "Feature", "properties": { "waterway": "stream", "name": null }, "geometry": { "type": "LineString", "coordinates": [ [ 109.6993285, -7.1959298 ], [ 109.6987706, -7.1959405 ], [ 109.6985346, -7.1960097 ], [ 109.6983576, -7.1961587 ], [ 109.6981269, -7.1963822 ], [ 109.6980089, -7.1965738 ], [ 109.6978748, -7.1967495 ], [ 109.6976119, -7.1968985 ], [ 109.6973759, -7.1970049 ], [ 109.6971559, -7.197106 ], [ 109.6969467, -7.1970901 ], [ 109.6966731, -7.1970315 ], [ 109.6964103, -7.1969304 ], [ 109.6962064, -7.1968346 ], [ 109.6960026, -7.196824 ], [ 109.6958202, -7.1968985 ], [ 109.6957076, -7.1970581 ], [ 109.6956432, -7.1972604 ], [ 109.6955466, -7.1974786 ], [ 109.695214, -7.1976755 ], [ 109.6950102, -7.197766 ], [ 109.6947902, -7.1978352 ], [ 109.694522, -7.1978565 ], [ 109.6941948, -7.197899 ], [ 109.6940821, -7.1979363 ], [ 109.6939963, -7.1980108 ], [ 109.6939319, -7.1982077 ] ] } },
{ "type": "Feature", "properties": { "waterway": "stream", "name": null }, "geometry": { "type": "LineString", "coordinates": [ [ 109.7016513, -7.197734 ], [ 109.7012222, -7.1978032 ], [ 109.7010183, -7.1978192 ], [ 109.7007662, -7.19775 ], [ 109.7005033, -7.1976063 ], [ 109.7002029, -7.1973988 ], [ 109.6999884, -7.1973562 ], [ 109.6995968, -7.1973668 ], [ 109.6991622, -7.1975052 ], [ 109.6989477, -7.1975531 ], [ 109.6985775, -7.1976383 ], [ 109.6983254, -7.1976862 ], [ 109.6980303, -7.197766 ], [ 109.697848, -7.1978352 ], [ 109.6976924, -7.1979363 ], [ 109.6975422, -7.1979842 ], [ 109.6973866, -7.1979948 ], [ 109.6966088, -7.1981758 ], [ 109.6963111, -7.198221 ], [ 109.6961716, -7.1982663 ], [ 109.6958685, -7.1983621 ] ] } },
{ "type": "Feature", "properties": { "waterway": "stream", "name": null }, "geometry": { "type": "LineString", "coordinates": [ [ 109.6946642, -7.2078114 ], [ 109.6945274, -7.2076039 ], [ 109.6943906, -7.2074708 ], [ 109.6941975, -7.2073431 ], [ 109.6939936, -7.2073165 ], [ 109.6938461, -7.2073378 ], [ 109.6936798, -7.2074096 ], [ 109.6935752, -7.2074974 ], [ 109.6935028, -7.2076225 ], [ 109.6934465, -7.2077369 ], [ 109.6934277, -7.2077981 ], [ 109.6934035, -7.2079072 ], [ 109.6933928, -7.2079897 ], [ 109.6933338, -7.2080562 ], [ 109.6932855, -7.2080802 ], [ 109.6932372, -7.2080855 ], [ 109.6929502, -7.2080855 ], [ 109.692796, -7.2080988 ], [ 109.6926324, -7.2081587 ], [ 109.6925278, -7.2082319 ], [ 109.692446, -7.2083144 ], [ 109.6922368, -7.2084261 ], [ 109.6921, -7.2084926 ], [ 109.6919873, -7.2085379 ], [ 109.6918881, -7.2085805 ], [ 109.6917111, -7.2086124 ] ] } },
{ "type": "Feature", "properties": { "waterway": "stream", "name": null }, "geometry": { "type": "LineString", "coordinates": [ [ 109.699012, -7.2048657 ], [ 109.6984005, -7.2050466 ], [ 109.6981323, -7.2050679 ], [ 109.6976066, -7.2051531 ], [ 109.6972954, -7.2052063 ], [ 109.6968341, -7.2052489 ], [ 109.6964157, -7.2052276 ], [ 109.696126, -7.2051477 ] ] } },
{ "type": "Feature", "properties": { "waterway": "stream", "name": null }, "geometry": { "type": "LineString", "coordinates": [ [ 109.6999669, -7.2033063 ], [ 109.6994734, -7.2032531 ], [ 109.6991837, -7.2031626 ], [ 109.6989691, -7.2031147 ], [ 109.6986687, -7.2031041 ], [ 109.6982557, -7.2031732 ], [ 109.6979338, -7.2033542 ], [ 109.6976763, -7.2034979 ], [ 109.6974242, -7.2037055 ], [ 109.6971774, -7.203929 ], [ 109.6970111, -7.2040833 ], [ 109.6968663, -7.2042696 ], [ 109.6967214, -7.2044133 ], [ 109.6965605, -7.204573 ], [ 109.6963888, -7.2047379 ], [ 109.6962708, -7.204871 ], [ 109.696126, -7.2051477 ] ] } },
{ "type": "Feature", "properties": { "waterway": "stream", "name": null }, "geometry": { "type": "LineString", "coordinates": [ [ 109.7004604, -7.2059407 ], [ 109.700557, -7.2066858 ], [ 109.7003746, -7.2070583 ], [ 109.7002029, -7.2072925 ], [ 109.7000205, -7.2074841 ], [ 109.699763, -7.2077289 ], [ 109.6993983, -7.2081334 ], [ 109.6991193, -7.2085059 ], [ 109.6989477, -7.2086975 ], [ 109.6987975, -7.208953 ], [ 109.6985936, -7.2094 ], [ 109.6985078, -7.20973 ], [ 109.6984273, -7.2099216 ], [ 109.6984649, -7.2100813 ] ] } },
{ "type": "Feature", "properties": { "waterway": "stream", "name": null }, "geometry": { "type": "LineString", "coordinates": [ [ 109.7027779, -7.204376 ], [ 109.702574, -7.2051531 ], [ 109.7024345, -7.2056108 ], [ 109.7022629, -7.2060365 ], [ 109.7022092, -7.2062707 ], [ 109.7020215, -7.2069679 ], [ 109.7020268, -7.2071808 ], [ 109.7019786, -7.2074469 ], [ 109.7019142, -7.2077981 ], [ 109.7018605, -7.207995 ], [ 109.7017479, -7.2083942 ], [ 109.7016084, -7.2086762 ], [ 109.701544, -7.2088412 ], [ 109.7013724, -7.2090222 ], [ 109.7011846, -7.2090914 ], [ 109.7009915, -7.209102 ], [ 109.7007662, -7.2091233 ], [ 109.7005463, -7.2091978 ] ] } },
{ "type": "Feature", "properties": { "waterway": "stream", "name": null }, "geometry": { "type": "LineString", "coordinates": [ [ 109.7058141, -7.2039716 ], [ 109.7056317, -7.204376 ], [ 109.7055298, -7.2046634 ], [ 109.7055405, -7.2049828 ], [ 109.7055942, -7.2052382 ], [ 109.7056639, -7.2053979 ], [ 109.7057337, -7.2055522 ], [ 109.705798, -7.2058023 ], [ 109.7056961, -7.2060631 ], [ 109.705503, -7.2064942 ], [ 109.7054976, -7.2067497 ], [ 109.7054869, -7.2069413 ], [ 109.7054493, -7.2070956 ], [ 109.7054654, -7.2073191 ], [ 109.705503, -7.2074628 ], [ 109.7055137, -7.2076438 ] ] } },
{ "type": "Feature", "properties": { "waterway": "stream", "name": null }, "geometry": { "type": "LineString", "coordinates": [ [ 109.7095156, -7.2075586 ], [ 109.7097623, -7.2080482 ], [ 109.7098321, -7.2082718 ], [ 109.7098428, -7.2085432 ], [ 109.7097623, -7.2088572 ], [ 109.709698, -7.2090914 ], [ 109.709655, -7.2092084 ], [ 109.7096389, -7.2093681 ], [ 109.7096068, -7.2097726 ], [ 109.7096229, -7.209879 ], [ 109.7095317, -7.2099988 ], [ 109.7094324, -7.2101904 ], [ 109.7093412, -7.2103314 ], [ 109.7092581, -7.2104405 ] ] } },
{ "type": "Feature", "properties": { "waterway": "stream", "name": null }, "geometry": { "type": "LineString", "coordinates": [ [ 109.7079384, -7.2004803 ], [ 109.7076595, -7.2008475 ], [ 109.7074825, -7.20122 ], [ 109.7073591, -7.2015234 ], [ 109.7072571, -7.2019385 ], [ 109.7073108, -7.2021621 ], [ 109.7071981, -7.2026996 ], [ 109.707225, -7.2029125 ], [ 109.7072518, -7.2030668 ], [ 109.7073376, -7.2035085 ], [ 109.7074395, -7.2038545 ], [ 109.7075683, -7.2040407 ], [ 109.7077131, -7.2041632 ], [ 109.7078365, -7.2042536 ], [ 109.7078901, -7.2043069 ], [ 109.7081852, -7.2044505 ] ] } },
{ "type": "Feature", "properties": { "waterway": "stream", "name": null }, "geometry": { "type": "LineString", "coordinates": [ [ 109.7098964, -7.2005814 ], [ 109.7096604, -7.2008901 ], [ 109.7094995, -7.2011349 ], [ 109.7093224, -7.2013424 ], [ 109.7090006, -7.2014542 ], [ 109.7086626, -7.201699 ], [ 109.7085714, -7.2019492 ], [ 109.7085231, -7.2021461 ], [ 109.708491, -7.2023111 ], [ 109.7085017, -7.2027262 ], [ 109.7085607, -7.2030775 ], [ 109.7086626, -7.2033329 ], [ 109.7086251, -7.2035777 ], [ 109.7085392, -7.2038438 ], [ 109.7084159, -7.2041312 ], [ 109.7082871, -7.2042962 ], [ 109.7081852, -7.2044505 ] ] } },
{ "type": "Feature", "properties": { "waterway": "stream", "name": null }, "geometry": { "type": "LineString", "coordinates": [ [ 109.7127181, -7.2063825 ], [ 109.7125411, -7.206606 ], [ 109.7123051, -7.206739 ], [ 109.7116935, -7.2071329 ], [ 109.7114387, -7.2074628 ], [ 109.7112831, -7.2077103 ], [ 109.7112134, -7.2078966 ], [ 109.7110793, -7.2082425 ], [ 109.7108996, -7.2084926 ], [ 109.7108433, -7.208615 ], [ 109.7106475, -7.2088918 ], [ 109.7103739, -7.2092244 ], [ 109.7102424, -7.2093974 ], [ 109.7100735, -7.2094932 ], [ 109.7099099, -7.2095624 ], [ 109.7097704, -7.2096475 ], [ 109.7097275, -7.2097061 ], [ 109.7096229, -7.209879 ] ] } },
{ "type": "Feature", "properties": { "waterway": "stream", "name": null }, "geometry": { "type": "LineString", "coordinates": [ [ 109.7132707, -7.2002035 ], [ 109.7137105, -7.2005548 ], [ 109.7138876, -7.2007198 ], [ 109.7140431, -7.2008581 ], [ 109.7142416, -7.2008741 ], [ 109.7144401, -7.2010125 ], [ 109.714703, -7.2013105 ], [ 109.7149175, -7.2015713 ], [ 109.7151965, -7.2017097 ], [ 109.7154057, -7.2017523 ], [ 109.7154969, -7.2018427 ], [ 109.7154164, -7.2021461 ], [ 109.7152287, -7.2022685 ], [ 109.7148049, -7.202838 ], [ 109.7145903, -7.2029338 ], [ 109.7143114, -7.203285 ], [ 109.7140002, -7.2040195 ], [ 109.713732, -7.2045304 ], [ 109.7135282, -7.2049189 ], [ 109.7132975, -7.2052755 ], [ 109.7131419, -7.205483 ], [ 109.7129005, -7.2059194 ], [ 109.7128576, -7.2060631 ], [ 109.7127879, -7.2061376 ], [ 109.7127181, -7.2063825 ] ] } },
{ "type": "Feature", "properties": { "waterway": "stream", "name": null }, "geometry": { "type": "LineString", "coordinates": [ [ 109.717133, -7.2022632 ], [ 109.7168112, -7.2027315 ], [ 109.7166234, -7.2030508 ], [ 109.7164732, -7.2034553 ], [ 109.716382, -7.2038758 ], [ 109.7161889, -7.2042057 ], [ 109.7157437, -7.2046688 ], [ 109.7154432, -7.2049402 ], [ 109.7149014, -7.2051743 ], [ 109.7144777, -7.2052648 ], [ 109.714188, -7.2055203 ], [ 109.713909, -7.2057917 ], [ 109.7136301, -7.2060578 ], [ 109.713394, -7.2061483 ], [ 109.7131097, -7.2063026 ], [ 109.7128791, -7.2063292 ], [ 109.7127181, -7.2063825 ] ] } },
{ "type": "Feature", "properties": { "waterway": "stream", "name": null }, "geometry": { "type": "LineString", "coordinates": [ [ 109.7226101, -7.2017363 ], [ 109.7223633, -7.2019598 ], [ 109.7221219, -7.2023057 ], [ 109.7217143, -7.2027954 ], [ 109.7214836, -7.2030562 ], [ 109.7211027, -7.2032158 ], [ 109.7207916, -7.2032903 ], [ 109.7205663, -7.2033755 ], [ 109.7202551, -7.2036682 ], [ 109.7201103, -7.2039928 ], [ 109.7199333, -7.2044612 ], [ 109.7198421, -7.20469 ], [ 109.7196865, -7.2049082 ], [ 109.7196007, -7.2050998 ] ] } },
{ "type": "Feature", "properties": { "waterway": "stream", "name": null }, "geometry": { "type": "LineString", "coordinates": [ [ 109.7230554, -7.2044186 ], [ 109.7225833, -7.2043654 ], [ 109.7223419, -7.2044346 ], [ 109.721843, -7.2046581 ], [ 109.7215265, -7.2047912 ], [ 109.7208881, -7.2049774 ], [ 109.7205448, -7.2051052 ], [ 109.7199708, -7.2052222 ], [ 109.7197509, -7.2052755 ], [ 109.7196476, -7.2052222 ], [ 109.7196007, -7.2050998 ] ] } },
{ "type": "Feature", "properties": { "waterway": "stream", "name": null }, "geometry": { "type": "LineString", "coordinates": [ [ 109.713901, -7.2181573 ], [ 109.7139305, -7.2184713 ], [ 109.7139358, -7.2186496 ], [ 109.7139573, -7.2188545 ], [ 109.7139493, -7.2189556 ], [ 109.7138661, -7.2191658 ], [ 109.713783, -7.2193042 ], [ 109.7136998, -7.2194718 ], [ 109.7135898, -7.2196395 ], [ 109.7135121, -7.2197166 ], [ 109.7132921, -7.2197858 ], [ 109.7132532, -7.2197872 ], [ 109.7132358, -7.2200306 ], [ 109.7131821, -7.2202754 ], [ 109.7130561, -7.2203952 ], [ 109.7127959, -7.2206586 ], [ 109.7127584, -7.2208396 ], [ 109.7127718, -7.2209992 ], [ 109.712804, -7.2212147 ], [ 109.7128281, -7.2213877 ], [ 109.7128066, -7.2216139 ], [ 109.7127262, -7.2219465 ], [ 109.7126672, -7.2221833 ], [ 109.712635, -7.2225399 ], [ 109.7126591, -7.2227035 ], [ 109.7126913, -7.2228406 ], [ 109.7127919, -7.2229936 ], [ 109.7128938, -7.2231 ], [ 109.7129703, -7.2232357 ], [ 109.7129354, -7.2233994 ], [ 109.7128321, -7.2236216 ], [ 109.7127101, -7.2238105 ], [ 109.7125679, -7.2239316 ], [ 109.7124016, -7.2240992 ], [ 109.7123158, -7.2241497 ], [ 109.7123051, -7.2243786 ], [ 109.7123238, -7.2245489 ], [ 109.7122407, -7.2247471 ], [ 109.7121629, -7.2248123 ] ] } },
{ "type": "Feature", "properties": { "waterway": "stream", "name": null }, "geometry": { "type": "LineString", "coordinates": [ [ 109.7150516, -7.2178487 ], [ 109.7147512, -7.2178061 ], [ 109.7144052, -7.2177688 ], [ 109.7142711, -7.2177741 ], [ 109.7141665, -7.2178407 ], [ 109.7140565, -7.2179418 ], [ 109.71396, -7.2180509 ], [ 109.713909, -7.2181041 ], [ 109.713901, -7.2181573 ] ] } },
{ "type": "Feature", "properties": { "waterway": "stream", "name": null }, "geometry": { "type": "LineString", "coordinates": [ [ 109.7159314, -7.2148817 ], [ 109.715395, -7.2146848 ], [ 109.7150034, -7.2146262 ], [ 109.7145903, -7.2146635 ], [ 109.7142094, -7.2147965 ], [ 109.7138768, -7.2149562 ], [ 109.7135979, -7.2151797 ], [ 109.7133779, -7.2155097 ], [ 109.7132653, -7.2157279 ], [ 109.7133028, -7.2159727 ], [ 109.7133565, -7.2161749 ], [ 109.7133619, -7.2164357 ], [ 109.7132599, -7.2166486 ], [ 109.7131419, -7.2168508 ], [ 109.7131795, -7.217085 ], [ 109.7132117, -7.2172659 ], [ 109.7132331, -7.2175214 ], [ 109.7132868, -7.2177768 ], [ 109.713394, -7.2180535 ], [ 109.7135282, -7.2182771 ], [ 109.7136328, -7.2183835 ], [ 109.7137025, -7.2183675 ], [ 109.7137427, -7.2183383 ], [ 109.7138151, -7.2182824 ], [ 109.713901, -7.2181573 ] ] } },
{ "type": "Feature", "properties": { "waterway": "stream", "name": null }, "geometry": { "type": "LineString", "coordinates": [ [ 109.7164839, -7.2206027 ], [ 109.7170579, -7.2205921 ], [ 109.7174978, -7.2206187 ], [ 109.7177607, -7.2206027 ], [ 109.7180718, -7.2205708 ], [ 109.7184581, -7.2205442 ], [ 109.7186565, -7.2204803 ], [ 109.7189999, -7.2203739 ], [ 109.7191179, -7.2202887 ], [ 109.7193593, -7.2202036 ], [ 109.7195819, -7.2201158 ], [ 109.7197911, -7.2200998 ], [ 109.7200271, -7.2201557 ], [ 109.7202605, -7.2202621 ], [ 109.7204965, -7.2203553 ], [ 109.7208184, -7.2206453 ], [ 109.7209525, -7.2210338 ], [ 109.721092, -7.2213371 ], [ 109.7211939, -7.2216139 ], [ 109.7212422, -7.2217895 ], [ 109.7213817, -7.2220396 ], [ 109.721505, -7.2221886 ], [ 109.7215158, -7.222476 ], [ 109.7215962, -7.2230774 ], [ 109.721607, -7.2233488 ], [ 109.7216821, -7.2236309 ], [ 109.7217786, -7.2237586 ], [ 109.7219342, -7.2239236 ], [ 109.7221434, -7.224046 ], [ 109.7222373, -7.2240752 ], [ 109.7223432, -7.224179 ], [ 109.722417, -7.2243041 ], [ 109.7225028, -7.2245036 ], [ 109.7225109, -7.2246633 ], [ 109.7225994, -7.2248655 ], [ 109.7226745, -7.2250066 ], [ 109.7227094, -7.2251795 ], [ 109.7227254, -7.2253977 ], [ 109.722704, -7.2255973 ], [ 109.7226986, -7.2258128 ], [ 109.7228006, -7.2259671 ], [ 109.7228676, -7.2260284 ], [ 109.7230688, -7.2261241 ], [ 109.7232136, -7.226204 ], [ 109.7233155, -7.2262758 ], [ 109.7233638, -7.2264009 ], [ 109.7234014, -7.226635 ], [ 109.7234148, -7.2268266 ], [ 109.7234014, -7.226973 ], [ 109.7233987, -7.2270714 ], [ 109.7234389, -7.2272071 ], [ 109.723447, -7.2273508 ], [ 109.7234821, -7.2274867 ] ] } },
{ "type": "Feature", "properties": { "waterway": "stream", "name": null }, "geometry": { "type": "LineString", "coordinates": [ [ 109.7269821, -7.2205575 ], [ 109.7268507, -7.2207544 ], [ 109.7267434, -7.2208981 ], [ 109.7266602, -7.2209673 ], [ 109.7265342, -7.2210418 ], [ 109.7263759, -7.2211456 ], [ 109.7262767, -7.2212041 ], [ 109.7261131, -7.2212813 ], [ 109.7259575, -7.2213052 ], [ 109.7257537, -7.2213052 ], [ 109.7255713, -7.2212786 ], [ 109.7253996, -7.2212946 ], [ 109.725244, -7.2213771 ], [ 109.7251502, -7.2214489 ], [ 109.7250402, -7.2214862 ], [ 109.7248685, -7.2215367 ], [ 109.7248042, -7.2215394 ], [ 109.7246942, -7.2215128 ] ] } },
{ "type": "Feature", "properties": { "waterway": "stream", "name": null }, "geometry": { "type": "LineString", "coordinates": [ [ 109.7297502, -7.213945 ], [ 109.729616, -7.2143974 ], [ 109.7295409, -7.2146209 ], [ 109.7294497, -7.2149988 ], [ 109.7292995, -7.2152542 ], [ 109.7291762, -7.2153553 ], [ 109.7290796, -7.2154777 ], [ 109.7289938, -7.2156347 ], [ 109.7289696, -7.2157625 ], [ 109.7289294, -7.2158928 ], [ 109.7288516, -7.2159647 ], [ 109.7287846, -7.2160365 ], [ 109.7287148, -7.2162042 ], [ 109.7285512, -7.2163665 ], [ 109.7284922, -7.2164916 ], [ 109.7285083, -7.2166619 ], [ 109.7284895, -7.2168215 ], [ 109.7284546, -7.2169852 ], [ 109.728393, -7.2170956 ], [ 109.7282347, -7.2174362 ], [ 109.7281435, -7.2175746 ], [ 109.7280657, -7.2176305 ], [ 109.7280121, -7.2177262 ], [ 109.727886, -7.2178646 ], [ 109.7277948, -7.2179923 ], [ 109.7277117, -7.2180908 ], [ 109.7276674, -7.2181081 ], [ 109.7275977, -7.2181108 ], [ 109.7274582, -7.21816 ], [ 109.727363, -7.2181999 ], [ 109.7272758, -7.2182265 ], [ 109.727127, -7.2182345 ], [ 109.7270384, -7.2182145 ], [ 109.7268333, -7.2182332 ], [ 109.7266442, -7.2183223 ], [ 109.7265033, -7.2183902 ], [ 109.7262928, -7.2184607 ], [ 109.726164, -7.2185192 ], [ 109.7260272, -7.2185937 ], [ 109.7258878, -7.2186416 ], [ 109.7257751, -7.2188545 ], [ 109.7257027, -7.2190833 ], [ 109.7256973, -7.2192323 ], [ 109.7256705, -7.2193468 ], [ 109.7256383, -7.2195517 ], [ 109.7256169, -7.2196395 ], [ 109.725523, -7.2197246 ], [ 109.7253486, -7.2199189 ], [ 109.7252655, -7.2200652 ], [ 109.7252038, -7.2201983 ], [ 109.7251824, -7.2203207 ], [ 109.725185, -7.2204457 ], [ 109.7251475, -7.2205947 ], [ 109.7250362, -7.2207837 ], [ 109.7249342, -7.2209473 ], [ 109.7247478, -7.2210684 ], [ 109.7246593, -7.221268 ], [ 109.724654, -7.2213877 ], [ 109.7246942, -7.2215128 ] ] } },
{ "type": "Feature", "properties": { "waterway": "stream", "name": null }, "geometry": { "type": "LineString", "coordinates": [ [ 109.7212207, -7.2114437 ], [ 109.7215104, -7.2117151 ], [ 109.7218859, -7.2119067 ], [ 109.7222185, -7.2120504 ], [ 109.7224599, -7.2121888 ], [ 109.7225404, -7.2123804 ], [ 109.7226101, -7.2129551 ], [ 109.7227228, -7.2135299 ], [ 109.7228569, -7.2141951 ], [ 109.7230017, -7.2145411 ], [ 109.723109, -7.2147646 ], [ 109.7231734, -7.2148923 ], [ 109.723345, -7.2152329 ] ] } },
{ "type": "Feature", "properties": { "waterway": "stream", "name": null }, "geometry": { "type": "LineString", "coordinates": [ [ 109.7231144, -7.2104272 ], [ 109.7232699, -7.210688 ], [ 109.7234362, -7.2108742 ], [ 109.7235757, -7.2110818 ], [ 109.7237205, -7.2112255 ], [ 109.7238386, -7.2113319 ], [ 109.7240049, -7.2115554 ], [ 109.7241443, -7.2117896 ], [ 109.7242033, -7.211912 ], [ 109.7243965, -7.2120557 ], [ 109.724611, -7.2123058 ], [ 109.7247291, -7.2124389 ], [ 109.72489, -7.2126571 ], [ 109.7250026, -7.2127263 ], [ 109.7252279, -7.2129392 ] ] } },
{ "type": "Feature", "properties": { "waterway": "stream", "name": null }, "geometry": { "type": "LineString", "coordinates": [ [ 109.7261989, -7.2061642 ], [ 109.7257376, -7.2064942 ], [ 109.7255391, -7.2067071 ], [ 109.7252655, -7.2069838 ], [ 109.7250563, -7.2072712 ], [ 109.7248954, -7.2075427 ], [ 109.7247773, -7.2077609 ], [ 109.7247344, -7.2079897 ], [ 109.7246432, -7.208176 ], [ 109.7245842, -7.208474 ], [ 109.7245359, -7.2087401 ], [ 109.7245413, -7.2088998 ], [ 109.7246647, -7.2091127 ], [ 109.7247881, -7.2093468 ], [ 109.7249114, -7.2094479 ], [ 109.7249919, -7.2096661 ], [ 109.7249973, -7.2100121 ], [ 109.7250241, -7.2103527 ], [ 109.7250295, -7.2105549 ], [ 109.7250402, -7.21097 ], [ 109.7251207, -7.2112042 ], [ 109.7253889, -7.2115129 ], [ 109.7255713, -7.2116672 ], [ 109.7257429, -7.2118854 ], [ 109.7258019, -7.2121249 ], [ 109.7257376, -7.2123218 ], [ 109.7255766, -7.2124655 ], [ 109.7253942, -7.2127689 ], [ 109.7252279, -7.2129392 ] ] } },
{ "type": "Feature", "properties": { "waterway": "stream", "name": null }, "geometry": { "type": "LineString", "coordinates": [ [ 109.728114, -7.2040567 ], [ 109.7280818, -7.2043095 ], [ 109.7278377, -7.2046714 ], [ 109.7276098, -7.2050573 ], [ 109.7274703, -7.2053819 ], [ 109.7272879, -7.2057837 ], [ 109.727143, -7.2061616 ], [ 109.7269875, -7.2066379 ], [ 109.7268534, -7.207085 ], [ 109.7267032, -7.2075852 ], [ 109.7267407, -7.2077449 ], [ 109.7267461, -7.2080163 ], [ 109.7266549, -7.208325 ], [ 109.7265798, -7.2085538 ], [ 109.726392, -7.209102 ], [ 109.7263008, -7.2094639 ], [ 109.7263062, -7.2097513 ], [ 109.7263437, -7.2099642 ], [ 109.7264779, -7.2102516 ], [ 109.7267139, -7.210688 ], [ 109.7267836, -7.2108849 ], [ 109.726789, -7.2112468 ], [ 109.7268104, -7.2114916 ], [ 109.726789, -7.2117949 ] ] } },
{ "type": "Feature", "properties": { "waterway": "stream", "name": null }, "geometry": { "type": "LineString", "coordinates": [ [ 109.6864217, -7.1985962 ], [ 109.6863064, -7.1985856 ], [ 109.6861052, -7.1986548 ], [ 109.6860382, -7.1987399 ], [ 109.6859202, -7.1988969 ], [ 109.6858585, -7.1990193 ], [ 109.6857834, -7.1991258 ], [ 109.6856841, -7.1992216 ], [ 109.6856144, -7.1992642 ], [ 109.6855661, -7.1993041 ], [ 109.6855447, -7.1993573 ], [ 109.6854857, -7.1994052 ] ] } },
{ "type": "Feature", "properties": { "waterway": "stream", "name": null }, "geometry": { "type": "LineString", "coordinates": [ [ 109.6917111, -7.2086124 ], [ 109.6915501, -7.2085698 ], [ 109.6914911, -7.2084474 ], [ 109.6913624, -7.2083143 ], [ 109.6912658, -7.2082824 ], [ 109.6911585, -7.2082505 ], [ 109.6910781, -7.2081973 ], [ 109.690901, -7.208144 ], [ 109.6907991, -7.208144 ], [ 109.6907186, -7.2080802 ], [ 109.6906489, -7.208011 ], [ 109.6905953, -7.2079578 ], [ 109.6905684, -7.2078992 ], [ 109.6905041, -7.2077928 ] ] } },
{ "type": "Feature", "properties": { "waterway": "stream", "name": null }, "geometry": { "type": "LineString", "coordinates": [ [ 109.696126, -7.2051477 ], [ 109.6959382, -7.2053606 ], [ 109.6956593, -7.2053926 ], [ 109.6954179, -7.2054298 ], [ 109.6951121, -7.2054458 ], [ 109.6949673, -7.2054511 ], [ 109.694801, -7.2054724 ], [ 109.6946454, -7.205515 ], [ 109.6944898, -7.2054777 ], [ 109.6942753, -7.2055096 ], [ 109.6940231, -7.2055522 ], [ 109.6938032, -7.2056214 ], [ 109.6938086, -7.2059673 ], [ 109.6938246, -7.2061962 ], [ 109.6938354, -7.2063346 ], [ 109.693889, -7.2064942 ], [ 109.6938837, -7.2066645 ], [ 109.6937227, -7.2067444 ], [ 109.6935618, -7.2067497 ], [ 109.6933418, -7.2066166 ], [ 109.6932667, -7.206457 ], [ 109.6931809, -7.206292 ], [ 109.6929824, -7.2062441 ], [ 109.6928966, -7.2063186 ], [ 109.6928161, -7.2064144 ], [ 109.6926928, -7.2065102 ], [ 109.6926123, -7.2065634 ] ] } },
{ "type": "Feature", "properties": { "waterway": "stream", "name": null }, "geometry": { "type": "LineString", "coordinates": [ [ 109.726789, -7.2117949 ], [ 109.7268104, -7.2122846 ], [ 109.7268855, -7.2126039 ], [ 109.7269285, -7.2128593 ], [ 109.7269714, -7.2131999 ], [ 109.7270036, -7.2135725 ], [ 109.7270143, -7.213945 ], [ 109.7269606, -7.2141472 ], [ 109.7269177, -7.2143388 ], [ 109.7270465, -7.2145517 ], [ 109.7271645, -7.2147752 ], [ 109.7272074, -7.2149988 ], [ 109.7272503, -7.2153394 ], [ 109.7271672, -7.2156161 ], [ 109.7271404, -7.2157758 ], [ 109.7271323, -7.2159301 ], [ 109.7271377, -7.2161377 ], [ 109.727127, -7.2164064 ], [ 109.7270384, -7.2166565 ], [ 109.7269794, -7.2168375 ], [ 109.7269419, -7.2171515 ], [ 109.7268695, -7.2172153 ], [ 109.7268185, -7.2172579 ], [ 109.7266844, -7.2174202 ], [ 109.7266442, -7.217532 ], [ 109.726679, -7.2176464 ], [ 109.7266576, -7.2177262 ], [ 109.7265154, -7.2177954 ], [ 109.7264484, -7.2178779 ], [ 109.726392, -7.217995 ], [ 109.7263116, -7.2181866 ], [ 109.7262821, -7.2182824 ], [ 109.7262821, -7.2183649 ], [ 109.7262928, -7.2184607 ] ] } },
{ "type": "Feature", "properties": { "waterway": "stream", "name": null }, "geometry": { "type": "LineString", "coordinates": [ [ 109.723345, -7.2152329 ], [ 109.7234577, -7.2155043 ], [ 109.7235489, -7.2157013 ], [ 109.7237205, -7.2159221 ], [ 109.723801, -7.2161323 ], [ 109.7237313, -7.2164091 ], [ 109.7236991, -7.2166326 ], [ 109.7237058, -7.216892 ], [ 109.7236951, -7.2171023 ], [ 109.723683, -7.2173165 ], [ 109.7236669, -7.2174389 ], [ 109.7236723, -7.2175666 ], [ 109.7236454, -7.2176704 ], [ 109.7236937, -7.2179684 ], [ 109.7236803, -7.2180722 ], [ 109.7236294, -7.2181999 ], [ 109.7236294, -7.2183329 ], [ 109.7235918, -7.2187294 ], [ 109.7235221, -7.2189796 ], [ 109.7235113, -7.2191552 ], [ 109.7234845, -7.2193893 ], [ 109.7234523, -7.2196714 ], [ 109.7234309, -7.2200067 ], [ 109.7234, -7.2201929 ], [ 109.7233745, -7.22033 ], [ 109.7233249, -7.2204471 ], [ 109.7232699, -7.2205109 ], [ 109.7231626, -7.22064 ], [ 109.7230741, -7.2207491 ], [ 109.7230232, -7.220922 ], [ 109.7230446, -7.2210178 ], [ 109.723058, -7.221103 ], [ 109.7230205, -7.2212626 ], [ 109.7229481, -7.2214303 ], [ 109.7227898, -7.2216139 ], [ 109.7226718, -7.2216325 ], [ 109.722527, -7.2216618 ], [ 109.7223741, -7.2216804 ], [ 109.7222024, -7.221731 ], [ 109.722071, -7.2217975 ], [ 109.7219825, -7.2218294 ], [ 109.7219691, -7.2219146 ], [ 109.7219905, -7.2220742 ], [ 109.7220227, -7.222162 ], [ 109.722071, -7.2222711 ], [ 109.7221273, -7.2223536 ], [ 109.7221729, -7.2224707 ], [ 109.7222158, -7.2226809 ], [ 109.7222024, -7.2230401 ], [ 109.7222266, -7.2231492 ], [ 109.7222775, -7.2232849 ], [ 109.7222587, -7.2234207 ], [ 109.7222185, -7.2236681 ], [ 109.7222158, -7.2237479 ], [ 109.7221944, -7.223897 ], [ 109.7221971, -7.2239768 ], [ 109.7222373, -7.2240752 ] ] } },
{ "type": "Feature", "properties": { "waterway": "stream", "name": null }, "geometry": { "type": "LineString", "coordinates": [ [ 109.7252279, -7.2129392 ], [ 109.7253513, -7.2133117 ], [ 109.7253245, -7.2136097 ], [ 109.7252601, -7.2140089 ], [ 109.7252119, -7.2143548 ], [ 109.7250563, -7.2146582 ], [ 109.7249597, -7.2147752 ], [ 109.724831, -7.2149881 ], [ 109.7247934, -7.2152649 ], [ 109.7247156, -7.2156507 ], [ 109.7245842, -7.2158822 ], [ 109.7244796, -7.2159008 ], [ 109.7243535, -7.2159062 ], [ 109.7242114, -7.2159035 ], [ 109.7240692, -7.2159088 ], [ 109.7239378, -7.2159168 ], [ 109.7237205, -7.2159221 ] ] } },
{ "type": "Feature", "properties": { "waterway": "stream", "name": null }, "geometry": { "type": "LineString", "coordinates": [ [ 109.7146332, -7.2125879 ], [ 109.7145045, -7.212705 ], [ 109.7143114, -7.2127422 ], [ 109.7140914, -7.2127476 ], [ 109.7138768, -7.2127316 ], [ 109.7135603, -7.2126784 ], [ 109.7135013, -7.2126677 ] ] } },
{ "type": "Feature", "properties": { "waterway": "stream", "name": null }, "geometry": { "type": "LineString", "coordinates": [ [ 109.7196007, -7.2050998 ], [ 109.7191501, -7.2056214 ], [ 109.7187638, -7.2059194 ], [ 109.7185278, -7.2061855 ], [ 109.7182274, -7.2066326 ], [ 109.7180343, -7.2069732 ], [ 109.7177124, -7.2074735 ], [ 109.7175541, -7.2077343 ], [ 109.7174093, -7.2078434 ], [ 109.7171169, -7.207995 ], [ 109.71683, -7.2081095 ], [ 109.7164062, -7.2085059 ], [ 109.7162265, -7.2087641 ], [ 109.7160897, -7.2089583 ], [ 109.7157249, -7.2092031 ], [ 109.7154406, -7.2093761 ], [ 109.7149014, -7.2098444 ], [ 109.7145689, -7.210209 ], [ 109.7144133, -7.2104378 ], [ 109.7140646, -7.2112734 ], [ 109.7138447, -7.2119812 ], [ 109.7137642, -7.212226 ], [ 109.7137159, -7.2124016 ], [ 109.7135013, -7.2126677 ], [ 109.7133243, -7.2130935 ], [ 109.7131419, -7.2132984 ], [ 109.7129917, -7.2134448 ], [ 109.7128308, -7.2135725 ], [ 109.7125679, -7.2137987 ], [ 109.7120261, -7.2141047 ], [ 109.7117901, -7.2142989 ], [ 109.7115916, -7.2144373 ], [ 109.7115245, -7.2145491 ], [ 109.7114548, -7.2146954 ], [ 109.7113529, -7.2148657 ], [ 109.7112054, -7.2150679 ], [ 109.7110337, -7.2151052 ], [ 109.7108781, -7.2152382 ], [ 109.7106636, -7.2153154 ], [ 109.7104087, -7.2153952 ], [ 109.710288, -7.2154272 ], [ 109.7101861, -7.2154777 ], [ 109.7100091, -7.2156534 ], [ 109.7099367, -7.2158449 ], [ 109.7099367, -7.2161297 ], [ 109.7099628, -7.2164902 ], [ 109.7099327, -7.2170477 ], [ 109.7099367, -7.2173777 ], [ 109.7099528, -7.2175134 ], [ 109.7100252, -7.2180535 ], [ 109.7100654, -7.2184234 ], [ 109.7100252, -7.2187427 ], [ 109.7098535, -7.2192084 ], [ 109.7097033, -7.219549 ], [ 109.7096229, -7.2198523 ], [ 109.7095209, -7.2201983 ], [ 109.7095156, -7.2205442 ], [ 109.7094941, -7.2208635 ], [ 109.7094673, -7.2210631 ], [ 109.7095022, -7.2211881 ], [ 109.7096363, -7.2216165 ], [ 109.7097811, -7.221848 ], [ 109.7099876, -7.2220583 ], [ 109.7101539, -7.2221088 ], [ 109.7104302, -7.2221195 ], [ 109.7105563, -7.2221408 ], [ 109.7107226, -7.2222206 ], [ 109.7108392, -7.2224587 ], [ 109.7108647, -7.2226117 ], [ 109.7110069, -7.2229922 ], [ 109.711141, -7.223237 ], [ 109.7112858, -7.2233967 ], [ 109.711377, -7.2235244 ], [ 109.7115809, -7.223716 ], [ 109.711715, -7.2238278 ], [ 109.7117954, -7.2239981 ], [ 109.7119188, -7.2244079 ], [ 109.7120422, -7.2247112 ], [ 109.7121629, -7.2248123 ], [ 109.7122487, -7.2248842 ], [ 109.7123399, -7.2249826 ], [ 109.7125813, -7.225254 ], [ 109.7127101, -7.2253578 ], [ 109.7128013, -7.2254563 ], [ 109.7129568, -7.2257037 ], [ 109.7131419, -7.2259911 ], [ 109.7133565, -7.2261188 ], [ 109.7134182, -7.2262519 ], [ 109.7135094, -7.2264248 ], [ 109.7135684, -7.2265419 ], [ 109.7137749, -7.2266271 ], [ 109.7139519, -7.2267601 ], [ 109.7141719, -7.2269677 ], [ 109.7143342, -7.227134 ], [ 109.7144294, -7.2274386 ], [ 109.7144562, -7.227577 ], [ 109.7144455, -7.2277366 ], [ 109.7144937, -7.2279069 ], [ 109.7145393, -7.2280639 ], [ 109.7145367, -7.2281517 ], [ 109.7145581, -7.2283327 ], [ 109.714703, -7.2285269 ], [ 109.7147942, -7.2286041 ], [ 109.7148693, -7.2287558 ], [ 109.7149363, -7.2289128 ] ] } },
{ "type": "Feature", "properties": { "waterway": "stream", "name": null }, "geometry": { "type": "LineString", "coordinates": [ [ 109.7005463, -7.2091978 ], [ 109.7000205, -7.2095065 ], [ 109.6997416, -7.2098364 ], [ 109.6993875, -7.2100493 ], [ 109.6990442, -7.2101558 ], [ 109.6987331, -7.2101451 ], [ 109.6984649, -7.2100813 ], [ 109.6982932, -7.2104112 ], [ 109.6980357, -7.2108902 ], [ 109.6978533, -7.2111457 ] ] } },
{ "type": "Feature", "properties": { "waterway": "stream", "name": null }, "geometry": { "type": "LineString", "coordinates": [ [ 109.7055137, -7.2076438 ], [ 109.7055566, -7.2081015 ], [ 109.7055459, -7.2087507 ], [ 109.7055673, -7.2089743 ], [ 109.7054708, -7.2099269 ], [ 109.7054332, -7.2102037 ], [ 109.7054654, -7.2105336 ], [ 109.7054654, -7.210688 ], [ 109.7053528, -7.2118694 ], [ 109.7052562, -7.2122526 ], [ 109.7051543, -7.2124974 ], [ 109.7051489, -7.2128168 ] ] } },
{ "type": "Feature", "properties": { "waterway": "stream", "name": null }, "geometry": { "type": "LineString", "coordinates": [ [ 109.7081852, -7.2044505 ], [ 109.7080028, -7.205036 ], [ 109.707917, -7.2053659 ], [ 109.7076917, -7.2060365 ] ] } },
{ "type": "Feature", "properties": { "waterway": "stream", "name": null }, "geometry": { "type": "LineString", "coordinates": [ [ 109.7019088, -7.2006931 ], [ 109.7014367, -7.2006612 ], [ 109.7010827, -7.2007038 ], [ 109.7006643, -7.200757 ], [ 109.7003317, -7.2007677 ], [ 109.6998811, -7.2007889 ], [ 109.6995485, -7.2007677 ], [ 109.6992481, -7.2007677 ], [ 109.6988833, -7.2007783 ], [ 109.698776, -7.2008635 ], [ 109.698658, -7.2010338 ] ] } },
{ "type": "Feature", "properties": { "waterway": "stream", "name": null }, "geometry": { "type": "LineString", "coordinates": [ [ 109.6958685, -7.1983621 ], [ 109.6954554, -7.198378 ], [ 109.6952194, -7.1983887 ], [ 109.6949458, -7.1984206 ], [ 109.6946239, -7.1984366 ], [ 109.6943986, -7.1983834 ], [ 109.6942323, -7.1982397 ], [ 109.6941465, -7.1982077 ], [ 109.6940285, -7.1982077 ], [ 109.6939319, -7.1982077 ] ] } },
{ "type": "Feature", "properties": { "waterway": "stream", "name": null }, "geometry": { "type": "LineString", "coordinates": [ [ 109.664889, -7.1962013 ], [ 109.6649533, -7.1966058 ], [ 109.6652806, -7.196957 ], [ 109.6653932, -7.1971593 ], [ 109.6655273, -7.1972684 ], [ 109.6656749, -7.1973402 ], [ 109.6659753, -7.1975558 ], [ 109.6660316, -7.1978299 ], [ 109.6660128, -7.1980241 ], [ 109.6660611, -7.1981199 ], [ 109.6660852, -7.1983727 ], [ 109.666153, -7.1983727 ], [ 109.6663132, -7.1984359 ], [ 109.6663293, -7.1984552 ] ] } },
{ "type": "Feature", "properties": { "waterway": "stream", "name": null }, "geometry": { "type": "LineString", "coordinates": [ [ 109.6798718, -7.1852535 ], [ 109.6798047, -7.185312 ], [ 109.6797672, -7.1853413 ], [ 109.679735, -7.1854983 ], [ 109.6796331, -7.1856606 ], [ 109.6794909, -7.185815 ], [ 109.6794105, -7.1857897 ], [ 109.6793367, -7.1858123 ], [ 109.6792951, -7.1858762 ], [ 109.6792455, -7.1859161 ], [ 109.6791664, -7.185932 ], [ 109.6791396, -7.1859839 ], [ 109.6790886, -7.1860079 ], [ 109.6790121, -7.1859999 ], [ 109.6788365, -7.1860412 ], [ 109.6787399, -7.1861316 ], [ 109.6786272, -7.1862594 ], [ 109.6784583, -7.1863312 ], [ 109.6784073, -7.1863951 ], [ 109.6783107, -7.1866239 ], [ 109.6783081, -7.1867623 ], [ 109.6783, -7.1869113 ], [ 109.6781766, -7.1871881 ], [ 109.6780318, -7.1873238 ], [ 109.6779379, -7.1874409 ], [ 109.6778226, -7.1876804 ], [ 109.6777126, -7.1877549 ], [ 109.6774337, -7.1879492 ], [ 109.6772727, -7.1879625 ], [ 109.677093, -7.1879918 ], [ 109.6769106, -7.1879918 ], [ 109.6767712, -7.1879811 ], [ 109.67668, -7.1879492 ], [ 109.6765941, -7.1878614 ], [ 109.6765137, -7.1878081 ], [ 109.676393, -7.1877962 ], [ 109.6762589, -7.1877895 ], [ 109.6761543, -7.1878015 ], [ 109.6760859, -7.1878308 ], [ 109.6759799, -7.187876 ], [ 109.675827, -7.1879133 ], [ 109.6756339, -7.1879079 ], [ 109.6755011, -7.1879106 ], [ 109.675418, -7.1878946 ], [ 109.6753027, -7.187896 ], [ 109.6751913, -7.1879173 ], [ 109.6750586, -7.1880277 ], [ 109.6750009, -7.1880623 ], [ 109.6748561, -7.1880769 ], [ 109.6747354, -7.1880663 ], [ 109.6746603, -7.1879838 ], [ 109.6746522, -7.187896 ], [ 109.6746093, -7.1877922 ], [ 109.6746308, -7.1877044 ], [ 109.6746978, -7.1875953 ], [ 109.6747246, -7.1874542 ], [ 109.6746589, -7.1873797 ], [ 109.6744497, -7.1873451 ], [ 109.674266, -7.187389 ], [ 109.6741708, -7.1874476 ], [ 109.6740742, -7.1874635 ], [ 109.673979, -7.1874502 ], [ 109.6739133, -7.1873983 ], [ 109.6738958, -7.1873039 ], [ 109.6738516, -7.1872466 ], [ 109.6737242, -7.1871655 ], [ 109.6735632, -7.1871775 ], [ 109.6734425, -7.1872759 ], [ 109.6733567, -7.1873957 ], [ 109.6733031, -7.1874569 ], [ 109.6732065, -7.1875207 ], [ 109.6731207, -7.1875766 ], [ 109.6730027, -7.1875953 ], [ 109.6728685, -7.1875713 ], [ 109.6727693, -7.1874835 ], [ 109.6727023, -7.187393 ], [ 109.6726137, -7.1873132 ], [ 109.6724609, -7.187252 ], [ 109.6722811, -7.1872254 ], [ 109.6721846, -7.1872573 ], [ 109.6720183, -7.1872839 ], [ 109.6719512, -7.1873291 ], [ 109.6718681, -7.1873451 ], [ 109.6717688, -7.187417 ], [ 109.6717072, -7.1874728 ], [ 109.6716776, -7.1875394 ], [ 109.6715918, -7.1876378 ], [ 109.6715462, -7.187739 ], [ 109.6715248, -7.1878534 ], [ 109.6715918, -7.1879625 ], [ 109.6716535, -7.1880131 ], [ 109.671677, -7.1880729 ], [ 109.6717078, -7.18821 ], [ 109.6717514, -7.1882951 ], [ 109.6717943, -7.1883204 ], [ 109.6718976, -7.1884162 ], [ 109.6720558, -7.1885719 ], [ 109.6721068, -7.1886677 ], [ 109.6721175, -7.1887582 ], [ 109.6720988, -7.188987 ], [ 109.6722007, -7.1893862 ], [ 109.6722785, -7.1896629 ], [ 109.6723294, -7.1899264 ], [ 109.6723804, -7.1900621 ], [ 109.6724823, -7.190299 ], [ 109.6725252, -7.190456 ], [ 109.6725011, -7.1905438 ], [ 109.6724474, -7.1905784 ], [ 109.6723697, -7.190597 ], [ 109.6722141, -7.190605 ], [ 109.6721122, -7.190613 ], [ 109.671919, -7.1906183 ], [ 109.6717823, -7.1906023 ], [ 109.6716616, -7.1905677 ], [ 109.671573, -7.1906795 ], [ 109.6715355, -7.1907474 ], [ 109.6714617, -7.1907992 ], [ 109.6713719, -7.1909004 ], [ 109.6713504, -7.1909975 ], [ 109.6713625, -7.1910534 ], [ 109.6712109, -7.1911798 ], [ 109.6711224, -7.1911479 ], [ 109.6709722, -7.1911345 ], [ 109.6709105, -7.1911558 ], [ 109.6708757, -7.191257 ], [ 109.6708998, -7.191374 ], [ 109.6709964, -7.1916601 ], [ 109.6710768, -7.1917972 ], [ 109.6712673, -7.1920686 ], [ 109.6713236, -7.1921724 ], [ 109.6713853, -7.192356 ], [ 109.6714148, -7.1924997 ], [ 109.6713263, -7.1927046 ], [ 109.6712592, -7.1927951 ], [ 109.6711546, -7.1928536 ], [ 109.6710259, -7.1929574 ], [ 109.6709052, -7.1930745 ], [ 109.6708247, -7.1931543 ], [ 109.6707067, -7.1932501 ], [ 109.6706128, -7.1933752 ], [ 109.6705672, -7.1934763 ], [ 109.6705136, -7.1935588 ], [ 109.6704277, -7.193644 ], [ 109.6703097, -7.1937557 ], [ 109.6701783, -7.1938781 ], [ 109.6700978, -7.1939819 ], [ 109.6700093, -7.1940777 ], [ 109.6699476, -7.1942374 ], [ 109.6698591, -7.1943811 ], [ 109.6697625, -7.1945195 ], [ 109.6696848, -7.1945647 ], [ 109.6696687, -7.1947723 ], [ 109.6696258, -7.195049 ], [ 109.6696311, -7.1952699 ], [ 109.6696177, -7.1954721 ], [ 109.6696123, -7.1957489 ], [ 109.6695185, -7.1957994 ], [ 109.6693817, -7.1957303 ], [ 109.6692476, -7.1956318 ], [ 109.669033, -7.1954934 ], [ 109.668813, -7.1954508 ], [ 109.6686253, -7.1954535 ], [ 109.668467, -7.1954987 ], [ 109.6683812, -7.1954934 ], [ 109.6682122, -7.1954415 ], [ 109.667893, -7.1953923 ], [ 109.6677536, -7.1954109 ], [ 109.6676275, -7.1954615 ], [ 109.6675578, -7.1955254 ], [ 109.6675497, -7.1956451 ], [ 109.6676248, -7.1957409 ], [ 109.6677053, -7.1958527 ], [ 109.6677375, -7.1959618 ], [ 109.6677187, -7.1960576 ], [ 109.6676651, -7.1961401 ], [ 109.6675068, -7.196188 ], [ 109.6674639, -7.1962412 ], [ 109.6674371, -7.1963343 ], [ 109.6672815, -7.1964434 ], [ 109.6671206, -7.1965712 ], [ 109.666914, -7.1966856 ], [ 109.6667612, -7.1967548 ], [ 109.6667048, -7.1969756 ], [ 109.6667263, -7.1971406 ], [ 109.6667746, -7.197263 ], [ 109.6668041, -7.1976063 ], [ 109.6667451, -7.1977873 ], [ 109.666568, -7.198213 ], [ 109.6664688, -7.1983594 ], [ 109.6663293, -7.1984552 ] ] } },
{ "type": "Feature", "properties": { "waterway": "stream", "name": null }, "geometry": { "type": "LineString", "coordinates": [ [ 109.8170497, -7.2008329 ], [ 109.816875, -7.2012081 ], [ 109.8167288, -7.2014369 ], [ 109.8164713, -7.2017376 ], [ 109.8163211, -7.2021248 ], [ 109.8162098, -7.2024548 ], [ 109.8161468, -7.2026822 ], [ 109.8160704, -7.2028632 ], [ 109.8160341, -7.2030828 ], [ 109.8160127, -7.2033143 ], [ 109.81601, -7.2034287 ], [ 109.8159295, -7.2035777 ], [ 109.8157713, -7.2036363 ], [ 109.8155299, -7.2039955 ], [ 109.8153877, -7.2041312 ], [ 109.8152804, -7.2043188 ], [ 109.8152161, -7.2043694 ], [ 109.8151061, -7.2044053 ], [ 109.8149908, -7.2044506 ], [ 109.8147856, -7.2046222 ], [ 109.8146649, -7.2047233 ], [ 109.8146059, -7.2047539 ], [ 109.8145549, -7.2047473 ], [ 109.8144838, -7.2048577 ], [ 109.8144436, -7.2049615 ], [ 109.814343, -7.2049841 ], [ 109.8142773, -7.2050027 ], [ 109.8138535, -7.2052688 ], [ 109.8137945, -7.2054391 ], [ 109.8137502, -7.2055708 ], [ 109.8135491, -7.2057372 ], [ 109.8133828, -7.205817 ], [ 109.8133063, -7.20597 ], [ 109.8132728, -7.2060365 ], [ 109.813191, -7.2062853 ], [ 109.8132192, -7.2064091 ], [ 109.8132366, -7.206586 ], [ 109.8131829, -7.2067204 ], [ 109.8130998, -7.2067736 ], [ 109.8130193, -7.2068428 ], [ 109.8130609, -7.2070198 ], [ 109.8131011, -7.207065 ], [ 109.8131239, -7.2071462 ], [ 109.8130971, -7.2071941 ], [ 109.8130783, -7.2074149 ], [ 109.81314, -7.2075533 ], [ 109.8131159, -7.2079205 ], [ 109.8129898, -7.2081946 ], [ 109.8129174, -7.2085219 ], [ 109.8128262, -7.2087454 ], [ 109.8127753, -7.2090435 ], [ 109.8128691, -7.2091712 ], [ 109.813022, -7.2093388 ], [ 109.8130837, -7.2094506 ], [ 109.8131347, -7.2098498 ], [ 109.8131508, -7.2101212 ], [ 109.8130864, -7.2102569 ], [ 109.8129791, -7.2106081 ], [ 109.8129281, -7.2109062 ], [ 109.8128799, -7.2110312 ], [ 109.812794, -7.2110525 ], [ 109.8126411, -7.2111057 ], [ 109.8125607, -7.2111563 ], [ 109.8124534, -7.2112148 ], [ 109.8123354, -7.2112574 ], [ 109.8122442, -7.2113319 ], [ 109.8121557, -7.2113479 ], [ 109.8120671, -7.211473 ], [ 109.8120001, -7.2115475 ], [ 109.811925, -7.2115475 ], [ 109.8118257, -7.2115421 ], [ 109.8116729, -7.2116007 ], [ 109.8115334, -7.2116646 ], [ 109.8114797, -7.2117896 ], [ 109.8113859, -7.2118748 ], [ 109.8112169, -7.2119519 ], [ 109.8110747, -7.2119972 ], [ 109.8109943, -7.2119759 ], [ 109.810828, -7.2119945 ], [ 109.8106831, -7.2120398 ], [ 109.8105893, -7.2119998 ], [ 109.8104498, -7.2119998 ], [ 109.810372, -7.2120025 ], [ 109.8103613, -7.2121382 ], [ 109.8103344, -7.212218 ], [ 109.8102728, -7.2122526 ], [ 109.8099992, -7.2123378 ], [ 109.8097846, -7.2122659 ], [ 109.8096746, -7.2122234 ], [ 109.8094493, -7.212415 ], [ 109.8092964, -7.2125081 ], [ 109.8091838, -7.2125241 ], [ 109.8090363, -7.2124815 ], [ 109.8089397, -7.2123564 ], [ 109.808827, -7.2122074 ], [ 109.8086581, -7.2122074 ], [ 109.808473, -7.2121675 ], [ 109.8083281, -7.2121595 ], [ 109.8081833, -7.212093 ], [ 109.8080733, -7.2120424 ], [ 109.8080492, -7.2119466 ], [ 109.8079929, -7.2118482 ], [ 109.8079124, -7.2118455 ], [ 109.807848, -7.2118881 ], [ 109.8078132, -7.2119599 ], [ 109.8077837, -7.2120318 ], [ 109.8077381, -7.2120504 ], [ 109.8076925, -7.2121222 ], [ 109.8076442, -7.2121648 ], [ 109.8075128, -7.2122979 ], [ 109.8074296, -7.2124096 ], [ 109.8074028, -7.2125028 ], [ 109.807333, -7.212697 ], [ 109.8072445, -7.2127556 ], [ 109.8072204, -7.2128114 ], [ 109.8070648, -7.2128114 ], [ 109.8070407, -7.2127795 ], [ 109.8068663, -7.2127103 ], [ 109.8067671, -7.2127183 ], [ 109.8066786, -7.2128168 ], [ 109.8066625, -7.2129338 ], [ 109.8066732, -7.2130323 ], [ 109.8067403, -7.2131041 ], [ 109.8067564, -7.2131893 ], [ 109.8067886, -7.2133463 ], [ 109.8066464, -7.2135139 ], [ 109.806515, -7.2135938 ], [ 109.8064157, -7.2136816 ], [ 109.8062816, -7.2137614 ], [ 109.8061877, -7.2138333 ], [ 109.8061046, -7.2139344 ], [ 109.8060429, -7.2142537 ], [ 109.8061019, -7.2145411 ], [ 109.8060858, -7.2146768 ], [ 109.8060563, -7.2148125 ], [ 109.8060027, -7.214887 ], [ 109.8059544, -7.2149695 ], [ 109.8059222, -7.2151318 ], [ 109.8058122, -7.2151691 ], [ 109.8057371, -7.2152249 ], [ 109.8057291, -7.2153846 ], [ 109.8057586, -7.2155496 ], [ 109.8058015, -7.2157225 ], [ 109.805772, -7.21597 ], [ 109.8057023, -7.2160445 ], [ 109.8056245, -7.2160791 ], [ 109.8055172, -7.2160765 ], [ 109.805375, -7.2160365 ], [ 109.8052302, -7.2160312 ], [ 109.8051256, -7.2160365 ], [ 109.8050585, -7.2160818 ], [ 109.8049298, -7.2161935 ], [ 109.8047394, -7.2163425 ], [ 109.8046696, -7.2164357 ], [ 109.8046213, -7.2165395 ], [ 109.8044819, -7.2166698 ], [ 109.8044389, -7.2166645 ], [ 109.8043987, -7.216582 ], [ 109.8043451, -7.2165927 ], [ 109.8042163, -7.2168189 ], [ 109.8040903, -7.2170264 ], [ 109.8040742, -7.2171541 ], [ 109.8041144, -7.217234 ], [ 109.8041493, -7.2173457 ], [ 109.8041037, -7.2173963 ], [ 109.8040125, -7.217399 ], [ 109.8039401, -7.2173324 ], [ 109.803881, -7.2172659 ], [ 109.8037469, -7.2171967 ], [ 109.8036236, -7.217053 ], [ 109.8035324, -7.2169253 ], [ 109.8034707, -7.2168135 ], [ 109.8034626, -7.216739 ], [ 109.8033017, -7.2167124 ], [ 109.8031434, -7.2167177 ], [ 109.802961, -7.2167071 ], [ 109.8027626, -7.2167071 ], [ 109.8026526, -7.2166592 ], [ 109.8025775, -7.2165767 ], [ 109.8025051, -7.2165741 ], [ 109.8024273, -7.2166193 ], [ 109.8023388, -7.2167098 ], [ 109.8022154, -7.2168747 ], [ 109.8021671, -7.217069 ], [ 109.8021939, -7.2172473 ], [ 109.8022395, -7.217359 ], [ 109.8023361, -7.2175187 ], [ 109.8023522, -7.2176571 ], [ 109.8022449, -7.2178886 ], [ 109.8021725, -7.2179498 ], [ 109.8020759, -7.217987 ], [ 109.8020384, -7.2181094 ], [ 109.8021349, -7.2181893 ], [ 109.8021939, -7.2182292 ], [ 109.802371, -7.2182451 ], [ 109.8025238, -7.2182425 ], [ 109.8026848, -7.2182425 ], [ 109.8028457, -7.2182398 ], [ 109.8028967, -7.2183037 ], [ 109.8028524, -7.2183822 ], [ 109.8028169, -7.2184387 ], [ 109.802788, -7.2184753 ], [ 109.802782, -7.2185119 ], [ 109.8026982, -7.2185937 ], [ 109.8026097, -7.2186762 ], [ 109.802556, -7.2187108 ], [ 109.8024622, -7.2187214 ], [ 109.8023723, -7.2187454 ], [ 109.8023508, -7.21878 ], [ 109.8023602, -7.2188904 ], [ 109.8023817, -7.2189689 ], [ 109.8023455, -7.2191685 ], [ 109.8022985, -7.2192323 ], [ 109.8021846, -7.2193095 ], [ 109.8021014, -7.2193454 ], [ 109.8020411, -7.2194026 ], [ 109.8019633, -7.2195131 ], [ 109.8019592, -7.2196009 ], [ 109.8019887, -7.2196927 ], [ 109.8020411, -7.2197965 ], [ 109.8020907, -7.2198883 ], [ 109.8021108, -7.2199708 ], [ 109.8020907, -7.2200546 ], [ 109.802029, -7.2200972 ], [ 109.8018895, -7.2201211 ], [ 109.8017259, -7.2201344 ], [ 109.8016159, -7.2201371 ], [ 109.8015113, -7.2201078 ], [ 109.8013946, -7.2201051 ], [ 109.8013236, -7.220165 ], [ 109.8013061, -7.2202515 ], [ 109.8013383, -7.2203473 ], [ 109.8014, -7.2204378 ], [ 109.8014966, -7.2205602 ], [ 109.8015663, -7.2206892 ], [ 109.8015945, -7.2207398 ], [ 109.8015998, -7.2208302 ], [ 109.8015837, -7.2208808 ], [ 109.8015086, -7.2209353 ], [ 109.8013987, -7.2209659 ], [ 109.8012592, -7.2210351 ], [ 109.8010768, -7.2211509 ], [ 109.8010178, -7.2212001 ], [ 109.8009574, -7.2212733 ], [ 109.8009038, -7.2214662 ], [ 109.8009413, -7.22155 ], [ 109.8010312, -7.2215966 ], [ 109.8011371, -7.2216312 ], [ 109.8012029, -7.2216884 ], [ 109.8012163, -7.2217735 ], [ 109.8011291, -7.221872 ], [ 109.8010191, -7.2219226 ], [ 109.800932, -7.2219545 ], [ 109.8008957, -7.2220157 ], [ 109.8009011, -7.2220769 ], [ 109.800936, -7.2221807 ], [ 109.8009185, -7.222323 ], [ 109.800877, -7.2224015 ], [ 109.8007616, -7.2224321 ], [ 109.8006061, -7.2224374 ], [ 109.8003526, -7.222468 ], [ 109.8003097, -7.2225186 ], [ 109.8003311, -7.222645 ], [ 109.8003647, -7.2227315 ], [ 109.8003955, -7.2228938 ], [ 109.8003955, -7.2229936 ], [ 109.8003982, -7.2231027 ], [ 109.800425, -7.2232184 ], [ 109.800484, -7.223253 ], [ 109.8005779, -7.2233089 ], [ 109.8006745, -7.2233914 ], [ 109.8006919, -7.2234912 ], [ 109.8006503, -7.2235936 ], [ 109.8006101, -7.2236628 ], [ 109.8005189, -7.2236894 ], [ 109.8004693, -7.2237546 ], [ 109.8003995, -7.2237919 ], [ 109.8003834, -7.2238837 ], [ 109.8003177, -7.2239781 ], [ 109.8001997, -7.2239941 ], [ 109.8001032, -7.224034 ], [ 109.7999369, -7.2240633 ], [ 109.7998376, -7.2240686 ], [ 109.7997196, -7.2240513 ], [ 109.7996405, -7.224018 ], [ 109.799564, -7.2239289 ], [ 109.7994044, -7.2237759 ], [ 109.7993293, -7.2236761 ], [ 109.7991939, -7.2236828 ], [ 109.7990718, -7.2237772 ], [ 109.7989096, -7.223901 ], [ 109.7987674, -7.2239728 ], [ 109.7986963, -7.2240633 ], [ 109.7986025, -7.2241564 ], [ 109.7983865, -7.2242934 ], [ 109.7982591, -7.2244385 ], [ 109.7982645, -7.224517 ], [ 109.7983664, -7.2246646 ], [ 109.7984657, -7.2247524 ], [ 109.7985421, -7.2249174 ], [ 109.7985059, -7.2250611 ], [ 109.7984415, -7.2251622 ], [ 109.7983208, -7.2251809 ], [ 109.7981773, -7.2251356 ], [ 109.7981183, -7.2250585 ], [ 109.7980472, -7.2249573 ], [ 109.7979802, -7.2248256 ], [ 109.7978769, -7.22467 ], [ 109.7977629, -7.2245542 ], [ 109.7976771, -7.2244265 ], [ 109.7975993, -7.2244172 ], [ 109.797488, -7.2243679 ], [ 109.7973981, -7.2242841 ], [ 109.797264, -7.2242469 ], [ 109.7971567, -7.2242429 ], [ 109.7970428, -7.2241976 ], [ 109.7968148, -7.224054 ], [ 109.7967195, -7.2239888 ], [ 109.7965559, -7.224054 ], [ 109.7964728, -7.2241963 ], [ 109.7964004, -7.224332 ], [ 109.796391, -7.2246207 ], [ 109.7964111, -7.2247485 ], [ 109.7963668, -7.2249853 ], [ 109.7963347, -7.2251103 ], [ 109.7962877, -7.2253378 ], [ 109.7962408, -7.2254523 ], [ 109.7960892, -7.2255707 ], [ 109.7960034, -7.2257197 ], [ 109.7959605, -7.2258847 ], [ 109.7959337, -7.2260363 ], [ 109.7959122, -7.2262519 ], [ 109.795817, -7.2263503 ], [ 109.7957271, -7.2264248 ], [ 109.7955662, -7.2264607 ], [ 109.7954039, -7.2264754 ], [ 109.7952497, -7.2265778 ], [ 109.795188, -7.2267415 ], [ 109.7951263, -7.2269104 ], [ 109.7950566, -7.2269317 ], [ 109.7949761, -7.2268772 ], [ 109.7948728, -7.2269065 ], [ 109.7948192, -7.2269716 ], [ 109.7947803, -7.2270488 ], [ 109.7947387, -7.2270741 ], [ 109.7946569, -7.2270701 ], [ 109.7945108, -7.2270382 ], [ 109.794386, -7.2269849 ], [ 109.7942667, -7.2269291 ], [ 109.7941205, -7.2268333 ], [ 109.7939743, -7.2267628 ], [ 109.7938496, -7.2268452 ], [ 109.7937329, -7.226953 ], [ 109.7936337, -7.2269783 ], [ 109.7935036, -7.2269756 ], [ 109.7933426, -7.2270009 ], [ 109.7932729, -7.2271473 ], [ 109.7932608, -7.2272577 ], [ 109.7932193, -7.227557 ], [ 109.7931415, -7.2278032 ], [ 109.793112, -7.2280001 ], [ 109.7931066, -7.2282183 ], [ 109.7930476, -7.228362 ], [ 109.7929296, -7.2284178 ], [ 109.7927204, -7.2284418 ], [ 109.7925997, -7.2284977 ], [ 109.7924817, -7.2285775 ], [ 109.7922805, -7.2286041 ], [ 109.7920793, -7.2286573 ], [ 109.7919667, -7.2287265 ], [ 109.7919506, -7.2288622 ], [ 109.7919197, -7.2289913 ], [ 109.791909, -7.2291709 ], [ 109.7919425, -7.2293119 ], [ 109.7919559, -7.2294489 ], [ 109.7919238, -7.2295687 ], [ 109.7918688, -7.2296991 ], [ 109.7917816, -7.2297496 ], [ 109.7916703, -7.2297682 ], [ 109.7914611, -7.2298201 ], [ 109.7912934, -7.2299133 ], [ 109.7912586, -7.2300516 ], [ 109.791217, -7.2301887 ], [ 109.7912197, -7.2303856 ], [ 109.7911701, -7.2305332 ], [ 109.7911137, -7.2305998 ], [ 109.7909246, -7.2306796 ], [ 109.7907825, -7.2307674 ], [ 109.7907691, -7.2309058 ], [ 109.7908482, -7.2309776 ], [ 109.790981, -7.2310268 ], [ 109.7911285, -7.2311013 ], [ 109.7912532, -7.2312131 ], [ 109.7913444, -7.2313754 ], [ 109.7914879, -7.2316415 ], [ 109.7915925, -7.2317493 ], [ 109.7917186, -7.2318291 ], [ 109.7918124, -7.2321364 ], [ 109.7918849, -7.232316 ], [ 109.7921585, -7.2325901 ], [ 109.7922403, -7.2327804 ], [ 109.792259, -7.2329679 ], [ 109.7922684, -7.2332859 ], [ 109.7923556, -7.2335666 ], [ 109.7924226, -7.2337901 ], [ 109.7924548, -7.2340935 ], [ 109.7923717, -7.2342185 ], [ 109.7922215, -7.2342505 ], [ 109.792023, -7.2342292 ], [ 109.7918433, -7.2341494 ], [ 109.7917119, -7.2341494 ], [ 109.7916046, -7.2342558 ], [ 109.7914705, -7.2343582 ], [ 109.791445, -7.2345392 ], [ 109.7914946, -7.2346696 ], [ 109.7915938, -7.2347813 ], [ 109.7918004, -7.2349942 ], [ 109.7919492, -7.2351312 ], [ 109.792318, -7.2354585 ], [ 109.7926158, -7.2356501 ], [ 109.7927016, -7.2356634 ], [ 109.7927821, -7.2356288 ], [ 109.7928733, -7.235549 ], [ 109.792951, -7.2354612 ], [ 109.7930557, -7.2354053 ], [ 109.7931281, -7.2354239 ], [ 109.7931576, -7.2354931 ], [ 109.7931066, -7.2356847 ], [ 109.7929725, -7.2361157 ], [ 109.7929189, -7.2363765 ], [ 109.7928303, -7.2365495 ], [ 109.7927365, -7.2367197 ], [ 109.7926104, -7.2369326 ], [ 109.7925353, -7.2370603 ], [ 109.792546, -7.2371348 ], [ 109.7926265, -7.2372519 ], [ 109.7926775, -7.2373903 ], [ 109.7926976, -7.2376218 ], [ 109.7927324, -7.237957 ], [ 109.7927459, -7.2381127 ], [ 109.7927405, -7.2383136 ], [ 109.7927338, -7.238408 ], [ 109.7926748, -7.2384293 ], [ 109.7926238, -7.2384253 ], [ 109.792491, -7.2383841 ], [ 109.7923784, -7.2383522 ], [ 109.792259, -7.2383256 ], [ 109.7920874, -7.2383508 ], [ 109.7919278, -7.2384453 ], [ 109.7917481, -7.238589 ], [ 109.7916743, -7.238754 ], [ 109.7916716, -7.2388657 ], [ 109.7917078, -7.2389974 ], [ 109.7917481, -7.2390826 ], [ 109.7918487, -7.2391571 ], [ 109.7919305, -7.2391584 ], [ 109.7920887, -7.2391371 ], [ 109.79231, -7.2390639 ], [ 109.7926828, -7.2389682 ], [ 109.7928679, -7.2389575 ], [ 109.7930503, -7.2389948 ], [ 109.7931978, -7.2390666 ], [ 109.7933131, -7.2391837 ], [ 109.7934017, -7.2393141 ], [ 109.7933695, -7.2394045 ], [ 109.7932488, -7.2395642 ], [ 109.7930208, -7.2396387 ], [ 109.7927338, -7.2396813 ], [ 109.7924119, -7.2397345 ], [ 109.792251, -7.2398329 ], [ 109.7920606, -7.2399606 ], [ 109.791964, -7.2399979 ], [ 109.7918031, -7.2400032 ], [ 109.7915804, -7.2399633 ], [ 109.7914088, -7.2399473 ], [ 109.7913042, -7.2400085 ], [ 109.791154, -7.2402959 ], [ 109.7911379, -7.2405034 ], [ 109.7911271, -7.240711 ], [ 109.7911862, -7.2408121 ], [ 109.7912773, -7.2408733 ], [ 109.79139, -7.2409052 ], [ 109.7914892, -7.2409451 ], [ 109.7915241, -7.241009 ], [ 109.7914731, -7.2411487 ], [ 109.7914021, -7.2412338 ], [ 109.7912841, -7.2412924 ], [ 109.7911111, -7.2414374 ], [ 109.7910681, -7.2416143 ], [ 109.7910722, -7.2418738 ], [ 109.7911392, -7.2420933 ], [ 109.7913592, -7.2424046 ], [ 109.7913833, -7.242547 ], [ 109.7912948, -7.2426733 ], [ 109.7911097, -7.2429274 ], [ 109.7909997, -7.2430512 ], [ 109.7908656, -7.2430951 ], [ 109.7906323, -7.2431297 ], [ 109.7905464, -7.2431776 ], [ 109.7905008, -7.2436046 ], [ 109.7906551, -7.2437643 ], [ 109.7908187, -7.2438255 ], [ 109.7908214, -7.2439013 ], [ 109.790765, -7.2441275 ], [ 109.790757, -7.2443643 ], [ 109.7907248, -7.2445692 ], [ 109.7906953, -7.2447341 ], [ 109.7907221, -7.2449337 ], [ 109.7909018, -7.2453062 ], [ 109.7909421, -7.2454659 ], [ 109.7909448, -7.2457346 ], [ 109.7909099, -7.245849 ], [ 109.7907945, -7.2459634 ], [ 109.7907194, -7.2460486 ], [ 109.7907114, -7.2462614 ], [ 109.7907275, -7.2463891 ], [ 109.790698, -7.2465714 ], [ 109.79058, -7.2467643 ], [ 109.790462, -7.2468734 ], [ 109.7903144, -7.247073 ], [ 109.7902501, -7.2472379 ], [ 109.7902474, -7.2473843 ], [ 109.7903198, -7.2474747 ], [ 109.7904298, -7.2475439 ], [ 109.7904861, -7.2475705 ], [ 109.7905531, -7.2475838 ], [ 109.7906041, -7.2475971 ], [ 109.7906792, -7.2475599 ], [ 109.7907624, -7.2475519 ], [ 109.790871, -7.2475998 ], [ 109.7909783, -7.2477315 ], [ 109.7910212, -7.2478645 ], [ 109.7910172, -7.2480122 ], [ 109.7909756, -7.2481639 ], [ 109.790922, -7.2482477 ], [ 109.7908817, -7.248281 ], [ 109.7908173, -7.2483062 ], [ 109.7907355, -7.2483116 ], [ 109.7906162, -7.2483515 ], [ 109.7905102, -7.2484286 ], [ 109.7904673, -7.2485164 ], [ 109.7904968, -7.2486162 ], [ 109.7905706, -7.2487266 ], [ 109.7906551, -7.2488171 ], [ 109.7907382, -7.2489049 ], [ 109.7907959, -7.2489847 ], [ 109.7908898, -7.2490725 ], [ 109.7909085, -7.2491803 ], [ 109.7908536, -7.2492801 ], [ 109.7907597, -7.2493546 ], [ 109.7906296, -7.2494131 ], [ 109.7905129, -7.2494557 ], [ 109.7904097, -7.2494903 ], [ 109.7902796, -7.2495448 ], [ 109.7902152, -7.2496273 ], [ 109.7902434, -7.2497537 ], [ 109.790348, -7.2498721 ], [ 109.7905518, -7.2500397 ], [ 109.7906095, -7.250085 ], [ 109.7908401, -7.250202 ], [ 109.79104, -7.2502406 ], [ 109.7911902, -7.2502579 ], [ 109.79128, -7.2503018 ], [ 109.7913471, -7.2503883 ], [ 109.7913592, -7.2505213 ], [ 109.7913364, -7.250669 ], [ 109.7912975, -7.2507874 ], [ 109.7912867, -7.2508433 ], [ 109.7911352, -7.250979 ], [ 109.7910896, -7.2511972 ], [ 109.7911325, -7.2513275 ], [ 109.7913015, -7.251732 ], [ 109.7913417, -7.2518863 ], [ 109.7914222, -7.2521178 ], [ 109.791398, -7.252304 ], [ 109.7913417, -7.2524317 ], [ 109.7913203, -7.2525595 ], [ 109.7912317, -7.2526898 ], [ 109.7911727, -7.2527484 ], [ 109.7911379, -7.2528655 ], [ 109.7910038, -7.2529373 ], [ 109.7908992, -7.2530996 ], [ 109.7907999, -7.2533497 ], [ 109.7908455, -7.2536051 ], [ 109.7908965, -7.2536983 ], [ 109.7908884, -7.2538366 ], [ 109.7907919, -7.2540176 ], [ 109.7906658, -7.2542238 ], [ 109.7904271, -7.2543874 ], [ 109.7903305, -7.2544819 ], [ 109.7902836, -7.2546255 ], [ 109.7903037, -7.2547958 ], [ 109.7902729, -7.2549701 ], [ 109.790187, -7.2551883 ], [ 109.7901267, -7.2552974 ], [ 109.7901548, -7.255473 ], [ 109.7901911, -7.2555714 ], [ 109.7901924, -7.2556912 ], [ 109.790061, -7.255904 ], [ 109.790002, -7.2560277 ], [ 109.7898866, -7.2562206 ], [ 109.789774, -7.2562672 ], [ 109.7895513, -7.2563178 ], [ 109.7894628, -7.2564149 ], [ 109.7893998, -7.2565838 ], [ 109.7893354, -7.2567209 ], [ 109.7891825, -7.256806 ], [ 109.7890015, -7.2568406 ], [ 109.7887842, -7.2568246 ], [ 109.788508, -7.2567262 ], [ 109.7883081, -7.2565905 ], [ 109.7880909, -7.2565399 ], [ 109.7879581, -7.2566051 ], [ 109.7878347, -7.256806 ], [ 109.7877918, -7.2569337 ], [ 109.7878213, -7.2571319 ], [ 109.7879554, -7.2572517 ], [ 109.7881271, -7.2573049 ], [ 109.7882411, -7.257402 ], [ 109.7883256, -7.2575789 ], [ 109.7882827, -7.2577612 ], [ 109.7882076, -7.2580432 ], [ 109.7881781, -7.2582707 ], [ 109.7883095, -7.2585807 ], [ 109.7883832, -7.258735 ], [ 109.7885321, -7.2590636 ], [ 109.7885402, -7.2592485 ], [ 109.7885241, -7.2595159 ], [ 109.7884248, -7.2596995 ], [ 109.7883591, -7.2598299 ], [ 109.7883444, -7.2599829 ], [ 109.7882572, -7.2600893 ], [ 109.7880332, -7.260382 ], [ 109.7879755, -7.2605044 ], [ 109.7879702, -7.2606241 ], [ 109.7880399, -7.2607545 ], [ 109.7880962, -7.2609008 ], [ 109.7881097, -7.2610818 ], [ 109.7880426, -7.2612068 ], [ 109.787946, -7.2612999 ], [ 109.7876886, -7.2614543 ], [ 109.7875947, -7.2615155 ], [ 109.7875035, -7.2617017 ], [ 109.7873586, -7.2619492 ], [ 109.7872862, -7.2621248 ], [ 109.7871307, -7.2623509 ], [ 109.7870368, -7.2625026 ], [ 109.7868866, -7.2626196 ], [ 109.7867444, -7.2626276 ], [ 109.7866049, -7.2626117 ], [ 109.7864923, -7.2625531 ], [ 109.7864145, -7.262452 ], [ 109.7862777, -7.2621806 ], [ 109.7861785, -7.262029 ], [ 109.7860792, -7.2619119 ], [ 109.7859263, -7.2617948 ], [ 109.7857574, -7.2615474 ], [ 109.7856581, -7.2614303 ], [ 109.7855026, -7.2613691 ], [ 109.7852397, -7.2613532 ], [ 109.7851297, -7.2614622 ], [ 109.7850063, -7.2616911 ], [ 109.785009, -7.2618693 ], [ 109.785127, -7.2622418 ], [ 109.7851807, -7.2625159 ], [ 109.7851512, -7.2627686 ], [ 109.7850841, -7.2628937 ], [ 109.7848669, -7.262915 ], [ 109.784659, -7.2629469 ], [ 109.7843277, -7.2630533 ], [ 109.7840944, -7.2632276 ], [ 109.784022, -7.2633793 ], [ 109.7839858, -7.2635416 ], [ 109.7840153, -7.2636879 ], [ 109.7842459, -7.2638808 ], [ 109.7843881, -7.2639779 ], [ 109.7846751, -7.2640484 ], [ 109.7848521, -7.2640258 ], [ 109.7850627, -7.2640218 ], [ 109.7852048, -7.2641016 ], [ 109.7853014, -7.2642826 ], [ 109.7853523, -7.2644768 ], [ 109.785347, -7.2646684 ], [ 109.7852021, -7.2650595 ], [ 109.7851485, -7.2653256 ], [ 109.7850627, -7.2654932 ], [ 109.7849688, -7.265722 ], [ 109.78484, -7.2658045 ], [ 109.7847408, -7.2658258 ], [ 109.7846335, -7.2658311 ], [ 109.784486, -7.2658258 ], [ 109.7843894, -7.2658071 ], [ 109.7842473, -7.2657752 ], [ 109.7841266, -7.2657566 ], [ 109.7838986, -7.2658391 ], [ 109.7837833, -7.2659349 ], [ 109.7836465, -7.2660626 ], [ 109.7835258, -7.2660998 ], [ 109.7833648, -7.2661025 ], [ 109.7832361, -7.2661291 ], [ 109.7832227, -7.2662142 ], [ 109.7832468, -7.2663393 ], [ 109.7833917, -7.2665468 ], [ 109.7835284, -7.2667251 ], [ 109.7836357, -7.2668661 ], [ 109.7837538, -7.2670869 ], [ 109.7838423, -7.2672998 ], [ 109.7838932, -7.2675153 ], [ 109.7838503, -7.2677601 ], [ 109.7837135, -7.2679037 ], [ 109.7835231, -7.2680394 ], [ 109.7833219, -7.2681964 ], [ 109.7832629, -7.2682869 ], [ 109.7832227, -7.2684066 ], [ 109.78322, -7.2685024 ], [ 109.7832575, -7.2686407 ], [ 109.7833031, -7.2687232 ], [ 109.7833246, -7.2688536 ], [ 109.7832549, -7.2689946 ], [ 109.7831073, -7.2691569 ], [ 109.7830027, -7.2692846 ], [ 109.7828364, -7.2694416 ], [ 109.7826889, -7.2696332 ], [ 109.7826809, -7.2698194 ], [ 109.7827774, -7.2700376 ], [ 109.7828928, -7.270277 ], [ 109.782941, -7.2704393 ], [ 109.7829491, -7.2706229 ], [ 109.7828472, -7.270756 ], [ 109.782705, -7.2708544 ], [ 109.7824931, -7.2708704 ], [ 109.7823027, -7.2708145 ], [ 109.7821417, -7.27074 ], [ 109.7819003, -7.2706522 ], [ 109.7817662, -7.2706176 ], [ 109.7815436, -7.2706921 ], [ 109.7813612, -7.2708039 ], [ 109.7811225, -7.271022 ], [ 109.7811091, -7.2712908 ], [ 109.7812378, -7.2713839 ], [ 109.7813559, -7.2714424 ], [ 109.7814283, -7.2715196 ], [ 109.7815114, -7.271759 ], [ 109.7815624, -7.2722113 ], [ 109.7815061, -7.2724987 ], [ 109.7814766, -7.2726876 ], [ 109.7814444, -7.2729483 ], [ 109.7813183, -7.2733155 ], [ 109.7811627, -7.273531 ], [ 109.7809884, -7.2736986 ], [ 109.7806987, -7.273829 ], [ 109.7805244, -7.2738317 ], [ 109.7803259, -7.2738157 ], [ 109.7801515, -7.2737784 ], [ 109.7799289, -7.273696 ], [ 109.7797465, -7.2736294 ], [ 109.7793522, -7.273672 ], [ 109.7791967, -7.2737784 ], [ 109.7790411, -7.2739248 ], [ 109.7787622, -7.2742254 ] ] } },
{ "type": "Feature", "properties": { "waterway": "stream", "name": null }, "geometry": { "type": "LineString", "coordinates": [ [ 109.8260897, -7.1904586 ], [ 109.8257679, -7.1907567 ], [ 109.8255694, -7.190927 ], [ 109.8254085, -7.1911292 ], [ 109.8252797, -7.1912836 ], [ 109.8251617, -7.1915816 ], [ 109.8251308, -7.1917719 ], [ 109.8249377, -7.1919116 ], [ 109.8246923, -7.1923028 ], [ 109.8246977, -7.1926753 ], [ 109.8248398, -7.1930798 ], [ 109.8249578, -7.1932687 ] ] } },
{ "type": "Feature", "properties": { "waterway": "stream", "name": null }, "geometry": { "type": "LineString", "coordinates": [ [ 109.8309177, -7.1904906 ], [ 109.8306602, -7.1909855 ], [ 109.8300648, -7.1913847 ], [ 109.8298073, -7.191571 ], [ 109.8296249, -7.1919009 ], [ 109.8293996, -7.1920713 ], [ 109.8289919, -7.1920766 ], [ 109.8286754, -7.1924491 ], [ 109.8285037, -7.1925769 ], [ 109.8282462, -7.1925449 ], [ 109.8281068, -7.1924704 ], [ 109.8279297, -7.1923587 ], [ 109.8277205, -7.1922629 ], [ 109.8274738, -7.1923267 ], [ 109.8274469, -7.1926088 ], [ 109.8272592, -7.192678 ], [ 109.8270607, -7.1927898 ], [ 109.8269641, -7.1927685 ], [ 109.8267227, -7.1926407 ], [ 109.8264492, -7.1926141 ], [ 109.8259771, -7.1926886 ], [ 109.8254406, -7.1929813 ], [ 109.8249578, -7.1932687 ], [ 109.8246252, -7.19362 ], [ 109.8245019, -7.1938648 ], [ 109.8244858, -7.1941097 ], [ 109.8245072, -7.194562 ], [ 109.8241746, -7.1951475 ], [ 109.823783, -7.1955999 ], [ 109.8236006, -7.1959511 ], [ 109.8236167, -7.1960842 ], [ 109.8238474, -7.1965126 ], [ 109.8242283, -7.1969517 ], [ 109.8242911, -7.1972509 ], [ 109.8242444, -7.1974972 ], [ 109.8242041, -7.1976728 ], [ 109.8242229, -7.1978112 ], [ 109.824239, -7.197899 ], [ 109.824172, -7.1979709 ], [ 109.8241666, -7.1981013 ], [ 109.824239, -7.1982157 ], [ 109.8243007, -7.1983035 ], [ 109.8243114, -7.198394 ], [ 109.8243168, -7.1985244 ], [ 109.8243329, -7.1986601 ], [ 109.8243597, -7.1987745 ], [ 109.8244509, -7.1989023 ], [ 109.8246279, -7.1991976 ], [ 109.824695, -7.1993227 ], [ 109.8247567, -7.1995436 ], [ 109.8248586, -7.1998283 ], [ 109.8248908, -7.1999101 ], [ 109.8249082, -7.1999387 ], [ 109.8249418, -7.1999733 ], [ 109.824976, -7.2000232 ], [ 109.8250249, -7.2000479 ], [ 109.8250906, -7.2001543 ], [ 109.8251067, -7.2002275 ], [ 109.8251335, -7.2002727 ], [ 109.8251644, -7.2004191 ], [ 109.8252073, -7.2005375 ], [ 109.8252636, -7.2006093 ], [ 109.8253079, -7.2006785 ], [ 109.825336, -7.2007464 ], [ 109.8253669, -7.2008462 ], [ 109.8254098, -7.2009739 ], [ 109.8254608, -7.2010923 ], [ 109.8254889, -7.2011868 ], [ 109.8255587, -7.2012626 ], [ 109.8256646, -7.2013065 ], [ 109.8258255, -7.2013158 ], [ 109.8259281, -7.2013345 ], [ 109.825961, -7.2013697 ], [ 109.8260441, -7.2015926 ], [ 109.826071, -7.2016884 ], [ 109.826134, -7.2018095 ], [ 109.8261756, -7.2018926 ], [ 109.8261984, -7.2019944 ], [ 109.8262188, -7.2020317 ], [ 109.8262684, -7.2020782 ], [ 109.8263767, -7.2022871 ], [ 109.826425, -7.2023869 ], [ 109.8264867, -7.2025319 ], [ 109.8265243, -7.2026344 ], [ 109.8265792, -7.2027475 ], [ 109.826602, -7.2028233 ], [ 109.8266101, -7.2029045 ], [ 109.8266067, -7.2030229 ], [ 109.826595, -7.2030997 ], [ 109.8265585, -7.203147 ], [ 109.8265477, -7.2031849 ], [ 109.8265343, -7.2032697 ], [ 109.8265497, -7.2033502 ], [ 109.8265082, -7.2034646 ], [ 109.8264505, -7.2034673 ], [ 109.8263915, -7.2034859 ], [ 109.8263472, -7.2034952 ], [ 109.8262681, -7.2034952 ], [ 109.8262145, -7.2034859 ], [ 109.8261179, -7.2034673 ], [ 109.8260401, -7.2034593 ], [ 109.8259248, -7.2034979 ], [ 109.8258966, -7.203615 ], [ 109.8258765, -7.2037627 ], [ 109.8258886, -7.2039237 ], [ 109.8259073, -7.2041179 ], [ 109.8259137, -7.2041838 ], [ 109.8259251, -7.2042174 ], [ 109.8259982, -7.2043175 ], [ 109.8259234, -7.2043454 ], [ 109.8258158, -7.2043747 ], [ 109.8257451, -7.2043977 ], [ 109.8256619, -7.2044216 ], [ 109.8255674, -7.2044515 ], [ 109.825497, -7.2044745 ], [ 109.8254132, -7.2044971 ], [ 109.8253163, -7.2045304 ], [ 109.8252036, -7.2045463 ], [ 109.8250487, -7.204556 ], [ 109.8250316, -7.2045294 ], [ 109.8249756, -7.2045297 ], [ 109.8249042, -7.2045404 ] ] } },
{ "type": "Feature", "properties": { "waterway": "stream", "name": null }, "geometry": { "type": "LineString", "coordinates": [ [ 109.8327363, -7.1952247 ], [ 109.8328114, -7.1956744 ], [ 109.8328757, -7.1963663 ], [ 109.8329347, -7.1969836 ], [ 109.8329857, -7.1973535 ], [ 109.8329991, -7.1975611 ], [ 109.8327872, -7.1981811 ], [ 109.8326987, -7.1984046 ], [ 109.8327228, -7.1985324 ], [ 109.8327979, -7.198708 ], [ 109.8328033, -7.1987772 ], [ 109.832688, -7.1990193 ], [ 109.8327014, -7.19936 ], [ 109.8326692, -7.1994957 ], [ 109.8327792, -7.1995835 ], [ 109.8327738, -7.19965 ], [ 109.8325619, -7.199839 ], [ 109.832468, -7.1999667 ], [ 109.8324332, -7.2002993 ], [ 109.8322749, -7.2007703 ], [ 109.8321354, -7.2010524 ], [ 109.8320389, -7.2011296 ], [ 109.8319021, -7.2011242 ], [ 109.8314971, -7.2010072 ], [ 109.8312181, -7.2008954 ], [ 109.8309258, -7.2008901 ], [ 109.8307165, -7.2008688 ], [ 109.8305932, -7.2008768 ], [ 109.8302793, -7.2008369 ], [ 109.8300916, -7.2007996 ], [ 109.8298395, -7.2008448 ], [ 109.8298421, -7.2010604 ], [ 109.8298153, -7.20122 ], [ 109.8298234, -7.2013504 ], [ 109.8298073, -7.2014848 ] ] } },
{ "type": "Feature", "properties": { "waterway": "stream", "name": null }, "geometry": { "type": "LineString", "coordinates": [ [ 109.8294425, -7.1958394 ], [ 109.8293889, -7.1965259 ], [ 109.8292172, -7.1969198 ], [ 109.8291314, -7.1972338 ], [ 109.8289436, -7.1978139 ], [ 109.8287719, -7.198245 ], [ 109.828721, -7.1983993 ], [ 109.8286968, -7.1986654 ], [ 109.828729, -7.1990912 ], [ 109.8287022, -7.1995276 ], [ 109.8286056, -7.2000172 ], [ 109.8285681, -7.2003259 ], [ 109.8285305, -7.2005282 ], [ 109.828556, -7.2006865 ], [ 109.8286794, -7.2008169 ], [ 109.8289838, -7.2008661 ], [ 109.8292561, -7.2010378 ], [ 109.8294505, -7.2011974 ], [ 109.8295203, -7.2012187 ], [ 109.8296142, -7.2013544 ], [ 109.8297308, -7.2014582 ], [ 109.8298073, -7.2014848 ] ] } },
{ "type": "Feature", "properties": { "waterway": "stream", "name": null }, "geometry": { "type": "LineString", "coordinates": [ [ 109.8336858, -7.1927844 ], [ 109.8339754, -7.1930505 ], [ 109.8342383, -7.1932714 ], [ 109.8345172, -7.1936546 ], [ 109.8347747, -7.1938356 ], [ 109.8349759, -7.1939314 ], [ 109.8352066, -7.1941762 ], [ 109.8355553, -7.1944024 ], [ 109.8357913, -7.1946552 ], [ 109.8358959, -7.1947683 ] ] } },
{ "type": "Feature", "properties": { "waterway": "stream", "name": null }, "geometry": { "type": "LineString", "coordinates": [ [ 109.8353755, -7.1919861 ], [ 109.8357993, -7.1924864 ], [ 109.8361212, -7.1928802 ], [ 109.8363358, -7.1930878 ], [ 109.8365289, -7.19329 ], [ 109.8367247, -7.1935056 ], [ 109.8369312, -7.1936174 ], [ 109.837068, -7.1938435 ], [ 109.8372048, -7.1940085 ] ] } },
{ "type": "Feature", "properties": { "waterway": "stream", "name": null }, "geometry": { "type": "LineString", "coordinates": [ [ 109.836604, -7.1889897 ], [ 109.8371297, -7.189144 ], [ 109.8373389, -7.1893037 ], [ 109.8374408, -7.1895059 ], [ 109.837532, -7.1897614 ], [ 109.837473, -7.1900754 ], [ 109.8373765, -7.1902511 ], [ 109.8373336, -7.1903948 ], [ 109.8372316, -7.1906662 ], [ 109.8371608, -7.1908329 ] ] } },
{ "type": "Feature", "properties": { "waterway": "stream", "name": null }, "geometry": { "type": "LineString", "coordinates": [ [ 109.8385848, -7.1934816 ], [ 109.8386049, -7.1937451 ], [ 109.8385459, -7.1940099 ], [ 109.8384909, -7.1940777 ], [ 109.838389, -7.1943026 ], [ 109.8383072, -7.1943864 ] ] } },
{ "type": "Feature", "properties": { "waterway": "stream", "name": null }, "geometry": { "type": "LineString", "coordinates": [ [ 109.8359442, -7.1899211 ], [ 109.8363438, -7.190134 ], [ 109.836486, -7.190299 ], [ 109.8366442, -7.1904653 ], [ 109.8368508, -7.190601 ], [ 109.8370935, -7.1907207 ], [ 109.8371608, -7.1908329 ], [ 109.8372531, -7.1909869 ], [ 109.8373134, -7.1911465 ], [ 109.8374905, -7.1914193 ], [ 109.837839, -7.1918454 ], [ 109.8381892, -7.1920952 ], [ 109.8383045, -7.1922735 ], [ 109.8383474, -7.1925875 ], [ 109.8384346, -7.1929707 ], [ 109.8384789, -7.1931916 ], [ 109.8385765, -7.1934103 ], [ 109.8385848, -7.1934816 ] ] } },
{ "type": "Feature", "properties": { "waterway": "stream", "name": null }, "geometry": { "type": "LineString", "coordinates": [ [ 109.8392272, -7.1894181 ], [ 109.8393345, -7.1896922 ], [ 109.8393881, -7.1899131 ], [ 109.8394847, -7.1903176 ], [ 109.8395839, -7.1905331 ], [ 109.8396644, -7.190605 ], [ 109.839879, -7.1908285 ], [ 109.8400024, -7.1909642 ], [ 109.8401794, -7.1911931 ], [ 109.8404181, -7.1915044 ], [ 109.8406032, -7.19172 ], [ 109.8407856, -7.191869 ], [ 109.8408486, -7.1919249 ], [ 109.8408908, -7.1920826 ], [ 109.8409237, -7.1922449 ], [ 109.8409358, -7.1923507 ] ] } },
{ "type": "Feature", "properties": { "waterway": "stream", "name": null }, "geometry": { "type": "LineString", "coordinates": [ [ 109.8373711, -7.1963104 ], [ 109.8373175, -7.1964807 ], [ 109.8373322, -7.1966869 ], [ 109.8373537, -7.1967668 ], [ 109.8373577, -7.1968373 ] ] } },
{ "type": "Feature", "properties": { "waterway": "stream", "name": null }, "geometry": { "type": "LineString", "coordinates": [ [ 109.8358959, -7.1947683 ], [ 109.8360515, -7.194884 ], [ 109.8361976, -7.1950517 ], [ 109.836309, -7.1952805 ], [ 109.8363894, -7.195516 ], [ 109.8365021, -7.1958207 ], [ 109.8365772, -7.1960895 ], [ 109.8367354, -7.1964115 ], [ 109.8368427, -7.1965579 ], [ 109.8370036, -7.1966643 ], [ 109.8371257, -7.1967548 ], [ 109.8371726, -7.1967548 ], [ 109.8372236, -7.1967628 ], [ 109.8373577, -7.1968373 ], [ 109.8374046, -7.1969078 ], [ 109.8374395, -7.1969637 ], [ 109.8375602, -7.1970169 ] ] } },
{ "type": "Feature", "properties": { "waterway": "stream", "name": null }, "geometry": { "type": "LineString", "coordinates": [ [ 109.8372048, -7.1940085 ], [ 109.8372611, -7.1942281 ], [ 109.8372826, -7.1943385 ], [ 109.8373577, -7.1944529 ], [ 109.8374623, -7.194594 ], [ 109.8374489, -7.1946618 ], [ 109.8373845, -7.194743 ], [ 109.8373966, -7.194924 ], [ 109.837406, -7.1950304 ], [ 109.8374033, -7.1951355 ], [ 109.8374261, -7.1951754 ], [ 109.8375347, -7.1953085 ], [ 109.8376045, -7.1954642 ], [ 109.8376125, -7.1956238 ], [ 109.8375736, -7.1958061 ], [ 109.8376085, -7.1959179 ], [ 109.8376581, -7.196007 ], [ 109.8376447, -7.1960762 ], [ 109.8375884, -7.196192 ], [ 109.8375294, -7.1964634 ], [ 109.8375334, -7.1965565 ], [ 109.8374878, -7.1967415 ], [ 109.8374891, -7.1968013 ], [ 109.8375441, -7.1968572 ], [ 109.8375763, -7.196953 ], [ 109.8375602, -7.1970169 ] ] } },
{ "type": "Feature", "properties": { "waterway": "stream", "name": null }, "geometry": { "type": "LineString", "coordinates": [ [ 109.8383072, -7.1943864 ], [ 109.8383045, -7.194602 ], [ 109.838334, -7.194751 ], [ 109.838334, -7.1948681 ], [ 109.8382831, -7.1949852 ], [ 109.8381999, -7.1952034 ], [ 109.8381972, -7.195387 ], [ 109.8382857, -7.1954987 ], [ 109.8382965, -7.19556 ], [ 109.8383233, -7.1956797 ], [ 109.8382965, -7.1957728 ], [ 109.8383045, -7.195842 ], [ 109.838334, -7.1959086 ], [ 109.8383729, -7.1960762 ], [ 109.8384199, -7.1962572 ], [ 109.8384386, -7.1963583 ], [ 109.8384534, -7.1964541 ] ] } },
{ "type": "Feature", "properties": { "waterway": "stream", "name": null }, "geometry": { "type": "LineString", "coordinates": [ [ 109.8409358, -7.1923507 ], [ 109.8410431, -7.1925476 ], [ 109.8410618, -7.1927285 ], [ 109.8410591, -7.1928909 ], [ 109.8410618, -7.1930665 ], [ 109.8410565, -7.1932368 ], [ 109.8410377, -7.1933406 ], [ 109.8410565, -7.1935668 ], [ 109.8410752, -7.1937557 ], [ 109.8410645, -7.1938622 ], [ 109.8409867, -7.1939952 ], [ 109.8409599, -7.1941762 ], [ 109.840984, -7.1942986 ], [ 109.8409921, -7.1944423 ], [ 109.840917, -7.1945088 ], [ 109.8408124, -7.1946073 ], [ 109.8407829, -7.1946951 ], [ 109.8407131, -7.1947749 ], [ 109.8405924, -7.1947749 ], [ 109.8404556, -7.1947403 ], [ 109.8403215, -7.1946871 ], [ 109.8402491, -7.1946765 ], [ 109.8400694, -7.1949346 ], [ 109.8399353, -7.1951182 ], [ 109.8398307, -7.1951847 ], [ 109.839761, -7.1952513 ], [ 109.8396859, -7.195363 ], [ 109.8395517, -7.1956983 ], [ 109.8394471, -7.196007 ], [ 109.8393854, -7.1961427 ], [ 109.8392728, -7.1962864 ], [ 109.8391896, -7.1963237 ], [ 109.8390877, -7.1962811 ], [ 109.8389751, -7.1962758 ], [ 109.8388302, -7.1963237 ], [ 109.8387136, -7.1963663 ], [ 109.8386391, -7.1963563 ], [ 109.8385781, -7.1963995 ], [ 109.8385352, -7.1964288 ], [ 109.8384534, -7.1964541 ], [ 109.8383823, -7.196478 ], [ 109.8383689, -7.1965765 ], [ 109.8383608, -7.1966576 ], [ 109.8383461, -7.1967162 ], [ 109.8382804, -7.1967694 ], [ 109.8381999, -7.1968399 ], [ 109.8381711, -7.1968659 ], [ 109.8381476, -7.1969464 ], [ 109.8381288, -7.1969969 ], [ 109.8381302, -7.1970462 ], [ 109.8381557, -7.1971007 ], [ 109.8381409, -7.197134 ], [ 109.8380819, -7.1971832 ], [ 109.8380497, -7.1972763 ], [ 109.8380765, -7.1974347 ], [ 109.8380537, -7.1975119 ], [ 109.8380403, -7.1976037 ], [ 109.8380229, -7.1977607 ], [ 109.8380162, -7.197903 ], [ 109.8380202, -7.1979948 ], [ 109.8379236, -7.1980534 ], [ 109.8378593, -7.1981705 ], [ 109.837862, -7.1982689 ], [ 109.8378097, -7.1983541 ] ] } },
{ "type": "Feature", "properties": { "waterway": "stream", "name": null }, "geometry": { "type": "LineString", "coordinates": [ [ 109.8375602, -7.1970169 ], [ 109.8375629, -7.1970927 ], [ 109.8375508, -7.1972364 ], [ 109.8375776, -7.1973868 ], [ 109.8376366, -7.197448 ], [ 109.8376729, -7.1975637 ], [ 109.8376568, -7.1976635 ], [ 109.8376165, -7.1978126 ], [ 109.8375736, -7.1979283 ], [ 109.8374905, -7.1980214 ], [ 109.8374033, -7.19808 ], [ 109.8373952, -7.1981026 ], [ 109.8375991, -7.1982343 ], [ 109.8377345, -7.1983248 ], [ 109.8378097, -7.1983541 ], [ 109.8377225, -7.1984632 ], [ 109.8376715, -7.1985244 ], [ 109.8375669, -7.1985244 ], [ 109.8374838, -7.1985909 ], [ 109.8374301, -7.1986548 ], [ 109.8373738, -7.198724 ], [ 109.8373416, -7.1987958 ], [ 109.8373523, -7.1989023 ], [ 109.8373148, -7.1989874 ], [ 109.8372343, -7.1990885 ], [ 109.8372504, -7.1991604 ], [ 109.8372102, -7.19932 ], [ 109.8371887, -7.1993839 ], [ 109.837178, -7.199501 ], [ 109.837127, -7.1996234 ], [ 109.8370519, -7.1996899 ], [ 109.8369849, -7.1997911 ], [ 109.8370546, -7.1999321 ], [ 109.8371592, -7.2000439 ], [ 109.8372504, -7.2001955 ], [ 109.8372719, -7.2003419 ], [ 109.8372826, -7.2004297 ], [ 109.8372611, -7.2005574 ], [ 109.8372558, -7.2006506 ], [ 109.837347, -7.2007331 ], [ 109.8373523, -7.2008741 ], [ 109.837347, -7.2011588 ], [ 109.8373631, -7.2012041 ], [ 109.8373792, -7.2014675 ], [ 109.8374113, -7.2016777 ], [ 109.8373684, -7.2017948 ], [ 109.8373872, -7.2019305 ], [ 109.8374113, -7.2019917 ], [ 109.837414, -7.2021354 ], [ 109.8373389, -7.2023377 ], [ 109.8373362, -7.2024574 ], [ 109.8373604, -7.2025825 ], [ 109.8373952, -7.2027661 ], [ 109.8374033, -7.2028726 ], [ 109.8374301, -7.2029976 ], [ 109.8375159, -7.2032158 ], [ 109.837642, -7.2033808 ], [ 109.8377359, -7.2034261 ], [ 109.8378244, -7.2035218 ], [ 109.8379156, -7.2036443 ], [ 109.8379934, -7.2037826 ], [ 109.8380846, -7.2038598 ], [ 109.8383287, -7.2039316 ], [ 109.8385057, -7.2039929 ], [ 109.83879, -7.2040274 ], [ 109.8391011, -7.204062 ], [ 109.839254, -7.2041525 ], [ 109.8393452, -7.204251 ], [ 109.8395249, -7.2045889 ], [ 109.8396376, -7.204698 ], [ 109.8396456, -7.2049269 ], [ 109.8396564, -7.2052143 ], [ 109.8396832, -7.2053952 ], [ 109.8396724, -7.2055708 ], [ 109.8396268, -7.2056507 ], [ 109.8395464, -7.2056906 ], [ 109.8394445, -7.2057704 ], [ 109.8393023, -7.2059221 ], [ 109.8392862, -7.2060073 ], [ 109.8393184, -7.2060977 ], [ 109.8393345, -7.2061988 ], [ 109.8393318, -7.2063399 ], [ 109.8392647, -7.2063771 ], [ 109.8391494, -7.206441 ], [ 109.8390958, -7.2065022 ], [ 109.8391253, -7.2066778 ], [ 109.8392138, -7.2068348 ], [ 109.8392218, -7.206896 ], [ 109.8391923, -7.2069945 ], [ 109.8391172, -7.2070823 ], [ 109.8390904, -7.2071701 ], [ 109.838967, -7.2074974 ], [ 109.8389214, -7.2076411 ], [ 109.8388651, -7.2078194 ], [ 109.8388141, -7.2079312 ], [ 109.8386908, -7.2079817 ], [ 109.8386613, -7.2080562 ], [ 109.8385808, -7.2081866 ], [ 109.8385861, -7.2082957 ], [ 109.8385861, -7.2084048 ], [ 109.838495, -7.208458 ], [ 109.8384333, -7.2085405 ], [ 109.8383877, -7.208615 ], [ 109.8383179, -7.2086656 ], [ 109.8382428, -7.2086975 ], [ 109.838216, -7.2087747 ], [ 109.8382857, -7.2088838 ], [ 109.8383394, -7.2089663 ], [ 109.8383394, -7.209118 ], [ 109.8382938, -7.2092271 ], [ 109.8383233, -7.2093255 ], [ 109.8384011, -7.2093947 ], [ 109.8384011, -7.2094666 ], [ 109.8383045, -7.2095331 ], [ 109.8382053, -7.209557 ], [ 109.8381194, -7.2095757 ], [ 109.8380973, -7.2096555 ], [ 109.838106, -7.2097792 ], [ 109.8380698, -7.2099229 ], [ 109.838043, -7.2101318 ], [ 109.8380162, -7.2102875 ], [ 109.8379169, -7.2104072 ], [ 109.8378915, -7.2105895 ], [ 109.8378848, -7.2107212 ], [ 109.8378512, -7.2107798 ], [ 109.8378204, -7.2109155 ], [ 109.837811, -7.2111244 ], [ 109.8377922, -7.2112415 ], [ 109.8377413, -7.2113878 ], [ 109.8376267, -7.2115254 ], [ 109.837532, -7.2116512 ], [ 109.8374784, -7.2117497 ], [ 109.8374999, -7.2118774 ], [ 109.8374784, -7.2120131 ], [ 109.8373926, -7.2121329 ], [ 109.8373094, -7.2122553 ], [ 109.8372155, -7.2124522 ], [ 109.8372424, -7.212564 ], [ 109.8373094, -7.2127289 ], [ 109.8373604, -7.2128939 ], [ 109.8373534, -7.2131245 ], [ 109.8373792, -7.2133543 ], [ 109.8374274, -7.2134554 ], [ 109.8375964, -7.2136124 ], [ 109.8376125, -7.2136975 ], [ 109.8377386, -7.2139104 ], [ 109.8377976, -7.2140036 ], [ 109.8378807, -7.2140621 ], [ 109.8378217, -7.2141606 ], [ 109.8378673, -7.2143681 ], [ 109.8378566, -7.2145331 ], [ 109.8378083, -7.2146289 ], [ 109.8377734, -7.2146848 ], [ 109.8377171, -7.2147007 ], [ 109.8375776, -7.214754 ], [ 109.8375106, -7.2148178 ], [ 109.8375079, -7.2149216 ], [ 109.8375025, -7.2150147 ], [ 109.8374489, -7.2150919 ], [ 109.8374006, -7.2150759 ], [ 109.8372665, -7.2149855 ] ] } },
{ "type": "Feature", "properties": { "waterway": "stream", "name": null }, "geometry": { "type": "LineString", "coordinates": [ [ 109.8474455, -7.1822011 ], [ 109.8472443, -7.1817939 ], [ 109.84707, -7.1815305 ], [ 109.8469332, -7.1812591 ], [ 109.8467696, -7.1811606 ], [ 109.846622, -7.181118 ], [ 109.8463941, -7.1810222 ], [ 109.8462734, -7.1809876 ], [ 109.846158, -7.1809929 ], [ 109.8460212, -7.1809716 ], [ 109.845867, -7.1809504 ], [ 109.8456189, -7.1809025 ], [ 109.8455022, -7.1807268 ], [ 109.8454325, -7.180619 ], [ 109.845293, -7.1803662 ], [ 109.8452286, -7.1803064 ], [ 109.8451146, -7.1802824 ], [ 109.8449926, -7.1801999 ], [ 109.8448773, -7.1800775 ], [ 109.8447539, -7.1799897 ], [ 109.8446332, -7.1798327 ], [ 109.844546, -7.1797914 ], [ 109.8443784, -7.1797608 ], [ 109.8442537, -7.1797701 ], [ 109.8441008, -7.1798407 ], [ 109.8439184, -7.1800589 ], [ 109.8438594, -7.1801573 ], [ 109.8438084, -7.1802345 ], [ 109.8436046, -7.1802904 ], [ 109.8435241, -7.1802984 ], [ 109.843331, -7.1802372 ], [ 109.8431191, -7.180176 ], [ 109.8429528, -7.1802106 ], [ 109.8427355, -7.1802877 ], [ 109.8424673, -7.1803649 ], [ 109.8422983, -7.1804128 ], [ 109.8420086, -7.1803835 ], [ 109.8418692, -7.1802664 ], [ 109.8417646, -7.1801893 ], [ 109.8416358, -7.1801014 ], [ 109.8415446, -7.180168 ], [ 109.8414481, -7.1801573 ], [ 109.841322, -7.1801201 ], [ 109.8411986, -7.1801014 ], [ 109.8411606, -7.1800879 ], [ 109.8410645, -7.1800535 ] ] } },
{ "type": "Feature", "properties": { "waterway": "stream", "name": null }, "geometry": { "type": "LineString", "coordinates": [ [ 109.8429313, -7.1857671 ], [ 109.8429032, -7.1856859 ], [ 109.842824, -7.1855981 ], [ 109.8427731, -7.1855049 ], [ 109.8427744, -7.1853985 ], [ 109.8428079, -7.1852841 ], [ 109.8428093, -7.1851404 ], [ 109.842816, -7.1850166 ], [ 109.8428562, -7.1848809 ], [ 109.8427972, -7.184672 ], [ 109.8426819, -7.1843673 ], [ 109.8424901, -7.1840972 ], [ 109.8422138, -7.1839069 ], [ 109.8420703, -7.1838404 ], [ 109.8417793, -7.1836594 ], [ 109.8417217, -7.1835343 ], [ 109.8416291, -7.1833427 ], [ 109.8415057, -7.1831006 ], [ 109.8414226, -7.1829795 ], [ 109.8413756, -7.1827573 ], [ 109.8413515, -7.1826415 ], [ 109.8413274, -7.1825697 ], [ 109.8413099, -7.1824047 ], [ 109.8412281, -7.182265 ], [ 109.8410444, -7.1820627 ], [ 109.8410001, -7.1819722 ], [ 109.8409666, -7.1818365 ], [ 109.8409827, -7.1815039 ], [ 109.8409908, -7.1813309 ], [ 109.8410256, -7.1812138 ], [ 109.8410484, -7.181134 ], [ 109.8409706, -7.180985 ], [ 109.8408714, -7.1808758 ], [ 109.8408446, -7.1806789 ], [ 109.8408741, -7.1805725 ], [ 109.8408687, -7.1804713 ], [ 109.8409197, -7.1802824 ], [ 109.8409733, -7.1802265 ], [ 109.8410028, -7.1801706 ], [ 109.8410645, -7.1800535 ] ] } },
{ "type": "Feature", "properties": { "waterway": "stream", "name": null }, "geometry": { "type": "LineString", "coordinates": [ [ 109.8553768, -7.2171195 ], [ 109.8553473, -7.2173856 ], [ 109.8554277, -7.2176145 ], [ 109.8555377, -7.2177023 ], [ 109.8556718, -7.2177874 ], [ 109.8557201, -7.2179072 ], [ 109.8556852, -7.2180988 ], [ 109.8555887, -7.2182132 ], [ 109.8554733, -7.2182584 ], [ 109.8552427, -7.2181573 ], [ 109.8550308, -7.2180775 ], [ 109.8546767, -7.2180003 ], [ 109.8544702, -7.2179524 ], [ 109.8542851, -7.2179524 ], [ 109.8541832, -7.2180083 ], [ 109.854143, -7.218136 ], [ 109.8542127, -7.2183223 ], [ 109.8542985, -7.2185272 ], [ 109.8543012, -7.2186469 ], [ 109.8542476, -7.2188838 ], [ 109.8542288, -7.2191552 ], [ 109.8542288, -7.2193734 ], [ 109.854261, -7.2195064 ], [ 109.8543844, -7.2196953 ], [ 109.8545641, -7.2198231 ], [ 109.8546419, -7.2199402 ], [ 109.8546204, -7.2200519 ], [ 109.8545212, -7.2201637 ], [ 109.8543844, -7.2202275 ], [ 109.8541939, -7.2202488 ], [ 109.8539847, -7.2202382 ], [ 109.8538157, -7.220145 ], [ 109.8536709, -7.2201903 ], [ 109.8535824, -7.2202941 ], [ 109.853518, -7.2204511 ], [ 109.8534617, -7.2205947 ], [ 109.8534456, -7.2207331 ], [ 109.8533624, -7.2207837 ], [ 109.8531961, -7.2207278 ], [ 109.8530942, -7.2207118 ], [ 109.8529735, -7.220789 ], [ 109.8529789, -7.22093 ], [ 109.8530835, -7.2210631 ], [ 109.8532149, -7.2211642 ], [ 109.8533785, -7.2212041 ], [ 109.8534831, -7.2212334 ], [ 109.8535019, -7.2213212 ], [ 109.8534617, -7.2214276 ], [ 109.8533329, -7.2215926 ], [ 109.8532096, -7.2218055 ], [ 109.853172, -7.2219571 ], [ 109.8530593, -7.2221062 ], [ 109.8530379, -7.2222126 ], [ 109.852936, -7.2222658 ], [ 109.8528072, -7.2222525 ], [ 109.8526785, -7.2221274 ], [ 109.8525819, -7.222021 ], [ 109.8524934, -7.2218347 ], [ 109.8524129, -7.2217922 ], [ 109.852311, -7.2218294 ], [ 109.8521689, -7.2219944 ], [ 109.8519999, -7.2222365 ], [ 109.8518872, -7.2223856 ], [ 109.8518792, -7.2225 ], [ 109.8519301, -7.2225931 ], [ 109.8520267, -7.2226995 ], [ 109.8521984, -7.2228752 ], [ 109.8523164, -7.2229922 ], [ 109.8523459, -7.2230641 ], [ 109.8522976, -7.2231492 ], [ 109.8521447, -7.2233169 ], [ 109.852016, -7.223402 ], [ 109.8519167, -7.2233728 ], [ 109.8517182, -7.2232397 ], [ 109.8515359, -7.2231679 ], [ 109.8514232, -7.2231679 ], [ 109.8513159, -7.2232371 ], [ 109.8512864, -7.2233328 ], [ 109.8512971, -7.2234898 ], [ 109.8513588, -7.2236362 ], [ 109.8514768, -7.2237001 ], [ 109.851627, -7.2236575 ], [ 109.8517665, -7.2236362 ], [ 109.851847, -7.2236921 ], [ 109.8518604, -7.2238065 ], [ 109.8517826, -7.2239129 ], [ 109.8517156, -7.2240859 ], [ 109.851729, -7.2241897 ], [ 109.8516834, -7.2242748 ], [ 109.8517022, -7.2243759 ], [ 109.8517022, -7.2244531 ], [ 109.8516485, -7.2245515 ], [ 109.8516083, -7.2246074 ], [ 109.8516136, -7.2247644 ], [ 109.85156, -7.2248709 ], [ 109.8515251, -7.2250092 ], [ 109.8514849, -7.2250997 ], [ 109.8514125, -7.2252593 ], [ 109.8512971, -7.2254163 ] ] } },
{ "type": "Feature", "properties": { "waterway": "stream", "name": null }, "geometry": { "type": "LineString", "coordinates": [ [ 109.8823028, -7.2003459 ], [ 109.8823343, -7.2002095 ], [ 109.8823813, -7.2001257 ], [ 109.8824027, -7.2000459 ], [ 109.8824188, -7.199956 ], [ 109.8824443, -7.1998895 ], [ 109.8825543, -7.1996487 ], [ 109.8825516, -7.1995635 ], [ 109.8825221, -7.1994943 ], [ 109.8824939, -7.1994132 ], [ 109.8824979, -7.1993294 ], [ 109.8825569, -7.1992934 ], [ 109.8826441, -7.1992855 ], [ 109.8827742, -7.1992229 ], [ 109.8828144, -7.1990952 ], [ 109.8828265, -7.1990114 ], [ 109.8828453, -7.1989129 ], [ 109.8828641, -7.1988464 ], [ 109.8828292, -7.1987972 ], [ 109.8828171, -7.1987586 ], [ 109.8828667, -7.1986215 ] ] } },
{ "type": "Feature", "properties": { "waterway": "stream", "name": null }, "geometry": { "type": "LineString", "coordinates": [ [ 109.8742247, -7.1979443 ], [ 109.8741549, -7.1977367 ], [ 109.8741013, -7.1976196 ], [ 109.8740074, -7.1974653 ], [ 109.873943, -7.1973163 ], [ 109.8739403, -7.1971752 ], [ 109.8738733, -7.1970422 ], [ 109.8738545, -7.1968745 ], [ 109.873817, -7.1967095 ], [ 109.8738331, -7.1965818 ], [ 109.8737955, -7.1963663 ], [ 109.8737633, -7.1962226 ], [ 109.8737472, -7.1961241 ], [ 109.8737553, -7.1959072 ], [ 109.8737083, -7.1957529 ], [ 109.8737365, -7.1956052 ], [ 109.8737405, -7.1955653 ], [ 109.8737419, -7.195399 ], [ 109.8736735, -7.195363 ], [ 109.8735541, -7.1953032 ], [ 109.873471, -7.1952393 ], [ 109.8734187, -7.1952087 ], [ 109.8733717, -7.1950996 ], [ 109.8733369, -7.1949798 ], [ 109.8733234, -7.1948987 ], [ 109.8733371, -7.1948478 ] ] } },
{ "type": "Feature", "properties": { "waterway": "stream", "name": null }, "geometry": { "type": "LineString", "coordinates": [ [ 109.880147, -7.2146156 ], [ 109.8800316, -7.2147752 ], [ 109.8799324, -7.2148577 ], [ 109.8797688, -7.2149828 ], [ 109.8796481, -7.2150786 ], [ 109.8795837, -7.215185 ], [ 109.8795462, -7.2152569 ], [ 109.879463, -7.2154139 ], [ 109.879463, -7.2155256 ], [ 109.8794764, -7.2156613 ], [ 109.8794013, -7.2157385 ], [ 109.8793557, -7.2158263 ], [ 109.8792511, -7.215954 ], [ 109.8791867, -7.2160605 ], [ 109.8791009, -7.2161589 ], [ 109.8789963, -7.2162414 ], [ 109.8788729, -7.2163213 ], [ 109.8788032, -7.2163851 ], [ 109.87872, -7.2164091 ], [ 109.878594, -7.2164623 ], [ 109.87848, -7.2164597 ] ] } },
{ "type": "Feature", "properties": { "waterway": "stream", "name": null }, "geometry": { "type": "LineString", "coordinates": [ [ 109.8749569, -7.2170344 ], [ 109.8748898, -7.217218 ], [ 109.8748335, -7.217234 ], [ 109.8747128, -7.2172313 ], [ 109.8746431, -7.2173644 ], [ 109.8746216, -7.2174468 ], [ 109.8746055, -7.2175027 ], [ 109.8745532, -7.2175879 ], [ 109.874521, -7.2177249 ], [ 109.874564, -7.2177928 ], [ 109.8745693, -7.217858 ], [ 109.8745693, -7.2179418 ], [ 109.8745143, -7.2180003 ], [ 109.8745157, -7.2180788 ], [ 109.8745184, -7.218156 ], [ 109.874517, -7.2182238 ], [ 109.8744674, -7.2182817 ] ] } },
{ "type": "Feature", "properties": { "waterway": "stream", "name": null }, "geometry": { "type": "LineString", "coordinates": [ [ 109.8736533, -7.2143122 ], [ 109.8737606, -7.214432 ], [ 109.8737767, -7.2145198 ], [ 109.8737821, -7.214714 ], [ 109.8737177, -7.2149455 ], [ 109.8736533, -7.2151451 ], [ 109.8735809, -7.2152196 ], [ 109.8735005, -7.2153314 ], [ 109.8733503, -7.2156188 ], [ 109.8732913, -7.2157837 ], [ 109.8732054, -7.2159248 ], [ 109.8731598, -7.21597 ], [ 109.873125, -7.2159886 ] ] } },
{ "type": "Feature", "properties": { "waterway": "stream", "name": null }, "geometry": { "type": "LineString", "coordinates": [ [ 109.8717892, -7.2147566 ], [ 109.871753, -7.2149801 ], [ 109.8717356, -7.2151172 ], [ 109.8717087, -7.2152635 ], [ 109.871698, -7.215334 ], [ 109.8716913, -7.2154272 ], [ 109.8716672, -7.2155137 ], [ 109.8716551, -7.2155828 ] ] } },
{ "type": "Feature", "properties": { "waterway": "stream", "name": null }, "geometry": { "type": "LineString", "coordinates": [ [ 109.8706251, -7.2040354 ], [ 109.8709202, -7.2039609 ], [ 109.8711938, -7.2038225 ], [ 109.8714083, -7.2036309 ], [ 109.871521, -7.2033329 ], [ 109.8715103, -7.2031999 ], [ 109.8715156, -7.2030455 ], [ 109.8715156, -7.2029497 ], [ 109.8714834, -7.2028233 ] ] } },
{ "type": "Feature", "properties": { "waterway": "stream", "name": null }, "geometry": { "type": "LineString", "coordinates": [ [ 109.8711455, -7.2060578 ], [ 109.8716605, -7.2059993 ], [ 109.8721754, -7.2060578 ], [ 109.87239, -7.2059727 ], [ 109.8726207, -7.2058236 ], [ 109.8727709, -7.2056267 ], [ 109.8729801, -7.2054617 ], [ 109.8732108, -7.2053819 ], [ 109.8734683, -7.2052542 ], [ 109.8737365, -7.2051584 ], [ 109.8739243, -7.2051451 ] ] } },
{ "type": "Feature", "properties": { "waterway": "stream", "name": null }, "geometry": { "type": "LineString", "coordinates": [ [ 109.8730123, -7.2089317 ], [ 109.8726502, -7.2093042 ], [ 109.8724544, -7.2095145 ], [ 109.8722801, -7.2096289 ], [ 109.8721057, -7.2096874 ], [ 109.8718992, -7.2097593 ], [ 109.8717517, -7.209911 ], [ 109.8716417, -7.2100307 ], [ 109.8714539, -7.2101584 ], [ 109.8713359, -7.2101451 ], [ 109.8711911, -7.2101425 ], [ 109.8710757, -7.2101398 ], [ 109.8709711, -7.2101611 ], [ 109.8708129, -7.2102622 ], [ 109.8706573, -7.2104192 ], [ 109.8705608, -7.2105017 ], [ 109.8704588, -7.2105962 ] ] } },
{ "type": "Feature", "properties": { "waterway": "stream", "name": null }, "geometry": { "type": "LineString", "coordinates": [ [ 109.8705339, -7.2085405 ], [ 109.8703784, -7.2089024 ], [ 109.8702818, -7.2090754 ], [ 109.8702094, -7.209267 ], [ 109.8701048, -7.2095065 ], [ 109.8700431, -7.2095943 ], [ 109.8699492, -7.2097007 ], [ 109.8698527, -7.2097087 ], [ 109.8696569, -7.2097619 ], [ 109.8695523, -7.2098338 ], [ 109.8694208, -7.2098897 ], [ 109.8692599, -7.2099575 ], [ 109.8691553, -7.2099735 ], [ 109.8690131, -7.2100121 ], [ 109.8689447, -7.2101065 ], [ 109.8688829, -7.2102112 ] ] } },
{ "type": "Feature", "properties": { "waterway": "stream", "name": null }, "geometry": { "type": "LineString", "coordinates": [ [ 109.8680019, -7.2065953 ], [ 109.8679697, -7.2069998 ], [ 109.8680288, -7.2072606 ], [ 109.8680824, -7.2076491 ], [ 109.8681521, -7.2078992 ], [ 109.868179, -7.2081015 ], [ 109.8682031, -7.2084501 ] ] } },
{ "type": "Feature", "properties": { "waterway": "stream", "name": null }, "geometry": { "type": "LineString", "coordinates": [ [ 109.8658508, -7.207202 ], [ 109.865596, -7.2073644 ], [ 109.8653921, -7.2075187 ], [ 109.8652473, -7.2076065 ], [ 109.8650113, -7.2077555 ], [ 109.8648986, -7.2078274 ], [ 109.8647457, -7.2078913 ], [ 109.8645499, -7.2079365 ], [ 109.8642884, -7.2080163 ] ] } },
{ "type": "Feature", "properties": { "waterway": "stream", "name": null }, "geometry": { "type": "LineString", "coordinates": [ [ 109.86284, -7.2034141 ], [ 109.8626657, -7.2034048 ], [ 109.8624618, -7.2033981 ], [ 109.8622499, -7.2033915 ], [ 109.8619992, -7.2033742 ], [ 109.8618476, -7.2033702 ], [ 109.861692, -7.2033662 ], [ 109.8615888, -7.2033502 ], [ 109.8614399, -7.203313 ], [ 109.8613977, -7.203305 ], [ 109.8612696, -7.203289 ], [ 109.8611911, -7.2032923 ], [ 109.8611355, -7.203307 ], [ 109.8610932, -7.2033436 ], [ 109.8610812, -7.2033708 ], [ 109.8610604, -7.2033994 ], [ 109.8608941, -7.2033901 ], [ 109.8607439, -7.2033449 ], [ 109.860587, -7.2033382 ], [ 109.8603912, -7.2033449 ], [ 109.8602383, -7.2033436 ], [ 109.8601873, -7.2033476 ], [ 109.8600747, -7.203454 ], [ 109.8600103, -7.2035059 ], [ 109.8599325, -7.2035272 ], [ 109.8598279, -7.2035737 ], [ 109.8597233, -7.203611 ], [ 109.8596911, -7.2036389 ], [ 109.8595302, -7.203764 ], [ 109.8593022, -7.2040155 ], [ 109.8592284, -7.2041578 ], [ 109.8591734, -7.2042536 ], [ 109.8591399, -7.2042776 ], [ 109.8590407, -7.204259 ], [ 109.8589548, -7.2042377 ], [ 109.8588368, -7.2043069 ], [ 109.8586866, -7.2043681 ], [ 109.8586048, -7.2044173 ], [ 109.8585445, -7.2044027 ], [ 109.8584358, -7.2043973 ], [ 109.8583701, -7.2043973 ], [ 109.8582789, -7.2044279 ], [ 109.8581971, -7.2044718 ], [ 109.8581341, -7.204537 ], [ 109.8580483, -7.2045823 ], [ 109.8579919, -7.2046169 ], [ 109.8579218, -7.2047106 ] ] } },
{ "type": "Feature", "properties": { "waterway": "stream", "name": null }, "geometry": { "type": "LineString", "coordinates": [ [ 109.8633778, -7.2014662 ], [ 109.8632383, -7.2015553 ], [ 109.8631029, -7.2016604 ], [ 109.8629889, -7.2017283 ], [ 109.8628226, -7.2018148 ], [ 109.8627475, -7.2018374 ], [ 109.8626429, -7.2017988 ], [ 109.8625503, -7.2017383 ], [ 109.8624954, -7.2016911 ], [ 109.862431, -7.2016478 ], [ 109.862374, -7.2016052 ], [ 109.8622895, -7.2015527 ], [ 109.8621748, -7.2014888 ], [ 109.8620287, -7.2014502 ], [ 109.8619321, -7.2014742 ], [ 109.8618449, -7.2015088 ], [ 109.8617336, -7.2015154 ], [ 109.8616478, -7.2015207 ], [ 109.8615901, -7.2015487 ], [ 109.8615526, -7.2015793 ], [ 109.8614949, -7.2015979 ], [ 109.861389, -7.2016059 ], [ 109.8612991, -7.2016498 ], [ 109.8612857, -7.201715 ], [ 109.8612897, -7.2017669 ], [ 109.8611985, -7.201852 ], [ 109.8611368, -7.2019093 ], [ 109.8610805, -7.2019452 ], [ 109.8609799, -7.2019878 ], [ 109.8609263, -7.2019931 ], [ 109.8608726, -7.2019851 ], [ 109.8608176, -7.2019678 ], [ 109.8607734, -7.2019452 ], [ 109.8607157, -7.2019079 ], [ 109.8606634, -7.201896 ], [ 109.8605534, -7.2019359 ], [ 109.8604998, -7.2019758 ], [ 109.8604488, -7.202017 ], [ 109.8603965, -7.2020263 ], [ 109.8603563, -7.2021088 ], [ 109.8603214, -7.2021634 ], [ 109.8602906, -7.202194 ], [ 109.8602128, -7.2021967 ], [ 109.8601578, -7.20221 ], [ 109.8601297, -7.2022472 ], [ 109.8600867, -7.2022592 ], [ 109.860025, -7.2022392 ], [ 109.8599526, -7.2022193 ], [ 109.8598936, -7.2022219 ], [ 109.8597743, -7.2022499 ], [ 109.8596951, -7.2022539 ], [ 109.8595785, -7.20221 ], [ 109.8595154, -7.2022113 ], [ 109.8594658, -7.2022539 ], [ 109.8594055, -7.2022592 ], [ 109.8593223, -7.2022539 ], [ 109.859219, -7.202194 ], [ 109.8591614, -7.2021501 ], [ 109.8590823, -7.2021634 ], [ 109.8589964, -7.202194 ], [ 109.8589025, -7.2022033 ], [ 109.858798, -7.202205 ] ] } },
{ "type": "Feature", "properties": { "waterway": "stream", "name": null }, "geometry": { "type": "LineString", "coordinates": [ [ 109.863005, -7.2003193 ], [ 109.8629071, -7.2002474 ], [ 109.8627877, -7.2001769 ], [ 109.8627032, -7.2001383 ], [ 109.862604, -7.2000891 ], [ 109.8624913, -7.2000133 ], [ 109.8624136, -7.1999521 ], [ 109.8623291, -7.1998829 ], [ 109.8622915, -7.1998509 ], [ 109.8622365, -7.1998363 ], [ 109.8621346, -7.1998177 ], [ 109.862026, -7.1997871 ], [ 109.861975, -7.1997804 ], [ 109.8619093, -7.1997897 ], [ 109.8618141, -7.1998137 ], [ 109.8617658, -7.1998203 ], [ 109.8616934, -7.199803 ], [ 109.8616357, -7.1998376 ], [ 109.861574, -7.1998549 ], [ 109.8614855, -7.1998682 ], [ 109.8614144, -7.1998908 ], [ 109.8613393, -7.1999481 ], [ 109.8612374, -7.1999494 ], [ 109.8610684, -7.19996 ], [ 109.8608324, -7.1999933 ], [ 109.8607613, -7.2000053 ], [ 109.860658, -7.2000479 ], [ 109.8605387, -7.2000785 ], [ 109.8604475, -7.200113 ], [ 109.8603825, -7.2001316 ] ] } },
{ "type": "Feature", "properties": { "waterway": "stream", "name": null }, "geometry": { "type": "LineString", "coordinates": [ [ 109.8704588, -7.2105962 ], [ 109.8702818, -7.2106441 ], [ 109.8699975, -7.2107186 ], [ 109.8698808, -7.2107039 ], [ 109.8697373, -7.2106294 ], [ 109.8696502, -7.2105416 ], [ 109.8695442, -7.2104285 ], [ 109.8694007, -7.2102928 ], [ 109.8691124, -7.210213 ], [ 109.8689957, -7.2102063 ], [ 109.8688829, -7.2102112 ], [ 109.8686886, -7.2102196 ], [ 109.8685116, -7.2103367 ], [ 109.8682594, -7.2103367 ], [ 109.8680234, -7.2102915 ], [ 109.8678222, -7.2102782 ], [ 109.8675553, -7.2103301 ], [ 109.867503, -7.210354 ], [ 109.8672724, -7.2104299 ], [ 109.8672348, -7.2104325 ] ] } },
{ "type": "Feature", "properties": { "waterway": "stream", "name": null }, "geometry": { "type": "LineString", "coordinates": [ [ 109.873125, -7.2159886 ], [ 109.8729479, -7.2163612 ], [ 109.8728138, -7.2165741 ], [ 109.8726797, -7.2168189 ], [ 109.8726046, -7.2170211 ], [ 109.8724812, -7.2171275 ], [ 109.8723257, -7.2173484 ], [ 109.872221, -7.2174149 ], [ 109.872162, -7.2174708 ], [ 109.8720628, -7.2175187 ], [ 109.8718683, -7.2175347 ], [ 109.8717999, -7.21754 ], [ 109.871745, -7.2175879 ], [ 109.8717047, -7.2176464 ], [ 109.8716699, -7.2176943 ], [ 109.8716028, -7.21783 ] ] } },
{ "type": "Feature", "properties": { "waterway": "stream", "name": null }, "geometry": { "type": "LineString", "coordinates": [ [ 109.8716551, -7.2155828 ], [ 109.8716149, -7.2157279 ], [ 109.8715653, -7.2158569 ], [ 109.8715143, -7.2159727 ], [ 109.8714633, -7.2160552 ], [ 109.871407, -7.2161536 ], [ 109.8713681, -7.2162401 ], [ 109.8712555, -7.2163638 ], [ 109.8711777, -7.2164995 ], [ 109.8711482, -7.2165714 ], [ 109.8711321, -7.2166526 ], [ 109.8710851, -7.2167789 ], [ 109.8710851, -7.2168428 ], [ 109.8710945, -7.2169519 ], [ 109.8710731, -7.2170411 ], [ 109.8710449, -7.2171209 ], [ 109.8710422, -7.2173391 ], [ 109.8710221, -7.2173923 ], [ 109.8710121, -7.2174529 ] ] } },
{ "type": "Feature", "properties": { "waterway": "stream", "name": null }, "geometry": { "type": "LineString", "coordinates": [ [ 109.8706895, -7.2126944 ], [ 109.8704293, -7.212697 ], [ 109.870322, -7.2127156 ], [ 109.8701397, -7.2127183 ], [ 109.8699787, -7.2126731 ], [ 109.8698339, -7.2126571 ], [ 109.8696649, -7.2126677 ], [ 109.8694611, -7.2127556 ], [ 109.869394, -7.2128168 ], [ 109.8692653, -7.2128859 ], [ 109.8692062, -7.2131148 ], [ 109.8691446, -7.2132212 ], [ 109.8690534, -7.2132638 ], [ 109.8689246, -7.2132931 ], [ 109.8688763, -7.2133676 ], [ 109.8686966, -7.2135858 ], [ 109.8686001, -7.2136603 ], [ 109.8684847, -7.2138631 ], [ 109.8684204, -7.213945 ], [ 109.8683506, -7.2139863 ], [ 109.8683077, -7.2140248 ], [ 109.8682621, -7.214098 ], [ 109.8682031, -7.2141632 ], [ 109.868132, -7.2142297 ], [ 109.8680918, -7.2142883 ], [ 109.8679429, -7.2145491 ], [ 109.8676935, -7.2147406 ], [ 109.8675808, -7.2148604 ], [ 109.8674118, -7.2150413 ], [ 109.8673314, -7.2151185 ], [ 109.8671624, -7.2152329 ], [ 109.8668888, -7.2153314 ], [ 109.8668298, -7.2154165 ], [ 109.8666421, -7.2154698 ], [ 109.8664489, -7.2155176 ], [ 109.8662934, -7.2155682 ], [ 109.8662397, -7.2155975 ], [ 109.8661901, -7.2156547 ], [ 109.8661432, -7.2157492 ], [ 109.8660976, -7.2157984 ], [ 109.8660426, -7.2158303 ], [ 109.8660023, -7.2159793 ], [ 109.8659527, -7.2160006 ], [ 109.8658924, -7.2160578 ], [ 109.8657516, -7.2161603 ], [ 109.865659, -7.2162268 ], [ 109.8655316, -7.2163505 ], [ 109.8654981, -7.2163625 ], [ 109.8654445, -7.2163026 ], [ 109.8653787, -7.2162122 ], [ 109.8652782, -7.2160871 ], [ 109.8651025, -7.2162574 ], [ 109.864971, -7.2163519 ], [ 109.8648369, -7.2164357 ], [ 109.8646492, -7.2165368 ], [ 109.8645875, -7.2165767 ], [ 109.8645352, -7.2166313 ], [ 109.8644507, -7.2167271 ], [ 109.8644064, -7.2167643 ], [ 109.8643018, -7.2168149 ], [ 109.8641771, -7.2168681 ], [ 109.8640966, -7.2169 ], [ 109.8640631, -7.2169133 ], [ 109.8639773, -7.216928 ], [ 109.8639518, -7.216932 ], [ 109.8638901, -7.2168149 ], [ 109.8638311, -7.2168109 ], [ 109.863701, -7.216771 ], [ 109.8636675, -7.2167829 ], [ 109.8636125, -7.2168521 ], [ 109.863528, -7.2169386 ], [ 109.8635696, -7.2171196 ], [ 109.8635924, -7.2172433 ], [ 109.863579, -7.2173777 ], [ 109.8635629, -7.217512 ], [ 109.8635589, -7.2176344 ], [ 109.8635669, -7.2179032 ], [ 109.8635602, -7.2179671 ], [ 109.8635361, -7.2180402 ], [ 109.8635133, -7.2181094 ], [ 109.8635253, -7.2182438 ], [ 109.8635173, -7.2183928 ], [ 109.8634797, -7.2184726 ], [ 109.8633993, -7.2185565 ], [ 109.8633604, -7.2186203 ], [ 109.8632826, -7.2187161 ], [ 109.8631699, -7.2188079 ], [ 109.8630425, -7.2188705 ], [ 109.8629151, -7.2189104 ], [ 109.8627663, -7.218929 ], [ 109.8626147, -7.2189463 ], [ 109.8625664, -7.2189396 ], [ 109.8625544, -7.2188878 ], [ 109.8625222, -7.2188585 ], [ 109.8624283, -7.2188172 ], [ 109.8623492, -7.2188053 ], [ 109.8622473, -7.2188026 ], [ 109.8621333, -7.2188199 ], [ 109.862093, -7.2188199 ], [ 109.8620354, -7.2187813 ], [ 109.8620005, -7.2187374 ], [ 109.8619006, -7.2187128 ], [ 109.8618637, -7.2187414 ], [ 109.861792, -7.2187481 ], [ 109.8617531, -7.2187401 ], [ 109.8616873, -7.2187181 ], [ 109.8616277, -7.2186722 ], [ 109.8614989, -7.2185911 ], [ 109.8614319, -7.2185671 ], [ 109.8613702, -7.2185285 ], [ 109.861287, -7.2185285 ], [ 109.8611797, -7.2185272 ], [ 109.86111, -7.2185032 ], [ 109.8610101, -7.2184507 ], [ 109.8609135, -7.2184307 ], [ 109.8607995, -7.2184121 ], [ 109.8607399, -7.2184154 ], [ 109.860711, -7.2184121 ], [ 109.8606547, -7.2183742 ], [ 109.8605903, -7.2183323 ], [ 109.8604757, -7.2182811 ], [ 109.8603543, -7.2182498 ], [ 109.8602584, -7.2182139 ], [ 109.8601659, -7.2182691 ], [ 109.8600539, -7.2183742 ], [ 109.8598876, -7.2184946 ], [ 109.8596951, -7.218631 ], [ 109.859608, -7.2186908 ], [ 109.8595758, -7.2187441 ], [ 109.8594866, -7.2188196 ], [ 109.8594772, -7.2188352 ], [ 109.8594467, -7.2188665 ], [ 109.8593837, -7.2188931 ], [ 109.8592304, -7.2188611 ], [ 109.8591359, -7.2187986 ], [ 109.8591017, -7.2187447 ], [ 109.859103, -7.2186815 ], [ 109.8591305, -7.2185678 ], [ 109.8591607, -7.2185132 ], [ 109.8591734, -7.2184181 ], [ 109.8591332, -7.2182984 ], [ 109.859089, -7.2181879 ], [ 109.859089, -7.2181533 ], [ 109.8591681, -7.2180841 ], [ 109.8595107, -7.2178826 ], [ 109.859791, -7.2177482 ], [ 109.8599533, -7.2175413 ], [ 109.860131, -7.2173244 ], [ 109.8602135, -7.21723 ] ] } },
{ "type": "Feature", "properties": { "waterway": "stream", "name": null }, "geometry": { "type": "LineString", "coordinates": [ [ 109.8682031, -7.2084501 ], [ 109.8681387, -7.2086975 ], [ 109.8679832, -7.2089477 ], [ 109.8679161, -7.2090887 ], [ 109.8677391, -7.209432 ], [ 109.8674494, -7.2098152 ], [ 109.8673341, -7.2099722 ], [ 109.8672885, -7.2101451 ], [ 109.8672657, -7.2102782 ], [ 109.8672348, -7.2104325 ], [ 109.8671557, -7.2105443 ], [ 109.8670766, -7.2106986 ], [ 109.8669854, -7.2108423 ], [ 109.8668298, -7.21097 ], [ 109.8667413, -7.2110658 ], [ 109.8666702, -7.211155 ], [ 109.8665012, -7.2112415 ], [ 109.8664409, -7.2112734 ], [ 109.8663577, -7.2113266 ], [ 109.8662585, -7.2113532 ], [ 109.8662008, -7.2113732 ], [ 109.8660989, -7.2114251 ], [ 109.8660614, -7.2115528 ], [ 109.8659822, -7.2116845 ], [ 109.8659232, -7.2117896 ], [ 109.8657985, -7.2119227 ], [ 109.8656698, -7.2120464 ], [ 109.8654887, -7.2121768 ], [ 109.8653559, -7.2122739 ], [ 109.8652272, -7.2123684 ], [ 109.8651145, -7.2124682 ], [ 109.8649442, -7.2126252 ], [ 109.8648369, -7.2128088 ], [ 109.8646894, -7.2129897 ], [ 109.8645365, -7.2131308 ], [ 109.8644373, -7.2132372 ], [ 109.8642898, -7.2133623 ], [ 109.8642227, -7.2134075 ], [ 109.8640886, -7.2134368 ], [ 109.8640242, -7.213506 ], [ 109.8639169, -7.2135645 ], [ 109.863764, -7.2135911 ], [ 109.8636407, -7.2137015 ], [ 109.8634998, -7.2137973 ], [ 109.8634703, -7.2138678 ], [ 109.8634744, -7.2139251 ], [ 109.863461, -7.2139823 ], [ 109.8633765, -7.2140435 ], [ 109.8633134, -7.214106 ], [ 109.8631605, -7.2143468 ], [ 109.863131, -7.2144559 ], [ 109.863115, -7.2145211 ], [ 109.8630251, -7.21471 ], [ 109.8630063, -7.2148537 ], [ 109.8628977, -7.2149841 ], [ 109.8627529, -7.215185 ], [ 109.8626241, -7.2153553 ], [ 109.8624685, -7.215676 ], [ 109.8623613, -7.2159407 ], [ 109.8623626, -7.2160818 ], [ 109.8622647, -7.2163332 ], [ 109.8621882, -7.2165767 ], [ 109.8621225, -7.2165321 ], [ 109.8620642, -7.2165155 ], [ 109.8619978, -7.2164709 ], [ 109.8619267, -7.2163998 ], [ 109.8618597, -7.2163565 ], [ 109.8616974, -7.2163918 ], [ 109.8615821, -7.2164011 ], [ 109.8614453, -7.2164237 ], [ 109.8612092, -7.2165115 ], [ 109.8611663, -7.2165448 ], [ 109.861059, -7.2166379 ], [ 109.8610161, -7.2166752 ], [ 109.8609893, -7.2167617 ], [ 109.8607895, -7.2169014 ], [ 109.860658, -7.2170078 ], [ 109.860532, -7.2170717 ], [ 109.8603469, -7.2171009 ], [ 109.8602812, -7.2171515 ], [ 109.8602135, -7.21723 ], [ 109.8601028, -7.2172247 ], [ 109.8600291, -7.2172007 ], [ 109.859966, -7.2171435 ], [ 109.8599498, -7.2171387 ], [ 109.8598266, -7.2171023 ], [ 109.8597381, -7.2170637 ], [ 109.8596174, -7.2170051 ], [ 109.8595436, -7.2169399 ], [ 109.8594832, -7.2169147 ], [ 109.8593974, -7.2168548 ], [ 109.8592888, -7.2167736 ], [ 109.8592593, -7.2167577 ], [ 109.8591439, -7.2167643 ], [ 109.8590823, -7.2167676 ], [ 109.8589937, -7.2167903 ], [ 109.8589736, -7.2168029 ], [ 109.8589025, -7.2167883 ], [ 109.8588033, -7.2167177 ], [ 109.858586, -7.2165887 ], [ 109.8584251, -7.216453 ], [ 109.858295, -7.2163612 ], [ 109.8581904, -7.2162787 ], [ 109.8580174, -7.2162494 ], [ 109.8578082, -7.2162108 ], [ 109.8576124, -7.2161829 ], [ 109.8575266, -7.216284 ], [ 109.857434, -7.2163532 ], [ 109.8573656, -7.2163878 ], [ 109.8573281, -7.216465 ], [ 109.8572785, -7.2165408 ], [ 109.8572302, -7.2166259 ], [ 109.8571591, -7.2166605 ], [ 109.8570397, -7.2167004 ], [ 109.8568855, -7.2167124 ], [ 109.8567662, -7.2167031 ], [ 109.856687, -7.2167031 ], [ 109.856573, -7.2166951 ], [ 109.8565181, -7.2166579 ], [ 109.8564658, -7.2166392 ], [ 109.8564081, -7.2166406 ], [ 109.8563638, -7.2166592 ], [ 109.8563156, -7.2166858 ], [ 109.8562753, -7.216735 ], [ 109.8562284, -7.2167497 ], [ 109.856109, -7.2167656 ], [ 109.8560742, -7.2168002 ], [ 109.856042, -7.2167949 ], [ 109.8559843, -7.2167936 ], [ 109.8559374, -7.2168335 ], [ 109.8558837, -7.2168455 ], [ 109.8558046, -7.2168295 ], [ 109.8557134, -7.2167883 ], [ 109.8556544, -7.2168308 ], [ 109.8556034, -7.2169133 ], [ 109.8555578, -7.2169745 ], [ 109.8554224, -7.2171036 ], [ 109.8553768, -7.2171195 ] ] } },
{ "type": "Feature", "properties": { "waterway": "stream", "name": null }, "geometry": { "type": "LineString", "coordinates": [ [ 109.8694396, -7.2013544 ], [ 109.8692814, -7.2013864 ], [ 109.8689461, -7.2013997 ], [ 109.8688012, -7.201385 ], [ 109.8686866, -7.2013604 ], [ 109.8685826, -7.2013371 ], [ 109.8684365, -7.2013155 ], [ 109.8682635, -7.2012812 ], [ 109.8681709, -7.2012826 ], [ 109.8680784, -7.2012773 ], [ 109.8679496, -7.20126 ], [ 109.8677874, -7.2012161 ], [ 109.8675325, -7.2011442 ], [ 109.8673783, -7.2010883 ], [ 109.8672965, -7.2010537 ], [ 109.867216, -7.2010138 ], [ 109.8671383, -7.2009433 ], [ 109.8670726, -7.2009087 ], [ 109.8670095, -7.2008355 ], [ 109.866984, -7.2007677 ], [ 109.8668781, -7.2006838 ], [ 109.8667426, -7.2005721 ], [ 109.8666675, -7.2004497 ], [ 109.8666018, -7.2003206 ], [ 109.8665643, -7.2001583 ], [ 109.8665133, -7.2000598 ], [ 109.8663631, -7.1998975 ], [ 109.8662424, -7.1997698 ], [ 109.8661244, -7.1997378 ], [ 109.8660493, -7.1996713 ], [ 109.8659018, -7.1996048 ], [ 109.8658508, -7.1995356 ], [ 109.8658213, -7.1994238 ], [ 109.8657489, -7.1992828 ], [ 109.8655531, -7.1991151 ], [ 109.8654968, -7.1989768 ], [ 109.8654538, -7.1988251 ], [ 109.8653895, -7.1987 ], [ 109.8653814, -7.1985723 ], [ 109.8652714, -7.1983993 ], [ 109.8651829, -7.1982663 ], [ 109.8651239, -7.1981226 ], [ 109.8651293, -7.1979336 ], [ 109.8650327, -7.1978405 ], [ 109.8649335, -7.1977287 ], [ 109.8648584, -7.1976249 ], [ 109.8647833, -7.1975478 ], [ 109.8647028, -7.1974706 ], [ 109.8645526, -7.1973903 ] ] } },
{ "type": "Feature", "properties": { "waterway": "stream", "name": null }, "geometry": { "type": "LineString", "coordinates": [ [ 109.8739243, -7.2051451 ], [ 109.8742381, -7.2053047 ], [ 109.8743346, -7.2052994 ], [ 109.8744473, -7.205318 ], [ 109.8746189, -7.2052249 ], [ 109.8746994, -7.205177 ], [ 109.8750186, -7.2050599 ], [ 109.8751527, -7.2050386 ], [ 109.8752788, -7.2049934 ], [ 109.8754182, -7.2049322 ], [ 109.8756543, -7.2047965 ], [ 109.8758528, -7.2046821 ], [ 109.8762524, -7.2046129 ], [ 109.8765662, -7.2046102 ], [ 109.8767486, -7.2046049 ], [ 109.8771322, -7.2044851 ], [ 109.8773199, -7.2043707 ], [ 109.8775721, -7.2041073 ], [ 109.8777115, -7.2038864 ], [ 109.8777652, -7.2037826 ], [ 109.8778269, -7.2035857 ], [ 109.8779154, -7.2035059 ], [ 109.8781005, -7.2033861 ], [ 109.8781246, -7.2032504 ], [ 109.8783204, -7.2030402 ], [ 109.8784733, -7.2028726 ], [ 109.8786905, -7.2027262 ], [ 109.878822, -7.2025506 ], [ 109.8788354, -7.2024175 ], [ 109.878822, -7.2023058 ], [ 109.8788863, -7.2019678 ], [ 109.8789239, -7.2018108 ], [ 109.8790044, -7.2015713 ], [ 109.8790446, -7.2014968 ], [ 109.8790607, -7.2013983 ], [ 109.8789722, -7.2013185 ], [ 109.8788407, -7.2012307 ], [ 109.8787442, -7.2010897 ], [ 109.8786476, -7.2010258 ], [ 109.8786584, -7.2009193 ], [ 109.8786825, -7.2008076 ], [ 109.8786879, -7.2007171 ], [ 109.8788246, -7.2004989 ], [ 109.8789266, -7.2003286 ], [ 109.8789936, -7.2002381 ], [ 109.879066, -7.2001556 ], [ 109.8791747, -7.2000079 ], [ 109.8791774, -7.1998962 ], [ 109.8791452, -7.1998376 ], [ 109.8790359, -7.1998057 ] ] } },
{ "type": "Feature", "properties": { "waterway": "stream", "name": null }, "geometry": { "type": "LineString", "coordinates": [ [ 109.8738612, -7.2019625 ], [ 109.873943, -7.2019412 ], [ 109.8740986, -7.2018574 ], [ 109.8741791, -7.2018121 ], [ 109.874348, -7.2016964 ], [ 109.8743829, -7.2016565 ], [ 109.8744513, -7.2015726 ], [ 109.8745103, -7.2015141 ], [ 109.8747021, -7.2013611 ], [ 109.8747785, -7.2013291 ], [ 109.8748684, -7.2013385 ], [ 109.8749153, -7.2013571 ], [ 109.8750307, -7.201385 ], [ 109.8751433, -7.2014037 ], [ 109.8751943, -7.201401 ], [ 109.8752291, -7.2013717 ], [ 109.8752224, -7.2013291 ], [ 109.8752023, -7.2012653 ], [ 109.8751822, -7.2012081 ], [ 109.8751608, -7.2011309 ], [ 109.8752023, -7.2011003 ], [ 109.8752332, -7.2010697 ], [ 109.875268, -7.2010018 ], [ 109.8753338, -7.2008781 ], [ 109.8754437, -7.200765 ], [ 109.8755403, -7.2006945 ], [ 109.875598, -7.2006918 ], [ 109.8757441, -7.2006732 ], [ 109.8758528, -7.2006359 ], [ 109.8759346, -7.2006226 ], [ 109.8760352, -7.2005934 ], [ 109.8761183, -7.2005574 ], [ 109.8761518, -7.2005202 ], [ 109.8761746, -7.2004776 ], [ 109.876243, -7.2004324 ], [ 109.876294, -7.2004297 ], [ 109.8763476, -7.2004364 ], [ 109.8764187, -7.2004789 ], [ 109.876518, -7.2004856 ], [ 109.8765796, -7.2004683 ], [ 109.8766091, -7.2004231 ], [ 109.8766454, -7.2003805 ], [ 109.8767017, -7.2003352 ], [ 109.876754, -7.200286 ], [ 109.8768251, -7.2002381 ], [ 109.8768747, -7.2002248 ], [ 109.8769659, -7.2001703 ], [ 109.8770396, -7.2000944 ], [ 109.8771335, -7.1999733 ], [ 109.8771657, -7.1999254 ], [ 109.8772113, -7.1998536 ], [ 109.8773092, -7.1997817 ], [ 109.8775828, -7.1997911 ], [ 109.8776472, -7.1997472 ], [ 109.8777598, -7.1995941 ], [ 109.8778537, -7.1994717 ], [ 109.8779442, -7.1994445 ], [ 109.8781695, -7.1994338 ], [ 109.8782728, -7.1994551 ], [ 109.8785464, -7.199511 ], [ 109.8787811, -7.1996128 ], [ 109.8789081, -7.1997252 ], [ 109.8790359, -7.1998057 ], [ 109.879121, -7.1997651 ], [ 109.8792766, -7.1995516 ], [ 109.8792846, -7.1994837 ], [ 109.8792404, -7.199364 ], [ 109.8791774, -7.1992429 ], [ 109.8791076, -7.199183 ], [ 109.8789319, -7.1991085 ], [ 109.8788602, -7.1990393 ], [ 109.8788179, -7.1989754 ], [ 109.8788153, -7.1988823 ], [ 109.8787925, -7.1987306 ], [ 109.8787509, -7.1986362 ], [ 109.8786812, -7.1985417 ], [ 109.8786315, -7.1984712 ], [ 109.878547, -7.1984086 ], [ 109.8785122, -7.1983275 ], [ 109.8784786, -7.1982769 ], [ 109.8784558, -7.1982157 ], [ 109.8784558, -7.1981252 ], [ 109.8784277, -7.1980521 ], [ 109.878362, -7.1979536 ], [ 109.8783271, -7.1978418 ], [ 109.8782976, -7.1977833 ], [ 109.8782909, -7.1976675 ], [ 109.878252, -7.1975744 ], [ 109.8781434, -7.1974919 ], [ 109.8780428, -7.1974733 ], [ 109.8779677, -7.1974533 ], [ 109.8778939, -7.1974134 ], [ 109.8778698, -7.1973442 ], [ 109.8778121, -7.1973123 ], [ 109.8777893, -7.1973149 ], [ 109.8777504, -7.1973482 ], [ 109.8777384, -7.1973988 ], [ 109.8777102, -7.1974387 ], [ 109.8776351, -7.1974413 ], [ 109.8775452, -7.1973788 ], [ 109.8775198, -7.1973136 ], [ 109.877446, -7.1972298 ], [ 109.8773548, -7.1971353 ], [ 109.8772609, -7.1970235 ], [ 109.8771469, -7.1968639 ], [ 109.8770423, -7.1968306 ], [ 109.8769324, -7.1968253 ], [ 109.8768009, -7.1967801 ], [ 109.8767278, -7.1967228 ], [ 109.87665, -7.1966244 ], [ 109.8765823, -7.1966324 ], [ 109.8765146, -7.196667 ], [ 109.8764355, -7.1966457 ], [ 109.8763838, -7.1965552 ], [ 109.8763443, -7.1964162 ], [ 109.8763081, -7.1963922 ], [ 109.8762289, -7.1963643 ], [ 109.8761887, -7.1963124 ], [ 109.8761773, -7.1961281 ], [ 109.8761827, -7.196035 ], [ 109.876247, -7.1959458 ], [ 109.8763892, -7.195717 ], [ 109.8764844, -7.1955533 ], [ 109.8764817, -7.1954469 ], [ 109.8764348, -7.1953205 ], [ 109.8765005, -7.1950956 ], [ 109.8764831, -7.1949785 ], [ 109.8764428, -7.1948787 ], [ 109.8764442, -7.1948202 ], [ 109.8764388, -7.1946818 ], [ 109.8764576, -7.1946499 ], [ 109.876471, -7.1946272 ], [ 109.8764808, -7.1945517 ] ] } },
{ "type": "Feature", "properties": { "waterway": "stream", "name": null }, "geometry": { "type": "LineString", "coordinates": [ [ 109.8736051, -7.2019891 ], [ 109.8738612, -7.2019625 ] ] } },
{ "type": "Feature", "properties": { "waterway": "stream", "name": null }, "geometry": { "type": "LineString", "coordinates": [ [ 109.8726623, -7.2020536 ], [ 109.8727595, -7.2020836 ], [ 109.8728628, -7.2021341 ], [ 109.8730418, -7.2021674 ], [ 109.8731062, -7.2020875 ], [ 109.8731679, -7.2020263 ], [ 109.8733945, -7.2020184 ], [ 109.8734736, -7.202013 ], [ 109.8736051, -7.2019891 ] ] } },
{ "type": "Feature", "properties": { "waterway": "stream", "name": null }, "geometry": { "type": "LineString", "coordinates": [ [ 109.8714834, -7.2028233 ], [ 109.8715103, -7.202641 ], [ 109.8715679, -7.2024987 ], [ 109.8716269, -7.2024002 ], [ 109.8716685, -7.2023497 ], [ 109.871749, -7.2022898 ], [ 109.8718549, -7.2022299 ], [ 109.8720548, -7.202168 ], [ 109.872146, -7.2021574 ], [ 109.872447, -7.2020849 ], [ 109.8726623, -7.2020536 ] ] } },
{ "type": "Feature", "properties": { "waterway": "stream", "name": null }, "geometry": { "type": "LineString", "coordinates": [ [ 109.8667091, -7.2053021 ], [ 109.8665978, -7.2052329 ], [ 109.8664878, -7.2051278 ], [ 109.8664583, -7.2050865 ], [ 109.8664664, -7.205028 ], [ 109.8664691, -7.2049761 ], [ 109.8664355, -7.2049415 ], [ 109.8663671, -7.2049362 ], [ 109.8662813, -7.2049216 ], [ 109.8661512, -7.2049295 ], [ 109.8659594, -7.2049242 ], [ 109.8657663, -7.2049003 ], [ 109.8655477, -7.204867 ], [ 109.8653975, -7.204851 ], [ 109.8652688, -7.2048497 ], [ 109.8651279, -7.2048697 ], [ 109.8651078, -7.2049588 ], [ 109.8650528, -7.2050413 ], [ 109.8649791, -7.2051531 ], [ 109.8648047, -7.2051198 ], [ 109.8645996, -7.205044 ], [ 109.8644011, -7.2050293 ], [ 109.8643246, -7.2049987 ], [ 109.864267, -7.2049189 ], [ 109.8641624, -7.2049255 ], [ 109.8640792, -7.2049561 ], [ 109.8639612, -7.2049628 ], [ 109.8638941, -7.2049522 ], [ 109.8637533, -7.2049082 ], [ 109.8636822, -7.204891 ], [ 109.8635951, -7.2048643 ], [ 109.8634529, -7.2047499 ], [ 109.8632517, -7.2047353 ], [ 109.8631391, -7.2047406 ], [ 109.8630103, -7.2047353 ], [ 109.8627421, -7.2046914 ], [ 109.8625839, -7.2046448 ], [ 109.8625088, -7.2046355 ], [ 109.8623398, -7.2046634 ], [ 109.8622701, -7.2046634 ], [ 109.86214, -7.2046461 ], [ 109.8620152, -7.2046036 ], [ 109.8619254, -7.2045809 ], [ 109.8618114, -7.2046222 ], [ 109.8616531, -7.2047073 ], [ 109.8614761, -7.2048098 ], [ 109.861287, -7.2048657 ], [ 109.8611194, -7.2049269 ], [ 109.8610497, -7.2049828 ], [ 109.8609705, -7.2050373 ], [ 109.8608713, -7.2050852 ], [ 109.8608136, -7.2051225 ], [ 109.8607291, -7.2051797 ], [ 109.8606701, -7.2052222 ], [ 109.8605923, -7.2052462 ], [ 109.8605092, -7.2052542 ], [ 109.8604327, -7.2052129 ], [ 109.8603402, -7.2052196 ], [ 109.860249, -7.2052289 ], [ 109.8601283, -7.2052036 ], [ 109.8600693, -7.2051903 ], [ 109.8600116, -7.2051983 ], [ 109.8599271, -7.205189 ], [ 109.8598306, -7.2051744 ], [ 109.8597474, -7.2052369 ], [ 109.8596697, -7.2052489 ], [ 109.8595248, -7.2052622 ], [ 109.8594484, -7.2052715 ], [ 109.859384, -7.2053167 ], [ 109.8593397, -7.2053194 ], [ 109.8592982, -7.2053234 ], [ 109.8591641, -7.2053646 ], [ 109.8590769, -7.2053819 ], [ 109.8590407, -7.2054258 ], [ 109.8590085, -7.2054711 ], [ 109.8588248, -7.2055695 ], [ 109.8587376, -7.2056001 ], [ 109.8585699, -7.205632 ], [ 109.8584975, -7.2056427 ], [ 109.858413, -7.2056706 ], [ 109.8583285, -7.2056919 ], [ 109.8582467, -7.2057425 ], [ 109.8582079, -7.2057997 ], [ 109.8581555, -7.2059128 ], [ 109.858114, -7.2060525 ], [ 109.8581126, -7.2061044 ], [ 109.8580955, -7.2061551 ] ] } },
{ "type": "Feature", "properties": { "waterway": "stream", "name": null }, "geometry": { "type": "LineString", "coordinates": [ [ 109.8642884, -7.2080163 ], [ 109.8640671, -7.2080789 ], [ 109.8639129, -7.2081161 ], [ 109.8637158, -7.208152 ], [ 109.8635696, -7.2081893 ], [ 109.863477, -7.2082026 ], [ 109.8633329, -7.2082438 ], [ 109.8632665, -7.2082658 ], [ 109.8631337, -7.2083317 ], [ 109.8630392, -7.2083829 ], [ 109.8630251, -7.2084128 ], [ 109.8629896, -7.2084308 ], [ 109.8629393, -7.2084334 ], [ 109.8628561, -7.2084208 ], [ 109.8627019, -7.2084201 ], [ 109.8625584, -7.2084607 ], [ 109.8624457, -7.2085113 ], [ 109.8622929, -7.2085751 ], [ 109.8621453, -7.2085751 ], [ 109.8618355, -7.2086017 ], [ 109.861684, -7.208623 ], [ 109.861629, -7.208635 ], [ 109.861562, -7.2086523 ], [ 109.8614855, -7.2086603 ], [ 109.8613729, -7.208659 ], [ 109.8613045, -7.2086284 ], [ 109.8611797, -7.2085685 ], [ 109.8611382, -7.2085538 ], [ 109.8610336, -7.2085512 ], [ 109.8609839, -7.2085339 ], [ 109.8609196, -7.2084567 ], [ 109.8607546, -7.2084155 ], [ 109.8605414, -7.2084102 ], [ 109.8604636, -7.2084181 ], [ 109.860426, -7.2084647 ], [ 109.8603496, -7.2085365 ], [ 109.860304, -7.2085605 ], [ 109.860245, -7.2085884 ], [ 109.8601887, -7.2086323 ], [ 109.8601417, -7.2087015 ], [ 109.8600411, -7.2087827 ], [ 109.8599231, -7.2088186 ], [ 109.8598064, -7.2088918 ], [ 109.8596576, -7.208945 ], [ 109.8595731, -7.208933 ], [ 109.8595047, -7.2089557 ], [ 109.8594604, -7.2089889 ], [ 109.8593867, -7.2090009 ], [ 109.8593183, -7.2090129 ], [ 109.8591802, -7.2091007 ], [ 109.8589253, -7.2092058 ], [ 109.8588127, -7.2092736 ], [ 109.8586799, -7.2093761 ], [ 109.8585606, -7.2094573 ], [ 109.8584452, -7.2095916 ], [ 109.8583768, -7.2096568 ], [ 109.8583084, -7.2096874 ], [ 109.8582776, -7.2096861 ], [ 109.85824, -7.2097247 ] ] } },
{ "type": "Feature", "properties": { "waterway": "stream", "name": null }, "geometry": { "type": "LineString", "coordinates": [ [ 109.9055113, -7.218148 ], [ 109.9054831, -7.2182984 ], [ 109.9054603, -7.218442 ], [ 109.9053785, -7.2186443 ], [ 109.9053061, -7.218784 ], [ 109.9052927, -7.2188984 ], [ 109.9052216, -7.2190102 ], [ 109.9051264, -7.2192563 ], [ 109.9050191, -7.219408 ], [ 109.9050084, -7.2195197 ], [ 109.9049735, -7.2196714 ], [ 109.9046677, -7.2199987 ], [ 109.904606, -7.2200466 ], [ 109.9046044, -7.2200852 ], [ 109.9045926, -7.2204271 ], [ 109.9046302, -7.2207344 ], [ 109.9046255, -7.220966 ] ] } },
{ "type": "Feature", "properties": { "waterway": "stream", "name": null }, "geometry": { "type": "LineString", "coordinates": [ [ 109.9027634, -7.2161084 ], [ 109.9031898, -7.2160977 ], [ 109.9037155, -7.2160472 ], [ 109.9038872, -7.2160392 ], [ 109.904016, -7.2160951 ], [ 109.9041501, -7.2161962 ], [ 109.9042493, -7.2163652 ], [ 109.9043579, -7.2164583 ], [ 109.9045283, -7.2166752 ], [ 109.9046543, -7.2167763 ], [ 109.9047992, -7.2169572 ], [ 109.904885, -7.2170211 ], [ 109.9049842, -7.2171781 ], [ 109.9051934, -7.2173803 ], [ 109.9052793, -7.217548 ], [ 109.9053115, -7.2176677 ], [ 109.9053785, -7.217822 ], [ 109.9054402, -7.2179232 ], [ 109.9054831, -7.218011 ], [ 109.9055113, -7.218148 ] ] } },
{ "type": "Feature", "properties": { "waterway": "stream", "name": null }, "geometry": { "type": "LineString", "coordinates": [ [ 109.9067116, -7.2144905 ], [ 109.906843, -7.2147074 ], [ 109.9068462, -7.2148882 ], [ 109.9068075, -7.2150181 ], [ 109.9066941, -7.2152855 ], [ 109.9066298, -7.2154471 ], [ 109.9065681, -7.2155522 ], [ 109.9065359, -7.2156228 ], [ 109.906552, -7.2157944 ], [ 109.9065855, -7.2159514 ], [ 109.9066231, -7.2160911 ], [ 109.9066016, -7.2164171 ], [ 109.9064863, -7.2167151 ], [ 109.9063991, -7.2168468 ], [ 109.9062529, -7.2171062 ], [ 109.9061456, -7.2172193 ], [ 109.9059847, -7.2174083 ], [ 109.9058734, -7.2174229 ], [ 109.9057554, -7.2174468 ], [ 109.9056105, -7.2177529 ], [ 109.9055743, -7.2179844 ], [ 109.9055743, -7.2180802 ], [ 109.9055113, -7.218148 ] ] } },
{ "type": "Feature", "properties": { "waterway": "drain", "name": null }, "geometry": { "type": "LineString", "coordinates": [ [ 109.9082622, -7.2054072 ], [ 109.9082599, -7.2056267 ], [ 109.9082512, -7.2060485 ], [ 109.9082572, -7.2061127 ], [ 109.9082646, -7.2061423 ] ] } },
{ "type": "Feature", "properties": { "waterway": "drain", "name": null }, "geometry": { "type": "LineString", "coordinates": [ [ 109.9082646, -7.2061423 ], [ 109.9082746, -7.2064836 ], [ 109.9082793, -7.2067557 ], [ 109.9082683, -7.206916 ], [ 109.9082522, -7.207082 ], [ 109.908316, -7.2070931 ], [ 109.9085288, -7.2071402 ], [ 109.9086327, -7.2071714 ], [ 109.9088345, -7.2072639 ], [ 109.9088245, -7.2073085 ] ] } },
{ "type": "Feature", "properties": { "waterway": "stream", "name": null }, "geometry": { "type": "LineString", "coordinates": [ [ 109.9087982, -7.2096333 ], [ 109.9088587, -7.2096109 ], [ 109.9089559, -7.2096036 ], [ 109.9090793, -7.2094639 ], [ 109.9090619, -7.2094027 ], [ 109.9090806, -7.2093362 ], [ 109.9091524, -7.2092943 ], [ 109.9092449, -7.2092524 ], [ 109.9094166, -7.2091566 ], [ 109.9094729, -7.2091286 ], [ 109.9098484, -7.2089663 ], [ 109.9099235, -7.2090408 ], [ 109.9100536, -7.2091419 ], [ 109.9101099, -7.2091765 ], [ 109.9101824, -7.2092643 ], [ 109.9102078, -7.209275 ], [ 109.9103411, -7.2092202 ] ] } },
{ "type": "Feature", "properties": { "waterway": "stream", "name": null }, "geometry": { "type": "LineString", "coordinates": [ [ 109.9086849, -7.2094593 ], [ 109.908683, -7.2094413 ], [ 109.9087849, -7.2094373 ], [ 109.9087863, -7.2094133 ], [ 109.9087501, -7.2093721 ], [ 109.9087474, -7.2093136 ], [ 109.9087514, -7.2092564 ], [ 109.9087273, -7.2091765 ], [ 109.9087715, -7.2091233 ], [ 109.908801, -7.2090781 ], [ 109.9088962, -7.2089503 ], [ 109.9089016, -7.2088599 ], [ 109.9090035, -7.2088319 ], [ 109.9091846, -7.2088253 ], [ 109.9094032, -7.2088106 ], [ 109.9095668, -7.2087681 ], [ 109.9096754, -7.2087667 ], [ 109.909774, -7.2087634 ] ] } },
{ "type": "Feature", "properties": { "waterway": "stream", "name": null }, "geometry": { "type": "LineString", "coordinates": [ [ 109.9087916, -7.2075493 ], [ 109.9087957, -7.2074642 ], [ 109.908805, -7.2073644 ], [ 109.9088245, -7.2073085 ], [ 109.9088855, -7.2073674 ], [ 109.9089469, -7.2074382 ], [ 109.909265, -7.2077303 ], [ 109.9093207, -7.2077881 ], [ 109.9093971, -7.2080582 ], [ 109.9095145, -7.2083084 ], [ 109.9096298, -7.2085372 ], [ 109.9097431, -7.2086876 ], [ 109.909774, -7.2087634 ], [ 109.9098102, -7.208816 ], [ 109.9098699, -7.2088359 ], [ 109.9100556, -7.2088446 ], [ 109.9101599, -7.2088406 ], [ 109.9101816, -7.2088361 ] ] } },
{ "type": "Feature", "properties": { "waterway": "stream", "name": null }, "geometry": { "type": "LineString", "coordinates": [ [ 109.9040924, -7.2034088 ], [ 109.9041192, -7.2034873 ], [ 109.904189, -7.2036203 ], [ 109.90426, -7.2036389 ], [ 109.9043244, -7.2036057 ], [ 109.9044263, -7.2036536 ], [ 109.9046825, -7.2038292 ], [ 109.9048769, -7.2039556 ], [ 109.9050942, -7.2041805 ], [ 109.9053269, -7.2045044 ], [ 109.9053463, -7.2045018 ], [ 109.9054188, -7.2045889 ], [ 109.9054429, -7.2045856 ], [ 109.9054864, -7.2046215 ], [ 109.905634, -7.2045463 ], [ 109.9056803, -7.2045437 ], [ 109.9059874, -7.2043973 ], [ 109.9059096, -7.2040647 ], [ 109.9059096, -7.2038545 ], [ 109.9059807, -7.2038212 ], [ 109.9062113, -7.2038199 ], [ 109.9063951, -7.2038265 ], [ 109.9067572, -7.2038172 ], [ 109.9068859, -7.203776 ], [ 109.9070723, -7.2036549 ], [ 109.9072802, -7.2036742 ], [ 109.9075122, -7.2036675 ], [ 109.9074613, -7.2038186 ], [ 109.9073526, -7.2042523 ], [ 109.9072118, -7.2046664 ], [ 109.907247, -7.2047519 ], [ 109.9073003, -7.2048564 ], [ 109.9073352, -7.2050952 ], [ 109.9073302, -7.2052848 ], [ 109.9073452, -7.2054212 ], [ 109.90736, -7.205514 ], [ 109.9074143, -7.2057491 ], [ 109.90748, -7.2059427 ], [ 109.9075317, -7.2061243 ], [ 109.9075665, -7.2063036 ], [ 109.9076819, -7.2067058 ], [ 109.9077858, -7.2071073 ], [ 109.9078475, -7.2073271 ], [ 109.9078904, -7.2075959 ] ] } },
{ "type": "Feature", "properties": { "waterway": "stream", "name": null }, "geometry": { "type": "LineString", "coordinates": [ [ 109.9008114, -7.1998336 ], [ 109.90081, -7.1997052 ], [ 109.90081, -7.1995835 ], [ 109.9008047, -7.1994484 ], [ 109.9008027, -7.1993992 ], [ 109.9006498, -7.1992795 ], [ 109.9005807, -7.1992163 ], [ 109.900517, -7.1991591 ], [ 109.90045, -7.1991404 ], [ 109.9003916, -7.1991391 ], [ 109.9003588, -7.1991291 ], [ 109.9003366, -7.1990885 ], [ 109.9003487, -7.1989981 ], [ 109.9003279, -7.1989269 ], [ 109.9003326, -7.1988876 ], [ 109.9003293, -7.1987705 ], [ 109.9003091, -7.1986674 ], [ 109.9003165, -7.1986322 ], [ 109.9003407, -7.1985656 ], [ 109.9003373, -7.1985084 ], [ 109.9003152, -7.1984532 ], [ 109.9002749, -7.1984046 ], [ 109.9002186, -7.1983687 ], [ 109.9001308, -7.1983288 ], [ 109.9000785, -7.1982796 ], [ 109.9, -7.1982423 ], [ 109.8999598, -7.198241 ], [ 109.8998451, -7.198239 ], [ 109.8997781, -7.1981804 ], [ 109.8997325, -7.1981332 ], [ 109.8995648, -7.1981159 ], [ 109.8995139, -7.1980853 ], [ 109.8994803, -7.1979642 ], [ 109.8994133, -7.1978738 ], [ 109.8992403, -7.1978259 ], [ 109.8991571, -7.1977753 ], [ 109.8989908, -7.1977221 ], [ 109.8989305, -7.1977061 ], [ 109.8988634, -7.1976609 ], [ 109.8987266, -7.1976236 ], [ 109.8984893, -7.1976276 ], [ 109.898268, -7.1977101 ], [ 109.8981889, -7.1977407 ], [ 109.8981003, -7.1977514 ], [ 109.8980159, -7.1977553 ], [ 109.8978496, -7.1977261 ], [ 109.8977664, -7.1977207 ], [ 109.8975518, -7.1977926 ], [ 109.8974754, -7.1978671 ], [ 109.8974097, -7.1979882 ], [ 109.897356, -7.1981665 ], [ 109.8973145, -7.1982503 ], [ 109.8973024, -7.1983128 ], [ 109.8973104, -7.198406 ], [ 109.8973037, -7.1984805 ], [ 109.8972809, -7.1985523 ], [ 109.8972957, -7.1986362 ], [ 109.8972876, -7.198724 ], [ 109.8972608, -7.1988238 ], [ 109.8972206, -7.1988477 ], [ 109.8970838, -7.1988703 ], [ 109.8970127, -7.1989116 ], [ 109.8969108, -7.1990047 ], [ 109.8968142, -7.1990979 ], [ 109.8967646, -7.1991537 ], [ 109.8967398, -7.199185 ], [ 109.8967351, -7.1992755 ], [ 109.8967445, -7.1993181 ], [ 109.8967277, -7.199358 ], [ 109.8966882, -7.1993952 ], [ 109.8966338, -7.1994032 ], [ 109.8965916, -7.1993999 ], [ 109.8965507, -7.1993746 ], [ 109.8965145, -7.1993427 ], [ 109.8964756, -7.1992761 ], [ 109.8963844, -7.1992529 ], [ 109.8962221, -7.1992449 ], [ 109.896035, -7.1992768 ], [ 109.8959177, -7.1993413 ], [ 109.8958319, -7.1994398 ], [ 109.8957226, -7.1995462 ], [ 109.8956803, -7.1995928 ], [ 109.895632, -7.1996141 ], [ 109.8955878, -7.1995895 ], [ 109.8955274, -7.199505 ], [ 109.8954698, -7.1994544 ], [ 109.8954322, -7.1994484 ], [ 109.8953699, -7.1994817 ], [ 109.8952237, -7.1995569 ], [ 109.8951969, -7.1995901 ], [ 109.8952089, -7.199658 ], [ 109.8952049, -7.1997179 ], [ 109.89517, -7.1997631 ], [ 109.8951164, -7.1997857 ], [ 109.8950601, -7.1997684 ], [ 109.8950252, -7.1997764 ], [ 109.8949072, -7.1998895 ], [ 109.8948374, -7.1999627 ], [ 109.8948388, -7.2000186 ], [ 109.8948321, -7.2000638 ], [ 109.89482, -7.2001317 ], [ 109.8947395, -7.200117 ], [ 109.8946859, -7.200121 ], [ 109.8946631, -7.2001423 ], [ 109.894643, -7.2001876 ], [ 109.8946269, -7.2002408 ], [ 109.8946054, -7.2002554 ], [ 109.8945598, -7.2002834 ], [ 109.8945504, -7.2003326 ], [ 109.8945679, -7.2004137 ], [ 109.8946618, -7.2004843 ], [ 109.8947234, -7.2005268 ], [ 109.8947369, -7.2005707 ], [ 109.8947167, -7.20062 ], [ 109.8946778, -7.2006958 ], [ 109.8946644, -7.2007344 ], [ 109.8946423, -7.200767 ] ] } },
{ "type": "Feature", "properties": { "waterway": "stream", "name": null }, "geometry": { "type": "LineString", "coordinates": [ [ 109.8991042, -7.2020849 ], [ 109.8990378, -7.2020849 ], [ 109.8989949, -7.2020749 ], [ 109.8989519, -7.2020456 ], [ 109.8989365, -7.202019 ], [ 109.8989184, -7.2019705 ], [ 109.8988822, -7.2019365 ], [ 109.8987561, -7.2019332 ], [ 109.8987032, -7.2019339 ], [ 109.8986743, -7.2019239 ], [ 109.8986462, -7.2018999 ], [ 109.8985697, -7.2019206 ], [ 109.8985489, -7.2019226 ], [ 109.8984323, -7.201858 ], [ 109.8983947, -7.20185 ], [ 109.8983481, -7.2018328 ], [ 109.8981563, -7.2017975 ], [ 109.8981044, -7.2017859 ], [ 109.8979837, -7.2016844 ], [ 109.8978817, -7.201554 ], [ 109.8978683, -7.201538 ], [ 109.8977503, -7.2014848 ], [ 109.8976115, -7.2014442 ], [ 109.897464, -7.2013777 ], [ 109.8974285, -7.2013704 ], [ 109.8973111, -7.2013571 ], [ 109.8972829, -7.2013444 ], [ 109.8970348, -7.201228 ], [ 109.8969993, -7.2012127 ], [ 109.896898, -7.2012047 ], [ 109.8967787, -7.2011928 ], [ 109.8966117, -7.2011881 ], [ 109.8964226, -7.2011874 ], [ 109.8963529, -7.2011874 ], [ 109.8963321, -7.2011775 ], [ 109.8963083, -7.2011449 ], [ 109.896204, -7.2010125 ], [ 109.8961403, -7.2009193 ], [ 109.8960951, -7.2008774 ], [ 109.8960786, -7.2008778 ], [ 109.8960481, -7.2008824 ], [ 109.8960384, -7.2008897 ], [ 109.896032, -7.2009177 ], [ 109.8960213, -7.2010657 ], [ 109.8960062, -7.20109 ], [ 109.8959556, -7.2011911 ], [ 109.89592, -7.2012347 ], [ 109.895908, -7.2012483 ], [ 109.8958681, -7.2012513 ], [ 109.8957715, -7.201261 ], [ 109.8957326, -7.2012689 ], [ 109.8957226, -7.2012676 ], [ 109.8957175, -7.2012543 ], [ 109.8957155, -7.2012284 ], [ 109.8957031, -7.2012057 ], [ 109.8956652, -7.2011971 ], [ 109.8956465, -7.2011994 ], [ 109.8955841, -7.2012304 ], [ 109.8954969, -7.2012679 ], [ 109.895397, -7.2013158 ], [ 109.8953575, -7.2013165 ], [ 109.8952917, -7.2013182 ], [ 109.8952207, -7.2012936 ], [ 109.8951925, -7.2012842 ], [ 109.8951791, -7.2012936 ], [ 109.8951263, -7.201344 ], [ 109.8951006, -7.2013539 ], [ 109.8950886, -7.2013526 ], [ 109.8950787, -7.2013438 ], [ 109.8950711, -7.2013321 ], [ 109.8950532, -7.2013218 ], [ 109.8950433, -7.201329 ], [ 109.8950285, -7.2013438 ] ] } },
{ "type": "Feature", "properties": { "waterway": "stream", "name": null }, "geometry": { "type": "LineString", "coordinates": [ [ 109.8961061, -7.203744 ], [ 109.8960015, -7.2035511 ], [ 109.8959666, -7.2033848 ], [ 109.8959599, -7.2033103 ], [ 109.8959371, -7.2030854 ], [ 109.895909, -7.2027501 ], [ 109.8958956, -7.2026264 ], [ 109.8958728, -7.20251 ], [ 109.8957916, -7.202506 ], [ 109.8956803, -7.20249 ], [ 109.8956709, -7.2024628 ], [ 109.8956844, -7.2023483 ], [ 109.8956361, -7.2022376 ], [ 109.8956163, -7.2021933 ], [ 109.8954812, -7.2021052 ], [ 109.895402, -7.2020536 ], [ 109.895394, -7.2020037 ], [ 109.8953819, -7.201864 ], [ 109.8953558, -7.2017483 ], [ 109.895278, -7.2016192 ], [ 109.8952002, -7.2015267 ], [ 109.895106, -7.2014825 ], [ 109.8950265, -7.2014037 ], [ 109.8950212, -7.201394 ], [ 109.8950285, -7.2013438 ], [ 109.8950017, -7.201317 ], [ 109.8949796, -7.2013084 ], [ 109.8949441, -7.201299 ], [ 109.8948698, -7.2012543 ], [ 109.8948254, -7.2012202 ], [ 109.8947669, -7.2011753 ], [ 109.8945823, -7.2010677 ], [ 109.894473, -7.2010058 ], [ 109.8943439, -7.2009506 ], [ 109.8942306, -7.2009027 ], [ 109.8941699, -7.2008705 ], [ 109.8941153, -7.2008482 ], [ 109.8939594, -7.2008535 ], [ 109.8939305, -7.2008532 ], [ 109.8939201, -7.2008369 ], [ 109.8938671, -7.2008262 ] ] } },
{ "type": "Feature", "properties": { "waterway": "stream", "name": null }, "geometry": { "type": "LineString", "coordinates": [ [ 109.9115308, -7.2269823 ], [ 109.9114645, -7.2269956 ], [ 109.9114054, -7.2269869 ], [ 109.9113444, -7.2269836 ], [ 109.9112861, -7.226977 ], [ 109.9112003, -7.226975 ], [ 109.9111526, -7.2269836 ], [ 109.9110923, -7.2270362 ], [ 109.9110333, -7.2270182 ], [ 109.9108415, -7.2269244 ], [ 109.9106403, -7.2268306 ], [ 109.9105451, -7.2267428 ], [ 109.9104754, -7.2266131 ], [ 109.910466, -7.2265406 ], [ 109.9104774, -7.2263716 ], [ 109.9103473, -7.2262273 ], [ 109.9101958, -7.2260762 ], [ 109.9100201, -7.2259831 ], [ 109.9097988, -7.2258913 ], [ 109.9096097, -7.2257982 ], [ 109.9094407, -7.2257117 ], [ 109.9092449, -7.2255321 ], [ 109.909139, -7.2254363 ], [ 109.9090156, -7.2253192 ], [ 109.9090129, -7.2252367 ], [ 109.9089539, -7.2251529 ], [ 109.9088573, -7.2250638 ], [ 109.9087527, -7.2249507 ], [ 109.908687, -7.2248882 ], [ 109.9086495, -7.2248083 ], [ 109.9086481, -7.2247458 ], [ 109.908624, -7.2246394 ], [ 109.9085905, -7.2245449 ], [ 109.9084939, -7.2243892 ], [ 109.9083558, -7.2242176 ], [ 109.9082337, -7.2240846 ], [ 109.9081871, -7.2240084 ], [ 109.9080668, -7.2239053 ], [ 109.907942, -7.2237995 ], [ 109.9078109, -7.2236974 ], [ 109.907702, -7.223573 ], [ 109.9076711, -7.2234293 ], [ 109.9076825, -7.2231971 ], [ 109.9076856, -7.2231226 ], [ 109.9077023, -7.2230175 ], [ 109.9076544, -7.2229118 ], [ 109.9075565, -7.2226969 ], [ 109.9075162, -7.2225372 ], [ 109.9072534, -7.2221873 ], [ 109.9070026, -7.2220183 ], [ 109.9067143, -7.221884 ], [ 109.9066868, -7.221854 ], [ 109.9066807, -7.2218228 ], [ 109.9066814, -7.2217795 ], [ 109.9066794, -7.2216877 ], [ 109.9066398, -7.2216099 ], [ 109.906505, -7.2215181 ], [ 109.9061684, -7.2214502 ], [ 109.9060115, -7.2214862 ], [ 109.905866, -7.2215726 ], [ 109.905687, -7.221725 ], [ 109.905579, -7.2217755 ], [ 109.9055099, -7.2217569 ], [ 109.9054597, -7.2217489 ], [ 109.9053986, -7.2217735 ], [ 109.9053128, -7.2218015 ], [ 109.905227, -7.2217789 ], [ 109.9051378, -7.2217463 ], [ 109.9050734, -7.221739 ], [ 109.9050278, -7.2217616 ], [ 109.9049668, -7.2217782 ], [ 109.9049071, -7.2217483 ], [ 109.904879, -7.221709 ], [ 109.9048313, -7.2216811 ], [ 109.9047703, -7.2216797 ], [ 109.9047194, -7.2216877 ], [ 109.9046986, -7.2216578 ], [ 109.9046074, -7.2215194 ], [ 109.9044753, -7.2214749 ], [ 109.904364, -7.2214729 ], [ 109.9042124, -7.2215041 ], [ 109.9041916, -7.2215247 ], [ 109.9040978, -7.2215913 ], [ 109.9040481, -7.2215859 ], [ 109.9040267, -7.221552 ], [ 109.9039764, -7.2214443 ], [ 109.9038711, -7.2213877 ], [ 109.9038215, -7.2213664 ], [ 109.9037873, -7.2213012 ] ] } },
{ "type": "Feature", "properties": { "waterway": "stream", "name": null }, "geometry": { "type": "LineString", "coordinates": [ [ 109.8872589, -7.2222898 ], [ 109.8871703, -7.2223536 ], [ 109.8870322, -7.2224162 ], [ 109.8869719, -7.2224614 ], [ 109.8868833, -7.2225292 ], [ 109.8867989, -7.2226144 ], [ 109.8866875, -7.2226809 ], [ 109.8865601, -7.2227288 ], [ 109.8864636, -7.2227594 ], [ 109.886371, -7.2228406 ], [ 109.886308, -7.2228792 ], [ 109.8862423, -7.2229337 ], [ 109.8862329, -7.2229869 ], [ 109.886241, -7.2230228 ], [ 109.8862021, -7.2230787 ], [ 109.8861296, -7.2231759 ], [ 109.8860599, -7.2232876 ], [ 109.8859861, -7.2233847 ], [ 109.8859392, -7.2234566 ], [ 109.8858896, -7.223575 ], [ 109.8858789, -7.2236202 ], [ 109.8858923, -7.2236601 ], [ 109.8859128, -7.2237297 ] ] } },
{ "type": "Feature", "properties": { "waterway": "stream", "name": null }, "geometry": { "type": "LineString", "coordinates": [ [ 109.8955764, -7.2195197 ], [ 109.8954892, -7.2195317 ], [ 109.8954423, -7.2195171 ], [ 109.8953269, -7.2194625 ], [ 109.8951244, -7.2193814 ], [ 109.8949957, -7.2193508 ], [ 109.894871, -7.2193521 ], [ 109.8948053, -7.2193561 ], [ 109.8946886, -7.219416 ], [ 109.8946564, -7.219408 ], [ 109.8946269, -7.2193907 ], [ 109.8945545, -7.2192949 ], [ 109.8944941, -7.219235 ], [ 109.8944177, -7.2191978 ], [ 109.8943573, -7.2191871 ], [ 109.8942165, -7.2192017 ], [ 109.8940918, -7.219227 ], [ 109.8940086, -7.2192696 ], [ 109.8939389, -7.2193215 ], [ 109.8938826, -7.2193348 ], [ 109.8937927, -7.2193867 ], [ 109.8937337, -7.2194253 ], [ 109.8936492, -7.2194851 ], [ 109.8936385, -7.2195157 ], [ 109.8935795, -7.219565 ], [ 109.893546, -7.2195809 ], [ 109.8934722, -7.2195956 ], [ 109.8933756, -7.2196714 ], [ 109.8933408, -7.2197419 ], [ 109.8932898, -7.2198164 ], [ 109.8932308, -7.2198643 ], [ 109.8931772, -7.2198776 ], [ 109.8930994, -7.219879 ], [ 109.8929612, -7.219871 ], [ 109.8929116, -7.2199016 ], [ 109.892866, -7.2199016 ], [ 109.8927574, -7.2199069 ], [ 109.8926675, -7.2199481 ], [ 109.8925884, -7.2200213 ], [ 109.8925468, -7.2200599 ], [ 109.892524, -7.2201078 ], [ 109.8924462, -7.2201411 ], [ 109.8923685, -7.2201876 ], [ 109.892347, -7.2202661 ], [ 109.8923537, -7.2203273 ], [ 109.8923953, -7.2204431 ], [ 109.8924194, -7.2205482 ], [ 109.892453, -7.2206546 ], [ 109.8924758, -7.2206932 ], [ 109.8924791, -7.2207025 ], [ 109.8924114, -7.220779 ], [ 109.8922558, -7.2207903 ], [ 109.8920882, -7.2208156 ], [ 109.8919849, -7.2208369 ], [ 109.8919058, -7.2208941 ], [ 109.8918146, -7.2210059 ], [ 109.8917636, -7.2211043 ], [ 109.8916765, -7.2212028 ], [ 109.8915839, -7.221252 ], [ 109.8914713, -7.2212573 ], [ 109.8913304, -7.2212414 ], [ 109.8912366, -7.2212387 ], [ 109.8911186, -7.2212347 ], [ 109.8910797, -7.2212706 ], [ 109.8910274, -7.2213531 ], [ 109.8909952, -7.2214103 ], [ 109.8909496, -7.221421 ], [ 109.8908932, -7.2214236 ], [ 109.890849, -7.2214409 ], [ 109.8908409, -7.2214675 ], [ 109.8907712, -7.2215886 ], [ 109.8906988, -7.2216605 ], [ 109.8906277, -7.2217509 ], [ 109.890558, -7.2217775 ], [ 109.8904131, -7.2217642 ], [ 109.8903179, -7.221711 ], [ 109.8902656, -7.221703 ], [ 109.8901945, -7.2216764 ], [ 109.8900671, -7.2216312 ], [ 109.8899679, -7.2216378 ], [ 109.889866, -7.2216485 ], [ 109.8897144, -7.2216844 ], [ 109.8896125, -7.221711 ], [ 109.8894596, -7.2217602 ], [ 109.8892719, -7.2218454 ], [ 109.8891874, -7.221892 ], [ 109.8891579, -7.2219372 ], [ 109.8890895, -7.2220064 ], [ 109.8889714, -7.2220809 ], [ 109.8888145, -7.2221235 ], [ 109.8886938, -7.2221381 ], [ 109.8885812, -7.222198 ], [ 109.8884927, -7.2222206 ], [ 109.8884109, -7.2222791 ], [ 109.8883586, -7.2223071 ], [ 109.8882245, -7.2223669 ], [ 109.8880287, -7.2225492 ], [ 109.8877698, -7.2228126 ], [ 109.8875834, -7.2229896 ], [ 109.8874024, -7.2232051 ], [ 109.8872401, -7.2233435 ], [ 109.8871677, -7.2234007 ], [ 109.8870161, -7.2234965 ], [ 109.8868968, -7.2235577 ], [ 109.8868123, -7.2236389 ], [ 109.8867358, -7.2237187 ], [ 109.8865132, -7.2238464 ], [ 109.8864435, -7.2238517 ], [ 109.8863979, -7.2238597 ], [ 109.886308, -7.2238131 ], [ 109.8862302, -7.2237613 ], [ 109.8860961, -7.2237267 ], [ 109.8859915, -7.223716 ], [ 109.8859285, -7.22372 ], [ 109.8859128, -7.2237297 ], [ 109.8858641, -7.2237599 ], [ 109.8857635, -7.2237892 ], [ 109.8856643, -7.2237919 ], [ 109.8855959, -7.2238251 ], [ 109.8855543, -7.2238903 ], [ 109.8855878, -7.2239861 ], [ 109.885612, -7.2240726 ], [ 109.8856267, -7.2241364 ], [ 109.885615, -7.2242588 ], [ 109.8855925, -7.2242941 ], [ 109.885441, -7.2243992 ], [ 109.8852948, -7.2244554 ], [ 109.8850776, -7.2245615 ], [ 109.884928, -7.22465 ], [ 109.8846605, -7.2247777 ], [ 109.8844063, -7.2248549 ], [ 109.8842588, -7.2248735 ], [ 109.8840878, -7.2249427 ], [ 109.8839369, -7.2249826 ], [ 109.8836198, -7.2251063 ], [ 109.8834857, -7.2252028 ], [ 109.8833113, -7.2252893 ], [ 109.8832161, -7.2252846 ], [ 109.8831578, -7.225276 ], [ 109.8830967, -7.2252041 ], [ 109.8830391, -7.2251695 ], [ 109.8829821, -7.2251656 ], [ 109.8828332, -7.2252314 ], [ 109.8826803, -7.2253565 ], [ 109.8826005, -7.2254004 ], [ 109.8824859, -7.2254403 ], [ 109.8823357, -7.225407 ], [ 109.8822458, -7.2253977 ], [ 109.8820634, -7.2253585 ], [ 109.8819581, -7.2252946 ], [ 109.8818891, -7.2252341 ], [ 109.8818589, -7.2251749 ], [ 109.8817845, -7.2250644 ], [ 109.8817087, -7.2249866 ], [ 109.8816007, -7.224952 ], [ 109.8814633, -7.2248682 ], [ 109.8813238, -7.2247551 ], [ 109.8812373, -7.224664 ], [ 109.8811367, -7.2245728 ], [ 109.8810107, -7.2245203 ], [ 109.8809171, -7.2244804 ] ] } },
{ "type": "Feature", "properties": { "waterway": "stream", "name": null }, "geometry": { "type": "LineString", "coordinates": [ [ 109.8843473, -7.2227488 ], [ 109.8843004, -7.2228871 ], [ 109.8842293, -7.2230295 ], [ 109.8841327, -7.2231373 ], [ 109.8840281, -7.223245 ], [ 109.8839048, -7.2233036 ], [ 109.883713, -7.2233834 ], [ 109.8835427, -7.2234952 ], [ 109.8834971, -7.2235231 ], [ 109.8833308, -7.223587 ], [ 109.8830719, -7.2236601 ], [ 109.8829901, -7.2236761 ], [ 109.8828761, -7.2237573 ], [ 109.8826803, -7.223865 ], [ 109.8824738, -7.2239409 ], [ 109.882282, -7.2239874 ], [ 109.8821492, -7.2239888 ], [ 109.8819521, -7.2239755 ], [ 109.8818488, -7.2239755 ], [ 109.8816463, -7.2239967 ], [ 109.8815672, -7.2240699 ], [ 109.8814934, -7.2240752 ], [ 109.8814076, -7.2240633 ], [ 109.8812789, -7.2241045 ], [ 109.8811984, -7.224175 ], [ 109.8811313, -7.2242934 ], [ 109.8810549, -7.2243852 ], [ 109.8809651, -7.2244531 ], [ 109.8809171, -7.2244804 ], [ 109.8808601, -7.2244681 ], [ 109.8807974, -7.2244444 ] ] } },
{ "type": "Feature", "properties": { "waterway": "stream", "name": null }, "geometry": { "type": "LineString", "coordinates": [ [ 109.8897721, -7.2110139 ], [ 109.8895763, -7.2111363 ], [ 109.8893175, -7.21128 ], [ 109.8891599, -7.2113752 ], [ 109.8890365, -7.2114404 ], [ 109.8888469, -7.2115353 ], [ 109.8887931, -7.2115599 ], [ 109.8885453, -7.2116656 ], [ 109.8883156, -7.2117244 ], [ 109.8881795, -7.2117144 ], [ 109.8879991, -7.2116905 ], [ 109.8877655, -7.2116912 ], [ 109.8875697, -7.2117108 ], [ 109.8874912, -7.2117381 ], [ 109.8873514, -7.2118162 ], [ 109.8872307, -7.2119333 ], [ 109.8871504, -7.2119967 ], [ 109.8870791, -7.2120309 ], [ 109.8870153, -7.212065 ], [ 109.8869989, -7.2120684 ], [ 109.8869028, -7.2120594 ], [ 109.8868515, -7.2120551 ], [ 109.886714, -7.2120225 ], [ 109.8865387, -7.2119719 ], [ 109.8864012, -7.2118801 ], [ 109.886303, -7.2118132 ], [ 109.8862366, -7.2117687 ], [ 109.8861679, -7.2116962 ], [ 109.8861008, -7.2116233 ], [ 109.8860267, -7.2115362 ], [ 109.8859023, -7.2114676 ], [ 109.8858068, -7.211438 ], [ 109.8857199, -7.2114354 ], [ 109.8856579, -7.2114623 ], [ 109.8856331, -7.211468 ], [ 109.8855362, -7.211463 ], [ 109.8853994, -7.2114853 ], [ 109.8853062, -7.2115255 ], [ 109.8852392, -7.2115827 ], [ 109.8851969, -7.2116233 ], [ 109.8851513, -7.2116978 ], [ 109.8851533, -7.2117617 ], [ 109.8852217, -7.211944 ], [ 109.8851721, -7.2121256 ], [ 109.8851942, -7.2124722 ], [ 109.8852143, -7.2126052 ], [ 109.8852338, -7.2127888 ], [ 109.885207, -7.2129778 ], [ 109.8851439, -7.2132917 ], [ 109.8851211, -7.2134048 ], [ 109.8851185, -7.2135073 ], [ 109.8851198, -7.2136523 ], [ 109.8851386, -7.213804 ], [ 109.8851647, -7.2139078 ], [ 109.8851882, -7.2139776 ], [ 109.8852003, -7.2140734 ], [ 109.8852177, -7.2141406 ], [ 109.8852606, -7.2142018 ], [ 109.8853558, -7.214281 ], [ 109.8855456, -7.2143249 ], [ 109.8856093, -7.2143788 ], [ 109.8859057, -7.2145071 ], [ 109.8860867, -7.2145803 ], [ 109.8863489, -7.2146914 ], [ 109.8866031, -7.2148145 ], [ 109.8867003, -7.2149422 ], [ 109.8867083, -7.2149954 ], [ 109.8866601, -7.2151225 ], [ 109.8865702, -7.215352 ], [ 109.8868787, -7.2154844 ], [ 109.8868968, -7.215527 ], [ 109.8869142, -7.2155855 ], [ 109.886768, -7.2159873 ], [ 109.8866567, -7.2163771 ], [ 109.8865816, -7.2166073 ], [ 109.8865548, -7.2166725 ], [ 109.8864931, -7.2167084 ], [ 109.8865682, -7.2168761 ], [ 109.8866326, -7.2170863 ], [ 109.8865803, -7.2172366 ], [ 109.8865548, -7.2174695 ], [ 109.8865333, -7.2175772 ], [ 109.8862906, -7.2177209 ], [ 109.8861068, -7.2176943 ], [ 109.8860224, -7.2177183 ], [ 109.8859633, -7.2178154 ], [ 109.8859352, -7.2178979 ], [ 109.8858426, -7.2179405 ], [ 109.885722, -7.2179657 ], [ 109.8856281, -7.218019 ], [ 109.8855543, -7.2181347 ], [ 109.885494, -7.2181986 ], [ 109.8852995, -7.2183316 ], [ 109.885219, -7.2184687 ], [ 109.8852217, -7.2186336 ], [ 109.8852351, -7.2187747 ], [ 109.8851761, -7.2188705 ], [ 109.8850125, -7.218937 ], [ 109.8848543, -7.2189689 ], [ 109.8848248, -7.2190727 ], [ 109.884865, -7.2191552 ], [ 109.8848435, -7.2192802 ], [ 109.8847765, -7.2194106 ], [ 109.8847738, -7.219549 ], [ 109.8848167, -7.2197193 ], [ 109.8848543, -7.2198204 ], [ 109.8848516, -7.2200572 ], [ 109.8848811, -7.2202329 ], [ 109.884865, -7.2205069 ], [ 109.8848006, -7.2205495 ], [ 109.8846719, -7.2205894 ], [ 109.8843902, -7.2207172 ], [ 109.8841998, -7.2209327 ], [ 109.8841569, -7.2210152 ], [ 109.8840979, -7.2211881 ], [ 109.8839745, -7.2213026 ], [ 109.8838913, -7.2213558 ], [ 109.8838484, -7.2214356 ], [ 109.8837921, -7.2214968 ], [ 109.8836607, -7.2216139 ], [ 109.8835427, -7.2216299 ], [ 109.883422, -7.2216458 ], [ 109.8832959, -7.221848 ], [ 109.883202, -7.2219359 ], [ 109.8831189, -7.2220237 ], [ 109.8829794, -7.2221514 ], [ 109.8828506, -7.2222844 ], [ 109.8827085, -7.222327 ], [ 109.8825181, -7.2223723 ], [ 109.8823759, -7.2224015 ], [ 109.8822874, -7.2224654 ], [ 109.882215, -7.2225638 ], [ 109.8821533, -7.2226516 ], [ 109.882054, -7.2227049 ], [ 109.8819977, -7.2227687 ], [ 109.8819521, -7.2228326 ], [ 109.8817939, -7.2229177 ], [ 109.8816168, -7.2230215 ], [ 109.8814934, -7.2230934 ], [ 109.8814049, -7.223096 ], [ 109.8812494, -7.2231492 ], [ 109.8809758, -7.2232583 ], [ 109.880839, -7.2233541 ], [ 109.880839, -7.2234845 ], [ 109.8808631, -7.2236202 ], [ 109.8808846, -7.2237958 ], [ 109.8809114, -7.2239395 ], [ 109.8808953, -7.2240167 ], [ 109.8807827, -7.2241019 ], [ 109.8807853, -7.2242615 ], [ 109.8807917, -7.2243985 ], [ 109.8807974, -7.2244444 ], [ 109.8806995, -7.2244937 ], [ 109.8805473, -7.2246234 ], [ 109.8804514, -7.2247378 ], [ 109.8804139, -7.2247704 ], [ 109.880322, -7.224823 ], [ 109.8801376, -7.2249061 ], [ 109.8799907, -7.2250425 ], [ 109.8798539, -7.2250618 ], [ 109.8797433, -7.2250691 ], [ 109.879567, -7.2252427 ], [ 109.8794637, -7.2253625 ], [ 109.8793457, -7.225425 ], [ 109.8792122, -7.2254829 ], [ 109.879107, -7.2255055 ], [ 109.8789293, -7.225419 ], [ 109.8788682, -7.2253232 ], [ 109.8787891, -7.2252208 ], [ 109.8786812, -7.2251749 ], [ 109.8785799, -7.2251908 ], [ 109.8785135, -7.2252221 ], [ 109.8784143, -7.2253724 ], [ 109.878362, -7.225415 ], [ 109.8782064, -7.225411 ], [ 109.8780683, -7.2255055 ], [ 109.8779677, -7.2255999 ], [ 109.8779663, -7.2257875 ], [ 109.8779342, -7.2259166 ], [ 109.877843, -7.2259685 ], [ 109.8777652, -7.2260164 ], [ 109.8776995, -7.2260204 ], [ 109.8774688, -7.225866 ], [ 109.8773575, -7.2258088 ], [ 109.87721, -7.2258381 ], [ 109.8771241, -7.2258607 ], [ 109.8770356, -7.2258381 ], [ 109.8769592, -7.2257663 ], [ 109.8767218, -7.2256871 ], [ 109.8766024, -7.2256372 ], [ 109.8762538, -7.2254656 ], [ 109.8761525, -7.2254163 ], [ 109.8760546, -7.2254044 ], [ 109.875956, -7.2254183 ], [ 109.8758903, -7.225399 ], [ 109.8757582, -7.2253512 ], [ 109.875657, -7.2253033 ], [ 109.8755772, -7.2252653 ], [ 109.8755161, -7.2252577 ], [ 109.8754457, -7.2251782 ], [ 109.8753753, -7.2250944 ], [ 109.8753277, -7.2250279 ], [ 109.875262, -7.2250006 ], [ 109.8751641, -7.2250398 ], [ 109.8750333, -7.2251057 ], [ 109.8749636, -7.2251483 ], [ 109.8747926, -7.22528 ], [ 109.8747222, -7.2253059 ], [ 109.8745331, -7.2253139 ], [ 109.8743863, -7.2253345 ], [ 109.8742139, -7.225427 ], [ 109.8740986, -7.2255886 ], [ 109.8740148, -7.2256545 ], [ 109.8738384, -7.2258115 ], [ 109.8736104, -7.2259545 ], [ 109.8735843, -7.2259519 ], [ 109.8735575, -7.2259492 ], [ 109.8733583, -7.2259831 ], [ 109.8732772, -7.2260496 ], [ 109.8732564, -7.2261108 ], [ 109.8732262, -7.22618 ], [ 109.8730794, -7.2263191 ], [ 109.8728326, -7.2265632 ], [ 109.872614, -7.2266856 ], [ 109.8724759, -7.2267495 ], [ 109.8721996, -7.2268492 ], [ 109.872103, -7.2269743 ], [ 109.8720387, -7.2270501 ], [ 109.8719126, -7.2271113 ], [ 109.8717564, -7.2271466 ], [ 109.8715693, -7.2270927 ], [ 109.8714935, -7.2270974 ], [ 109.8711924, -7.2271646 ], [ 109.8709792, -7.2270235 ], [ 109.8708612, -7.2268971 ], [ 109.8707941, -7.2268173 ], [ 109.8705648, -7.2268053 ], [ 109.8704696, -7.2267814 ], [ 109.8702282, -7.2268559 ], [ 109.8700102, -7.2268842 ], [ 109.8698939, -7.2269414 ], [ 109.8697796, -7.226971 ], [ 109.8696844, -7.227104 ], [ 109.8696347, -7.2272923 ], [ 109.8695972, -7.227434 ], [ 109.8695335, -7.2277087 ], [ 109.8695268, -7.2278471 ], [ 109.8694396, -7.2279828 ], [ 109.8694061, -7.2281757 ], [ 109.8692867, -7.228334 ], [ 109.8692277, -7.2283566 ], [ 109.8689421, -7.2283912 ], [ 109.8686752, -7.2284418 ], [ 109.8686175, -7.2284671 ], [ 109.8686242, -7.2285775 ], [ 109.8686363, -7.2287039 ], [ 109.8686658, -7.2289367 ], [ 109.8686175, -7.2290431 ], [ 109.8683949, -7.2292055 ], [ 109.8682567, -7.2294263 ], [ 109.8682071, -7.229566 ], [ 109.8681495, -7.229876 ], [ 109.8680422, -7.2301128 ], [ 109.8677713, -7.2304241 ], [ 109.8675473, -7.2305339 ], [ 109.8672925, -7.2305479 ], [ 109.8670672, -7.2304747 ], [ 109.8669612, -7.2303656 ], [ 109.8667561, -7.2302099 ], [ 109.8664972, -7.2301887 ], [ 109.8662692, -7.2301714 ], [ 109.8659715, -7.230202 ], [ 109.8656349, -7.2303031 ], [ 109.8654592, -7.2303869 ], [ 109.8653345, -7.2306038 ], [ 109.865258, -7.2306956 ], [ 109.8650756, -7.2307355 ], [ 109.864959, -7.2307075 ], [ 109.8648369, -7.2305771 ], [ 109.8646894, -7.2304428 ], [ 109.864554, -7.2303829 ], [ 109.8644239, -7.2304108 ], [ 109.8642884, -7.2306011 ], [ 109.8642495, -7.2307687 ], [ 109.8642348, -7.2309244 ], [ 109.8641838, -7.2310495 ], [ 109.8641127, -7.2311027 ], [ 109.8640202, -7.2311546 ], [ 109.8639746, -7.2312384 ], [ 109.8639598, -7.2314326 ], [ 109.8639438, -7.2316056 ], [ 109.863874, -7.231696 ], [ 109.8638043, -7.2317386 ], [ 109.8637171, -7.231724 ], [ 109.8636816, -7.2316921 ], [ 109.8635756, -7.2316342 ], [ 109.8634596, -7.2317952 ], [ 109.8633067, -7.2318969 ], [ 109.8631646, -7.2320233 ], [ 109.8630908, -7.2320672 ], [ 109.8630372, -7.2320819 ], [ 109.8629084, -7.2321178 ], [ 109.8627529, -7.2322003 ], [ 109.8626, -7.232312 ], [ 109.8625436, -7.2323972 ], [ 109.8624739, -7.2324664 ], [ 109.8623317, -7.2325542 ], [ 109.862254, -7.2325768 ], [ 109.862144, -7.232658 ], [ 109.8619629, -7.2327085 ], [ 109.8617873, -7.2328016 ], [ 109.8617336, -7.2328682 ], [ 109.8616894, -7.2330012 ], [ 109.8616652, -7.2332407 ], [ 109.861621, -7.233419 ], [ 109.8615848, -7.2336132 ], [ 109.8616129, -7.2337476 ], [ 109.8616827, -7.2338766 ], [ 109.8617215, -7.2339338 ], [ 109.8617886, -7.2341148 ] ] } },
{ "type": "Feature", "properties": { "waterway": "stream", "name": null }, "geometry": { "type": "LineString", "coordinates": [ [ 109.8782372, -7.2500371 ], [ 109.8779261, -7.2504202 ], [ 109.8770785, -7.2507501 ], [ 109.8765099, -7.2510269 ], [ 109.8762739, -7.2513036 ], [ 109.8757052, -7.2519634 ], [ 109.8751151, -7.2524956 ], [ 109.8743105, -7.2531022 ], [ 109.8739242, -7.2534641 ], [ 109.8732805, -7.253975 ], [ 109.872787, -7.254422 ], [ 109.872508, -7.2548477 ], [ 109.8721325, -7.2551563 ], [ 109.8715746, -7.2556246 ], [ 109.8711777, -7.2560823 ], [ 109.8710811, -7.256218 ], [ 109.8709068, -7.2562765 ], [ 109.8706493, -7.2562419 ], [ 109.8703274, -7.2563111 ], [ 109.8701423, -7.2564734 ], [ 109.8700404, -7.2565825 ], [ 109.8698634, -7.2567182 ], [ 109.8696434, -7.2568379 ], [ 109.8694772, -7.2569843 ], [ 109.869335, -7.257253 ], [ 109.8692304, -7.2574845 ], [ 109.8689273, -7.257708 ], [ 109.8685974, -7.2578916 ], [ 109.8682648, -7.2579155 ], [ 109.8680395, -7.257865 ], [ 109.8675245, -7.257998 ], [ 109.8671758, -7.2580885 ], [ 109.8668379, -7.2582907 ], [ 109.8664489, -7.2584769 ], [ 109.866237, -7.2585275 ], [ 109.8658803, -7.2586286 ], [ 109.8655879, -7.2587137 ], [ 109.865313, -7.2589465 ], [ 109.8650408, -7.2592299 ], [ 109.8647806, -7.2594561 ], [ 109.8644829, -7.2596716 ], [ 109.8642951, -7.2597195 ], [ 109.8640564, -7.2598259 ], [ 109.8639129, -7.2600295 ], [ 109.8638566, -7.2601851 ], [ 109.863756, -7.2603248 ], [ 109.8636286, -7.2604086 ], [ 109.8635052, -7.2604804 ], [ 109.8634288, -7.2606374 ], [ 109.8633175, -7.2608476 ], [ 109.8631632, -7.2610445 ], [ 109.8629621, -7.2612015 ], [ 109.8628239, -7.2614583 ], [ 109.8627689, -7.2616405 ], [ 109.8625222, -7.2618055 ], [ 109.8624068, -7.2619997 ], [ 109.8623291, -7.2622392 ], [ 109.8620743, -7.2625159 ], [ 109.8618919, -7.2626995 ], [ 109.8615512, -7.2628032 ], [ 109.8613474, -7.2628591 ], [ 109.8610309, -7.2629868 ], [ 109.8607144, -7.2629921 ], [ 109.8602638, -7.2630986 ], [ 109.8601726, -7.2632768 ], [ 109.8602208, -7.2634045 ], [ 109.8601323, -7.2636334 ], [ 109.8598695, -7.2639739 ], [ 109.8595959, -7.2644475 ], [ 109.859392, -7.2646817 ], [ 109.859274, -7.2649371 ], [ 109.8591775, -7.2650648 ], [ 109.8590326, -7.2651446 ], [ 109.8588073, -7.2652564 ], [ 109.8586947, -7.2654852 ], [ 109.8584318, -7.2656981 ], [ 109.8581797, -7.2658683 ], [ 109.8579061, -7.2661158 ], [ 109.8576862, -7.2663286 ], [ 109.8575842, -7.2665122 ], [ 109.8574823, -7.2666931 ], [ 109.8573536, -7.2668155 ], [ 109.85708, -7.2669911 ], [ 109.8569137, -7.2671455 ], [ 109.8569083, -7.2672625 ], [ 109.8569861, -7.2675765 ], [ 109.8570585, -7.2678984 ], [ 109.8570961, -7.2681538 ], [ 109.8570505, -7.2684279 ], [ 109.8568761, -7.2686328 ], [ 109.8566025, -7.268694 ], [ 109.8563987, -7.2687073 ], [ 109.8560822, -7.2687285 ], [ 109.8556691, -7.2687392 ], [ 109.8553982, -7.268835 ], [ 109.8552722, -7.2689813 ], [ 109.8551193, -7.269117 ], [ 109.8550656, -7.2692261 ], [ 109.8550361, -7.2694177 ], [ 109.8551649, -7.2695161 ], [ 109.8553258, -7.2695587 ], [ 109.8554009, -7.2696385 ], [ 109.855409, -7.269729 ], [ 109.855358, -7.2697928 ], [ 109.8552266, -7.2698567 ], [ 109.8550549, -7.2699205 ], [ 109.8549315, -7.2699684 ], [ 109.8546365, -7.2700536 ], [ 109.8544997, -7.270144 ], [ 109.8542905, -7.2703356 ], [ 109.854202, -7.27045 ], [ 109.8540089, -7.2706389 ], [ 109.8538157, -7.2706948 ], [ 109.8536709, -7.2706841 ], [ 109.8535287, -7.2706682 ], [ 109.8533437, -7.2706043 ], [ 109.8531479, -7.2704686 ], [ 109.8530459, -7.2703542 ], [ 109.852877, -7.2702943 ], [ 109.8526999, -7.270317 ], [ 109.8525578, -7.2703915 ], [ 109.8524867, -7.2704699 ], [ 109.8524934, -7.2705577 ], [ 109.852531, -7.2707227 ], [ 109.8524934, -7.2708065 ], [ 109.8524143, -7.2708823 ], [ 109.8523593, -7.2708877 ], [ 109.852252, -7.270889 ], [ 109.8521259, -7.2708784 ], [ 109.8520079, -7.270869 ], [ 109.8518215, -7.2708571 ], [ 109.8515627, -7.2708531 ], [ 109.8514232, -7.2708225 ], [ 109.8513119, -7.270893 ], [ 109.8512797, -7.271026 ], [ 109.8512998, -7.2711391 ], [ 109.8513414, -7.271344 ], [ 109.851391, -7.2714703 ], [ 109.8514245, -7.271606 ], [ 109.8514017, -7.2716752 ], [ 109.8513347, -7.2717604 ], [ 109.8512515, -7.2718402 ], [ 109.8511778, -7.2718854 ], [ 109.8510946, -7.2719812 ], [ 109.8510705, -7.2721142 ], [ 109.8510249, -7.2724175 ], [ 109.851037, -7.2727208 ], [ 109.8510544, -7.2728286 ], [ 109.8511228, -7.2729776 ], [ 109.8510236, -7.273092 ], [ 109.8509806, -7.2730947 ], [ 109.8508143, -7.2730574 ], [ 109.8507446, -7.2729989 ], [ 109.8506588, -7.2729084 ], [ 109.8505837, -7.272794 ], [ 109.8504992, -7.2725293 ], [ 109.8504657, -7.2724149 ], [ 109.8504442, -7.272367 ], [ 109.8503557, -7.2722552 ], [ 109.8503087, -7.2722153 ], [ 109.8501961, -7.272218 ], [ 109.8501237, -7.2722699 ], [ 109.8500539, -7.272347 ], [ 109.8499171, -7.2725146 ], [ 109.8498689, -7.2726304 ], [ 109.8496516, -7.2728592 ], [ 109.8495322, -7.2730202 ], [ 109.849492, -7.2731412 ], [ 109.8494518, -7.2733142 ], [ 109.8494638, -7.2734166 ], [ 109.849437, -7.2735031 ], [ 109.849319, -7.2735603 ], [ 109.8489515, -7.2735922 ], [ 109.8487289, -7.2735377 ], [ 109.8486176, -7.2735377 ], [ 109.8484486, -7.2735776 ], [ 109.8483427, -7.2735749 ], [ 109.8482689, -7.2735749 ], [ 109.8481885, -7.2735799 ], [ 109.8481201, -7.2735842 ], [ 109.8480611, -7.2735855 ], [ 109.847821, -7.2735017 ], [ 109.8475876, -7.2734685 ], [ 109.8473208, -7.2735855 ], [ 109.8470955, -7.2737891 ], [ 109.8470338, -7.2738436 ], [ 109.8468688, -7.2739075 ], [ 109.8467468, -7.2740299 ], [ 109.8466904, -7.2742959 ], [ 109.8467964, -7.2746046 ], [ 109.8468514, -7.2747828 ], [ 109.8467508, -7.2749172 ], [ 109.846555, -7.274997 ], [ 109.8463109, -7.2750662 ], [ 109.846213, -7.2753722 ], [ 109.8462278, -7.2757207 ], [ 109.8462144, -7.2758843 ], [ 109.8461165, -7.276008 ], [ 109.8459837, -7.2760107 ], [ 109.8457812, -7.2759176 ], [ 109.8456323, -7.2759109 ], [ 109.8455559, -7.2760134 ], [ 109.8455197, -7.2762515 ], [ 109.8454727, -7.2764164 ], [ 109.845344, -7.2765521 ], [ 109.8452286, -7.2765867 ], [ 109.845057, -7.2766266 ], [ 109.8446667, -7.2763486 ], [ 109.8443972, -7.2763113 ], [ 109.8441276, -7.2763153 ], [ 109.8438527, -7.2763832 ], [ 109.8437467, -7.2765694 ], [ 109.8436595, -7.2767251 ], [ 109.8435871, -7.2768022 ], [ 109.8434181, -7.2770576 ], [ 109.8435187, -7.2775379 ], [ 109.8437105, -7.2778465 ], [ 109.8436864, -7.2780634 ], [ 109.8436435, -7.2784651 ], [ 109.8434758, -7.2785489 ], [ 109.8432975, -7.2785649 ], [ 109.8430105, -7.2786274 ], [ 109.8428375, -7.2787458 ], [ 109.8427543, -7.2788323 ], [ 109.8428281, -7.2790571 ], [ 109.8428871, -7.2792034 ], [ 109.842993, -7.2794548 ], [ 109.843162, -7.2797848 ], [ 109.8431848, -7.2799417 ], [ 109.843217, -7.2801852 ], [ 109.843162, -7.2805084 ], [ 109.8431057, -7.2808091 ], [ 109.8430306, -7.2809887 ], [ 109.8429823, -7.2811071 ], [ 109.8429313, -7.2811683 ], [ 109.8427476, -7.2811975 ], [ 109.8423372, -7.2811723 ], [ 109.8419376, -7.281123 ], [ 109.8417377, -7.2811643 ], [ 109.8416036, -7.2812933 ], [ 109.8414749, -7.2815634 ], [ 109.8414843, -7.2821061 ], [ 109.8415218, -7.2823828 ] ] } },
{ "type": "Feature", "properties": { "waterway": "stream", "name": null }, "geometry": { "type": "LineString", "coordinates": [ [ 109.8415218, -7.2823828 ], [ 109.84155, -7.2825438 ], [ 109.8415647, -7.2827646 ], [ 109.8415607, -7.2829615 ], [ 109.8415433, -7.2832129 ], [ 109.8415406, -7.2833513 ], [ 109.8414883, -7.283608 ], [ 109.8414534, -7.2837171 ], [ 109.841212, -7.2839233 ], [ 109.8409961, -7.2841215 ], [ 109.8406541, -7.2842532 ], [ 109.840343, -7.2844155 ], [ 109.8402116, -7.284639 ], [ 109.8400399, -7.2849636 ], [ 109.8400345, -7.2850726 ], [ 109.8401405, -7.2852988 ], [ 109.8402773, -7.2855715 ], [ 109.8402424, -7.2859293 ], [ 109.8400989, -7.2861103 ], [ 109.8398843, -7.2862593 ], [ 109.8398012, -7.2862513 ], [ 109.8396067, -7.2861927 ], [ 109.8393707, -7.2860797 ], [ 109.8391843, -7.2857724 ], [ 109.839081, -7.285638 ], [ 109.8389067, -7.285501 ], [ 109.8387296, -7.2855263 ], [ 109.8385634, -7.2856167 ], [ 109.8385647, -7.2857165 ], [ 109.8385513, -7.2857897 ], [ 109.8385553, -7.2860438 ], [ 109.8382804, -7.2861621 ], [ 109.838157, -7.286246 ], [ 109.837933, -7.2864694 ], [ 109.837819, -7.2866277 ], [ 109.8375709, -7.2868286 ], [ 109.8374006, -7.2869244 ], [ 109.8370989, -7.287088 ], [ 109.8369353, -7.2872862 ], [ 109.8368293, -7.2873408 ], [ 109.8365651, -7.2873594 ], [ 109.8362567, -7.2873049 ], [ 109.8358972, -7.2874445 ], [ 109.8357765, -7.2876002 ], [ 109.8354614, -7.2880338 ], [ 109.8354185, -7.2882919 ], [ 109.8354346, -7.2884489 ], [ 109.8356491, -7.2886138 ], [ 109.8358235, -7.2888613 ], [ 109.8358932, -7.2892497 ], [ 109.835743, -7.2897047 ], [ 109.8355177, -7.2900372 ], [ 109.8354506, -7.2906385 ], [ 109.8354399, -7.290987 ], [ 109.8353326, -7.2913861 ], [ 109.8351556, -7.2916468 ], [ 109.8344207, -7.2920326 ], [ 109.8339379, -7.2922109 ], [ 109.8335168, -7.2923758 ], [ 109.833211, -7.2924769 ], [ 109.8331842, -7.292594 ], [ 109.83338, -7.292884 ], [ 109.8335355, -7.2931394 ], [ 109.8335409, -7.2937194 ], [ 109.8334765, -7.294318 ], [ 109.8332566, -7.2946692 ], [ 109.8330742, -7.2949193 ], [ 109.8328053, -7.2950802 ], [ 109.8324935, -7.2949126 ], [ 109.8323809, -7.2947224 ], [ 109.8321944, -7.2945934 ], [ 109.831823, -7.294604 ], [ 109.8316714, -7.2946958 ], [ 109.8315454, -7.2950044 ], [ 109.8315521, -7.2953104 ], [ 109.8316459, -7.2955964 ], [ 109.8316553, -7.2958438 ], [ 109.8314662, -7.2960992 ], [ 109.8310451, -7.2963865 ], [ 109.8304859, -7.2965275 ], [ 109.8303652, -7.296618 ], [ 109.8301318, -7.2967284 ], [ 109.8300728, -7.2968707 ], [ 109.8302217, -7.2971674 ], [ 109.8303249, -7.2972525 ], [ 109.8305449, -7.2974787 ], [ 109.8306683, -7.2976276 ], [ 109.8306978, -7.2977939 ], [ 109.8305798, -7.2979256 ], [ 109.8304792, -7.2980959 ], [ 109.8302364, -7.2981531 ], [ 109.829932, -7.2980094 ], [ 109.8293191, -7.2975412 ], [ 109.8291099, -7.2974215 ], [ 109.8286459, -7.297045 ], [ 109.8283616, -7.2970157 ], [ 109.8282194, -7.2971301 ], [ 109.8281792, -7.2972738 ], [ 109.8281416, -7.2974494 ], [ 109.8278332, -7.2978671 ], [ 109.8276535, -7.2981571 ], [ 109.8274764, -7.2984896 ], [ 109.8273692, -7.2986652 ], [ 109.8272189, -7.2987876 ], [ 109.8268059, -7.298894 ], [ 109.8265048, -7.2989506 ], [ 109.8261125, -7.2989419 ], [ 109.8258242, -7.2988993 ], [ 109.8255788, -7.2989233 ], [ 109.8254862, -7.2990164 ], [ 109.8254366, -7.2992519 ], [ 109.8253736, -7.299498 ], [ 109.8252851, -7.2996403 ], [ 109.8252019, -7.3001511 ], [ 109.8250745, -7.3003533 ], [ 109.824868, -7.3005449 ], [ 109.8247728, -7.3006686 ], [ 109.8248184, -7.3007909 ], [ 109.8251483, -7.301041 ], [ 109.8254782, -7.301347 ], [ 109.8255399, -7.301484 ], [ 109.8254675, -7.3017939 ], [ 109.8253454, -7.3018684 ], [ 109.8252542, -7.3018604 ], [ 109.825041, -7.3017766 ], [ 109.8248251, -7.3017381 ], [ 109.8240432, -7.3017673 ], [ 109.8236838, -7.3018259 ], [ 109.8235175, -7.3020201 ], [ 109.8233861, -7.3022941 ], [ 109.8233686, -7.3026599 ], [ 109.8234451, -7.3032785 ], [ 109.8234276, -7.3035099 ], [ 109.8232533, -7.303607 ], [ 109.823138, -7.303619 ], [ 109.8227423, -7.3034966 ], [ 109.8224513, -7.3033596 ], [ 109.8221992, -7.3034062 ], [ 109.8220932, -7.3035179 ], [ 109.8219672, -7.3036922 ], [ 109.8217177, -7.3037467 ], [ 109.8214146, -7.303627 ], [ 109.8211625, -7.3036296 ], [ 109.8209077, -7.3038345 ], [ 109.8205376, -7.304457 ], [ 109.8203418, -7.3047391 ], [ 109.820095, -7.3048481 ], [ 109.8197865, -7.3048827 ], [ 109.8194137, -7.3049412 ], [ 109.8192045, -7.3050024 ], [ 109.8191535, -7.3051355 ], [ 109.8193279, -7.3053563 ], [ 109.8194459, -7.3054254 ], [ 109.8196551, -7.3056223 ], [ 109.8196873, -7.3058272 ], [ 109.8196471, -7.3059043 ], [ 109.8192742, -7.3059655 ], [ 109.8191079, -7.3059602 ], [ 109.8188156, -7.3061544 ], [ 109.8186681, -7.3062741 ], [ 109.8185045, -7.3065295 ], [ 109.8183435, -7.3066998 ], [ 109.8182858, -7.3067179 ] ] } },
{ "type": "Feature", "properties": { "waterway": "stream", "name": null }, "geometry": { "type": "LineString", "coordinates": [ [ 109.7823054, -7.182241 ], [ 109.7829223, -7.1825178 ], [ 109.7833568, -7.1827892 ], [ 109.7836626, -7.1828903 ], [ 109.7838932, -7.1831032 ], [ 109.7841614, -7.1835822 ], [ 109.7843921, -7.1839229 ], [ 109.784537, -7.1842262 ], [ 109.7846711, -7.1844657 ], [ 109.7850519, -7.1849501 ], [ 109.7852129, -7.1852907 ], [ 109.7853899, -7.1856367 ], [ 109.7854704, -7.1859294 ], [ 109.7854221, -7.1861742 ], [ 109.7853926, -7.186576 ], [ 109.7854623, -7.1867943 ], [ 109.7857976, -7.1871801 ], [ 109.7860926, -7.1873398 ], [ 109.7862965, -7.1874356 ], [ 109.7867256, -7.1878933 ], [ 109.7869617, -7.1880955 ], [ 109.7873157, -7.1884042 ], [ 109.7874498, -7.1887715 ], [ 109.7875223, -7.1892558 ], [ 109.787541, -7.1894793 ], [ 109.7874954, -7.1895778 ], [ 109.7873855, -7.1896763 ], [ 109.7872728, -7.1897987 ], [ 109.7872379, -7.1900355 ], [ 109.7872192, -7.1901739 ], [ 109.7872111, -7.1904906 ], [ 109.7871226, -7.1907274 ], [ 109.7871146, -7.1909642 ], [ 109.7871709, -7.1911771 ], [ 109.78701, -7.1915816 ], [ 109.7869912, -7.1918025 ], [ 109.786849, -7.1922735 ], [ 109.7868705, -7.1925609 ], [ 109.7868812, -7.1927312 ], [ 109.786908, -7.1929973 ], [ 109.7868061, -7.1932315 ], [ 109.786672, -7.1935455 ], [ 109.7865486, -7.1938356 ], [ 109.7864655, -7.1939779 ], [ 109.7864266, -7.1941669 ], [ 109.7862764, -7.1943771 ], [ 109.7860578, -7.1945088 ], [ 109.7859478, -7.1945301 ], [ 109.7856206, -7.1945807 ], [ 109.7855361, -7.1946685 ], [ 109.7855347, -7.1947829 ], [ 109.7855549, -7.194892 ], [ 109.7855119, -7.1949971 ], [ 109.7853658, -7.1951102 ], [ 109.7853027, -7.1952153 ], [ 109.7852987, -7.1953191 ], [ 109.7852786, -7.1953457 ], [ 109.7852491, -7.1954894 ], [ 109.7852088, -7.1955573 ], [ 109.7852263, -7.1956358 ], [ 109.7852531, -7.1957715 ], [ 109.7852732, -7.1959099 ], [ 109.7853081, -7.1960562 ], [ 109.7853349, -7.1961201 ], [ 109.7853228, -7.196164 ], [ 109.7852451, -7.1963463 ], [ 109.7852236, -7.1964833 ], [ 109.7851834, -7.1966696 ], [ 109.7851445, -7.1967628 ], [ 109.7850399, -7.1969836 ], [ 109.7850238, -7.1970808 ], [ 109.7850573, -7.1971872 ], [ 109.7851123, -7.1972737 ], [ 109.7852384, -7.1974307 ], [ 109.7853564, -7.1975225 ], [ 109.7855106, -7.1975797 ], [ 109.7856447, -7.1976622 ], [ 109.7857332, -7.1979469 ], [ 109.7857547, -7.1980733 ], [ 109.7858298, -7.1982144 ], [ 109.7857775, -7.1983009 ], [ 109.7858204, -7.198402 ], [ 109.7858271, -7.1984765 ], [ 109.7858177, -7.1986508 ], [ 109.78576, -7.1987359 ], [ 109.7856984, -7.1988091 ], [ 109.7856541, -7.1989808 ], [ 109.7856876, -7.1991338 ], [ 109.7857346, -7.199356 ], [ 109.7857694, -7.1994691 ], [ 109.7858003, -7.1995928 ], [ 109.785874, -7.1997192 ], [ 109.7857453, -7.1997857 ], [ 109.7856769, -7.1999028 ], [ 109.7856273, -7.2000026 ], [ 109.7855696, -7.2000904 ], [ 109.7855173, -7.2001982 ], [ 109.7854288, -7.200282 ], [ 109.7854033, -7.2004031 ], [ 109.7853577, -7.2005774 ], [ 109.7853349, -7.2007703 ], [ 109.7853081, -7.2010058 ], [ 109.7853094, -7.2011721 ], [ 109.7853336, -7.2013025 ], [ 109.7853725, -7.2014955 ], [ 109.7854355, -7.2015513 ], [ 109.7855763, -7.2016072 ], [ 109.7857091, -7.2016698 ], [ 109.7857413, -7.2017656 ], [ 109.7857279, -7.2019997 ], [ 109.7856836, -7.2021155 ], [ 109.78563, -7.202166 ], [ 109.7855441, -7.2022033 ], [ 109.7855039, -7.2023084 ], [ 109.7854798, -7.2024814 ], [ 109.7854489, -7.2026118 ], [ 109.7853953, -7.2027142 ], [ 109.7853, -7.2027807 ], [ 109.7852075, -7.202806 ], [ 109.7851016, -7.2028114 ], [ 109.7849151, -7.2028433 ], [ 109.7847797, -7.2030748 ], [ 109.7848012, -7.2032331 ], [ 109.7848655, -7.2033316 ], [ 109.7849406, -7.2033382 ], [ 109.7850439, -7.2033303 ], [ 109.7852236, -7.2031466 ], [ 109.7853309, -7.2031041 ], [ 109.7854945, -7.20312 ], [ 109.7855964, -7.2031866 ], [ 109.7856984, -7.203301 ], [ 109.7857305, -7.2035405 ], [ 109.7856742, -7.20378 ], [ 109.7856273, -7.2039702 ], [ 109.7855455, -7.2041645 ], [ 109.7855857, -7.2043747 ], [ 109.7856943, -7.2044266 ], [ 109.7859626, -7.2045424 ], [ 109.7861664, -7.20469 ], [ 109.786153, -7.2047912 ], [ 109.7861141, -7.2048311 ], [ 109.7860444, -7.2048643 ], [ 109.7859585, -7.2049096 ], [ 109.7858365, -7.2051744 ], [ 109.7858258, -7.2053087 ], [ 109.7858365, -7.2054258 ], [ 109.7858137, -7.2057026 ], [ 109.7857386, -7.2058582 ], [ 109.7856662, -7.205962 ], [ 109.7855763, -7.2060112 ], [ 109.7854999, -7.2060192 ], [ 109.7853939, -7.2060139 ], [ 109.7852544, -7.2059767 ], [ 109.7851619, -7.2059354 ], [ 109.7850439, -7.2058848 ], [ 109.7849017, -7.2058423 ], [ 109.7847515, -7.2058449 ], [ 109.7846684, -7.2058609 ], [ 109.7845316, -7.2060472 ], [ 109.7844914, -7.2062175 ], [ 109.7843841, -7.2063292 ], [ 109.7842607, -7.2064091 ], [ 109.7841883, -7.2064543 ], [ 109.7841641, -7.2065421 ], [ 109.7841534, -7.2066858 ], [ 109.7840729, -7.2067444 ], [ 109.7839737, -7.2067497 ], [ 109.7838034, -7.2067656 ], [ 109.7835982, -7.206771 ], [ 109.7835284, -7.206747 ], [ 109.7833528, -7.206755 ], [ 109.7832924, -7.2068242 ], [ 109.7832642, -7.2069439 ], [ 109.7832119, -7.2069785 ], [ 109.7831114, -7.2070038 ], [ 109.7829679, -7.2070477 ], [ 109.7829196, -7.2071581 ], [ 109.7829705, -7.2072499 ], [ 109.7830993, -7.2074296 ], [ 109.7831503, -7.2075333 ], [ 109.7831275, -7.2076358 ], [ 109.7829545, -7.2078766 ], [ 109.7827305, -7.2079711 ], [ 109.7823885, -7.2080602 ], [ 109.7822531, -7.2081401 ], [ 109.7821029, -7.2082265 ], [ 109.7820787, -7.2083383 ], [ 109.7821149, -7.2084541 ], [ 109.7822222, -7.2086124 ], [ 109.7823174, -7.2087029 ], [ 109.7824649, -7.208772 ], [ 109.7826406, -7.2088705 ], [ 109.7827882, -7.2089211 ], [ 109.782933, -7.2089783 ], [ 109.7830054, -7.2091073 ], [ 109.7830027, -7.209251 ], [ 109.7829249, -7.209279 ], [ 109.7827694, -7.2093189 ], [ 109.7826822, -7.2094 ], [ 109.7826393, -7.2094759 ], [ 109.7826071, -7.2095131 ], [ 109.7825736, -7.2096209 ] ] } },
{ "type": "Feature", "properties": { "waterway": "stream", "name": null }, "geometry": { "type": "LineString", "coordinates": [ [ 109.8133385, -7.1855675 ], [ 109.8130113, -7.1857857 ], [ 109.8126948, -7.1858974 ], [ 109.8124373, -7.1858988 ], [ 109.8122697, -7.1859134 ], [ 109.8120846, -7.1859201 ], [ 109.8118512, -7.1858775 ], [ 109.8114046, -7.1858695 ], [ 109.8111834, -7.1859547 ], [ 109.811115, -7.1860505 ], [ 109.8110868, -7.1863299 ], [ 109.8110171, -7.1864456 ], [ 109.8107676, -7.1867304 ], [ 109.8106576, -7.1869113 ], [ 109.8105289, -7.1869885 ], [ 109.8104639, -7.1870497 ], [ 109.810427, -7.1872826 ], [ 109.8103763, -7.1875066 ], [ 109.8103733, -7.1879811 ], [ 109.8105007, -7.1883138 ], [ 109.8105597, -7.1883936 ], [ 109.8105839, -7.1884335 ], [ 109.8104766, -7.1885227 ], [ 109.810427, -7.1885892 ], [ 109.8104122, -7.1886996 ], [ 109.8103881, -7.1887715 ], [ 109.8103358, -7.1888101 ], [ 109.8102741, -7.188818 ], [ 109.8101762, -7.1888167 ], [ 109.8101145, -7.1888473 ], [ 109.8099107, -7.18916 ], [ 109.8098329, -7.1892691 ], [ 109.8098356, -7.1893489 ], [ 109.8098195, -7.1894514 ], [ 109.8097832, -7.1894886 ], [ 109.8096143, -7.1895472 ], [ 109.8095378, -7.1895459 ], [ 109.8094574, -7.1894181 ], [ 109.809389, -7.189325 ], [ 109.8092937, -7.189325 ], [ 109.8090859, -7.1893849 ], [ 109.8090228, -7.1894953 ], [ 109.8090979, -7.1896683 ], [ 109.8091248, -7.1897415 ], [ 109.8091502, -7.1899304 ], [ 109.8090805, -7.190106 ], [ 109.8090349, -7.1901779 ], [ 109.8089652, -7.1901313 ], [ 109.8089169, -7.1900887 ], [ 109.8088673, -7.1900954 ], [ 109.808815, -7.1901539 ], [ 109.8088297, -7.1902431 ], [ 109.8088378, -7.1902923 ], [ 109.8088418, -7.1904121 ], [ 109.8088109, -7.190452 ], [ 109.8087667, -7.1904613 ], [ 109.808524, -7.1905997 ], [ 109.8084475, -7.1906529 ], [ 109.8081833, -7.1909004 ], [ 109.8079902, -7.1910521 ], [ 109.8078514, -7.1910787 ], [ 109.8076918, -7.1911212 ], [ 109.8075946, -7.1911585 ], [ 109.8075382, -7.1912649 ], [ 109.8075154, -7.1913235 ], [ 109.8074993, -7.1913794 ], [ 109.8074779, -7.1914605 ], [ 109.8074363, -7.1914911 ], [ 109.8073894, -7.1914965 ], [ 109.8073371, -7.191567 ], [ 109.8072875, -7.1915936 ], [ 109.8072177, -7.1916056 ], [ 109.8071668, -7.1916149 ], [ 109.8071332, -7.1916455 ], [ 109.8071279, -7.1917067 ], [ 109.8070943, -7.1917493 ], [ 109.8070286, -7.1917985 ], [ 109.8068596, -7.191881 ], [ 109.806743, -7.1919954 ], [ 109.8066062, -7.1921019 ], [ 109.8065941, -7.1921471 ], [ 109.8066236, -7.1922296 ], [ 109.8067497, -7.1923853 ], [ 109.8068288, -7.1925157 ], [ 109.8069294, -7.1926208 ], [ 109.8070112, -7.1927206 ], [ 109.8069374, -7.1928643 ], [ 109.806798, -7.192984 ], [ 109.8067108, -7.1930319 ], [ 109.8066585, -7.1930532 ], [ 109.8065324, -7.1931676 ], [ 109.8064747, -7.1932515 ], [ 109.8063943, -7.1933379 ], [ 109.8063071, -7.1935056 ], [ 109.8061851, -7.1935921 ], [ 109.8060952, -7.1935987 ], [ 109.8060322, -7.1935814 ], [ 109.8059598, -7.1935535 ], [ 109.8058498, -7.1935162 ], [ 109.8057975, -7.1934963 ], [ 109.8056889, -7.1935069 ], [ 109.8056312, -7.1935628 ], [ 109.8054877, -7.1936879 ], [ 109.8054112, -7.1936905 ], [ 109.8050639, -7.1936347 ], [ 109.8048359, -7.1936573 ], [ 109.8046012, -7.1937132 ], [ 109.804514, -7.1937171 ], [ 109.8043947, -7.1936879 ], [ 109.8041412, -7.1935535 ], [ 109.8038556, -7.1934364 ], [ 109.803641, -7.1934164 ], [ 109.803523, -7.1934231 ], [ 109.8033299, -7.1934976 ], [ 109.8032092, -7.1936573 ], [ 109.8030549, -7.1937411 ], [ 109.8029611, -7.1937531 ], [ 109.8028243, -7.193781 ], [ 109.8026834, -7.1938569 ], [ 109.8025426, -7.1939181 ], [ 109.8022985, -7.1939181 ], [ 109.8021188, -7.1939473 ], [ 109.8020464, -7.1940032 ], [ 109.8019928, -7.1940937 ], [ 109.8019445, -7.1941815 ], [ 109.8018613, -7.1942294 ], [ 109.801738, -7.1943172 ], [ 109.8016253, -7.1943784 ], [ 109.8015717, -7.194437 ], [ 109.8015314, -7.1944955 ], [ 109.8014939, -7.1945753 ], [ 109.8014536, -7.1946711 ], [ 109.8013973, -7.1947164 ], [ 109.8013008, -7.1947111 ], [ 109.8011827, -7.1946845 ], [ 109.8009809, -7.1947683 ], [ 109.8009212, -7.1948415 ], [ 109.8008099, -7.1949559 ], [ 109.8006731, -7.1949905 ], [ 109.8005712, -7.1950224 ], [ 109.8004854, -7.1950943 ], [ 109.8003888, -7.195222 ], [ 109.8002681, -7.195387 ], [ 109.8002037, -7.1955413 ], [ 109.8001823, -7.1956251 ], [ 109.8001125, -7.1956691 ], [ 109.8000053, -7.1957103 ], [ 109.7999516, -7.1958141 ], [ 109.7998577, -7.1959698 ], [ 109.7998001, -7.1960469 ], [ 109.799674, -7.19616 ], [ 109.7996445, -7.1962478 ], [ 109.7995734, -7.196353 ], [ 109.7994071, -7.1965712 ], [ 109.7993401, -7.1966696 ], [ 109.7992804, -7.1967441 ], [ 109.7992536, -7.196796 ], [ 109.7992462, -7.1968539 ], [ 109.7991228, -7.1969929 ], [ 109.7990356, -7.1970635 ], [ 109.7989619, -7.1970768 ], [ 109.7988868, -7.1970861 ], [ 109.7987473, -7.1971473 ], [ 109.7987111, -7.1972404 ], [ 109.7987339, -7.1973788 ], [ 109.7986896, -7.197424 ], [ 109.7985797, -7.1974453 ], [ 109.7984657, -7.1974413 ], [ 109.7983906, -7.197456 ], [ 109.798298, -7.1975079 ], [ 109.7982363, -7.197589 ], [ 109.7981773, -7.1976728 ], [ 109.7981237, -7.1977088 ], [ 109.7980687, -7.1977114 ], [ 109.7980204, -7.1977048 ], [ 109.7979507, -7.1976409 ], [ 109.7978581, -7.197589 ], [ 109.7977267, -7.1976063 ], [ 109.7977106, -7.1976995 ], [ 109.7977173, -7.197778 ], [ 109.7976972, -7.197927 ], [ 109.7976436, -7.1980095 ], [ 109.7975564, -7.1980973 ], [ 109.797484, -7.1981146 ], [ 109.7974518, -7.1981053 ], [ 109.7974169, -7.1980654 ], [ 109.7973807, -7.1980095 ], [ 109.7973539, -7.1979775 ], [ 109.7973096, -7.1979682 ], [ 109.7972426, -7.1979908 ], [ 109.7971769, -7.1980574 ], [ 109.7969288, -7.1981625 ], [ 109.7967558, -7.1982543 ], [ 109.796682, -7.1983434 ], [ 109.7966619, -7.1984446 ], [ 109.796627, -7.1985603 ], [ 109.7965398, -7.1986508 ], [ 109.7964245, -7.1987639 ], [ 109.7963923, -7.1988517 ], [ 109.7963534, -7.1989142 ], [ 109.7963065, -7.1989169 ], [ 109.7962421, -7.1989049 ], [ 109.7962019, -7.1988823 ], [ 109.7961402, -7.1988357 ], [ 109.7960946, -7.1987945 ], [ 109.7959967, -7.1987772 ], [ 109.795876, -7.1987945 ], [ 109.7958009, -7.1988757 ], [ 109.7957647, -7.1989715 ], [ 109.7956963, -7.1990446 ], [ 109.7955823, -7.1992149 ], [ 109.7953986, -7.1993719 ], [ 109.795306, -7.1994797 ], [ 109.7952014, -7.1995236 ], [ 109.795007, -7.1996514 ], [ 109.7948796, -7.1996913 ], [ 109.7947803, -7.1997525 ], [ 109.7947495, -7.199819 ], [ 109.7947562, -7.1998642 ], [ 109.794669, -7.1999866 ], [ 109.7945577, -7.2000399 ], [ 109.7943753, -7.2001556 ], [ 109.7943096, -7.2002674 ], [ 109.7943015, -7.2003579 ], [ 109.7943136, -7.2004736 ], [ 109.7944021, -7.2006053 ], [ 109.7944906, -7.2006759 ], [ 109.7945859, -7.2007956 ], [ 109.7945657, -7.2008621 ], [ 109.7943673, -7.2009806 ], [ 109.7940843, -7.2010444 ], [ 109.7939958, -7.2010364 ], [ 109.7939099, -7.2010072 ], [ 109.7937584, -7.2009792 ], [ 109.7936645, -7.2009806 ], [ 109.7935626, -7.2010471 ], [ 109.7935398, -7.2010803 ], [ 109.7935626, -7.20122 ], [ 109.7935706, -7.2013611 ], [ 109.7934526, -7.2016591 ], [ 109.793348, -7.2017656 ], [ 109.7931468, -7.2019093 ], [ 109.7930396, -7.202045 ], [ 109.7929591, -7.202202 ], [ 109.7929591, -7.2023563 ], [ 109.7930235, -7.2024574 ], [ 109.7931764, -7.202508 ], [ 109.79323, -7.2026064 ], [ 109.7931898, -7.2027156 ], [ 109.7930154, -7.2029444 ], [ 109.792884, -7.20312 ], [ 109.7928169, -7.2032371 ], [ 109.7927445, -7.2033303 ], [ 109.7926962, -7.20345 ], [ 109.7926587, -7.2035751 ], [ 109.7925648, -7.2037188 ], [ 109.7924843, -7.2038758 ], [ 109.792369, -7.2041632 ], [ 109.7923315, -7.2044106 ], [ 109.7923261, -7.2045942 ], [ 109.7923395, -7.2046927 ], [ 109.7923395, -7.2047672 ], [ 109.7922537, -7.2048497 ], [ 109.7921357, -7.2049668 ], [ 109.7919989, -7.20502 ], [ 109.7917843, -7.2050839 ], [ 109.7917548, -7.2051743 ], [ 109.7917226, -7.205318 ], [ 109.7916689, -7.2055176 ], [ 109.7915938, -7.2055921 ], [ 109.7914034, -7.2056613 ], [ 109.7912076, -7.2056587 ], [ 109.791095, -7.2056693 ], [ 109.7909501, -7.2057837 ], [ 109.7907798, -7.2059194 ], [ 109.7907275, -7.2059594 ], [ 109.7906135, -7.20597 ], [ 109.7904727, -7.205962 ], [ 109.7903855, -7.205986 ], [ 109.790297, -7.2060831 ], [ 109.7903627, -7.2061962 ], [ 109.7904204, -7.2062521 ], [ 109.7905089, -7.206304 ], [ 109.7905853, -7.2063864 ], [ 109.7906081, -7.2064423 ], [ 109.7905947, -7.2065102 ], [ 109.7904968, -7.2065501 ], [ 109.790356, -7.2065701 ], [ 109.790183, -7.2066858 ], [ 109.7899657, -7.2068029 ], [ 109.7898021, -7.2068641 ], [ 109.7896023, -7.2068362 ], [ 109.7895232, -7.2068708 ], [ 109.7894199, -7.2070038 ], [ 109.7893824, -7.2070956 ], [ 109.7892228, -7.2071395 ], [ 109.7890927, -7.2071236 ], [ 109.7889411, -7.2071169 ], [ 109.7887896, -7.2070743 ], [ 109.7884999, -7.207089 ], [ 109.7882263, -7.2071342 ], [ 109.7880842, -7.2072513 ], [ 109.7879635, -7.2074522 ], [ 109.7879098, -7.2074854 ], [ 109.7878039, -7.2074934 ], [ 109.7875705, -7.2075121 ], [ 109.7875048, -7.2076371 ], [ 109.787415, -7.2077409 ], [ 109.7872969, -7.2078021 ], [ 109.7872044, -7.2078061 ], [ 109.7871159, -7.2077928 ], [ 109.7870435, -7.2077662 ], [ 109.7869684, -7.2076717 ], [ 109.7869, -7.2075666 ], [ 109.7868235, -7.2075573 ], [ 109.7866867, -7.2075799 ], [ 109.7865821, -7.2076637 ], [ 109.7865312, -7.2077555 ], [ 109.7865178, -7.2078859 ], [ 109.7865003, -7.2079897 ], [ 109.7864078, -7.2081268 ], [ 109.7862817, -7.2081906 ], [ 109.7861409, -7.2082438 ], [ 109.786035, -7.2082651 ], [ 109.7859626, -7.2082811 ], [ 109.7858888, -7.2082784 ], [ 109.785815, -7.2082452 ], [ 109.7857654, -7.2081773 ], [ 109.7857386, -7.2081068 ], [ 109.7856568, -7.2079684 ], [ 109.7855602, -7.2079684 ], [ 109.7854462, -7.208011 ], [ 109.7853684, -7.2081241 ], [ 109.7853389, -7.2082292 ], [ 109.7852826, -7.2082904 ], [ 109.7852129, -7.2083104 ], [ 109.7851405, -7.2083529 ], [ 109.7850908, -7.2084447 ], [ 109.7850855, -7.2085512 ], [ 109.7851163, -7.208647 ], [ 109.78517, -7.2087002 ], [ 109.785237, -7.2087255 ], [ 109.7853215, -7.2087468 ], [ 109.7854154, -7.2088093 ], [ 109.7854234, -7.2089224 ], [ 109.7853403, -7.209094 ], [ 109.7852357, -7.2091353 ], [ 109.7851311, -7.2091366 ], [ 109.7850104, -7.209122 ], [ 109.7849514, -7.2090994 ], [ 109.7848012, -7.2090621 ], [ 109.7846845, -7.2090262 ], [ 109.7845879, -7.2090222 ], [ 109.7843827, -7.2090727 ], [ 109.7842178, -7.2090967 ], [ 109.7841078, -7.209118 ], [ 109.7840019, -7.2091672 ], [ 109.7838932, -7.2091938 ], [ 109.7838329, -7.2091805 ], [ 109.7837739, -7.2091246 ], [ 109.7837591, -7.2090475 ], [ 109.783794, -7.208957 ], [ 109.7837913, -7.2088865 ], [ 109.7837538, -7.2088426 ], [ 109.7836438, -7.2088372 ], [ 109.783558, -7.2088678 ], [ 109.7834064, -7.208973 ], [ 109.7833112, -7.2090887 ], [ 109.7832696, -7.2091898 ], [ 109.7832535, -7.2093734 ], [ 109.7832093, -7.2095038 ], [ 109.7830859, -7.2096103 ], [ 109.7830054, -7.2096342 ], [ 109.7828498, -7.2096342 ], [ 109.7827184, -7.2096342 ], [ 109.7825736, -7.2096209 ], [ 109.7824314, -7.2097766 ], [ 109.7823456, -7.2098657 ], [ 109.7821471, -7.2101771 ], [ 109.7820157, -7.2104511 ], [ 109.7818735, -7.2106441 ], [ 109.7818293, -7.210676 ], [ 109.7816509, -7.2110073 ], [ 109.7815302, -7.2112441 ], [ 109.7814095, -7.2114171 ], [ 109.7813451, -7.2115421 ], [ 109.781323, -7.2116586 ], [ 109.7813378, -7.2117876 ], [ 109.7815222, -7.2121941 ], [ 109.7816241, -7.2123165 ], [ 109.7817394, -7.2124283 ], [ 109.7818226, -7.212532 ], [ 109.781895, -7.2126997 ], [ 109.7818601, -7.2128061 ], [ 109.7817555, -7.2128833 ], [ 109.7815061, -7.2130855 ], [ 109.7812834, -7.2132558 ], [ 109.7811386, -7.213349 ], [ 109.7809321, -7.2133995 ], [ 109.7808167, -7.2134181 ], [ 109.7806558, -7.2134714 ], [ 109.7804868, -7.2135352 ], [ 109.7803152, -7.213623 ], [ 109.7802454, -7.2137055 ], [ 109.780232, -7.2139184 ], [ 109.7801945, -7.2141872 ], [ 109.7802132, -7.2143495 ], [ 109.7802964, -7.2146289 ], [ 109.7803366, -7.2147806 ], [ 109.7803259, -7.2148923 ], [ 109.7802964, -7.2149535 ], [ 109.7802481, -7.2149722 ], [ 109.7801945, -7.2149668 ], [ 109.7801113, -7.2149216 ], [ 109.780055, -7.2148817 ], [ 109.7799155, -7.2148431 ], [ 109.7798377, -7.214899 ], [ 109.7797713, -7.2149555 ], [ 109.7796661, -7.2151744 ], [ 109.7795226, -7.2153899 ], [ 109.779422, -7.2155177 ], [ 109.7793375, -7.2156095 ], [ 109.7792704, -7.2156853 ], [ 109.7791632, -7.2157585 ], [ 109.7790357, -7.215821 ], [ 109.7788882, -7.2158277 ], [ 109.7787648, -7.2158343 ], [ 109.7787085, -7.2158809 ], [ 109.7787192, -7.2159993 ], [ 109.7787756, -7.216111 ], [ 109.7788587, -7.2162401 ], [ 109.7789513, -7.216425 ], [ 109.7789808, -7.2166592 ], [ 109.7790156, -7.2167417 ], [ 109.7790599, -7.2167723 ], [ 109.7791189, -7.2167869 ], [ 109.7792476, -7.2168056 ], [ 109.779595, -7.2168761 ], [ 109.7797063, -7.2169426 ], [ 109.7797747, -7.2170091 ], [ 109.7798109, -7.2170717 ], [ 109.7798297, -7.2171635 ], [ 109.7798713, -7.2172313 ], [ 109.7799665, -7.217359 ], [ 109.7800577, -7.2174814 ], [ 109.7800872, -7.217854 ], [ 109.7800845, -7.2180083 ], [ 109.7799852, -7.2181706 ], [ 109.7799155, -7.218317 ], [ 109.7798216, -7.2183888 ], [ 109.7796822, -7.218458 ], [ 109.7794998, -7.2184208 ], [ 109.7793522, -7.2184633 ], [ 109.7792637, -7.2185565 ], [ 109.7791538, -7.2188492 ], [ 109.7790652, -7.2191472 ], [ 109.7790948, -7.2193414 ], [ 109.7791082, -7.2194266 ], [ 109.7790304, -7.2195224 ], [ 109.7788909, -7.2196182 ], [ 109.7787917, -7.2196741 ], [ 109.7786924, -7.2198018 ], [ 109.7786227, -7.2199535 ], [ 109.7786012, -7.2200785 ], [ 109.7786441, -7.2201717 ], [ 109.7787005, -7.2202169 ], [ 109.7787756, -7.2203313 ], [ 109.7787809, -7.2204165 ], [ 109.7787595, -7.2205016 ], [ 109.7786924, -7.2206081 ], [ 109.7786576, -7.2206107 ], [ 109.7785825, -7.2205735 ], [ 109.7784792, -7.2205588 ], [ 109.778329, -7.2205801 ], [ 109.7781345, -7.2206746 ], [ 109.7779441, -7.2208795 ], [ 109.7779092, -7.2210498 ], [ 109.7779334, -7.2211482 ], [ 109.778046, -7.2213185 ], [ 109.7781131, -7.221417 ], [ 109.7781372, -7.2215261 ], [ 109.7781131, -7.2217336 ], [ 109.7780326, -7.221848 ], [ 109.7779494, -7.2218374 ], [ 109.7777992, -7.2217922 ], [ 109.7776866, -7.2218081 ], [ 109.7775713, -7.2218587 ], [ 109.7774291, -7.2219891 ], [ 109.7773674, -7.2220689 ], [ 109.7773218, -7.2223403 ], [ 109.777303, -7.2227741 ], [ 109.7773218, -7.2229949 ], [ 109.7773916, -7.2231333 ], [ 109.7774345, -7.2231492 ], [ 109.7774827, -7.2231572 ], [ 109.7775659, -7.223128 ], [ 109.7776759, -7.2230987 ], [ 109.7778797, -7.223112 ], [ 109.7780272, -7.2231759 ], [ 109.7781399, -7.2232637 ], [ 109.7781533, -7.2235164 ], [ 109.7780487, -7.2237134 ], [ 109.777818, -7.2238225 ], [ 109.7776464, -7.2239449 ], [ 109.7775337, -7.2240433 ], [ 109.7775096, -7.2242402 ], [ 109.7775739, -7.2242961 ], [ 109.7776732, -7.2242801 ], [ 109.7778153, -7.2242402 ], [ 109.7779575, -7.2242243 ], [ 109.7780701, -7.2242482 ], [ 109.7781935, -7.2243812 ], [ 109.7781962, -7.2245755 ], [ 109.7780755, -7.2246686 ], [ 109.7779334, -7.2247564 ], [ 109.7778341, -7.2248363 ], [ 109.7777724, -7.2250518 ], [ 109.7778019, -7.2251343 ], [ 109.777869, -7.2251449 ], [ 109.777995, -7.2251103 ], [ 109.7781453, -7.2250784 ], [ 109.7782579, -7.2250917 ], [ 109.7783571, -7.2251689 ], [ 109.7783947, -7.2252567 ], [ 109.7784376, -7.2255095 ], [ 109.7783786, -7.2258314 ], [ 109.7781774, -7.226212 ], [ 109.7780326, -7.2263104 ], [ 109.7777456, -7.226361 ], [ 109.7775605, -7.2263769 ], [ 109.7773862, -7.2263663 ], [ 109.7772226, -7.2263344 ], [ 109.7769785, -7.2262865 ], [ 109.7768068, -7.2262572 ], [ 109.776662, -7.2262173 ], [ 109.7765681, -7.2262066 ], [ 109.7763669, -7.2261986 ], [ 109.7760665, -7.2262971 ], [ 109.7759002, -7.2262838 ], [ 109.7757259, -7.2263104 ], [ 109.775624, -7.2263982 ], [ 109.7755837, -7.2264514 ], [ 109.775455, -7.2268319 ], [ 109.775455, -7.2270927 ], [ 109.7754872, -7.2271991 ], [ 109.7756427, -7.2273721 ], [ 109.7758332, -7.2276462 ], [ 109.7758654, -7.2278005 ], [ 109.7757366, -7.2281092 ], [ 109.7755891, -7.2282183 ], [ 109.7753853, -7.2282981 ], [ 109.7751653, -7.2283753 ], [ 109.7749937, -7.2284631 ], [ 109.7748274, -7.2285961 ], [ 109.7746745, -7.2286227 ], [ 109.7745591, -7.2286041 ], [ 109.7744358, -7.2285695 ], [ 109.7742829, -7.2285296 ], [ 109.7741514, -7.2284844 ], [ 109.7739637, -7.2284764 ], [ 109.7737545, -7.2286121 ], [ 109.7736901, -7.2287797 ], [ 109.7735694, -7.2289128 ], [ 109.7734031, -7.2289341 ], [ 109.7732958, -7.2289181 ], [ 109.7730893, -7.2288383 ], [ 109.7729203, -7.2288196 ], [ 109.7727272, -7.2288888 ], [ 109.7725984, -7.2289979 ], [ 109.7724617, -7.2290511 ], [ 109.7721264, -7.2290724 ], [ 109.7719681, -7.2290352 ], [ 109.7718367, -7.2290139 ], [ 109.7716489, -7.2289873 ], [ 109.7714317, -7.2290325 ], [ 109.7713244, -7.2291469 ], [ 109.7712278, -7.22928 ], [ 109.771134, -7.2296259 ], [ 109.7711045, -7.2298547 ], [ 109.7711232, -7.2301953 ], [ 109.7710589, -7.2303656 ], [ 109.7709301, -7.2305519 ], [ 109.7708175, -7.2305785 ], [ 109.7706887, -7.2305918 ], [ 109.7705278, -7.2306104 ], [ 109.7703561, -7.2306317 ], [ 109.7702488, -7.2306743 ], [ 109.770163, -7.2307275 ], [ 109.770007, -7.2308906 ] ] } },
{ "type": "Feature", "properties": { "waterway": "stream", "name": null }, "geometry": { "type": "LineString", "coordinates": [ [ 109.815664, -7.1819643 ], [ 109.8154387, -7.182068 ], [ 109.8152804, -7.182092 ], [ 109.8151597, -7.1821479 ], [ 109.8150632, -7.1821825 ], [ 109.814921, -7.1822144 ], [ 109.8148218, -7.1822357 ], [ 109.8147172, -7.1823102 ], [ 109.814693, -7.1823794 ], [ 109.8147011, -7.1824725 ], [ 109.8147091, -7.1825417 ], [ 109.8146555, -7.1826562 ], [ 109.8146394, -7.1827387 ], [ 109.8146555, -7.1830527 ], [ 109.8146608, -7.1832177 ], [ 109.8146394, -7.1833427 ], [ 109.8145562, -7.1834891 ], [ 109.8144516, -7.1835902 ], [ 109.8142424, -7.1837419 ], [ 109.8140225, -7.1840426 ], [ 109.8139849, -7.1841863 ], [ 109.8139554, -7.1843566 ], [ 109.8139045, -7.1845882 ], [ 109.8137945, -7.1847744 ], [ 109.813647, -7.1849873 ], [ 109.8135558, -7.1851603 ], [ 109.8134807, -7.1852508 ], [ 109.8133385, -7.1855675 ] ] } },
{ "type": "Feature", "properties": { "waterway": "stream", "name": null }, "geometry": { "type": "LineString", "coordinates": [ [ 109.8649107, -7.1886424 ], [ 109.8648597, -7.1888007 ], [ 109.8648363, -7.1889518 ], [ 109.8648185, -7.189066 ], [ 109.8648101, -7.1891234 ], [ 109.8648611, -7.1894474 ], [ 109.8648611, -7.1895445 ], [ 109.8648383, -7.189643 ], [ 109.8647994, -7.1898 ], [ 109.8647471, -7.1898998 ], [ 109.8646452, -7.1900807 ], [ 109.864558, -7.190263 ], [ 109.8645271, -7.1903602 ], [ 109.8644775, -7.1905664 ], [ 109.8644574, -7.1907513 ], [ 109.8644145, -7.1909429 ], [ 109.864393, -7.1910547 ] ] } },
{ "type": "Feature", "properties": { "waterway": "stream", "name": null }, "geometry": { "type": "LineString", "coordinates": [ [ 109.8536769, -7.1889045 ], [ 109.8537675, -7.1889438 ], [ 109.8538157, -7.1889265 ], [ 109.8538949, -7.1889265 ], [ 109.8539512, -7.1889411 ], [ 109.8540826, -7.1889518 ], [ 109.8541188, -7.1889491 ], [ 109.8541908, -7.188936 ] ] } },
{ "type": "Feature", "properties": { "waterway": "stream", "name": null }, "geometry": { "type": "LineString", "coordinates": [ [ 109.849464, -7.1935305 ], [ 109.8495195, -7.1935734 ], [ 109.8496053, -7.1936067 ], [ 109.8497234, -7.193636 ], [ 109.8499265, -7.193769 ], [ 109.8500137, -7.1938342 ], [ 109.8501787, -7.1938715 ], [ 109.8502779, -7.1939646 ], [ 109.8503798, -7.1940737 ], [ 109.8504442, -7.1941256 ], [ 109.8505327, -7.1942108 ], [ 109.8505676, -7.194252 ], [ 109.850699, -7.1943092 ] ] } },
{ "type": "Feature", "properties": { "waterway": "stream", "name": null }, "geometry": { "type": "LineString", "coordinates": [ [ 109.8139933, -7.216292 ], [ 109.8139651, -7.216278 ], [ 109.8139135, -7.2162644 ], [ 109.8138729, -7.2162398 ], [ 109.8138555, -7.2162012 ], [ 109.8138025, -7.2160844 ], [ 109.8137704, -7.2160272 ], [ 109.8137301, -7.215982 ], [ 109.8136725, -7.215958 ], [ 109.8135678, -7.2159461 ], [ 109.8134968, -7.2159474 ], [ 109.8133895, -7.2159753 ], [ 109.8133063, -7.2160219 ], [ 109.8132084, -7.2160631 ], [ 109.8131119, -7.2161044 ], [ 109.8130448, -7.216131 ], [ 109.8129188, -7.2160991 ], [ 109.8128289, -7.2160472 ], [ 109.8126465, -7.2159341 ], [ 109.8124024, -7.2158822 ], [ 109.8121127, -7.2158117 ], [ 109.8119116, -7.2157971 ], [ 109.8117882, -7.2157984 ], [ 109.8117265, -7.2158197 ], [ 109.811579, -7.2158942 ], [ 109.8115133, -7.2159208 ], [ 109.8114368, -7.2159886 ], [ 109.8113993, -7.2160445 ], [ 109.8113523, -7.2161044 ], [ 109.8113255, -7.216119 ], [ 109.8112504, -7.2160911 ], [ 109.8111606, -7.2159461 ], [ 109.8109634, -7.2156321 ], [ 109.8108628, -7.2155177 ], [ 109.8107086, -7.2153899 ], [ 109.8105799, -7.2152768 ], [ 109.8105034, -7.2152489 ], [ 109.8104484, -7.2152476 ], [ 109.8103197, -7.2152689 ], [ 109.810254, -7.2152981 ], [ 109.8101293, -7.2153833 ], [ 109.8100515, -7.2154392 ], [ 109.809967, -7.2154525 ], [ 109.8098744, -7.2154272 ], [ 109.8097779, -7.2153088 ], [ 109.8097283, -7.2152422 ], [ 109.8096907, -7.2152023 ], [ 109.8096156, -7.2151997 ], [ 109.8095123, -7.2152343 ], [ 109.8094359, -7.2152768 ], [ 109.8093635, -7.2153114 ], [ 109.8092066, -7.215354 ], [ 109.809157, -7.2153473 ], [ 109.8090376, -7.2152396 ], [ 109.808992, -7.2151464 ], [ 109.8089276, -7.2149203 ], [ 109.8089102, -7.2148218 ], [ 109.8088981, -7.2147712 ], [ 109.8088686, -7.2147367 ], [ 109.8088311, -7.214734 ], [ 109.8087868, -7.214742 ], [ 109.8087399, -7.2147739 ], [ 109.8086514, -7.2148444 ], [ 109.8085722, -7.2149136 ], [ 109.8084958, -7.2149921 ], [ 109.8084529, -7.2150546 ], [ 109.8084073, -7.2150813 ], [ 109.8083442, -7.2150972 ], [ 109.8082611, -7.2150892 ], [ 109.80819, -7.2150919 ], [ 109.8080961, -7.2150932 ], [ 109.8080184, -7.2150799 ], [ 109.8079526, -7.2150666 ], [ 109.8077971, -7.2150214 ], [ 109.8077112, -7.2150107 ], [ 109.8076563, -7.215028 ], [ 109.8076187, -7.2150586 ], [ 109.8075771, -7.2150919 ], [ 109.8075369, -7.2151145 ], [ 109.8074739, -7.2151318 ], [ 109.8073974, -7.2151225 ], [ 109.80727, -7.2149961 ], [ 109.8071855, -7.2148923 ], [ 109.8071587, -7.2148298 ], [ 109.8071225, -7.2147646 ], [ 109.8070702, -7.2147353 ], [ 109.8069817, -7.2147367 ], [ 109.8068731, -7.2148072 ], [ 109.8066866, -7.2149442 ], [ 109.8065834, -7.2150573 ], [ 109.8065203, -7.2151464 ], [ 109.8064868, -7.2151997 ], [ 109.8064412, -7.215221 ], [ 109.8063903, -7.2152183 ], [ 109.8063152, -7.2151504 ], [ 109.8062199, -7.2151079 ], [ 109.8061274, -7.2150906 ], [ 109.8060764, -7.2150946 ], [ 109.8060402, -7.2151025 ], [ 109.8059222, -7.2151318 ] ] } },
{ "type": "Feature", "properties": { "waterway": "stream", "name": null }, "geometry": { "type": "LineString", "coordinates": [ [ 109.8146903, -7.2184846 ], [ 109.8145536, -7.2183462 ], [ 109.8144248, -7.2182531 ], [ 109.814178, -7.2181014 ], [ 109.8140252, -7.2180136 ], [ 109.8139474, -7.2179631 ], [ 109.8138723, -7.217862 ], [ 109.813832, -7.2177954 ], [ 109.813832, -7.2176198 ], [ 109.8138803, -7.2174788 ], [ 109.813883, -7.2173644 ], [ 109.8139071, -7.2171941 ], [ 109.8139474, -7.2171116 ], [ 109.8139501, -7.2170477 ], [ 109.8139098, -7.2169998 ], [ 109.8138884, -7.2169067 ], [ 109.8138669, -7.2168082 ], [ 109.8139071, -7.2166033 ], [ 109.813934, -7.2164862 ], [ 109.8139933, -7.216292 ] ] } },
{ "type": "Feature", "properties": { "waterway": "stream", "name": null }, "geometry": { "type": "LineString", "coordinates": [ [ 109.8249243, -7.206141 ], [ 109.8248962, -7.2063 ], [ 109.8248693, -7.2063864 ], [ 109.8248398, -7.2064503 ], [ 109.8248184, -7.2064969 ], [ 109.8247875, -7.2065381 ], [ 109.8247808, -7.206574 ], [ 109.8247781, -7.2066086 ], [ 109.8247848, -7.2066539 ], [ 109.824809, -7.2066805 ], [ 109.8248318, -7.2067111 ], [ 109.8248237, -7.2067816 ], [ 109.8248093, -7.2068388 ], [ 109.8247979, -7.2068721 ], [ 109.8248003, -7.2069406 ], [ 109.8248043, -7.2069965 ], [ 109.8248003, -7.2070317 ], [ 109.8247614, -7.2070929 ], [ 109.8247111, -7.2071681 ], [ 109.8246863, -7.2072167 ], [ 109.8246481, -7.2073112 ], [ 109.8246333, -7.2073511 ], [ 109.8246118, -7.2074203 ], [ 109.8245763, -7.2074522 ], [ 109.8245374, -7.2074735 ], [ 109.8243986, -7.2076245 ], [ 109.8243403, -7.207699 ], [ 109.8242538, -7.2077782 ], [ 109.8241585, -7.2079159 ], [ 109.8241431, -7.2079771 ], [ 109.8241559, -7.2080276 ], [ 109.8241371, -7.2081015 ], [ 109.8240499, -7.2081786 ], [ 109.8239614, -7.2082319 ], [ 109.823889, -7.2083144 ], [ 109.8238206, -7.2083822 ], [ 109.8237897, -7.2084141 ], [ 109.8237267, -7.2084501 ], [ 109.823665, -7.2084607 ], [ 109.8236167, -7.208466 ], [ 109.8235551, -7.2084674 ], [ 109.8234759, -7.208458 ], [ 109.8234022, -7.2084381 ], [ 109.8233472, -7.2084155 ], [ 109.8232909, -7.2083849 ], [ 109.8232238, -7.2083383 ], [ 109.8230642, -7.2083144 ], [ 109.8228939, -7.2083303 ], [ 109.822796, -7.208337 ], [ 109.8226874, -7.2083396 ], [ 109.8226216, -7.2083303 ], [ 109.822572, -7.2083317 ], [ 109.8225103, -7.2083543 ], [ 109.8224607, -7.2084035 ], [ 109.8224486, -7.2084727 ], [ 109.8224594, -7.2085472 ], [ 109.8224781, -7.208615 ], [ 109.8225224, -7.2087295 ], [ 109.8226015, -7.2088811 ], [ 109.822631, -7.2089384 ], [ 109.8226552, -7.2089929 ], [ 109.8226699, -7.2091153 ], [ 109.8227048, -7.2092164 ], [ 109.8227336, -7.2092929 ], [ 109.8227283, -7.2093309 ], [ 109.8226813, -7.2093947 ], [ 109.8225868, -7.2096262 ], [ 109.8225559, -7.2097819 ], [ 109.8225197, -7.209903 ], [ 109.8224607, -7.2100613 ], [ 109.8224339, -7.2101065 ], [ 109.822391, -7.2101398 ], [ 109.8223387, -7.2101544 ], [ 109.822285, -7.2101731 ], [ 109.822222, -7.2102196 ], [ 109.8221724, -7.2102822 ], [ 109.8221482, -7.2103806 ], [ 109.8221295, -7.2104591 ], [ 109.8221013, -7.210511 ], [ 109.8221053, -7.2105709 ], [ 109.8221348, -7.21066 ], [ 109.8221683, -7.2107558 ], [ 109.8221402, -7.2108343 ], [ 109.8220892, -7.2108822 ], [ 109.8220275, -7.21097 ], [ 109.821994, -7.2110339 ], [ 109.8219591, -7.2110685 ], [ 109.8219149, -7.2110951 ], [ 109.8218679, -7.2111031 ], [ 109.8217781, -7.2111164 ], [ 109.8216332, -7.2112055 ], [ 109.8214871, -7.2112867 ], [ 109.8214227, -7.2113133 ], [ 109.8213945, -7.2113599 ], [ 109.8213664, -7.2114104 ], [ 109.8213463, -7.211457 ], [ 109.8213261, -7.2115022 ], [ 109.8212899, -7.2115568 ], [ 109.8212551, -7.2115914 ], [ 109.821184, -7.2116127 ], [ 109.8210928, -7.2116579 ], [ 109.8209828, -7.2116912 ], [ 109.8209104, -7.2116991 ], [ 109.8208031, -7.2117031 ], [ 109.8207146, -7.2117164 ], [ 109.8206086, -7.2117417 ], [ 109.8205027, -7.2118721 ], [ 109.8204692, -7.2119772 ], [ 109.8204826, -7.212097 ], [ 109.8204906, -7.2121954 ], [ 109.8205121, -7.2122726 ], [ 109.820555, -7.2123817 ], [ 109.8205926, -7.2124589 ], [ 109.820559, -7.2125453 ], [ 109.8205161, -7.2125786 ], [ 109.8204611, -7.2126052 ], [ 109.8204195, -7.2125999 ], [ 109.8203713, -7.2125626 ], [ 109.8203002, -7.212532 ], [ 109.8202291, -7.2124921 ], [ 109.8201688, -7.2124788 ], [ 109.8200816, -7.2124655 ], [ 109.8199676, -7.2124841 ], [ 109.8197088, -7.2125094 ], [ 109.8196001, -7.212552 ], [ 109.8195451, -7.2126172 ], [ 109.8194875, -7.2126398 ], [ 109.8194312, -7.2126398 ], [ 109.8193306, -7.2126278 ], [ 109.8191763, -7.2126132 ], [ 109.8190624, -7.2126132 ], [ 109.8189819, -7.2126292 ], [ 109.8188826, -7.212701 ], [ 109.8188464, -7.2127689 ], [ 109.8188236, -7.2128686 ], [ 109.8188169, -7.2130217 ], [ 109.8187955, -7.2131095 ], [ 109.8187861, -7.213188 ], [ 109.8186976, -7.2132572 ], [ 109.8185983, -7.2132838 ], [ 109.8184293, -7.213309 ], [ 109.8183355, -7.213337 ], [ 109.8182282, -7.2133396 ], [ 109.8181558, -7.2133436 ], [ 109.8180941, -7.2133583 ], [ 109.8180525, -7.2134248 ], [ 109.8180404, -7.2134873 ], [ 109.8179881, -7.2135818 ], [ 109.8179063, -7.213631 ], [ 109.8178393, -7.213643 ], [ 109.8177883, -7.213639 ], [ 109.8176944, -7.2136151 ], [ 109.8176073, -7.2136057 ], [ 109.8175053, -7.2136616 ], [ 109.817508, -7.2137401 ], [ 109.8175254, -7.2137774 ], [ 109.817559, -7.2138625 ], [ 109.8175657, -7.213945 ], [ 109.8175469, -7.2139783 ], [ 109.8174866, -7.2140222 ], [ 109.8174275, -7.2140515 ], [ 109.8173149, -7.2140701 ], [ 109.8171969, -7.2141113 ], [ 109.8171312, -7.2141606 ], [ 109.8171338, -7.2142324 ], [ 109.8171714, -7.2142683 ], [ 109.8172103, -7.214283 ], [ 109.8172532, -7.2143056 ], [ 109.8173109, -7.2143681 ], [ 109.8173511, -7.2144599 ], [ 109.8173591, -7.2145105 ], [ 109.8173511, -7.2145743 ], [ 109.8173296, -7.2146169 ], [ 109.8172854, -7.2146728 ], [ 109.8172197, -7.2147446 ], [ 109.8170976, -7.2147885 ], [ 109.817048, -7.2147965 ], [ 109.8169823, -7.2147912 ], [ 109.8169474, -7.2147752 ], [ 109.8168951, -7.2147367 ], [ 109.8168536, -7.2147167 ], [ 109.8167905, -7.2147061 ], [ 109.8167288, -7.2146901 ], [ 109.8166578, -7.2146675 ], [ 109.8166269, -7.2146382 ], [ 109.8165853, -7.214561 ], [ 109.8165598, -7.2145012 ], [ 109.8165277, -7.2144626 ], [ 109.8164244, -7.214436 ], [ 109.8162796, -7.2144426 ], [ 109.8161951, -7.2144466 ], [ 109.8160945, -7.2144945 ], [ 109.8160891, -7.2145664 ], [ 109.8161079, -7.2146661 ], [ 109.8161039, -7.2147593 ], [ 109.8161133, -7.2148631 ], [ 109.8161213, -7.2150294 ], [ 109.8160985, -7.2150999 ], [ 109.8160744, -7.2151331 ], [ 109.8160247, -7.2151558 ], [ 109.8159255, -7.2151784 ], [ 109.8158544, -7.2151837 ], [ 109.8157994, -7.2151797 ], [ 109.8157243, -7.2151504 ], [ 109.8156492, -7.2150959 ], [ 109.8155956, -7.21504 ], [ 109.8155312, -7.2149602 ], [ 109.8154843, -7.2148764 ], [ 109.8154588, -7.2148045 ], [ 109.8154293, -7.2147207 ], [ 109.8153797, -7.2146834 ], [ 109.815318, -7.2147007 ], [ 109.8152791, -7.214726 ], [ 109.8152697, -7.2148325 ], [ 109.8152563, -7.2149136 ], [ 109.8152107, -7.2149948 ], [ 109.8151705, -7.215052 ], [ 109.8151021, -7.2150573 ], [ 109.8150605, -7.2150493 ], [ 109.8150149, -7.2150307 ], [ 109.8149438, -7.2150387 ], [ 109.8148808, -7.2150613 ], [ 109.8148607, -7.2150959 ], [ 109.8148473, -7.2151504 ], [ 109.8148379, -7.2152023 ], [ 109.8148392, -7.215358 ], [ 109.8148446, -7.215487 ], [ 109.8148499, -7.2156015 ], [ 109.8148178, -7.2157425 ], [ 109.8147802, -7.2157811 ], [ 109.8147185, -7.2157877 ], [ 109.8146059, -7.2157744 ], [ 109.8145348, -7.2157571 ], [ 109.8144235, -7.2157531 ], [ 109.8143108, -7.2157691 ], [ 109.8142183, -7.2158902 ], [ 109.8142129, -7.2160073 ], [ 109.8141968, -7.2161031 ], [ 109.8141539, -7.2162095 ], [ 109.814052, -7.2162414 ], [ 109.8139933, -7.216292 ] ] } },
{ "type": "Feature", "properties": { "waterway": "stream", "name": null }, "geometry": { "type": "LineString", "coordinates": [ [ 109.8243973, -7.203466 ], [ 109.8245823, -7.2037401 ], [ 109.8247004, -7.2038891 ], [ 109.8247325, -7.2040674 ], [ 109.8247406, -7.2041578 ], [ 109.8248425, -7.2043388 ], [ 109.8248693, -7.2044359 ], [ 109.8248894, -7.2044851 ], [ 109.8249042, -7.2045404 ] ] } },
{ "type": "Feature", "properties": { "waterway": "stream", "name": null }, "geometry": { "type": "LineString", "coordinates": [ [ 109.7753316, -7.2126957 ], [ 109.7752377, -7.2127423 ], [ 109.7751023, -7.2127702 ], [ 109.7749118, -7.212854 ], [ 109.774873, -7.2129338 ], [ 109.7749467, -7.213023 ], [ 109.7749977, -7.2130696 ], [ 109.7750399, -7.2131886 ], [ 109.77505, -7.2134128 ], [ 109.7750486, -7.2134913 ], [ 109.7750379, -7.2135246 ], [ 109.775058, -7.2135951 ], [ 109.7750647, -7.2136643 ], [ 109.7750728, -7.2137587 ], [ 109.7750875, -7.2138625 ], [ 109.7750849, -7.2139783 ], [ 109.7750419, -7.2139876 ], [ 109.7749695, -7.2139863 ], [ 109.7748958, -7.2139863 ], [ 109.7748166, -7.2139876 ], [ 109.7747466, -7.2140305 ], [ 109.7747315, -7.2141 ], [ 109.774757, -7.2141745 ], [ 109.7748086, -7.2142151 ], [ 109.7749172, -7.2142736 ], [ 109.7750285, -7.2142923 ], [ 109.7750822, -7.2143428 ], [ 109.7751278, -7.214404 ], [ 109.7751774, -7.2144519 ], [ 109.7752632, -7.2144825 ], [ 109.7753195, -7.214557 ], [ 109.7753423, -7.2146422 ], [ 109.7753276, -7.2147021 ], [ 109.7752954, -7.2147579 ], [ 109.7753222, -7.2148537 ], [ 109.7753571, -7.2149189 ], [ 109.7754362, -7.2149828 ], [ 109.7755542, -7.2150067 ], [ 109.7756374, -7.2150347 ], [ 109.7757393, -7.2150985 ], [ 109.7758023, -7.2151145 ], [ 109.7758493, -7.2151438 ], [ 109.7759083, -7.215221 ], [ 109.7760062, -7.2152848 ], [ 109.7760759, -7.2152888 ], [ 109.7761725, -7.2152728 ], [ 109.7762288, -7.2152542 ], [ 109.7762758, -7.2152343 ], [ 109.7763629, -7.2151957 ], [ 109.7764112, -7.2152156 ], [ 109.7764233, -7.2152595 ], [ 109.776426, -7.2153141 ], [ 109.7764863, -7.2154059 ], [ 109.7765413, -7.2154405 ], [ 109.7766687, -7.2154737 ], [ 109.7766647, -7.2155243 ], [ 109.7766379, -7.2156121 ], [ 109.7765936, -7.215644 ], [ 109.7765091, -7.2156361 ], [ 109.7764461, -7.2156414 ], [ 109.7764005, -7.2156534 ], [ 109.7763374, -7.2157372 ], [ 109.7763656, -7.2157718 ], [ 109.7763817, -7.2158117 ], [ 109.7763307, -7.2158915 ], [ 109.7762717, -7.2159461 ], [ 109.776198, -7.2159674 ], [ 109.7761939, -7.2160485 ], [ 109.7762261, -7.2161283 ], [ 109.7762503, -7.2162361 ], [ 109.7762355, -7.2163119 ], [ 109.77621, -7.2163665 ], [ 109.776139, -7.216457 ], [ 109.7760639, -7.2165022 ], [ 109.7759686, -7.2165953 ], [ 109.77597, -7.2166712 ], [ 109.7760223, -7.2167018 ], [ 109.7761323, -7.2168016 ], [ 109.7761832, -7.2168481 ], [ 109.7762181, -7.216916 ], [ 109.7762007, -7.2169532 ], [ 109.7761242, -7.2169705 ], [ 109.7760625, -7.2170051 ], [ 109.7759713, -7.217077 ], [ 109.7758976, -7.2171142 ], [ 109.7759002, -7.217198 ], [ 109.7759016, -7.2172539 ], [ 109.7758761, -7.2172819 ], [ 109.7757809, -7.2172965 ], [ 109.7757085, -7.2172832 ], [ 109.7756213, -7.2172579 ], [ 109.7755609, -7.2172087 ], [ 109.77551, -7.2172047 ], [ 109.7754429, -7.217234 ], [ 109.7753879, -7.2173205 ], [ 109.7753638, -7.2174282 ], [ 109.7753102, -7.2174947 ], [ 109.7752324, -7.2175307 ], [ 109.7751559, -7.2175493 ], [ 109.7750929, -7.2175506 ], [ 109.7750044, -7.21752 ], [ 109.7749306, -7.2174548 ], [ 109.7748716, -7.2174136 ], [ 109.7748153, -7.2173883 ], [ 109.7747456, -7.2173856 ], [ 109.7746959, -7.217363 ], [ 109.7746691, -7.2173138 ], [ 109.7746329, -7.217238 ], [ 109.7744934, -7.2171568 ], [ 109.7743647, -7.2171874 ], [ 109.7743271, -7.2172433 ], [ 109.7743338, -7.2173058 ], [ 109.7743674, -7.2174149 ], [ 109.7743969, -7.2175706 ], [ 109.7744304, -7.2176411 ], [ 109.7744746, -7.2177302 ], [ 109.7745632, -7.2178407 ], [ 109.774649, -7.2179258 ], [ 109.7746946, -7.2179631 ], [ 109.7747536, -7.2180682 ], [ 109.7747482, -7.2181108 ], [ 109.7746865, -7.2181374 ], [ 109.7746503, -7.2181706 ], [ 109.7745511, -7.2182505 ], [ 109.7745337, -7.2182624 ], [ 109.7744411, -7.2183476 ], [ 109.7743915, -7.2183928 ], [ 109.7743238, -7.2184866 ], [ 109.7742835, -7.2185644 ], [ 109.7741776, -7.2187886 ], [ 109.7741776, -7.2188545 ], [ 109.7742158, -7.2189689 ], [ 109.7742802, -7.219098 ], [ 109.7743526, -7.2191818 ], [ 109.7744103, -7.2192763 ], [ 109.7744465, -7.2193361 ], [ 109.7744612, -7.2195157 ], [ 109.7744358, -7.2195916 ], [ 109.7743781, -7.2196927 ], [ 109.7743312, -7.2197486 ], [ 109.7742252, -7.2198098 ], [ 109.7741139, -7.2198869 ], [ 109.7740401, -7.2199402 ], [ 109.7739664, -7.2199654 ], [ 109.7739033, -7.2199654 ], [ 109.7738537, -7.2199628 ], [ 109.7737505, -7.2199548 ], [ 109.7736928, -7.2199441 ], [ 109.7736016, -7.2199322 ], [ 109.7734581, -7.2199348 ], [ 109.7733334, -7.2199508 ], [ 109.7732449, -7.2199841 ], [ 109.7732314, -7.2200493 ], [ 109.7732355, -7.2201224 ], [ 109.7732583, -7.2202555 ], [ 109.7733012, -7.2203952 ], [ 109.7733428, -7.2205003 ], [ 109.7734071, -7.220632 ], [ 109.7734353, -7.2207438 ], [ 109.7734594, -7.2208861 ], [ 109.7734125, -7.2209646 ], [ 109.7733428, -7.2210125 ], [ 109.7732703, -7.2210205 ], [ 109.7732073, -7.2210218 ], [ 109.7731403, -7.2210125 ], [ 109.773033, -7.2209766 ], [ 109.7729538, -7.2209367 ], [ 109.7728774, -7.2208994 ], [ 109.7728117, -7.2208582 ], [ 109.7727124, -7.2207863 ], [ 109.7726373, -7.2207291 ], [ 109.7725944, -7.2206679 ], [ 109.772526, -7.2205881 ], [ 109.7723986, -7.2205269 ], [ 109.7722444, -7.2205109 ], [ 109.7721317, -7.2205668 ], [ 109.7720674, -7.2206307 ], [ 109.7720191, -7.2207132 ], [ 109.7720231, -7.2208143 ], [ 109.7720419, -7.2209234 ], [ 109.7720821, -7.2211203 ], [ 109.7721733, -7.2212334 ], [ 109.7722819, -7.2213119 ], [ 109.7726668, -7.2215208 ], [ 109.7727929, -7.2216112 ], [ 109.7729324, -7.221739 ], [ 109.7729538, -7.2218653 ], [ 109.7729297, -7.2219465 ], [ 109.7728439, -7.2219944 ], [ 109.7727849, -7.2219997 ], [ 109.7727191, -7.2219917 ], [ 109.7726279, -7.2219705 ], [ 109.772518, -7.2219425 ], [ 109.7724348, -7.2219465 ], [ 109.7722699, -7.2220769 ], [ 109.7720124, -7.2222618 ], [ 109.7718984, -7.2223563 ], [ 109.771775, -7.2224641 ], [ 109.7717468, -7.2225838 ], [ 109.7717965, -7.2226849 ], [ 109.7718635, -7.2227514 ], [ 109.77194, -7.2227714 ], [ 109.772113, -7.2228339 ], [ 109.7721733, -7.2228738 ], [ 109.7722363, -7.222963 ], [ 109.7723262, -7.2230614 ], [ 109.7723718, -7.2231093 ], [ 109.772471, -7.223277 ], [ 109.7725247, -7.2233714 ], [ 109.7725394, -7.2235311 ], [ 109.7725153, -7.2236322 ], [ 109.7724, -7.2237599 ], [ 109.7723155, -7.2239049 ], [ 109.7723088, -7.224038 ], [ 109.7722471, -7.2243812 ], [ 109.77229, -7.2248176 ], [ 109.7722954, -7.2250119 ], [ 109.7722605, -7.2251556 ], [ 109.7721586, -7.2251848 ], [ 109.7720781, -7.2251396 ], [ 109.7719601, -7.2250119 ], [ 109.7718742, -7.2249188 ], [ 109.7717643, -7.224823 ], [ 109.7716489, -7.2247644 ], [ 109.771539, -7.2247431 ], [ 109.7714344, -7.2247618 ], [ 109.7713646, -7.2248203 ], [ 109.7713405, -7.2249267 ], [ 109.7713029, -7.2250172 ], [ 109.7712252, -7.2251183 ], [ 109.7711071, -7.2251636 ], [ 109.7709998, -7.2251582 ], [ 109.7707584, -7.2251715 ], [ 109.7706512, -7.2252753 ], [ 109.7706431, -7.2254696 ], [ 109.7706404, -7.2256611 ], [ 109.7706404, -7.2257995 ], [ 109.7707289, -7.2260949 ], [ 109.7708738, -7.2264887 ], [ 109.7709355, -7.2266137 ], [ 109.771134, -7.2269331 ], [ 109.7711688, -7.2271406 ], [ 109.7711125, -7.2272737 ], [ 109.7710213, -7.2273774 ], [ 109.7709623, -7.2273907 ], [ 109.7708228, -7.2273881 ], [ 109.7707209, -7.2273641 ], [ 109.7705841, -7.2273056 ], [ 109.7704393, -7.227287 ], [ 109.770332, -7.2273056 ], [ 109.7702783, -7.2273029 ], [ 109.7702542, -7.2274652 ], [ 109.7703588, -7.2276409 ], [ 109.7704339, -7.227726 ], [ 109.7704902, -7.2278404 ], [ 109.7705439, -7.228024 ], [ 109.7705117, -7.2281358 ], [ 109.7703186, -7.228181 ], [ 109.7701576, -7.2282422 ], [ 109.7700772, -7.2283034 ], [ 109.7697821, -7.2284232 ], [ 109.7697285, -7.2284897 ], [ 109.7697392, -7.2286414 ], [ 109.7696024, -7.2289793 ], [ 109.7694147, -7.2291283 ], [ 109.7691786, -7.2291549 ], [ 109.7690445, -7.2292933 ], [ 109.7691196, -7.2294902 ], [ 109.7692376, -7.229586 ], [ 109.7693342, -7.2296977 ], [ 109.7693825, -7.229868 ], [ 109.7693556, -7.2299851 ], [ 109.7692698, -7.2301075 ], [ 109.7691947, -7.2302299 ], [ 109.7691625, -7.2303949 ], [ 109.769125, -7.2305492 ], [ 109.7692698, -7.2306077 ], [ 109.7694844, -7.2306344 ], [ 109.7697365, -7.230661 ], [ 109.7699243, -7.2307887 ], [ 109.770007, -7.2308906 ], [ 109.7700463, -7.230939 ], [ 109.7700906, -7.2311825 ], [ 109.7699699, -7.2314379 ], [ 109.7698814, -7.2316029 ], [ 109.769648, -7.2317785 ], [ 109.7692618, -7.2318796 ], [ 109.7690284, -7.2320127 ], [ 109.7688353, -7.2321883 ], [ 109.7686556, -7.2322495 ], [ 109.7683042, -7.2322974 ], [ 109.7679904, -7.2323559 ], [ 109.7678402, -7.2324597 ], [ 109.7676364, -7.232614 ], [ 109.7675586, -7.232936 ], [ 109.7676015, -7.2331755 ], [ 109.7677571, -7.2333671 ], [ 109.7678643, -7.2334522 ], [ 109.7681084, -7.2335666 ], [ 109.768315, -7.2336544 ], [ 109.7685054, -7.233705 ], [ 109.7685885, -7.2339046 ], [ 109.7685778, -7.2341786 ], [ 109.7685108, -7.2343702 ], [ 109.7683284, -7.2345698 ], [ 109.7681031, -7.2346549 ], [ 109.7679046, -7.2347401 ], [ 109.7677007, -7.2348731 ], [ 109.7673333, -7.2352323 ], [ 109.7673252, -7.2355064 ], [ 109.7673467, -7.235706 ], [ 109.7674057, -7.236012 ], [ 109.7676149, -7.236302 ], [ 109.7676498, -7.2364643 ], [ 109.7676712, -7.2366559 ], [ 109.7675988, -7.2367783 ], [ 109.7674969, -7.2368421 ], [ 109.7671831, -7.2369007 ], [ 109.7669819, -7.2370151 ], [ 109.7669417, -7.2371348 ], [ 109.7669739, -7.2372838 ], [ 109.767065, -7.2375606 ], [ 109.7671455, -7.2377096 ], [ 109.7672287, -7.2378533 ], [ 109.767352, -7.2380688 ], [ 109.7673681, -7.2381752 ], [ 109.7673118, -7.2383296 ], [ 109.7672608, -7.2383349 ], [ 109.7671536, -7.2383269 ], [ 109.7670382, -7.2383003 ], [ 109.766947, -7.2382737 ], [ 109.7668076, -7.238271 ], [ 109.7666869, -7.2382737 ], [ 109.7665822, -7.2383162 ], [ 109.766432, -7.2384679 ], [ 109.7663382, -7.2387766 ], [ 109.7662765, -7.2389389 ], [ 109.7662041, -7.2390719 ], [ 109.7661316, -7.2393832 ], [ 109.7661746, -7.2395243 ], [ 109.7662577, -7.239628 ], [ 109.7663543, -7.2397531 ], [ 109.7665206, -7.2399926 ] ] } },
{ "type": "Feature", "properties": { "waterway": "stream", "name": null }, "geometry": { "type": "LineString", "coordinates": [ [ 109.7812056, -7.1889045 ], [ 109.7812271, -7.1890269 ], [ 109.7811949, -7.1892664 ], [ 109.7811037, -7.1895964 ], [ 109.7809696, -7.1897774 ], [ 109.7806424, -7.1902244 ], [ 109.7806424, -7.1903708 ], [ 109.7806156, -7.1905331 ], [ 109.7806209, -7.1907434 ], [ 109.7806317, -7.1909376 ], [ 109.7806451, -7.1910787 ], [ 109.7808704, -7.1915311 ], [ 109.7809803, -7.1916668 ], [ 109.781101, -7.1917812 ], [ 109.7811654, -7.1918903 ], [ 109.7811654, -7.1919781 ], [ 109.7811547, -7.1923427 ], [ 109.7811037, -7.1924252 ], [ 109.7808838, -7.1924784 ], [ 109.7807443, -7.1925689 ], [ 109.7805271, -7.1926913 ], [ 109.7804895, -7.1930399 ], [ 109.78046, -7.1932874 ], [ 109.7803768, -7.193463 ], [ 109.7803366, -7.1937744 ], [ 109.780232, -7.1938861 ], [ 109.7801167, -7.1939287 ], [ 109.7799852, -7.1939739 ], [ 109.7798243, -7.1940671 ], [ 109.7797868, -7.1942826 ], [ 109.7798833, -7.1945887 ], [ 109.7799504, -7.1946898 ], [ 109.7801167, -7.1948494 ], [ 109.7802132, -7.1949958 ], [ 109.7803232, -7.1950836 ], [ 109.7803366, -7.1951501 ], [ 109.7803178, -7.1952912 ], [ 109.7802991, -7.1954349 ], [ 109.7802588, -7.1955653 ], [ 109.7801891, -7.195709 ], [ 109.7800416, -7.1958553 ], [ 109.7799182, -7.1959325 ], [ 109.7799048, -7.1960443 ], [ 109.7799477, -7.1961773 ], [ 109.7799262, -7.1963237 ], [ 109.7799638, -7.1964301 ], [ 109.7800282, -7.1966297 ], [ 109.7800443, -7.1967574 ], [ 109.7800845, -7.1970023 ], [ 109.7800818, -7.197138 ], [ 109.7801328, -7.19742 ], [ 109.780181, -7.1977686 ], [ 109.7802293, -7.1979656 ], [ 109.7802615, -7.1981811 ], [ 109.7802749, -7.1983727 ], [ 109.7802347, -7.1984818 ], [ 109.7801515, -7.1986441 ], [ 109.7801998, -7.1987958 ], [ 109.7802508, -7.1989369 ], [ 109.7802964, -7.1990486 ], [ 109.7803313, -7.1991338 ], [ 109.7803929, -7.1992429 ], [ 109.7804359, -7.199344 ], [ 109.7803768, -7.1994558 ], [ 109.7803313, -7.1995409 ], [ 109.7802588, -7.1996633 ], [ 109.7801971, -7.1997192 ], [ 109.7800764, -7.1997565 ], [ 109.7799638, -7.1997698 ], [ 109.7798055, -7.199807 ], [ 109.7796258, -7.1998563 ], [ 109.7795561, -7.1999441 ], [ 109.7794998, -7.2001224 ], [ 109.7794662, -7.2001942 ], [ 109.7793871, -7.2002208 ], [ 109.7792785, -7.2002075 ], [ 109.7791725, -7.2001849 ], [ 109.7790009, -7.2002155 ], [ 109.7789687, -7.2002501 ], [ 109.7789378, -7.2003299 ], [ 109.778911, -7.2003738 ], [ 109.7787152, -7.2005069 ], [ 109.7786133, -7.2005774 ], [ 109.7785677, -7.2007264 ], [ 109.7785436, -7.2008502 ], [ 109.7785087, -7.2009366 ], [ 109.7784752, -7.201087 ], [ 109.7784376, -7.2011961 ], [ 109.7783357, -7.2012839 ], [ 109.7783236, -7.2013291 ], [ 109.7783196, -7.2014995 ], [ 109.7782888, -7.2015833 ], [ 109.778278, -7.2016831 ], [ 109.7783209, -7.2017948 ], [ 109.7783531, -7.2018653 ], [ 109.778337, -7.2019319 ], [ 109.7783048, -7.2019878 ], [ 109.7783813, -7.2021488 ], [ 109.7784618, -7.2021887 ], [ 109.7785436, -7.2021794 ], [ 109.7786321, -7.2021767 ], [ 109.7787568, -7.2022219 ], [ 109.7787823, -7.2022805 ], [ 109.7787783, -7.2023709 ], [ 109.7788064, -7.2024361 ], [ 109.778797, -7.202508 ], [ 109.7787568, -7.2027156 ], [ 109.7786844, -7.2028566 ], [ 109.7785918, -7.2029644 ], [ 109.7784001, -7.2031413 ], [ 109.7783571, -7.2033169 ], [ 109.7783786, -7.203442 ], [ 109.7783303, -7.2035431 ], [ 109.7782069, -7.2035777 ], [ 109.778105, -7.2036443 ], [ 109.7780246, -7.2036868 ], [ 109.7778851, -7.2036868 ], [ 109.7777241, -7.203788 ], [ 109.7776115, -7.2039636 ], [ 109.7776034, -7.2041099 ], [ 109.77759, -7.2042696 ], [ 109.7774935, -7.2042776 ], [ 109.7774103, -7.2043188 ], [ 109.7773674, -7.20438 ], [ 109.7773392, -7.2044945 ], [ 109.7772467, -7.2046741 ], [ 109.777181, -7.2047818 ], [ 109.7770067, -7.2049349 ], [ 109.7768618, -7.2050134 ], [ 109.7767733, -7.2050573 ], [ 109.7767451, -7.2050959 ], [ 109.7767237, -7.2051557 ], [ 109.7767612, -7.205201 ], [ 109.7767666, -7.2052475 ], [ 109.77678, -7.2052928 ], [ 109.7768082, -7.2053074 ], [ 109.7768202, -7.205338 ], [ 109.7768162, -7.2053793 ], [ 109.7767639, -7.205511 ], [ 109.7766714, -7.2055895 ], [ 109.7766781, -7.20566 ], [ 109.7767197, -7.2057691 ], [ 109.7768001, -7.2058675 ], [ 109.7768779, -7.2059354 ], [ 109.7769812, -7.2060791 ], [ 109.7770388, -7.2061895 ], [ 109.7771126, -7.2062627 ], [ 109.77713, -7.206304 ], [ 109.7771394, -7.2063652 ], [ 109.7772253, -7.2064543 ], [ 109.777303, -7.2064756 ], [ 109.7773366, -7.2065142 ], [ 109.7773473, -7.206618 ], [ 109.7773325, -7.2067004 ], [ 109.7772869, -7.2067896 ], [ 109.7772682, -7.2068588 ], [ 109.7772454, -7.2069253 ], [ 109.7773044, -7.2070623 ], [ 109.7773916, -7.2071355 ], [ 109.7774371, -7.2071821 ], [ 109.777464, -7.2072686 ], [ 109.7774117, -7.2073258 ], [ 109.7773473, -7.2073391 ], [ 109.7772749, -7.2073324 ], [ 109.7771797, -7.2073058 ], [ 109.7771166, -7.2072553 ], [ 109.7770281, -7.2072047 ], [ 109.7769597, -7.2072353 ], [ 109.7769678, -7.2072912 ], [ 109.7769034, -7.2074123 ], [ 109.776839, -7.2074415 ], [ 109.7768202, -7.2074815 ], [ 109.776839, -7.2076198 ], [ 109.7768135, -7.2076611 ], [ 109.7768028, -7.2077037 ], [ 109.7768135, -7.2078061 ], [ 109.7767961, -7.2078593 ], [ 109.7768256, -7.2079791 ], [ 109.7768685, -7.2080882 ], [ 109.7769047, -7.2081507 ], [ 109.776949, -7.2082452 ], [ 109.7769423, -7.2082864 ], [ 109.7769047, -7.2083463 ], [ 109.7769007, -7.208478 ], [ 109.7769396, -7.2085299 ], [ 109.7769772, -7.2085392 ], [ 109.7769999, -7.2085365 ], [ 109.7771099, -7.2085139 ], [ 109.7771917, -7.20847 ], [ 109.7772548, -7.2084381 ], [ 109.7773285, -7.2083356 ], [ 109.7773835, -7.2082917 ], [ 109.777472, -7.2082718 ], [ 109.7775123, -7.2082718 ], [ 109.7775874, -7.2082997 ], [ 109.7776061, -7.2083782 ], [ 109.7775458, -7.208615 ], [ 109.7774801, -7.2087069 ], [ 109.7773983, -7.208816 ], [ 109.7773527, -7.2088346 ], [ 109.7772977, -7.2088306 ], [ 109.7772427, -7.2088 ], [ 109.7772454, -7.2087574 ], [ 109.7772481, -7.2087228 ], [ 109.7772185, -7.2086789 ], [ 109.7771341, -7.208651 ], [ 109.7769517, -7.2087987 ], [ 109.7768953, -7.2088971 ], [ 109.776839, -7.2090222 ], [ 109.7767773, -7.2092191 ], [ 109.7767344, -7.2092936 ], [ 109.7766888, -7.2092989 ], [ 109.7766137, -7.2092697 ], [ 109.7765359, -7.2092563 ], [ 109.7764876, -7.209283 ], [ 109.7764769, -7.2093721 ], [ 109.7764997, -7.2095211 ], [ 109.7765949, -7.2096515 ], [ 109.776658, -7.2096954 ], [ 109.7766915, -7.2096901 ], [ 109.7767612, -7.2096608 ], [ 109.7768296, -7.2096688 ], [ 109.77689, -7.2097407 ], [ 109.7768779, -7.2098631 ], [ 109.776831, -7.2099868 ], [ 109.7767331, -7.2100719 ], [ 109.7766405, -7.2100932 ], [ 109.7765855, -7.2101797 ], [ 109.7765976, -7.2102529 ], [ 109.7766553, -7.210338 ], [ 109.7766513, -7.2104964 ], [ 109.7766472, -7.2108822 ], [ 109.7766204, -7.2109594 ], [ 109.7765695, -7.2109754 ], [ 109.7765118, -7.2109714 ], [ 109.776434, -7.2109408 ], [ 109.7763495, -7.2108729 ], [ 109.7763146, -7.2107931 ], [ 109.776269, -7.210696 ], [ 109.7762275, -7.2106254 ], [ 109.7761202, -7.2106175 ], [ 109.7759593, -7.2106627 ], [ 109.7758171, -7.2107359 ], [ 109.7757956, -7.2108037 ], [ 109.7758238, -7.2108782 ], [ 109.7758868, -7.2109554 ], [ 109.7759686, -7.2110445 ], [ 109.7761068, -7.2110938 ], [ 109.7762167, -7.2111669 ], [ 109.776253, -7.2112335 ], [ 109.7762637, -7.2113279 ], [ 109.7762838, -7.2114251 ], [ 109.7763401, -7.2115541 ], [ 109.7764286, -7.2116646 ], [ 109.7764045, -7.2117351 ], [ 109.7763468, -7.2117497 ], [ 109.7762986, -7.2117444 ], [ 109.7762221, -7.2117045 ], [ 109.7761618, -7.2116459 ], [ 109.7761148, -7.21161 ], [ 109.776029, -7.211598 ], [ 109.7759646, -7.2116379 ], [ 109.7759619, -7.2117058 ], [ 109.7759995, -7.2117843 ], [ 109.7761242, -7.2118841 ], [ 109.7761028, -7.2119998 ], [ 109.7760451, -7.2120398 ], [ 109.7759069, -7.2120837 ], [ 109.7758292, -7.2120956 ], [ 109.7757474, -7.2121103 ], [ 109.7756495, -7.2121542 ], [ 109.7756079, -7.2122087 ], [ 109.7755985, -7.2122513 ], [ 109.7756776, -7.2124562 ], [ 109.7758144, -7.2126145 ], [ 109.7758989, -7.2126864 ], [ 109.7758654, -7.2128474 ], [ 109.7758573, -7.2129511 ], [ 109.7758587, -7.2130256 ], [ 109.7758225, -7.213152 ], [ 109.7757715, -7.2132332 ], [ 109.775624, -7.2132957 ], [ 109.775565, -7.2132691 ], [ 109.7755381, -7.2132226 ], [ 109.7755086, -7.2131041 ], [ 109.7754751, -7.212999 ], [ 109.7754724, -7.212858 ], [ 109.7754255, -7.2127423 ], [ 109.7753812, -7.212701 ], [ 109.7753316, -7.2126957 ] ] } },
{ "type": "Feature", "properties": { "waterway": "stream", "name": null }, "geometry": { "type": "LineString", "coordinates": [ [ 109.7791135, -7.1819909 ], [ 109.77965, -7.1826295 ], [ 109.7798967, -7.1829276 ], [ 109.7800898, -7.1833002 ], [ 109.780283, -7.1837792 ], [ 109.7804439, -7.1840772 ], [ 109.7806799, -7.1842901 ], [ 109.7810125, -7.1843753 ], [ 109.7814095, -7.1847478 ], [ 109.7813666, -7.1853013 ], [ 109.7813666, -7.1855568 ], [ 109.7816107, -7.1859028 ], [ 109.7817823, -7.1859214 ], [ 109.7822034, -7.1861529 ], [ 109.7824609, -7.1866106 ], [ 109.7826648, -7.1870896 ], [ 109.7827238, -7.1874303 ], [ 109.7825414, -7.1875367 ], [ 109.782021, -7.1876112 ], [ 109.7818601, -7.1877283 ], [ 109.7817153, -7.1878294 ], [ 109.7816241, -7.1882499 ], [ 109.7815329, -7.1885692 ], [ 109.7813505, -7.1887768 ], [ 109.7812056, -7.1889045 ] ] } },
{ "type": "Feature", "properties": { "waterway": "stream", "name": null }, "geometry": { "type": "LineString", "coordinates": [ [ 109.7786415, -7.1840027 ], [ 109.7787809, -7.1847585 ], [ 109.7788238, -7.1851789 ], [ 109.7788507, -7.1855142 ], [ 109.7789043, -7.1859453 ], [ 109.7791082, -7.1863073 ], [ 109.7792745, -7.1865042 ], [ 109.7794247, -7.1867756 ], [ 109.7795266, -7.1870258 ], [ 109.7797143, -7.1875527 ], [ 109.7799396, -7.1881701 ], [ 109.7800952, -7.1883723 ], [ 109.7803688, -7.1883829 ], [ 109.7807121, -7.1884096 ], [ 109.7809213, -7.1884468 ], [ 109.7811896, -7.1886171 ], [ 109.7812056, -7.1889045 ] ] } },
{ "type": "Feature", "properties": { "waterway": "river", "name": null }, "geometry": { "type": "LineString", "coordinates": [ [ 109.7787622, -7.2742254 ], [ 109.7786441, -7.2744409 ], [ 109.7784376, -7.2747868 ], [ 109.7782552, -7.2750023 ], [ 109.777987, -7.2751114 ], [ 109.777649, -7.2753243 ], [ 109.7775659, -7.2755211 ], [ 109.7775739, -7.2758085 ], [ 109.7775444, -7.2762049 ], [ 109.7774801, -7.2764311 ], [ 109.7775015, -7.2766253 ], [ 109.7775149, -7.276761 ], [ 109.7775337, -7.2768355 ], [ 109.7775391, -7.277059 ], [ 109.7773862, -7.2772559 ], [ 109.7772521, -7.2773756 ], [ 109.777185, -7.2774953 ], [ 109.7771689, -7.277643 ], [ 109.777181, -7.2777654 ], [ 109.7772561, -7.2780141 ], [ 109.7772856, -7.2781405 ], [ 109.7772628, -7.2783081 ], [ 109.7772373, -7.2784811 ], [ 109.7772984, -7.2785239 ], [ 109.7774291, -7.2786154 ], [ 109.7774935, -7.2787219 ], [ 109.7775605, -7.2789081 ], [ 109.7776571, -7.2791236 ], [ 109.7777295, -7.2791821 ], [ 109.7777483, -7.279371 ], [ 109.7777376, -7.2795493 ], [ 109.7777483, -7.2797568 ], [ 109.7777536, -7.2800255 ], [ 109.7776329, -7.2801958 ], [ 109.7774988, -7.280257 ], [ 109.7772118, -7.2802597 ], [ 109.7769034, -7.280414 ], [ 109.7766593, -7.280571 ], [ 109.776611, -7.2807333 ], [ 109.7766083, -7.2808131 ], [ 109.7763321, -7.2810179 ], [ 109.7761416, -7.2810233 ], [ 109.7757634, -7.2810206 ], [ 109.7754818, -7.2811084 ], [ 109.7752994, -7.2814543 ], [ 109.7752055, -7.2816591 ], [ 109.7749963, -7.2817336 ], [ 109.774932, -7.2818667 ], [ 109.7748113, -7.2821274 ], [ 109.7746664, -7.2822125 ], [ 109.7743821, -7.2821673 ], [ 109.7741488, -7.2821114 ], [ 109.7739315, -7.282146 ], [ 109.7738644, -7.2822658 ], [ 109.7737652, -7.282468 ], [ 109.7736821, -7.2827074 ], [ 109.773725, -7.2829761 ], [ 109.7735774, -7.2834816 ], [ 109.7734648, -7.2837477 ], [ 109.7734058, -7.2840882 ], [ 109.7731, -7.2842319 ], [ 109.7729444, -7.2843649 ], [ 109.7727567, -7.2845831 ], [ 109.7726333, -7.2848226 ], [ 109.7727969, -7.2851126 ], [ 109.772931, -7.2852855 ], [ 109.7730008, -7.2855382 ], [ 109.7731027, -7.2857804 ], [ 109.7732663, -7.2861715 ], [ 109.7733092, -7.2863337 ], [ 109.7732502, -7.2866025 ], [ 109.7732395, -7.2867328 ], [ 109.7732636, -7.2869457 ], [ 109.7734112, -7.2871878 ], [ 109.7736458, -7.2874153 ], [ 109.773725, -7.2875044 ], [ 109.7737867, -7.2877172 ], [ 109.7738162, -7.2879966 ], [ 109.7738403, -7.2883105 ], [ 109.7738832, -7.2886005 ], [ 109.7740093, -7.2887735 ], [ 109.7743848, -7.2888905 ], [ 109.7747844, -7.2890236 ], [ 109.7750929, -7.2891193 ], [ 109.7754765, -7.2892284 ], [ 109.7757313, -7.2892816 ], [ 109.7760344, -7.2893136 ], [ 109.7762436, -7.2894093 ], [ 109.7763938, -7.2894945 ], [ 109.7764581, -7.2896062 ], [ 109.7765896, -7.2898856 ], [ 109.7766942, -7.2899867 ], [ 109.7769517, -7.2901782 ], [ 109.7771206, -7.2903033 ], [ 109.7772843, -7.2904283 ], [ 109.7775713, -7.2906199 ], [ 109.7778636, -7.2907423 ], [ 109.7784296, -7.2907476 ], [ 109.7788158, -7.2906651 ], [ 109.7790331, -7.2905587 ], [ 109.7791913, -7.2905055 ], [ 109.7795373, -7.2904203 ], [ 109.7799718, -7.2903911 ], [ 109.7801971, -7.2904629 ], [ 109.7802883, -7.2905454 ], [ 109.7803876, -7.2907609 ], [ 109.7803742, -7.2908992 ], [ 109.7802857, -7.2910562 ], [ 109.7802481, -7.2912265 ], [ 109.7802857, -7.2913701 ], [ 109.7803393, -7.2914526 ], [ 109.7804385, -7.2914659 ], [ 109.7805834, -7.2914686 ], [ 109.7807175, -7.2914606 ], [ 109.7809616, -7.2915511 ], [ 109.7809777, -7.291724 ], [ 109.780924, -7.2918544 ], [ 109.780912, -7.2921191 ], [ 109.7809317, -7.2922628 ] ] } },
{ "type": "Feature", "properties": { "waterway": "stream", "name": null }, "geometry": { "type": "LineString", "coordinates": [ [ 109.7515941, -7.2107226 ], [ 109.7516879, -7.2109035 ], [ 109.751806, -7.2111164 ], [ 109.7518998, -7.2112521 ], [ 109.7519749, -7.2113585 ], [ 109.7520876, -7.2116512 ], [ 109.7521439, -7.211787 ], [ 109.7522968, -7.212258 ], [ 109.7523907, -7.2123671 ], [ 109.7525033, -7.2125294 ], [ 109.7525355, -7.2127423 ], [ 109.7525758, -7.2128487 ], [ 109.7526938, -7.2129684 ], [ 109.7528011, -7.2131574 ], [ 109.7528145, -7.213309 ], [ 109.7527286, -7.2135326 ], [ 109.7527018, -7.2137774 ], [ 109.7527045, -7.2140594 ], [ 109.7527555, -7.2141898 ], [ 109.7528467, -7.2144772 ], [ 109.7528842, -7.214589 ], [ 109.7528869, -7.2146981 ], [ 109.7530049, -7.2149801 ], [ 109.7531041, -7.2150094 ], [ 109.7532088, -7.2150413 ], [ 109.753485, -7.2152489 ], [ 109.753595, -7.215366 ], [ 109.7536781, -7.2156427 ], [ 109.7536567, -7.2158503 ], [ 109.7535816, -7.2158928 ], [ 109.753359, -7.2159407 ], [ 109.7532222, -7.2159753 ], [ 109.753139, -7.2160365 ], [ 109.7529995, -7.2162521 ], [ 109.7529674, -7.2164091 ], [ 109.7530237, -7.2165155 ], [ 109.7531149, -7.2166299 ], [ 109.7531524, -7.2167018 ], [ 109.7531417, -7.2168747 ], [ 109.7531605, -7.2169892 ], [ 109.7532356, -7.2171142 ], [ 109.7532892, -7.2172659 ] ] } },
{ "type": "Feature", "properties": { "waterway": "stream", "name": null }, "geometry": { "type": "LineString", "coordinates": [ [ 109.7470102, -7.2158583 ], [ 109.746919, -7.2161004 ], [ 109.7469324, -7.2166592 ], [ 109.7470504, -7.2169093 ], [ 109.7471577, -7.2171648 ], [ 109.7473615, -7.2174309 ], [ 109.74756, -7.2176278 ], [ 109.7478175, -7.2177555 ], [ 109.7481179, -7.2178992 ], [ 109.7482896, -7.2179844 ], [ 109.7485256, -7.2180881 ], [ 109.7486973, -7.2180988 ], [ 109.7488663, -7.2180881 ], [ 109.7489628, -7.2180961 ], [ 109.7490808, -7.2181866 ], [ 109.7491801, -7.2182664 ], [ 109.7492927, -7.2182824 ], [ 109.7493437, -7.2182451 ], [ 109.7495475, -7.2183196 ], [ 109.7496816, -7.2183755 ], [ 109.7497755, -7.2183888 ], [ 109.7501832, -7.2183276 ], [ 109.7503656, -7.2181706 ] ] } },
{ "type": "Feature", "properties": { "waterway": "stream", "name": null }, "geometry": { "type": "LineString", "coordinates": [ [ 109.7362035, -7.2134181 ], [ 109.7363403, -7.2134527 ], [ 109.7363242, -7.2135193 ], [ 109.7364449, -7.2135951 ], [ 109.7365536, -7.213651 ], [ 109.7366273, -7.2137188 ], [ 109.7366796, -7.213792 ], [ 109.7367668, -7.2140634 ], [ 109.7368205, -7.2142284 ], [ 109.7368379, -7.2143269 ], [ 109.7369921, -7.21442 ], [ 109.737149, -7.2145743 ], [ 109.7372563, -7.2146449 ], [ 109.7375607, -7.2148178 ], [ 109.7376117, -7.2148817 ], [ 109.73801, -7.2149615 ], [ 109.7381562, -7.2148391 ], [ 109.7383654, -7.2146382 ], [ 109.73847, -7.2146076 ], [ 109.7386926, -7.2144612 ], [ 109.7388066, -7.2142909 ], [ 109.7387812, -7.2142191 ], [ 109.7389206, -7.2139903 ], [ 109.7389019, -7.2138758 ] ] } },
{ "type": "Feature", "properties": { "waterway": "stream", "name": null }, "geometry": { "type": "LineString", "coordinates": [ [ 109.7317296, -7.2123591 ], [ 109.7321427, -7.2126677 ], [ 109.7324806, -7.212838 ], [ 109.7326416, -7.2129658 ], [ 109.7329259, -7.2131041 ], [ 109.7334731, -7.2133543 ], [ 109.733634, -7.2133809 ], [ 109.7342938, -7.2133809 ], [ 109.7346103, -7.2134288 ], [ 109.7347096, -7.2134208 ], [ 109.7347981, -7.2133942 ], [ 109.7349107, -7.213349 ], [ 109.7351441, -7.2133277 ], [ 109.7352004, -7.2132345 ], [ 109.735246, -7.21316 ], [ 109.7353587, -7.2131893 ], [ 109.7354901, -7.2132558 ], [ 109.7356081, -7.2132904 ], [ 109.7358187, -7.2133769 ] ] } },
{ "type": "Feature", "properties": { "waterway": "stream", "name": null }, "geometry": { "type": "LineString", "coordinates": [ [ 109.7321695, -7.2114703 ], [ 109.7327059, -7.2118535 ], [ 109.7335643, -7.2122367 ], [ 109.7338647, -7.2123431 ], [ 109.7341973, -7.2123857 ], [ 109.7345298, -7.2123857 ], [ 109.7346371, -7.2123697 ], [ 109.7348034, -7.2123138 ] ] } },
{ "type": "Feature", "properties": { "waterway": "stream", "name": null }, "geometry": { "type": "LineString", "coordinates": [ [ 109.7320676, -7.2073777 ], [ 109.7323787, -7.2078992 ], [ 109.7325933, -7.208176 ], [ 109.7330224, -7.208325 ], [ 109.7334945, -7.2089849 ], [ 109.7336876, -7.2095065 ], [ 109.7337305, -7.2099961 ], [ 109.7337949, -7.2106241 ], [ 109.734031, -7.2112308 ], [ 109.7342884, -7.2117524 ], [ 109.7345352, -7.212093 ], [ 109.7347015, -7.21225 ], [ 109.7348034, -7.2123138 ], [ 109.7349617, -7.2124469 ], [ 109.7351682, -7.212846 ], [ 109.7359273, -7.212995 ], [ 109.735879, -7.2131481 ], [ 109.7358535, -7.2132239 ], [ 109.7358119, -7.2132931 ], [ 109.7358187, -7.2133769 ], [ 109.7362035, -7.2134181 ] ] } },
{ "type": "Feature", "properties": { "waterway": "stream", "name": null }, "geometry": { "type": "LineString", "coordinates": [ [ 109.7370753, -7.2116885 ], [ 109.7374025, -7.2117018 ], [ 109.737491, -7.2117018 ], [ 109.7376117, -7.2118934 ], [ 109.7377244, -7.2119919 ], [ 109.7377968, -7.2120797 ], [ 109.7377405, -7.2122872 ], [ 109.737715, -7.2124362 ] ] } },
{ "type": "Feature", "properties": { "waterway": "stream", "name": null }, "geometry": { "type": "LineString", "coordinates": [ [ 109.7350395, -7.2102649 ], [ 109.7357154, -7.2107412 ], [ 109.7360051, -7.2109461 ], [ 109.7362921, -7.2110845 ], [ 109.7364718, -7.2112255 ], [ 109.7366193, -7.2113532 ], [ 109.7369063, -7.2115927 ], [ 109.7370753, -7.2116885 ] ] } },
{ "type": "Feature", "properties": { "waterway": "stream", "name": null }, "geometry": { "type": "LineString", "coordinates": [ [ 109.737715, -7.2124362 ], [ 109.7376533, -7.2126039 ], [ 109.7376613, -7.2126771 ], [ 109.7377056, -7.2127143 ], [ 109.73766, -7.2127941 ], [ 109.7376452, -7.2129192 ], [ 109.7377284, -7.2129671 ], [ 109.7377659, -7.2129831 ], [ 109.7378625, -7.2130789 ], [ 109.7378947, -7.2131401 ], [ 109.7379778, -7.2132159 ], [ 109.738073, -7.2132957 ], [ 109.738116, -7.2132944 ], [ 109.7381522, -7.2132891 ], [ 109.7382018, -7.2133144 ], [ 109.738293, -7.2133862 ], [ 109.7384325, -7.2134408 ], [ 109.7384781, -7.213474 ], [ 109.7386202, -7.2135751 ], [ 109.7386953, -7.2136763 ], [ 109.7387718, -7.2137681 ], [ 109.7388147, -7.2138319 ], [ 109.7389019, -7.2138758 ] ] } },
{ "type": "Feature", "properties": { "waterway": "stream", "name": null }, "geometry": { "type": "LineString", "coordinates": [ [ 109.7389019, -7.2138758 ], [ 109.7390521, -7.2137973 ], [ 109.7392036, -7.2137734 ], [ 109.7393243, -7.2137494 ], [ 109.7394142, -7.2137494 ], [ 109.7395322, -7.2137428 ], [ 109.7396529, -7.2137388 ], [ 109.7397307, -7.2137281 ], [ 109.7398406, -7.2137082 ], [ 109.7399493, -7.2138293 ], [ 109.7399761, -7.2139131 ], [ 109.7400257, -7.2139996 ], [ 109.7400686, -7.2140515 ], [ 109.7401384, -7.2140834 ], [ 109.7401786, -7.2140994 ], [ 109.7402872, -7.2142457 ], [ 109.740365, -7.2143628 ], [ 109.740424, -7.2144679 ], [ 109.7404911, -7.2146768 ], [ 109.7404897, -7.2147806 ], [ 109.7403985, -7.2148617 ], [ 109.7404374, -7.2149815 ], [ 109.7404951, -7.2150972 ], [ 109.7405554, -7.2151837 ], [ 109.7405916, -7.2152795 ], [ 109.7405957, -7.2153128 ], [ 109.7406305, -7.2154418 ], [ 109.7407284, -7.215503 ], [ 109.740943, -7.2155948 ], [ 109.7410315, -7.2156214 ], [ 109.7412541, -7.215809 ], [ 109.7414231, -7.2159048 ], [ 109.7415344, -7.215966 ], [ 109.7416793, -7.2160711 ], [ 109.7418107, -7.2162135 ], [ 109.7419207, -7.2162095 ], [ 109.7420132, -7.2161802 ], [ 109.7423606, -7.2161416 ], [ 109.7424839, -7.2161337 ], [ 109.7425832, -7.2161204 ], [ 109.7428796, -7.2160019 ], [ 109.7430271, -7.2159674 ], [ 109.7432283, -7.2160392 ], [ 109.7434643, -7.2160738 ], [ 109.7436199, -7.2161057 ], [ 109.7438505, -7.2161696 ], [ 109.7440168, -7.2162734 ], [ 109.7441161, -7.2162441 ], [ 109.7441938, -7.216119 ], [ 109.7444513, -7.2159807 ], [ 109.7446579, -7.2159141 ], [ 109.7448, -7.2158396 ], [ 109.7449717, -7.2157279 ], [ 109.7451112, -7.2156347 ], [ 109.745205, -7.2155948 ], [ 109.7452614, -7.2156427 ], [ 109.7453606, -7.215672 ], [ 109.7454357, -7.2157279 ], [ 109.745535, -7.215837 ] ] } },
{ "type": "Feature", "properties": { "waterway": "stream", "name": null }, "geometry": { "type": "LineString", "coordinates": [ [ 109.7442622, -7.2054019 ], [ 109.7444031, -7.2056068 ], [ 109.7445104, -7.2056933 ], [ 109.7446954, -7.205801 ], [ 109.7449596, -7.205946 ], [ 109.7450937, -7.2060339 ], [ 109.7451273, -7.2062281 ], [ 109.7451648, -7.2063638 ], [ 109.7451916, -7.2066113 ], [ 109.7451997, -7.2067018 ], [ 109.7452909, -7.2069014 ], [ 109.7454223, -7.2070291 ], [ 109.7455081, -7.2072672 ], [ 109.7455524, -7.2074469 ], [ 109.7455323, -7.207536 ], [ 109.7454853, -7.207717 ], [ 109.7455001, -7.2078061 ], [ 109.7455269, -7.2079285 ], [ 109.7455578, -7.2080349 ], [ 109.7455376, -7.2081986 ], [ 109.7454746, -7.2083849 ], [ 109.7454263, -7.2084873 ], [ 109.745366, -7.2086004 ], [ 109.7453673, -7.2086962 ], [ 109.7453673, -7.2087933 ], [ 109.7452627, -7.2089623 ], [ 109.7452024, -7.2090834 ], [ 109.7451366, -7.2092883 ], [ 109.7451822, -7.2095278 ], [ 109.7452064, -7.2096316 ], [ 109.7452453, -7.209887 ], [ 109.7453043, -7.21006 ], [ 109.7453231, -7.2102862 ], [ 109.7452936, -7.2104804 ], [ 109.7453257, -7.210837 ], [ 109.7453257, -7.2111403 ], [ 109.7452882, -7.2115528 ], [ 109.7452641, -7.2118375 ], [ 109.7452694, -7.2120344 ], [ 109.7452158, -7.2121728 ], [ 109.7452292, -7.2123032 ], [ 109.7452694, -7.2124469 ], [ 109.7452828, -7.2125241 ], [ 109.7452667, -7.212689 ], [ 109.7452721, -7.2129525 ], [ 109.745315, -7.2131228 ], [ 109.7453392, -7.2133729 ], [ 109.7453445, -7.2135193 ], [ 109.7452828, -7.2135964 ], [ 109.7452962, -7.2136869 ], [ 109.7453606, -7.2139903 ], [ 109.7453687, -7.2142005 ], [ 109.7453848, -7.2143894 ], [ 109.7454438, -7.2145145 ], [ 109.7455001, -7.2147433 ], [ 109.745602, -7.2149429 ], [ 109.7456691, -7.2151238 ], [ 109.7456825, -7.2152861 ], [ 109.7456878, -7.2153713 ], [ 109.7456878, -7.2155576 ], [ 109.745653, -7.2155895 ], [ 109.7455645, -7.215656 ] ] } },
{ "type": "Feature", "properties": { "waterway": "stream", "name": null }, "geometry": { "type": "LineString", "coordinates": [ [ 109.7403234, -7.2129711 ], [ 109.7403932, -7.2132425 ], [ 109.7404763, -7.2133569 ], [ 109.7406346, -7.2134288 ], [ 109.7407579, -7.2134607 ], [ 109.7408867, -7.213482 ], [ 109.741002, -7.2135139 ], [ 109.7410959, -7.2135751 ], [ 109.7412005, -7.2137747 ], [ 109.7412756, -7.2138652 ], [ 109.7412971, -7.213953 ], [ 109.7413293, -7.2140594 ], [ 109.7413373, -7.214126 ], [ 109.7413775, -7.2142164 ], [ 109.7415277, -7.2144 ], [ 109.7415706, -7.2144852 ], [ 109.7415948, -7.2146502 ], [ 109.7416189, -7.2147433 ], [ 109.7416887, -7.2148125 ], [ 109.7419086, -7.2149083 ], [ 109.7419703, -7.2149934 ], [ 109.7421339, -7.2151664 ], [ 109.7422519, -7.2151611 ], [ 109.7424665, -7.2151105 ], [ 109.7425523, -7.2150573 ], [ 109.742614, -7.2149881 ], [ 109.7426536, -7.2148923 ] ] } },
{ "type": "Feature", "properties": { "waterway": "stream", "name": null }, "geometry": { "type": "LineString", "coordinates": [ [ 109.736461, -7.2079737 ], [ 109.7372389, -7.2082824 ], [ 109.7375286, -7.2085645 ], [ 109.7378826, -7.208804 ], [ 109.7384298, -7.2093415 ], [ 109.738639, -7.2096182 ], [ 109.7387892, -7.210044 ], [ 109.7387677, -7.2105283 ], [ 109.7386819, -7.2107572 ], [ 109.7386578, -7.2110871 ], [ 109.7387382, -7.2111989 ], [ 109.7389501, -7.2113745 ], [ 109.7391164, -7.2114597 ], [ 109.7392774, -7.2115395 ], [ 109.7394544, -7.2116779 ], [ 109.7396502, -7.2117949 ], [ 109.7397521, -7.2118402 ], [ 109.7398827, -7.2118871 ] ] } },
{ "type": "Feature", "properties": { "waterway": "stream", "name": null }, "geometry": { "type": "LineString", "coordinates": [ [ 109.7399157, -7.2089211 ], [ 109.7401142, -7.2093521 ], [ 109.7401035, -7.2095384 ], [ 109.7401839, -7.2098577 ], [ 109.7400123, -7.2104485 ], [ 109.7399586, -7.210656 ], [ 109.7398648, -7.2114304 ], [ 109.739897, -7.2115874 ], [ 109.7398996, -7.2117231 ], [ 109.7398996, -7.211779 ], [ 109.7398827, -7.2118871 ], [ 109.7398755, -7.2119333 ], [ 109.7399211, -7.2121515 ], [ 109.7400016, -7.2123697 ], [ 109.7400659, -7.2125453 ], [ 109.7400901, -7.2126491 ], [ 109.7401759, -7.2128008 ], [ 109.7402403, -7.21287 ], [ 109.7403234, -7.2129711 ] ] } },
{ "type": "Feature", "properties": { "waterway": "stream", "name": null }, "geometry": { "type": "LineString", "coordinates": [ [ 109.7396046, -7.2070051 ], [ 109.7398514, -7.2074415 ], [ 109.7399694, -7.2076065 ], [ 109.7402751, -7.208011 ], [ 109.7403556, -7.2081813 ], [ 109.7406506, -7.2086443 ], [ 109.7407901, -7.2088306 ], [ 109.7409028, -7.2091127 ], [ 109.7409779, -7.209267 ], [ 109.7410583, -7.2093681 ] ] } },
{ "type": "Feature", "properties": { "waterway": "stream", "name": null }, "geometry": { "type": "LineString", "coordinates": [ [ 109.735887, -7.2047273 ], [ 109.7366488, -7.2047539 ], [ 109.7373247, -7.2048391 ], [ 109.737727, -7.2049508 ], [ 109.7379845, -7.20502 ], [ 109.7382259, -7.205036 ], [ 109.7386926, -7.2054671 ], [ 109.7389448, -7.2057119 ], [ 109.739213, -7.2057438 ], [ 109.7394168, -7.2058077 ], [ 109.7396475, -7.205962 ], [ 109.7402376, -7.2065155 ], [ 109.7406399, -7.2071488 ], [ 109.7407043, -7.2073511 ], [ 109.7409564, -7.2077076 ], [ 109.7410154, -7.2079684 ], [ 109.7411066, -7.2088199 ], [ 109.7410959, -7.2090701 ], [ 109.7410637, -7.2092936 ], [ 109.7410583, -7.2093681 ], [ 109.7411603, -7.209565 ], [ 109.741289, -7.209746 ], [ 109.7411656, -7.210193 ], [ 109.7410744, -7.2104325 ], [ 109.7410798, -7.2109008 ], [ 109.7409564, -7.2113053 ], [ 109.7409457, -7.2114969 ], [ 109.740892, -7.2119706 ], [ 109.740774, -7.2120664 ], [ 109.7405273, -7.2123458 ], [ 109.740428, -7.2124495 ], [ 109.7403261, -7.2126039 ], [ 109.7403288, -7.212713 ], [ 109.7403234, -7.2129711 ] ] } },
{ "type": "Feature", "properties": { "waterway": "stream", "name": null }, "geometry": { "type": "LineString", "coordinates": [ [ 109.7399586, -7.2031733 ], [ 109.7400606, -7.2032717 ], [ 109.7400981, -7.2033382 ], [ 109.7403355, -7.2035059 ], [ 109.7404669, -7.2035618 ], [ 109.7405796, -7.2036203 ], [ 109.7406439, -7.2036882 ], [ 109.740711, -7.2037347 ], [ 109.7407794, -7.203748 ], [ 109.7408625, -7.2037467 ], [ 109.7409122, -7.2037134 ], [ 109.7409819, -7.2036695 ], [ 109.7410503, -7.2036655 ], [ 109.7411133, -7.2037001 ], [ 109.7411858, -7.2037667 ], [ 109.7413494, -7.2038372 ], [ 109.7414151, -7.2038651 ], [ 109.7414821, -7.203945 ], [ 109.7415358, -7.2039742 ], [ 109.7416364, -7.2039596 ], [ 109.7417007, -7.2039423 ], [ 109.7419341, -7.2039024 ], [ 109.7420454, -7.2039024 ], [ 109.7422211, -7.2040674 ], [ 109.7422238, -7.2042177 ], [ 109.7423458, -7.2043893 ], [ 109.7424692, -7.2046874 ], [ 109.7425376, -7.2049309 ], [ 109.7426006, -7.2050639 ], [ 109.7423954, -7.205177 ], [ 109.7422908, -7.2052675 ], [ 109.742319, -7.2056587 ], [ 109.7424799, -7.2060152 ], [ 109.7425979, -7.2062547 ], [ 109.7427106, -7.2066219 ], [ 109.7429185, -7.2069373 ], [ 109.7432309, -7.2073431 ], [ 109.7433731, -7.2074628 ], [ 109.7434723, -7.207548 ], [ 109.7435917, -7.2076717 ], [ 109.7436453, -7.2078234 ], [ 109.743648, -7.2080496 ], [ 109.7436628, -7.2082265 ], [ 109.7435608, -7.2085485 ], [ 109.743534, -7.2086736 ], [ 109.7434857, -7.208969 ], [ 109.7434401, -7.2090834 ], [ 109.7434375, -7.2091978 ], [ 109.7434321, -7.209424 ], [ 109.7433597, -7.2097513 ], [ 109.7433838, -7.2098311 ], [ 109.7434509, -7.2100094 ], [ 109.7436413, -7.2101531 ], [ 109.7437191, -7.2102356 ], [ 109.743872, -7.2102649 ], [ 109.7439471, -7.2102782 ], [ 109.7440168, -7.2103447 ], [ 109.7440731, -7.2104272 ], [ 109.7441483, -7.210515 ], [ 109.7442824, -7.2106028 ], [ 109.7443655, -7.2107252 ], [ 109.7444272, -7.2110525 ], [ 109.7444513, -7.2112015 ], [ 109.7444701, -7.2114996 ], [ 109.7444406, -7.2115421 ], [ 109.7443333, -7.211598 ], [ 109.744226, -7.2116033 ], [ 109.7441912, -7.2116885 ], [ 109.7442636, -7.2118934 ], [ 109.7444621, -7.2120398 ], [ 109.7445345, -7.2121063 ], [ 109.7446364, -7.2123218 ], [ 109.7446015, -7.2126065 ], [ 109.7445399, -7.2127449 ], [ 109.7444084, -7.2128859 ], [ 109.7443333, -7.2129924 ], [ 109.7444594, -7.213152 ], [ 109.7444755, -7.2132798 ], [ 109.7444138, -7.2134501 ], [ 109.7443199, -7.2135539 ], [ 109.744226, -7.2136496 ], [ 109.7440946, -7.2135991 ], [ 109.74399, -7.2135751 ], [ 109.7438773, -7.2135698 ], [ 109.7436467, -7.2135672 ], [ 109.7435072, -7.2135831 ], [ 109.7432175, -7.2135884 ], [ 109.7429949, -7.2135618 ], [ 109.7429359, -7.2134847 ], [ 109.7429144, -7.2133862 ], [ 109.742732, -7.2132984 ], [ 109.742614, -7.2132691 ], [ 109.7425979, -7.2133569 ], [ 109.7425631, -7.2135113 ], [ 109.7425926, -7.2135805 ], [ 109.7425899, -7.2136789 ], [ 109.7425979, -7.2137721 ], [ 109.7426704, -7.2139716 ], [ 109.742665, -7.2140328 ], [ 109.7426435, -7.2141286 ], [ 109.7425497, -7.2142404 ], [ 109.7425094, -7.2143521 ], [ 109.7425497, -7.2144612 ], [ 109.7426033, -7.2145012 ], [ 109.7426355, -7.2145943 ], [ 109.7426301, -7.2147007 ], [ 109.7426248, -7.2147885 ], [ 109.742614, -7.2148764 ], [ 109.7426536, -7.2148923 ], [ 109.742787, -7.2149176 ], [ 109.742844, -7.2149196 ], [ 109.74296, -7.2149243 ], [ 109.7430593, -7.2149003 ], [ 109.7431397, -7.2149163 ], [ 109.7432524, -7.2150972 ], [ 109.743306, -7.2152276 ], [ 109.7434509, -7.2153819 ], [ 109.7435501, -7.2153926 ], [ 109.7436199, -7.2153261 ], [ 109.7437406, -7.2152303 ], [ 109.7439149, -7.2151478 ], [ 109.7441509, -7.2150839 ], [ 109.7443575, -7.2150174 ], [ 109.744631, -7.2150121 ], [ 109.7448537, -7.2149615 ], [ 109.7449476, -7.2149402 ], [ 109.7450012, -7.2150121 ], [ 109.7451246, -7.2149881 ], [ 109.7451541, -7.2149509 ], [ 109.7452024, -7.2149908 ], [ 109.7452399, -7.2150813 ], [ 109.7452882, -7.215177 ], [ 109.7453123, -7.2152649 ], [ 109.7453579, -7.2153553 ], [ 109.7454357, -7.2154458 ], [ 109.745535, -7.2155868 ], [ 109.7455645, -7.215656 ], [ 109.745535, -7.215837 ], [ 109.7455537, -7.2161643 ], [ 109.7456825, -7.2165049 ], [ 109.7459185, -7.2167816 ], [ 109.7461063, -7.2169679 ], [ 109.7462135, -7.2170956 ], [ 109.7462994, -7.2173936 ], [ 109.7463906, -7.2177076 ], [ 109.7467178, -7.2180802 ], [ 109.7470021, -7.2182664 ], [ 109.7472167, -7.2183729 ], [ 109.7475922, -7.2187454 ], [ 109.7478014, -7.2190487 ], [ 109.7479516, -7.2194958 ], [ 109.7481018, -7.2196661 ], [ 109.7483057, -7.2198311 ], [ 109.7484398, -7.2199801 ], [ 109.7485846, -7.2200652 ], [ 109.7487026, -7.2199588 ], [ 109.7487456, -7.2198151 ], [ 109.7488207, -7.2196448 ], [ 109.7490996, -7.2194479 ], [ 109.749341, -7.2194319 ], [ 109.7494483, -7.2193361 ], [ 109.7495636, -7.2191711 ], [ 109.7496521, -7.2190753 ], [ 109.7498023, -7.2190168 ], [ 109.750092, -7.2189982 ], [ 109.7502047, -7.2189184 ], [ 109.7502986, -7.2187933 ], [ 109.7503656, -7.2185804 ], [ 109.750371, -7.2184846 ], [ 109.7503737, -7.2183755 ], [ 109.7503656, -7.2181706 ], [ 109.7505587, -7.2180509 ], [ 109.7507331, -7.2180216 ], [ 109.7510254, -7.2180136 ], [ 109.7512051, -7.2181201 ], [ 109.7512883, -7.2181946 ], [ 109.7514224, -7.2182132 ], [ 109.7515646, -7.2181733 ], [ 109.7516799, -7.2181174 ], [ 109.7518247, -7.2180376 ], [ 109.7518676, -7.2178992 ], [ 109.7521251, -7.2178087 ], [ 109.7524363, -7.2178087 ], [ 109.7525436, -7.2177768 ], [ 109.752675, -7.2177316 ], [ 109.7527689, -7.2176384 ], [ 109.7528306, -7.2175719 ], [ 109.7530639, -7.2174788 ], [ 109.7531095, -7.2174202 ], [ 109.7532248, -7.2173085 ], [ 109.7532892, -7.2172659 ], [ 109.7534502, -7.2172499 ], [ 109.7536916, -7.2172526 ], [ 109.7538471, -7.2173324 ], [ 109.7539893, -7.217383 ], [ 109.7541743, -7.217391 ], [ 109.754287, -7.2173936 ], [ 109.7545606, -7.217234 ], [ 109.7546169, -7.2172207 ], [ 109.7546947, -7.217218 ], [ 109.7548395, -7.2172925 ], [ 109.7549629, -7.2172712 ], [ 109.7550917, -7.2172659 ], [ 109.7551668, -7.2173404 ], [ 109.7551721, -7.2174229 ], [ 109.7551426, -7.2174575 ], [ 109.7550541, -7.2174921 ], [ 109.7548717, -7.217524 ], [ 109.7547027, -7.2175879 ], [ 109.754625, -7.2176251 ], [ 109.754582, -7.2177076 ], [ 109.7546491, -7.2178779 ], [ 109.7547993, -7.2179737 ], [ 109.754912, -7.2180722 ], [ 109.7549602, -7.2181866 ], [ 109.7550032, -7.2183303 ], [ 109.7549254, -7.2184261 ], [ 109.7549039, -7.218482 ], [ 109.7549495, -7.218631 ], [ 109.7550702, -7.218756 ], [ 109.755199, -7.2189689 ], [ 109.7554162, -7.2189849 ], [ 109.7555235, -7.2189849 ], [ 109.7555798, -7.2190168 ], [ 109.7557193, -7.2191605 ], [ 109.7559151, -7.2194745 ], [ 109.756017, -7.2196554 ], [ 109.7561833, -7.2199109 ], [ 109.756414, -7.2200812 ], [ 109.7565562, -7.2201264 ], [ 109.7567224, -7.2202914 ], [ 109.7568163, -7.2204537 ], [ 109.7569773, -7.2206187 ], [ 109.7570899, -7.2206746 ], [ 109.7574252, -7.2208262 ], [ 109.7576264, -7.220946 ], [ 109.7577256, -7.2210711 ], [ 109.7578838, -7.2213558 ], [ 109.7581091, -7.2215713 ], [ 109.758195, -7.2215846 ], [ 109.7582942, -7.221582 ], [ 109.7584283, -7.2216511 ], [ 109.7585142, -7.2217922 ], [ 109.7586778, -7.2219811 ], [ 109.7587475, -7.2220157 ], [ 109.7588816, -7.2220423 ], [ 109.7589943, -7.2220423 ], [ 109.7591981, -7.2221541 ], [ 109.7594583, -7.2222977 ], [ 109.7595763, -7.2224068 ], [ 109.7598338, -7.2225638 ], [ 109.7599384, -7.2226809 ], [ 109.7600511, -7.2227634 ], [ 109.7600698, -7.2228619 ], [ 109.7600457, -7.2229151 ], [ 109.7600028, -7.2230135 ], [ 109.7600591, -7.2231599 ], [ 109.760212, -7.2233036 ], [ 109.7604185, -7.223434 ], [ 109.7605285, -7.2235564 ], [ 109.7605687, -7.2237958 ], [ 109.7605124, -7.2239316 ], [ 109.7603542, -7.2241897 ], [ 109.7603059, -7.2244052 ], [ 109.7603112, -7.2247192 ], [ 109.760389, -7.2248948 ], [ 109.7605151, -7.2249587 ], [ 109.7606492, -7.2249454 ], [ 109.7606841, -7.2248868 ], [ 109.7607082, -7.2247351 ], [ 109.7607458, -7.2246207 ], [ 109.7608155, -7.2245595 ], [ 109.7610784, -7.2245835 ], [ 109.7612393, -7.2246447 ], [ 109.7613466, -7.2247032 ], [ 109.76147, -7.2247165 ], [ 109.7615799, -7.2246846 ], [ 109.7616792, -7.2245968 ], [ 109.7618133, -7.2246154 ], [ 109.7619528, -7.2246873 ], [ 109.76206, -7.2248097 ], [ 109.7621486, -7.2249134 ], [ 109.762162, -7.2249853 ], [ 109.7621834, -7.2250704 ], [ 109.7621512, -7.2253951 ], [ 109.7621325, -7.2256824 ], [ 109.7621727, -7.2258181 ], [ 109.7621781, -7.2260762 ], [ 109.7620574, -7.2262918 ], [ 109.7620788, -7.2264115 ], [ 109.7621405, -7.2264701 ], [ 109.7621593, -7.2265472 ], [ 109.7622076, -7.2267495 ], [ 109.7623765, -7.2268346 ], [ 109.7625294, -7.2268586 ], [ 109.7627065, -7.2268399 ], [ 109.7629908, -7.2266962 ], [ 109.7630659, -7.2266137 ], [ 109.7632295, -7.2265951 ], [ 109.7633663, -7.2265552 ], [ 109.7634521, -7.2264621 ], [ 109.7634843, -7.2263317 ], [ 109.7635594, -7.2261481 ], [ 109.7636372, -7.2260842 ], [ 109.7638786, -7.2261641 ], [ 109.7638947, -7.2264035 ], [ 109.7637659, -7.2267362 ], [ 109.7637659, -7.2270235 ], [ 109.7638571, -7.227287 ], [ 109.7639993, -7.2273215 ], [ 109.764238, -7.2272683 ], [ 109.7643399, -7.2272018 ], [ 109.7644848, -7.2271273 ], [ 109.7647127, -7.2270661 ], [ 109.7648522, -7.227114 ], [ 109.7648603, -7.2271486 ], [ 109.7649246, -7.2274253 ], [ 109.7650373, -7.2279735 ], [ 109.765166, -7.2283566 ], [ 109.7654074, -7.2284524 ], [ 109.7658044, -7.2282768 ], [ 109.7660243, -7.2282289 ], [ 109.7662443, -7.2282715 ], [ 109.7663945, -7.2282449 ], [ 109.766534, -7.2281438 ], [ 109.7667271, -7.2281225 ], [ 109.7671938, -7.2283407 ], [ 109.7672421, -7.2285642 ], [ 109.7673815, -7.2287132 ], [ 109.7676551, -7.2287771 ], [ 109.7680092, -7.228793 ], [ 109.7681862, -7.2287079 ], [ 109.7683364, -7.2285695 ], [ 109.7683954, -7.2284524 ], [ 109.7686046, -7.2282715 ], [ 109.7687924, -7.2282662 ], [ 109.7692215, -7.2284311 ], [ 109.7695032, -7.2285243 ], [ 109.7697392, -7.2286414 ] ] } },
{ "type": "Feature", "properties": { "waterway": "stream", "name": null }, "geometry": { "type": "LineString", "coordinates": [ [ 109.7403744, -7.2027262 ], [ 109.740538, -7.2029125 ], [ 109.7406507, -7.2030721 ], [ 109.7408116, -7.2031866 ], [ 109.7409001, -7.2032265 ], [ 109.7410034, -7.2033861 ], [ 109.7410677, -7.2034686 ], [ 109.7411053, -7.2035458 ], [ 109.7411442, -7.2036509 ], [ 109.7411858, -7.2037667 ] ] } },
{ "type": "Feature", "properties": { "waterway": "stream", "name": null }, "geometry": { "type": "LineString", "coordinates": [ [ 109.7384459, -7.2012467 ], [ 109.7389394, -7.2015021 ], [ 109.7393632, -7.2019013 ], [ 109.739626, -7.2020822 ], [ 109.7397816, -7.2022153 ], [ 109.7398889, -7.202359 ], [ 109.7400337, -7.2024814 ], [ 109.7402376, -7.2026464 ], [ 109.7403744, -7.2027262 ] ] } },
{ "type": "Feature", "properties": { "waterway": "stream", "name": null }, "geometry": { "type": "LineString", "coordinates": [ [ 109.7314614, -7.2007943 ], [ 109.7319066, -7.2009539 ], [ 109.7327971, -7.2012147 ], [ 109.7333336, -7.2013797 ], [ 109.7336125, -7.2014223 ], [ 109.7342187, -7.2012254 ], [ 109.734664, -7.2010497 ], [ 109.7352004, -7.2008901 ], [ 109.735474, -7.2007996 ], [ 109.73571, -7.2006985 ], [ 109.7361928, -7.2006453 ], [ 109.7365415, -7.2007038 ], [ 109.7370189, -7.201071 ], [ 109.7373676, -7.2013691 ], [ 109.7375929, -7.2015607 ], [ 109.7377485, -7.2018108 ], [ 109.7378612, -7.2020237 ], [ 109.7382098, -7.202343 ], [ 109.7383654, -7.2026144 ], [ 109.7385532, -7.2026783 ], [ 109.7387356, -7.2026889 ], [ 109.7389287, -7.2026304 ], [ 109.7391111, -7.2026144 ], [ 109.7394007, -7.2026783 ], [ 109.7395241, -7.2027475 ], [ 109.7396421, -7.2028592 ], [ 109.7399586, -7.2031733 ] ] } },
{ "type": "Feature", "properties": { "waterway": "stream", "name": null }, "geometry": { "type": "LineString", "coordinates": [ [ 109.7616953, -7.2130749 ], [ 109.7620252, -7.2130616 ], [ 109.762162, -7.2129605 ], [ 109.7622853, -7.212878 ], [ 109.7624731, -7.2127449 ], [ 109.7626528, -7.2125879 ], [ 109.7628218, -7.2125986 ], [ 109.7629639, -7.212713 ], [ 109.7631276, -7.2129711 ], [ 109.7632053, -7.213168 ], [ 109.763267, -7.2131946 ], [ 109.7633824, -7.213192 ], [ 109.7634655, -7.2131733 ], [ 109.7635514, -7.2131946 ], [ 109.7636479, -7.2132638 ], [ 109.764069, -7.2134687 ], [ 109.7641602, -7.2134953 ], [ 109.7641629, -7.2137188 ], [ 109.7641334, -7.2138333 ], [ 109.7642004, -7.213969 ], [ 109.7642755, -7.2140781 ], [ 109.7644807, -7.2141898 ], [ 109.7645921, -7.2142697 ], [ 109.7646403, -7.2143827 ], [ 109.7646725, -7.2144599 ], [ 109.7646524, -7.2146914 ], [ 109.7645599, -7.2147513 ], [ 109.7643788, -7.2148391 ], [ 109.7641776, -7.2148418 ], [ 109.7640556, -7.2149043 ], [ 109.7639912, -7.21504 ], [ 109.7640543, -7.2151358 ], [ 109.7643507, -7.2155363 ], [ 109.7644365, -7.2157066 ], [ 109.764533, -7.2159248 ], [ 109.7645411, -7.2160232 ], [ 109.7645116, -7.2161004 ], [ 109.7644231, -7.2162627 ], [ 109.7644499, -7.2163532 ], [ 109.7646242, -7.2166166 ], [ 109.7647691, -7.2170104 ], [ 109.7647959, -7.2171861 ], [ 109.764753, -7.2173723 ], [ 109.7646564, -7.2175107 ], [ 109.7645599, -7.2176331 ], [ 109.7644982, -7.2176943 ], [ 109.7645035, -7.2179471 ], [ 109.7644284, -7.2182425 ], [ 109.7644472, -7.2185458 ], [ 109.7644311, -7.2189157 ], [ 109.7645062, -7.2190408 ], [ 109.7645625, -7.2191126 ], [ 109.764592, -7.2191844 ], [ 109.7645625, -7.2192696 ], [ 109.7644955, -7.2193202 ], [ 109.7643694, -7.219392 ], [ 109.7643399, -7.219541 ], [ 109.7642675, -7.2196208 ], [ 109.7642112, -7.2197459 ], [ 109.7641388, -7.2198603 ], [ 109.7640905, -7.2198603 ], [ 109.7641495, -7.2199561 ], [ 109.7642434, -7.219996 ], [ 109.7643346, -7.2200652 ], [ 109.7643694, -7.2201238 ], [ 109.764348, -7.2202302 ], [ 109.7643524, -7.2203118 ] ] } },
{ "type": "Feature", "properties": { "waterway": "stream", "name": null }, "geometry": { "type": "LineString", "coordinates": [ [ 109.7597373, -7.2135698 ], [ 109.760043, -7.2136842 ], [ 109.7601557, -7.2137321 ], [ 109.7602764, -7.2136869 ], [ 109.7605097, -7.2137188 ], [ 109.7608262, -7.2137747 ], [ 109.7610059, -7.2138253 ], [ 109.7612554, -7.2138386 ], [ 109.7614244, -7.2138572 ], [ 109.7617114, -7.213945 ], [ 109.7618884, -7.213945 ], [ 109.7620332, -7.2139344 ], [ 109.7623926, -7.2139131 ], [ 109.7625858, -7.2139929 ], [ 109.7628137, -7.2140568 ], [ 109.7628835, -7.2141712 ], [ 109.7628781, -7.2144107 ], [ 109.7628486, -7.2146874 ], [ 109.7628003, -7.2148444 ], [ 109.7627494, -7.2151212 ], [ 109.7628057, -7.2152675 ], [ 109.7628459, -7.2155895 ], [ 109.7627655, -7.2157891 ], [ 109.7626796, -7.2159594 ], [ 109.7626877, -7.2160419 ], [ 109.762736, -7.2161323 ], [ 109.7626635, -7.2163718 ], [ 109.7624946, -7.2166353 ], [ 109.7624624, -7.2167869 ], [ 109.7623873, -7.217045 ], [ 109.7623444, -7.2172153 ], [ 109.7622719, -7.2175054 ], [ 109.762288, -7.2176517 ], [ 109.7622102, -7.2179471 ], [ 109.7621432, -7.2180961 ], [ 109.7620735, -7.2182318 ], [ 109.7619742, -7.2183941 ] ] } },
{ "type": "Feature", "properties": { "waterway": "stream", "name": null }, "geometry": { "type": "LineString", "coordinates": [ [ 109.7592062, -7.2154458 ], [ 109.7592705, -7.2156853 ], [ 109.759284, -7.2159008 ], [ 109.759241, -7.2160791 ], [ 109.7592249, -7.2162255 ], [ 109.7592732, -7.2162947 ], [ 109.7592813, -7.2163585 ], [ 109.7591874, -7.216582 ], [ 109.7590882, -7.2166273 ], [ 109.7589943, -7.2167044 ], [ 109.7589219, -7.2167843 ], [ 109.7588924, -7.2168401 ], [ 109.7588414, -7.217061 ], [ 109.7589165, -7.2173457 ], [ 109.7590882, -7.2174335 ], [ 109.7591901, -7.2174735 ], [ 109.7593322, -7.2176597 ], [ 109.7593752, -7.2177183 ], [ 109.7594905, -7.2178008 ], [ 109.7595452, -7.2178973 ] ] } },
{ "type": "Feature", "properties": { "waterway": "stream", "name": null }, "geometry": { "type": "LineString", "coordinates": [ [ 109.7576854, -7.2104432 ], [ 109.7575673, -7.2107013 ], [ 109.7574252, -7.2108556 ], [ 109.7572455, -7.2109887 ], [ 109.7570014, -7.2111377 ], [ 109.7568968, -7.2111616 ], [ 109.7566795, -7.2111723 ], [ 109.7565401, -7.2112122 ], [ 109.7564006, -7.2112947 ], [ 109.7562289, -7.2113399 ], [ 109.7560465, -7.2113745 ], [ 109.7558588, -7.2114118 ] ] } },
{ "type": "Feature", "properties": { "waterway": "stream", "name": null }, "geometry": { "type": "LineString", "coordinates": [ [ 109.7544613, -7.2127263 ], [ 109.7546062, -7.2127822 ], [ 109.7546491, -7.2127901 ], [ 109.7547591, -7.2127529 ], [ 109.7548261, -7.212721 ], [ 109.7549307, -7.212721 ], [ 109.7550434, -7.2128221 ], [ 109.7551748, -7.2128886 ], [ 109.7552767, -7.2128859 ], [ 109.7553787, -7.2128726 ], [ 109.7554806, -7.212878 ], [ 109.7555959, -7.2129019 ], [ 109.7557211, -7.2129475 ] ] } },
{ "type": "Feature", "properties": { "waterway": "stream", "name": null }, "geometry": { "type": "LineString", "coordinates": [ [ 109.7487992, -7.2070051 ], [ 109.7492552, -7.2070371 ], [ 109.7494805, -7.2069679 ], [ 109.749636, -7.2071062 ], [ 109.749797, -7.2072872 ], [ 109.7499847, -7.2074841 ], [ 109.7501457, -7.2076012 ], [ 109.7505641, -7.2077928 ], [ 109.7507733, -7.2078354 ], [ 109.750945, -7.2078726 ], [ 109.7511649, -7.2078833 ], [ 109.7511958, -7.2079431 ], [ 109.7514278, -7.2079485 ], [ 109.7515029, -7.2079085 ], [ 109.7517845, -7.2077928 ], [ 109.7520608, -7.2075945 ], [ 109.7521828, -7.2075134 ], [ 109.7522552, -7.2074788 ], [ 109.752384, -7.2074815 ], [ 109.7526482, -7.2076172 ], [ 109.7528172, -7.2077249 ], [ 109.7529674, -7.2077542 ], [ 109.7532463, -7.2077635 ], [ 109.7534609, -7.2079312 ], [ 109.7535574, -7.2079365 ], [ 109.753764, -7.2079205 ], [ 109.7539276, -7.2078886 ], [ 109.7540402, -7.2079897 ], [ 109.754177, -7.2080722 ], [ 109.7542602, -7.2081121 ], [ 109.7543997, -7.2081786 ], [ 109.7543889, -7.2082398 ], [ 109.754441, -7.2083649 ] ] } },
{ "type": "Feature", "properties": { "waterway": "stream", "name": null }, "geometry": { "type": "LineString", "coordinates": [ [ 109.7586241, -7.2062813 ], [ 109.7583613, -7.2065102 ], [ 109.7582191, -7.206582 ], [ 109.758077, -7.2065714 ], [ 109.7578892, -7.2065794 ], [ 109.7577256, -7.2066273 ], [ 109.7575325, -7.2065341 ], [ 109.7573099, -7.2064064 ], [ 109.7570658, -7.2063638 ], [ 109.7568619, -7.206292 ], [ 109.7566232, -7.2062121 ], [ 109.7563711, -7.206143 ], [ 109.7562826, -7.2062494 ], [ 109.7562718, -7.2063585 ], [ 109.7561806, -7.2063904 ], [ 109.7560412, -7.2064676 ], [ 109.7559661, -7.2065155 ], [ 109.7558816, -7.2065248 ], [ 109.7557287, -7.2065102 ], [ 109.7556777, -7.2066432 ], [ 109.7556442, -7.2067098 ] ] } },
{ "type": "Feature", "properties": { "waterway": "stream", "name": null }, "geometry": { "type": "LineString", "coordinates": [ [ 109.7534502, -7.2024654 ], [ 109.7532999, -7.2028699 ], [ 109.7531068, -7.2031812 ], [ 109.7529513, -7.203136 ], [ 109.7525758, -7.2035618 ], [ 109.752396, -7.2037826 ], [ 109.7523665, -7.2041365 ], [ 109.7520018, -7.2044772 ], [ 109.7519052, -7.2046342 ], [ 109.7519012, -7.204714 ], [ 109.7519079, -7.2047898 ], [ 109.7518931, -7.204867 ], [ 109.7518998, -7.2049096 ], [ 109.7519065, -7.2049508 ], [ 109.7518033, -7.2050865 ], [ 109.7517309, -7.2051903 ], [ 109.7517469, -7.2052568 ] ] } },
{ "type": "Feature", "properties": { "waterway": "stream", "name": null }, "geometry": { "type": "LineString", "coordinates": [ [ 109.7517469, -7.2052568 ], [ 109.751924, -7.2054378 ], [ 109.7520393, -7.2057332 ], [ 109.7521627, -7.2058503 ], [ 109.7525141, -7.2059354 ], [ 109.75308, -7.2056986 ], [ 109.7536728, -7.2056374 ], [ 109.7537291, -7.2055549 ], [ 109.7538069, -7.2054484 ], [ 109.7539249, -7.2054325 ], [ 109.7540215, -7.2054538 ], [ 109.7541717, -7.2054937 ], [ 109.7542629, -7.2055602 ], [ 109.7543889, -7.2055655 ], [ 109.7544828, -7.2055682 ], [ 109.754869, -7.2056347 ], [ 109.7549629, -7.2057358 ], [ 109.7550836, -7.2058369 ], [ 109.7554189, -7.2059567 ], [ 109.7555315, -7.2060498 ], [ 109.755494, -7.2062707 ], [ 109.7554618, -7.2065395 ], [ 109.7555155, -7.2066246 ], [ 109.7556442, -7.2067098 ], [ 109.7554645, -7.2072287 ], [ 109.7554564, -7.2075267 ], [ 109.7554404, -7.2077582 ], [ 109.7554564, -7.2079046 ], [ 109.7553733, -7.2080802 ], [ 109.7551104, -7.2081334 ], [ 109.7548637, -7.208301 ], [ 109.7546893, -7.2083144 ], [ 109.754441, -7.2083649 ], [ 109.7543889, -7.2083756 ], [ 109.7543889, -7.2084767 ], [ 109.7542119, -7.2088891 ], [ 109.7542092, -7.2090275 ], [ 109.7543728, -7.2092244 ], [ 109.7546142, -7.2094666 ], [ 109.7547242, -7.2095278 ], [ 109.7548074, -7.2096076 ], [ 109.75481, -7.2097353 ], [ 109.7551158, -7.2099988 ], [ 109.7553197, -7.2100227 ], [ 109.7555235, -7.210185 ], [ 109.7555718, -7.2104165 ], [ 109.7555718, -7.2105815 ], [ 109.7555959, -7.2107678 ], [ 109.7556818, -7.2109647 ], [ 109.7557917, -7.2112281 ], [ 109.7558588, -7.2114118 ], [ 109.7558266, -7.2115688 ], [ 109.7558749, -7.2117098 ], [ 109.7559553, -7.2118216 ], [ 109.7560063, -7.2119307 ], [ 109.7559929, -7.2121409 ], [ 109.7559983, -7.2122553 ], [ 109.7558427, -7.2124043 ], [ 109.7557408, -7.212681 ], [ 109.7557211, -7.2129475 ], [ 109.7557166, -7.2130084 ], [ 109.7557408, -7.213184 ], [ 109.7557273, -7.2132532 ], [ 109.7556281, -7.2134448 ], [ 109.7556174, -7.2135485 ], [ 109.7556925, -7.2136284 ], [ 109.7557917, -7.2136763 ], [ 109.7559205, -7.2136949 ], [ 109.7559822, -7.213812 ], [ 109.7560425, -7.2139796 ], [ 109.7561149, -7.2140075 ], [ 109.7562289, -7.2140155 ], [ 109.7563523, -7.2140408 ], [ 109.7565079, -7.2144267 ], [ 109.7565535, -7.2144479 ], [ 109.7566098, -7.2145012 ], [ 109.75665, -7.2145836 ], [ 109.7566929, -7.2147699 ], [ 109.7567788, -7.214903 ], [ 109.7567841, -7.2150174 ], [ 109.7567144, -7.2151318 ], [ 109.7566956, -7.2153048 ], [ 109.756709, -7.2154937 ], [ 109.7568217, -7.2156055 ], [ 109.7568834, -7.2157092 ], [ 109.7569719, -7.2158157 ], [ 109.7570685, -7.2158503 ], [ 109.757165, -7.2158875 ], [ 109.7571972, -7.2159594 ], [ 109.7571301, -7.2163984 ], [ 109.757216, -7.2165581 ], [ 109.7572803, -7.216622 ], [ 109.7574386, -7.2168295 ], [ 109.7575083, -7.2171329 ], [ 109.7575566, -7.2174415 ], [ 109.7575968, -7.2176171 ], [ 109.7576907, -7.2177529 ], [ 109.7577819, -7.2178087 ], [ 109.7578704, -7.2178407 ], [ 109.7579455, -7.2178407 ], [ 109.7580931, -7.217846 ], [ 109.7584847, -7.2178806 ], [ 109.7586805, -7.2178699 ], [ 109.7588065, -7.217862 ], [ 109.7589031, -7.2178779 ], [ 109.7591311, -7.2179152 ], [ 109.7592518, -7.2179178 ], [ 109.7594181, -7.2179258 ], [ 109.7595093, -7.2178992 ], [ 109.7595452, -7.2178973 ], [ 109.7596112, -7.2178939 ], [ 109.7597051, -7.2179551 ], [ 109.7599035, -7.2181254 ], [ 109.7600055, -7.218325 ], [ 109.760161, -7.2185778 ], [ 109.7602174, -7.218639 ], [ 109.7603729, -7.2186656 ], [ 109.7605124, -7.2186602 ], [ 109.7608128, -7.218639 ], [ 109.7610328, -7.2186416 ], [ 109.7614565, -7.2185618 ], [ 109.7615397, -7.2184633 ], [ 109.761714, -7.2183649 ], [ 109.7618347, -7.2183462 ], [ 109.7619742, -7.2183941 ], [ 109.762044, -7.2184766 ], [ 109.7621056, -7.2186336 ], [ 109.7621056, -7.2187986 ], [ 109.7620976, -7.219102 ], [ 109.7621888, -7.2192669 ], [ 109.7622263, -7.2194319 ], [ 109.762103, -7.2195756 ], [ 109.7620225, -7.2197725 ], [ 109.7622424, -7.2199854 ], [ 109.7625107, -7.2201184 ], [ 109.7627789, -7.220145 ], [ 109.7630256, -7.220177 ], [ 109.7631812, -7.2202781 ], [ 109.7633046, -7.2202941 ], [ 109.7634977, -7.2202728 ], [ 109.7637337, -7.2204005 ], [ 109.7637713, -7.2206027 ], [ 109.7639215, -7.2207145 ], [ 109.7640288, -7.2206187 ], [ 109.7641092, -7.2205016 ], [ 109.7642755, -7.2203207 ], [ 109.7643524, -7.2203118 ], [ 109.7643909, -7.2203074 ], [ 109.7644794, -7.2203393 ], [ 109.7646323, -7.2204883 ], [ 109.7647101, -7.220616 ], [ 109.7648174, -7.2206214 ], [ 109.7648549, -7.2207544 ], [ 109.7648388, -7.2208741 ], [ 109.7649166, -7.2209832 ], [ 109.765107, -7.2209992 ], [ 109.7653216, -7.2209327 ], [ 109.7655483, -7.2209167 ], [ 109.7656797, -7.2209633 ], [ 109.7657816, -7.2210591 ], [ 109.7658661, -7.2211975 ], [ 109.7660257, -7.2212267 ], [ 109.7661987, -7.2211855 ], [ 109.7663328, -7.2211881 ], [ 109.7664092, -7.2212706 ], [ 109.7664709, -7.2213638 ], [ 109.7664803, -7.2214582 ], [ 109.7664522, -7.2216086 ], [ 109.7663824, -7.2217669 ], [ 109.7663811, -7.2218587 ], [ 109.7664964, -7.2219372 ], [ 109.7665045, -7.222009 ], [ 109.7664455, -7.2221886 ], [ 109.7665232, -7.222351 ], [ 109.7666198, -7.2225186 ], [ 109.766593, -7.2226171 ], [ 109.7664213, -7.2226596 ], [ 109.7663569, -7.2226862 ], [ 109.7664696, -7.2228645 ], [ 109.7665286, -7.2229337 ], [ 109.7665501, -7.2230162 ], [ 109.7664669, -7.2231226 ], [ 109.7663623, -7.2232237 ], [ 109.7664508, -7.2235271 ], [ 109.7665367, -7.2236495 ], [ 109.7666359, -7.2236867 ], [ 109.7666976, -7.2237559 ], [ 109.7665983, -7.2241178 ], [ 109.766534, -7.2242881 ], [ 109.7665232, -7.2243866 ], [ 109.7665232, -7.224517 ], [ 109.7665501, -7.2246207 ], [ 109.7666211, -7.224791 ], [ 109.766597, -7.2249467 ], [ 109.7666278, -7.2252194 ], [ 109.7667244, -7.2253285 ], [ 109.7668317, -7.2255148 ], [ 109.7668987, -7.2256798 ], [ 109.7669068, -7.225866 ], [ 109.7669229, -7.2260044 ], [ 109.7668759, -7.2262106 ], [ 109.7669698, -7.2263769 ], [ 109.7670476, -7.226494 ], [ 109.7670557, -7.2268346 ], [ 109.7672005, -7.2269038 ], [ 109.7674513, -7.2270834 ], [ 109.767749, -7.2273189 ], [ 109.7679797, -7.2274679 ], [ 109.7682694, -7.2275557 ], [ 109.7685644, -7.2275983 ], [ 109.7688648, -7.2276834 ], [ 109.7691491, -7.22775 ], [ 109.7694066, -7.2278324 ], [ 109.7695541, -7.2279708 ], [ 109.7696748, -7.2281384 ], [ 109.7696963, -7.2283673 ], [ 109.7697285, -7.2284897 ] ] } },
{ "type": "Feature", "properties": { "waterway": "stream", "name": null }, "geometry": { "type": "LineString", "coordinates": [ [ 109.7396904, -7.1950331 ], [ 109.7397226, -7.1948321 ], [ 109.7397199, -7.1947084 ], [ 109.739728, -7.1946352 ], [ 109.7397897, -7.1945221 ], [ 109.7398192, -7.1943518 ], [ 109.7398674, -7.1942148 ], [ 109.7398809, -7.1940644 ], [ 109.7399104, -7.1939487 ], [ 109.7399171, -7.1938622 ], [ 109.7399358, -7.1937278 ], [ 109.7399868, -7.1936466 ], [ 109.7400753, -7.1935774 ], [ 109.7401182, -7.1935056 ], [ 109.7401719, -7.1934111 ], [ 109.7402067, -7.193322 ], [ 109.7403114, -7.1931477 ], [ 109.7404119, -7.1930785 ], [ 109.7404884, -7.1929667 ], [ 109.7404884, -7.1929162 ], [ 109.7405165, -7.1928696 ], [ 109.7405823, -7.192819 ], [ 109.7406614, -7.1926966 ], [ 109.7407123, -7.1926527 ], [ 109.7407982, -7.1925862 ], [ 109.7409095, -7.1926274 ], [ 109.7409685, -7.1926101 ], [ 109.7410946, -7.1924784 ], [ 109.7411415, -7.1923028 ], [ 109.741179, -7.1922296 ], [ 109.7412461, -7.1921817 ], [ 109.7413976, -7.1921218 ], [ 109.7414647, -7.1920965 ], [ 109.7415948, -7.1921059 ], [ 109.741639, -7.1921404 ], [ 109.7416954, -7.1922083 ], [ 109.7417423, -7.1922708 ], [ 109.7417839, -7.1922802 ], [ 109.7418241, -7.1922682 ], [ 109.7418804, -7.1922988 ], [ 109.7419126, -7.192344 ], [ 109.7419636, -7.1924225 ], [ 109.7421125, -7.1924079 ], [ 109.7422251, -7.1923773 ], [ 109.7422841, -7.1923281 ], [ 109.7423244, -7.1922668 ], [ 109.7423646, -7.1922203 ], [ 109.7425014, -7.1922043 ], [ 109.7426824, -7.1921724 ], [ 109.7428058, -7.1921152 ], [ 109.7429372, -7.1920952 ], [ 109.7430378, -7.1920739 ], [ 109.7431035, -7.1920247 ], [ 109.7432336, -7.1919595 ], [ 109.7433691, -7.1919422 ], [ 109.743526, -7.1919701 ], [ 109.743644, -7.1919834 ], [ 109.7436775, -7.1919622 ], [ 109.7438358, -7.1918963 ], [ 109.7439048, -7.1918437 ], [ 109.7439974, -7.1917499 ], [ 109.7440772, -7.191694 ], [ 109.7442549, -7.191575 ], [ 109.7443642, -7.1915171 ], [ 109.7444279, -7.1914612 ], [ 109.7447658, -7.19139 ], [ 109.7448805, -7.1913734 ], [ 109.7450072, -7.1913381 ], [ 109.7451206, -7.1913128 ], [ 109.7452459, -7.1912124 ], [ 109.7452983, -7.1911612 ], [ 109.7454035, -7.1909709 ], [ 109.7455001, -7.1908751 ], [ 109.745543, -7.1908445 ], [ 109.745661, -7.1908046 ], [ 109.7457871, -7.190774 ], [ 109.7459601, -7.1907886 ], [ 109.7460506, -7.1908651 ], [ 109.7461659, -7.1910421 ], [ 109.7462511, -7.1911944 ], [ 109.7463778, -7.1913654 ], [ 109.7466159, -7.1914858 ], [ 109.7466923, -7.1915297 ], [ 109.7468103, -7.1915271 ], [ 109.7469954, -7.1916202 ], [ 109.7471952, -7.191728 ], [ 109.7473146, -7.1917679 ], [ 109.7475587, -7.1917772 ], [ 109.7479583, -7.191857 ], [ 109.7483714, -7.1918876 ], [ 109.7486168, -7.1919462 ], [ 109.7487308, -7.1919515 ], [ 109.7488877, -7.192034 ], [ 109.7489668, -7.1920912 ], [ 109.7489803, -7.1921963 ], [ 109.7490889, -7.1922402 ], [ 109.7492163, -7.1923147 ], [ 109.7493638, -7.1924092 ], [ 109.7495341, -7.1925489 ], [ 109.7496951, -7.1927179 ], [ 109.7497608, -7.1928084 ], [ 109.7498788, -7.1928882 ], [ 109.7500035, -7.192992 ], [ 109.7499968, -7.193173 ], [ 109.7499539, -7.1934125 ], [ 109.7499204, -7.1934923 ], [ 109.7498345, -7.1935894 ], [ 109.7498017, -7.1937983 ], [ 109.7497749, -7.1939121 ], [ 109.7497393, -7.1940977 ], [ 109.7496521, -7.1944929 ], [ 109.7495797, -7.1947164 ], [ 109.7493947, -7.1950277 ], [ 109.7493182, -7.1951688 ], [ 109.7492847, -7.1952619 ], [ 109.7492847, -7.1953338 ] ] } },
{ "type": "Feature", "properties": { "waterway": "stream", "name": null }, "geometry": { "type": "LineString", "coordinates": [ [ 109.7480817, -7.1947324 ], [ 109.7484022, -7.1948774 ], [ 109.748712, -7.1950224 ], [ 109.7488287, -7.1950889 ], [ 109.7490755, -7.1952114 ], [ 109.7491667, -7.1952592 ], [ 109.7492847, -7.1953338 ], [ 109.7492605, -7.1953763 ], [ 109.7491747, -7.1954163 ], [ 109.7490728, -7.1954761 ], [ 109.7490379, -7.1955347 ], [ 109.7490768, -7.1956105 ], [ 109.749117, -7.1956531 ], [ 109.7491693, -7.1957888 ], [ 109.7491828, -7.1959298 ], [ 109.7491747, -7.1960656 ], [ 109.7491935, -7.196188 ], [ 109.7492284, -7.1963104 ], [ 109.7492605, -7.1964328 ], [ 109.7493732, -7.1966537 ], [ 109.7495046, -7.1968612 ], [ 109.7496253, -7.1969996 ], [ 109.749797, -7.1971167 ], [ 109.7499686, -7.1972284 ], [ 109.7501537, -7.1973376 ], [ 109.7503281, -7.1973934 ], [ 109.750493, -7.1974706 ], [ 109.7506057, -7.1975119 ], [ 109.7508323, -7.1975664 ], [ 109.7510777, -7.1976276 ], [ 109.7512802, -7.1976755 ], [ 109.7517899, -7.197774 ], [ 109.7521707, -7.1978671 ], [ 109.7526535, -7.1979735 ], [ 109.7529808, -7.1980188 ], [ 109.7531873, -7.1980481 ], [ 109.7531725, -7.1981678 ], [ 109.7531457, -7.1983554 ], [ 109.7531444, -7.1984645 ], [ 109.7531524, -7.198543 ], [ 109.7531793, -7.1985763 ], [ 109.753312, -7.1985763 ], [ 109.7535655, -7.1986162 ], [ 109.7538646, -7.1986761 ], [ 109.7539933, -7.1987599 ], [ 109.7541703, -7.1988863 ], [ 109.7543071, -7.1989768 ], [ 109.7543943, -7.199026 ], [ 109.75446, -7.199038 ], [ 109.7545284, -7.1989954 ], [ 109.7545874, -7.1989834 ], [ 109.7546759, -7.199018 ], [ 109.7547255, -7.1990526 ], [ 109.7548047, -7.1990672 ], [ 109.754916, -7.1990925 ], [ 109.7549455, -7.1991857 ], [ 109.755034, -7.1992415 ], [ 109.7551775, -7.1993161 ], [ 109.7553143, -7.1993546 ], [ 109.7554457, -7.1993986 ], [ 109.7555181, -7.1994158 ], [ 109.7556362, -7.1994158 ], [ 109.7557314, -7.1993999 ], [ 109.7557716, -7.1994265 ], [ 109.7557971, -7.1994624 ], [ 109.7558078, -7.1995223 ], [ 109.7558306, -7.1995915 ], [ 109.7559258, -7.1996274 ], [ 109.7559902, -7.1996873 ], [ 109.7560304, -7.1996993 ], [ 109.7560854, -7.1996806 ], [ 109.7561793, -7.1995981 ], [ 109.7562852, -7.1995063 ], [ 109.7563416, -7.1993999 ], [ 109.7563523, -7.199336 ], [ 109.7563282, -7.1992376 ], [ 109.7563818, -7.1991391 ], [ 109.7565588, -7.1990779 ], [ 109.7567144, -7.1990406 ], [ 109.7567868, -7.1989555 ], [ 109.7568727, -7.1988144 ], [ 109.7569826, -7.1986707 ], [ 109.7571114, -7.1985909 ], [ 109.7571892, -7.1986149 ], [ 109.757224, -7.1987133 ], [ 109.757224, -7.1989023 ], [ 109.7572508, -7.1990353 ], [ 109.7575271, -7.1990406 ], [ 109.7576666, -7.1989874 ], [ 109.7577202, -7.1990007 ], [ 109.7578396, -7.1989715 ], [ 109.7579791, -7.1989994 ], [ 109.7580247, -7.19905 ], [ 109.7580636, -7.1991072 ], [ 109.7581105, -7.1991564 ], [ 109.7581506, -7.1991828 ] ] } },
{ "type": "Feature", "properties": { "waterway": "stream", "name": null }, "geometry": { "type": "LineString", "coordinates": [ [ 109.7622102, -7.1821718 ], [ 109.7623604, -7.1824805 ], [ 109.7623819, -7.1826934 ], [ 109.7624141, -7.1828584 ], [ 109.7624972, -7.1831205 ], [ 109.7626059, -7.1833401 ], [ 109.7626984, -7.1835437 ], [ 109.7627601, -7.1836408 ], [ 109.7628741, -7.1837459 ], [ 109.7630364, -7.184012 ], [ 109.7630002, -7.184193 ], [ 109.7627963, -7.1846081 ], [ 109.7626461, -7.1849195 ], [ 109.7625898, -7.1850512 ], [ 109.7625603, -7.1852601 ], [ 109.7626314, -7.1853612 ], [ 109.762803, -7.1854171 ], [ 109.7630444, -7.1856247 ], [ 109.7631262, -7.1858336 ], [ 109.7632161, -7.1860491 ], [ 109.7632402, -7.1862727 ], [ 109.7631785, -7.1864989 ], [ 109.7630471, -7.1866958 ], [ 109.762862, -7.1870151 ], [ 109.7629264, -7.1875819 ], [ 109.7629935, -7.1877869 ], [ 109.7631785, -7.1881222 ], [ 109.7631839, -7.1884202 ], [ 109.7631705, -7.189003 ], [ 109.7631142, -7.1891973 ], [ 109.7630551, -7.1895166 ], [ 109.7630042, -7.1899583 ], [ 109.7628915, -7.1900595 ], [ 109.7626474, -7.1901739 ], [ 109.7624382, -7.1902005 ], [ 109.7623309, -7.1902005 ], [ 109.7620681, -7.1901819 ], [ 109.7619206, -7.1901526 ], [ 109.7618133, -7.1901446 ], [ 109.7615558, -7.1901419 ], [ 109.7613761, -7.1901925 ], [ 109.7612098, -7.1903495 ], [ 109.7610596, -7.1905784 ], [ 109.7609818, -7.1906529 ], [ 109.7607417, -7.1906901 ], [ 109.7605446, -7.1907647 ], [ 109.7604038, -7.190923 ], [ 109.7603515, -7.1910321 ], [ 109.7602938, -7.1911106 ], [ 109.760216, -7.1911612 ], [ 109.7600068, -7.191382 ], [ 109.7597118, -7.1915018 ], [ 109.7594932, -7.1916282 ], [ 109.7593094, -7.1917719 ], [ 109.7592357, -7.191873 ], [ 109.758891, -7.1921338 ], [ 109.7587958, -7.1922708 ], [ 109.7585799, -7.1924385 ], [ 109.7584163, -7.1925143 ], [ 109.7582339, -7.1926634 ], [ 109.75814, -7.1927618 ], [ 109.7580743, -7.1928989 ], [ 109.7580823, -7.1929987 ], [ 109.7581789, -7.1933991 ], [ 109.7582164, -7.1937185 ], [ 109.7582379, -7.1939101 ], [ 109.7581521, -7.1941336 ], [ 109.7581467, -7.1942294 ], [ 109.7582245, -7.194437 ], [ 109.758262, -7.1945461 ], [ 109.7582781, -7.1946578 ], [ 109.7583157, -7.1947377 ], [ 109.7582969, -7.1948548 ], [ 109.7582513, -7.1950051 ], [ 109.758321, -7.1951635 ], [ 109.7584055, -7.1952233 ], [ 109.758478, -7.1952712 ], [ 109.7585557, -7.1954229 ], [ 109.7585008, -7.1957023 ], [ 109.7584726, -7.1957755 ], [ 109.7583546, -7.1959764 ], [ 109.758321, -7.1961653 ], [ 109.7583345, -7.1965073 ], [ 109.7582647, -7.1970768 ], [ 109.7582433, -7.1974187 ], [ 109.7581199, -7.1975904 ], [ 109.758081, -7.1977141 ], [ 109.7580488, -7.1978432 ], [ 109.7580367, -7.1980148 ], [ 109.7580568, -7.1981319 ], [ 109.7580408, -7.1983208 ], [ 109.7580622, -7.1984033 ], [ 109.7581051, -7.1984193 ], [ 109.7582003, -7.1984246 ], [ 109.7582634, -7.1984352 ], [ 109.7583613, -7.1984525 ], [ 109.7584565, -7.1985244 ], [ 109.7584511, -7.1985869 ], [ 109.7584163, -7.1987107 ], [ 109.7583774, -7.198849 ], [ 109.7583747, -7.1989063 ], [ 109.7583318, -7.1989981 ], [ 109.7582473, -7.1991058 ], [ 109.7581506, -7.1991828 ], [ 109.7581252, -7.199203 ], [ 109.7581574, -7.1992722 ], [ 109.7582781, -7.1993959 ], [ 109.7583398, -7.1994065 ], [ 109.7584431, -7.1994039 ], [ 109.7585115, -7.199356 ], [ 109.7585651, -7.1993121 ], [ 109.7586456, -7.1992695 ], [ 109.7587448, -7.1992163 ], [ 109.7588481, -7.1992016 ], [ 109.759001, -7.1992628 ], [ 109.7591297, -7.1993054 ], [ 109.7591941, -7.1992735 ], [ 109.7592249, -7.1992176 ], [ 109.7592182, -7.1991737 ], [ 109.7591954, -7.1991298 ], [ 109.7591606, -7.1990513 ], [ 109.7591405, -7.1989595 ], [ 109.7591324, -7.1988796 ], [ 109.7591713, -7.1988477 ], [ 109.7592625, -7.1988464 ], [ 109.759457, -7.1989169 ], [ 109.7595146, -7.199018 ], [ 109.7597091, -7.1994105 ], [ 109.7598284, -7.1995196 ], [ 109.7601396, -7.1995802 ], [ 109.7602764, -7.1995788 ], [ 109.7606003, -7.1994904 ], [ 109.760839, -7.1994817 ], [ 109.7609972, -7.1994391 ], [ 109.7610884, -7.1993393 ], [ 109.7611474, -7.1992748 ], [ 109.7611789, -7.1992595 ], [ 109.7613144, -7.1992934 ], [ 109.76137, -7.19936 ], [ 109.7614217, -7.1994544 ], [ 109.7615605, -7.1996746 ], [ 109.7616644, -7.1999467 ], [ 109.7616242, -7.2000864 ], [ 109.7615544, -7.2001436 ], [ 109.7614418, -7.2002355 ], [ 109.7614431, -7.20031 ], [ 109.7616658, -7.200465 ], [ 109.761826, -7.2004623 ], [ 109.7620419, -7.200463 ], [ 109.7621258, -7.2004763 ], [ 109.7621828, -7.2005322 ], [ 109.7621781, -7.2005854 ], [ 109.7621358, -7.200624 ], [ 109.7620728, -7.2006566 ], [ 109.7620077, -7.2006805 ], [ 109.7618146, -7.2008109 ], [ 109.7616329, -7.2009978 ], [ 109.7615585, -7.2011149 ], [ 109.7615236, -7.2011921 ], [ 109.7615558, -7.2012626 ], [ 109.7615987, -7.2012985 ], [ 109.7616886, -7.2013172 ], [ 109.7618401, -7.2013385 ], [ 109.7619756, -7.2013864 ], [ 109.7620413, -7.2015327 ], [ 109.7620842, -7.2017549 ], [ 109.7621164, -7.2019345 ], [ 109.7621164, -7.2020277 ], [ 109.7620735, -7.2022432 ], [ 109.7620802, -7.2023856 ], [ 109.7621325, -7.2024628 ], [ 109.7622009, -7.202508 ], [ 109.7622961, -7.202508 ], [ 109.7623618, -7.2024894 ], [ 109.7624852, -7.2024521 ], [ 109.7625965, -7.2024494 ], [ 109.7626863, -7.202484 ], [ 109.7628017, -7.2025492 ], [ 109.7628459, -7.202665 ], [ 109.762799, -7.2027887 ], [ 109.7626917, -7.2028393 ], [ 109.7625764, -7.2029005 ], [ 109.762453, -7.2030069 ], [ 109.7624235, -7.2030761 ], [ 109.7624275, -7.2031839 ], [ 109.7624825, -7.2032092 ], [ 109.7626139, -7.2032212 ], [ 109.7627695, -7.2032065 ], [ 109.7629465, -7.2032637 ], [ 109.7630779, -7.2033648 ], [ 109.7632174, -7.2035325 ], [ 109.7632389, -7.2036642 ], [ 109.7631785, -7.2038066 ], [ 109.7630525, -7.2039356 ], [ 109.7628687, -7.204098 ], [ 109.7628339, -7.2042031 ], [ 109.7628687, -7.2043135 ], [ 109.7629465, -7.2044027 ], [ 109.763149, -7.2045091 ], [ 109.7632697, -7.2045251 ], [ 109.7633824, -7.204565 ], [ 109.7635245, -7.2046036 ], [ 109.7636801, -7.2046169 ], [ 109.7638383, -7.2045703 ], [ 109.7639671, -7.2045171 ], [ 109.7640838, -7.2045317 ], [ 109.7642058, -7.204573 ], [ 109.7642836, -7.2047087 ], [ 109.7642648, -7.2048391 ], [ 109.7642729, -7.2049455 ], [ 109.7643319, -7.205044 ], [ 109.7643426, -7.2051318 ], [ 109.7642729, -7.2053127 ], [ 109.7642192, -7.2054857 ], [ 109.7642192, -7.2056214 ], [ 109.7643077, -7.2056972 ], [ 109.7644056, -7.2057079 ], [ 109.7644955, -7.2057012 ], [ 109.7647221, -7.2057012 ], [ 109.7648254, -7.2056919 ], [ 109.764922, -7.2056839 ], [ 109.7650494, -7.2057558 ], [ 109.7651365, -7.2058596 ], [ 109.7651499, -7.205986 ], [ 109.7651634, -7.2060897 ], [ 109.7650963, -7.2062494 ], [ 109.7650292, -7.2063558 ], [ 109.7650158, -7.2064437 ], [ 109.76504, -7.2064889 ], [ 109.7652331, -7.2066033 ], [ 109.7653887, -7.2066778 ], [ 109.7655281, -7.2068402 ], [ 109.7655724, -7.2069014 ], [ 109.765555, -7.2069972 ], [ 109.7654504, -7.2070916 ], [ 109.76528, -7.2072539 ], [ 109.7652264, -7.2073324 ], [ 109.7652023, -7.2073857 ], [ 109.7652264, -7.2075333 ], [ 109.7652733, -7.207693 ], [ 109.7653605, -7.2077994 ], [ 109.7655925, -7.207991 ], [ 109.7657092, -7.2080562 ], [ 109.7657776, -7.2080629 ], [ 109.7658889, -7.2080536 ], [ 109.7660243, -7.2080323 ], [ 109.7661853, -7.207999 ], [ 109.766302, -7.2079658 ], [ 109.7664374, -7.2079644 ], [ 109.7665407, -7.2079551 ], [ 109.7665983, -7.2079831 ], [ 109.7666252, -7.2080429 ], [ 109.7666185, -7.2080882 ], [ 109.7665822, -7.2081613 ], [ 109.7665031, -7.2082265 ], [ 109.7662255, -7.2083742 ], [ 109.766027, -7.2084966 ], [ 109.7658513, -7.2085898 ], [ 109.7657575, -7.2086975 ], [ 109.7657266, -7.2087854 ], [ 109.7657575, -7.208957 ], [ 109.7658513, -7.2091166 ], [ 109.7660136, -7.209271 ], [ 109.7661477, -7.209271 ], [ 109.7663033, -7.2092284 ], [ 109.7665299, -7.2092058 ], [ 109.7666144, -7.2091912 ], [ 109.7667432, -7.2091486 ], [ 109.7667968, -7.2091592 ], [ 109.7668371, -7.2092218 ], [ 109.7668411, -7.2092883 ], [ 109.7668478, -7.2093588 ], [ 109.7668156, -7.2094918 ], [ 109.7667418, -7.2095171 ], [ 109.766597, -7.2095371 ], [ 109.7664843, -7.2096129 ], [ 109.7664455, -7.2096874 ], [ 109.7664669, -7.2098364 ], [ 109.7665313, -7.2100227 ], [ 109.7665876, -7.2101651 ], [ 109.7666225, -7.2102489 ], [ 109.7666024, -7.2103261 ], [ 109.7665514, -7.21035 ], [ 109.7665004, -7.2103673 ], [ 109.7663596, -7.2104751 ], [ 109.7662671, -7.2106321 ], [ 109.766192, -7.2107186 ], [ 109.766192, -7.2108077 ], [ 109.7662242, -7.2108809 ], [ 109.7662577, -7.2109221 ], [ 109.7663811, -7.2109807 ], [ 109.7664696, -7.210962 ], [ 109.7666252, -7.2108689 ], [ 109.7667459, -7.2107598 ], [ 109.7669336, -7.2105762 ], [ 109.7671133, -7.2104325 ], [ 109.7672045, -7.2103793 ], [ 109.7672407, -7.2103647 ], [ 109.767289, -7.2104392 ], [ 109.7673587, -7.2105256 ], [ 109.7674553, -7.2106534 ], [ 109.7675103, -7.2107532 ], [ 109.7676377, -7.2108942 ], [ 109.7677155, -7.2110286 ], [ 109.7677329, -7.2111031 ], [ 109.7677141, -7.2111936 ], [ 109.7675841, -7.2113812 ], [ 109.7674486, -7.2114676 ], [ 109.7673453, -7.2115754 ], [ 109.7673158, -7.2116765 ], [ 109.7673467, -7.2117484 ], [ 109.767517, -7.2118854 ], [ 109.7676672, -7.2119094 ], [ 109.7678187, -7.2119134 ], [ 109.7679193, -7.2119919 ], [ 109.7679126, -7.2121156 ], [ 109.7679073, -7.2123072 ], [ 109.7679636, -7.2124895 ], [ 109.7680588, -7.2125294 ], [ 109.7681259, -7.2125174 ], [ 109.7682278, -7.2124416 ], [ 109.768268, -7.2123844 ], [ 109.7683069, -7.2123178 ], [ 109.7683176, -7.2121728 ], [ 109.7683887, -7.2119825 ], [ 109.7685041, -7.2118309 ], [ 109.7685362, -7.2117603 ], [ 109.7685617, -7.2117364 ], [ 109.7686382, -7.2117364 ], [ 109.768669, -7.2117537 ], [ 109.7687079, -7.2118003 ], [ 109.7687629, -7.2118628 ], [ 109.7688487, -7.2118961 ], [ 109.7689292, -7.2118841 ], [ 109.7689842, -7.2118428 ], [ 109.7690378, -7.2117643 ], [ 109.7691156, -7.2117045 ], [ 109.769192, -7.2116765 ], [ 109.769247, -7.2116938 ], [ 109.7692685, -7.2117364 ], [ 109.7692745, -7.2119952 ], [ 109.7692457, -7.2121089 ], [ 109.7692443, -7.2121868 ], [ 109.7692993, -7.2123404 ], [ 109.7693865, -7.2124482 ], [ 109.7694536, -7.2125227 ], [ 109.7694737, -7.2126039 ], [ 109.7695059, -7.212709 ], [ 109.7695944, -7.2128181 ], [ 109.7696319, -7.2128247 ], [ 109.7697325, -7.2127635 ], [ 109.7697794, -7.2126944 ], [ 109.7698224, -7.2125932 ], [ 109.769868, -7.2124948 ], [ 109.7698961, -7.212387 ], [ 109.7700088, -7.2122673 ], [ 109.7700705, -7.21225 ], [ 109.7701335, -7.212254 ], [ 109.7702005, -7.2122792 ], [ 109.7702502, -7.2123152 ], [ 109.7703011, -7.2123458 ], [ 109.7703427, -7.2123551 ], [ 109.7704165, -7.2123631 ], [ 109.7705479, -7.212403 ], [ 109.7706404, -7.2124429 ], [ 109.7707504, -7.2125014 ], [ 109.7708081, -7.2125826 ], [ 109.7708336, -7.2126571 ], [ 109.7708134, -7.2126997 ], [ 109.770745, -7.2127396 ], [ 109.7705814, -7.2128647 ], [ 109.7704688, -7.2129245 ], [ 109.7704017, -7.2129525 ], [ 109.7702019, -7.2130935 ], [ 109.7701523, -7.2131534 ], [ 109.7701563, -7.2132638 ], [ 109.7702166, -7.2133543 ], [ 109.7702663, -7.2134088 ], [ 109.7704031, -7.2135738 ], [ 109.7705318, -7.2137561 ], [ 109.7706445, -7.2139064 ], [ 109.7707048, -7.2140315 ], [ 109.7706968, -7.2141033 ], [ 109.7706337, -7.2141619 ], [ 109.7705372, -7.2141845 ], [ 109.7704218, -7.2142085 ], [ 109.7702891, -7.2143269 ], [ 109.7702421, -7.2144133 ], [ 109.7702663, -7.214722 ], [ 109.7703588, -7.2149469 ], [ 109.7704151, -7.215024 ], [ 109.7705278, -7.2151065 ], [ 109.7705935, -7.2151877 ], [ 109.7707209, -7.2153487 ], [ 109.7707973, -7.2153407 ], [ 109.7708376, -7.2152848 ], [ 109.7708684, -7.2151265 ], [ 109.7708751, -7.2148976 ], [ 109.7708751, -7.2146981 ], [ 109.77091, -7.2146315 ], [ 109.7709985, -7.2146116 ], [ 109.7710749, -7.2146169 ], [ 109.7711661, -7.2146821 ], [ 109.7712158, -7.2147327 ], [ 109.7713566, -7.2148165 ], [ 109.771492, -7.214871 ], [ 109.771657, -7.2150507 ], [ 109.7719158, -7.2151717 ], [ 109.7720459, -7.2151757 ], [ 109.7721291, -7.2151198 ], [ 109.7721907, -7.2150773 ], [ 109.7723302, -7.2150586 ], [ 109.7724161, -7.2150507 ], [ 109.7725368, -7.2148883 ], [ 109.7726065, -7.2148019 ], [ 109.772644, -7.214738 ], [ 109.7726896, -7.2146954 ], [ 109.7727889, -7.2146715 ], [ 109.7728492, -7.2146874 ], [ 109.7728667, -7.21473 ], [ 109.7728626, -7.2147779 ], [ 109.7728224, -7.2148883 ], [ 109.7728144, -7.2149828 ], [ 109.7727942, -7.2150799 ], [ 109.7728197, -7.2151518 ], [ 109.7728345, -7.215221 ], [ 109.772809, -7.2153274 ], [ 109.7727942, -7.2154152 ], [ 109.7728533, -7.2155083 ], [ 109.7729391, -7.2155709 ], [ 109.772982, -7.2155376 ], [ 109.7730075, -7.2154737 ], [ 109.7730316, -7.2154139 ], [ 109.7731094, -7.2153593 ], [ 109.773151, -7.2152768 ], [ 109.773159, -7.2151837 ], [ 109.7731483, -7.2150679 ], [ 109.7731805, -7.2149203 ], [ 109.7732516, -7.2148285 ], [ 109.7732609, -7.2147726 ], [ 109.7732502, -7.2146994 ], [ 109.7732757, -7.2145876 ], [ 109.7733508, -7.2145517 ], [ 109.7734205, -7.214561 ], [ 109.773493, -7.214565 ], [ 109.7737209, -7.2144852 ], [ 109.773792, -7.2144306 ], [ 109.7739087, -7.2144187 ], [ 109.7739999, -7.2144692 ], [ 109.7740294, -7.2145331 ], [ 109.7740294, -7.2146222 ], [ 109.7739892, -7.2149056 ], [ 109.774012, -7.2149682 ], [ 109.7740965, -7.2150573 ], [ 109.7741595, -7.2151278 ], [ 109.7742882, -7.2152369 ], [ 109.7743553, -7.2152995 ], [ 109.7743808, -7.2153553 ], [ 109.77437, -7.2154099 ], [ 109.774307, -7.2155017 ], [ 109.7742493, -7.215531 ], [ 109.7741729, -7.2155323 ], [ 109.7740629, -7.2154977 ], [ 109.7739342, -7.2154245 ], [ 109.7738068, -7.215334 ], [ 109.7737437, -7.2152768 ], [ 109.7736244, -7.2152529 ], [ 109.7734809, -7.2152848 ], [ 109.7734353, -7.2153407 ], [ 109.773387, -7.2154884 ], [ 109.7733749, -7.2156866 ], [ 109.7734313, -7.215809 ], [ 109.7734822, -7.2158476 ], [ 109.7735439, -7.2158609 ], [ 109.7736016, -7.2158223 ], [ 109.7736861, -7.2157531 ], [ 109.7737558, -7.2157039 ], [ 109.7738148, -7.2156693 ], [ 109.7739181, -7.2156707 ], [ 109.7740388, -7.2157172 ], [ 109.774134, -7.2158037 ], [ 109.7741917, -7.2158649 ], [ 109.7742091, -7.2159354 ], [ 109.7741474, -7.2159913 ], [ 109.7740495, -7.2160392 ], [ 109.7738698, -7.2162175 ], [ 109.7738028, -7.2162893 ], [ 109.7737759, -7.2164197 ], [ 109.7737142, -7.2165022 ], [ 109.7736472, -7.2164596 ], [ 109.7736016, -7.2163638 ], [ 109.7735399, -7.216268 ], [ 109.7734433, -7.2162042 ], [ 109.7733468, -7.2161935 ], [ 109.7731644, -7.2162148 ], [ 109.7730303, -7.2163292 ], [ 109.7729337, -7.2164516 ], [ 109.7727621, -7.2168215 ], [ 109.7726601, -7.2171462 ], [ 109.7725609, -7.2173377 ], [ 109.772404, -7.2177209 ], [ 109.7723986, -7.2178234 ], [ 109.7724321, -7.2178633 ], [ 109.7725207, -7.2179032 ], [ 109.772746, -7.2179498 ], [ 109.7728881, -7.2179764 ], [ 109.7731657, -7.217991 ], [ 109.7733521, -7.2180283 ], [ 109.7734889, -7.2180216 ], [ 109.7735614, -7.217995 ], [ 109.7736123, -7.2179285 ], [ 109.7736405, -7.2178832 ], [ 109.7737156, -7.2178566 ], [ 109.7737786, -7.2178793 ], [ 109.7737974, -7.2179285 ], [ 109.7737639, -7.218156 ], [ 109.7737558, -7.2183463 ], [ 109.7739288, -7.2186815 ], [ 109.7740549, -7.2187906 ], [ 109.7741776, -7.2188545 ] ] } },
{ "type": "Feature", "properties": { "waterway": "stream", "name": null }, "geometry": { "type": "LineString", "coordinates": [ [ 109.7513661, -7.184825 ], [ 109.7510657, -7.1848649 ], [ 109.7508618, -7.1848702 ], [ 109.7507063, -7.1848676 ], [ 109.7505212, -7.1848357 ], [ 109.7503334, -7.1847718 ], [ 109.7502047, -7.184668 ], [ 109.7500786, -7.1846015 ], [ 109.7498962, -7.1845589 ], [ 109.7497326, -7.1845003 ], [ 109.7495341, -7.1844737 ], [ 109.7494952, -7.1845735 ], [ 109.7493933, -7.1847119 ], [ 109.7493651, -7.184817 ], [ 109.749337, -7.1849235 ], [ 109.7492552, -7.184998 ], [ 109.7491626, -7.1850565 ], [ 109.7490393, -7.1851031 ], [ 109.7486597, -7.1850938 ], [ 109.7485377, -7.185143 ], [ 109.748468, -7.1851869 ], [ 109.748413, -7.1852614 ], [ 109.7483405, -7.1853519 ], [ 109.7482467, -7.1854224 ], [ 109.7480737, -7.185481 ], [ 109.7477639, -7.1854703 ], [ 109.7475466, -7.185493 ], [ 109.7474098, -7.1855528 ], [ 109.7472703, -7.1856234 ], [ 109.7469766, -7.1857058 ], [ 109.7467393, -7.1858216 ], [ 109.746581, -7.1858389 ], [ 109.7463034, -7.1858935 ], [ 109.7461505, -7.185968 ], [ 109.7460258, -7.1859946 ], [ 109.7456717, -7.1862194 ], [ 109.7454733, -7.1863365 ], [ 109.7454277, -7.1863392 ], [ 109.7453683, -7.1863848 ] ] } },
{ "type": "Feature", "properties": { "waterway": "stream", "name": null }, "geometry": { "type": "LineString", "coordinates": [ [ 109.7493786, -7.1879891 ], [ 109.7493491, -7.1878813 ], [ 109.7493021, -7.1877869 ], [ 109.7492284, -7.1877004 ], [ 109.749172, -7.1876352 ], [ 109.7490433, -7.18757 ], [ 109.7489306, -7.1875474 ], [ 109.7488958, -7.1875194 ], [ 109.7488891, -7.1874715 ], [ 109.7489615, -7.1873225 ], [ 109.7489347, -7.1871921 ], [ 109.7487952, -7.1869526 ], [ 109.7486785, -7.1868355 ], [ 109.748531, -7.1866599 ], [ 109.7484103, -7.1866173 ], [ 109.7482507, -7.1865973 ], [ 109.7481407, -7.186604 ], [ 109.7480173, -7.1866213 ], [ 109.7479489, -7.1866718 ], [ 109.7479194, -7.186733 ], [ 109.7479127, -7.1868195 ], [ 109.7479047, -7.186926 ], [ 109.7478926, -7.1870032 ], [ 109.7478551, -7.1870537 ], [ 109.7477183, -7.187079 ], [ 109.7475989, -7.187071 ], [ 109.7475117, -7.1869819 ], [ 109.7474071, -7.1869167 ], [ 109.7472462, -7.1867916 ], [ 109.7470812, -7.1867158 ], [ 109.7470155, -7.1866905 ], [ 109.7469337, -7.1866838 ], [ 109.7468747, -7.1867104 ], [ 109.7468345, -7.1867716 ], [ 109.7468291, -7.1868315 ], [ 109.7468023, -7.1868901 ], [ 109.7467634, -7.1869113 ], [ 109.746695, -7.1869087 ], [ 109.7464697, -7.186761 ], [ 109.7464, -7.1867051 ], [ 109.7462793, -7.1866333 ], [ 109.7461613, -7.18658 ], [ 109.7460553, -7.1865468 ], [ 109.7456865, -7.1865268 ], [ 109.7455296, -7.1865108 ], [ 109.7454558, -7.1864669 ], [ 109.7453683, -7.1863848 ], [ 109.7453083, -7.1863286 ], [ 109.7452493, -7.1862913 ], [ 109.745142, -7.1863246 ], [ 109.7450817, -7.1863166 ], [ 109.7450079, -7.1862527 ], [ 109.7449221, -7.1861982 ], [ 109.7448483, -7.1861489 ], [ 109.7447518, -7.1860771 ], [ 109.7446337, -7.1861356 ], [ 109.7445224, -7.1862407 ], [ 109.7444587, -7.1863239 ], [ 109.744332, -7.1862807 ], [ 109.7442703, -7.1862647 ], [ 109.7442207, -7.1863006 ], [ 109.7441764, -7.1863206 ], [ 109.7440879, -7.1862993 ], [ 109.7440477, -7.1862647 ], [ 109.7440718, -7.1862234 ], [ 109.7440691, -7.1861729 ], [ 109.7440249, -7.1860744 ], [ 109.7438921, -7.1859028 ], [ 109.743813, -7.185791 ], [ 109.7437647, -7.1857804 ], [ 109.7436775, -7.1856659 ], [ 109.7435327, -7.1855941 ], [ 109.743353, -7.1855036 ], [ 109.74318, -7.1855169 ], [ 109.7430646, -7.1854198 ], [ 109.7430271, -7.1853745 ], [ 109.7429091, -7.1853133 ], [ 109.7428179, -7.1852734 ], [ 109.7428004, -7.1852415 ], [ 109.7427911, -7.185147 ], [ 109.7427388, -7.185006 ], [ 109.742732, -7.1849488 ], [ 109.7426945, -7.1849288 ], [ 109.7426462, -7.1848184 ], [ 109.742614, -7.184656 ], [ 109.7425845, -7.1845602 ], [ 109.7425621, -7.1844681 ], [ 109.7424474, -7.1844295 ], [ 109.742374, -7.1844165 ], [ 109.7423029, -7.1844498 ], [ 109.7422104, -7.1844258 ], [ 109.7421353, -7.1844006 ], [ 109.7420789, -7.1843314 ], [ 109.7420333, -7.1843061 ], [ 109.7419046, -7.1842103 ], [ 109.7418664, -7.1841963 ], [ 109.7417772, -7.1841757 ] ] } },
{ "type": "Feature", "properties": { "waterway": "stream", "name": null }, "geometry": { "type": "LineString", "coordinates": [ [ 109.7596353, -7.1766525 ], [ 109.7593001, -7.1764742 ], [ 109.7590989, -7.1763332 ], [ 109.7588843, -7.1762028 ], [ 109.7586027, -7.1760298 ], [ 109.7582996, -7.1759074 ], [ 109.7581387, -7.1758356 ], [ 109.7579858, -7.175777 ], [ 109.7578517, -7.1758063 ], [ 109.7577605, -7.1758835 ], [ 109.75768, -7.1759766 ], [ 109.7576129, -7.1761097 ], [ 109.7575191, -7.1762294 ], [ 109.7573635, -7.1763545 ], [ 109.7572696, -7.1764157 ], [ 109.7570014, -7.1764742 ], [ 109.7567841, -7.1765088 ], [ 109.7563711, -7.1765674 ], [ 109.7562423, -7.1765834 ], [ 109.7559634, -7.1767084 ], [ 109.7558829, -7.1768096 ], [ 109.7558266, -7.1770437 ], [ 109.7557917, -7.1772061 ], [ 109.7557461, -7.1772859 ], [ 109.7556925, -7.1773365 ], [ 109.7556201, -7.1773578 ], [ 109.7554082, -7.177419 ], [ 109.7552606, -7.1775627 ], [ 109.7552043, -7.1776186 ], [ 109.7550917, -7.1776345 ], [ 109.7549334, -7.1776079 ], [ 109.754743, -7.1775148 ], [ 109.754582, -7.177411 ], [ 109.7544372, -7.1773764 ], [ 109.7542763, -7.1774136 ], [ 109.7541878, -7.1775414 ], [ 109.7541422, -7.1776957 ], [ 109.7541609, -7.1778128 ], [ 109.754287, -7.1780816 ], [ 109.7544131, -7.1784302 ], [ 109.7543272, -7.1785979 ], [ 109.7541502, -7.1787309 ], [ 109.7539759, -7.1788214 ], [ 109.7538042, -7.1789252 ], [ 109.7537559, -7.1791008 ], [ 109.7538203, -7.179335 ], [ 109.7538847, -7.1795 ], [ 109.7538793, -7.1797395 ], [ 109.7537881, -7.1798406 ], [ 109.7534662, -7.1798726 ], [ 109.7533616, -7.1798393 ], [ 109.7530934, -7.1797355 ], [ 109.7528976, -7.1796371 ], [ 109.7526911, -7.179653 ], [ 109.7526562, -7.1797103 ], [ 109.7525275, -7.1803676 ], [ 109.7524685, -7.1805698 ], [ 109.7523424, -7.1806842 ], [ 109.7522512, -7.1806922 ], [ 109.7520903, -7.1806949 ], [ 109.7518703, -7.1806869 ], [ 109.7516075, -7.1806683 ], [ 109.7513553, -7.1807188 ], [ 109.7512481, -7.1808519 ], [ 109.7509959, -7.1811792 ], [ 109.7509396, -7.181267 ], [ 109.7505856, -7.1815198 ], [ 109.7504917, -7.1816077 ], [ 109.7504005, -7.1816157 ], [ 109.7502905, -7.1815784 ], [ 109.750151, -7.1815944 ], [ 109.7500008, -7.1816476 ], [ 109.7498614, -7.181746 ], [ 109.7497568, -7.181762 ], [ 109.7496468, -7.1817673 ], [ 109.749518, -7.1817886 ], [ 109.74929, -7.181919 ], [ 109.7492471, -7.1819989 ], [ 109.7492203, -7.1822517 ], [ 109.749172, -7.1823022 ], [ 109.7490433, -7.1823022 ], [ 109.7489306, -7.182233 ], [ 109.7488984, -7.1821372 ], [ 109.7488126, -7.1820122 ], [ 109.7486383, -7.1820388 ], [ 109.7485095, -7.1820973 ], [ 109.7484291, -7.1823581 ], [ 109.7484291, -7.1826562 ], [ 109.7484398, -7.1828105 ], [ 109.7483781, -7.183066 ], [ 109.748303, -7.1831245 ], [ 109.748185, -7.1831511 ], [ 109.7480884, -7.1831485 ], [ 109.7479758, -7.1831139 ], [ 109.7478899, -7.183058 ], [ 109.7477639, -7.1829276 ], [ 109.7476633, -7.1827965 ], [ 109.7474695, -7.1826661 ], [ 109.7471791, -7.182563 ], [ 109.7469659, -7.1825684 ], [ 109.7466816, -7.1825803 ], [ 109.7464657, -7.1826043 ], [ 109.7462866, -7.1826735 ], [ 109.7462209, -7.1827373 ], [ 109.7461639, -7.1828305 ], [ 109.7461854, -7.1829243 ], [ 109.7462578, -7.1831019 ], [ 109.7462806, -7.183199 ], [ 109.7462766, -7.1833401 ], [ 109.7462377, -7.183537 ], [ 109.746231, -7.1836435 ], [ 109.7461814, -7.1837912 ], [ 109.746117, -7.1839894 ], [ 109.746007, -7.1841584 ], [ 109.7459534, -7.1842569 ], [ 109.7458434, -7.1843606 ], [ 109.7457066, -7.1844658 ], [ 109.745594, -7.1844724 ], [ 109.745488, -7.1844578 ], [ 109.7453123, -7.1844245 ], [ 109.7452037, -7.1843713 ], [ 109.7451219, -7.1843234 ], [ 109.7449636, -7.1842489 ], [ 109.7447678, -7.1842276 ], [ 109.7446699, -7.1842276 ], [ 109.7445667, -7.1842382 ], [ 109.74434, -7.1842742 ], [ 109.7442113, -7.1842768 ], [ 109.7441362, -7.1842835 ], [ 109.7440182, -7.1843194 ], [ 109.7439404, -7.1843713 ], [ 109.7438546, -7.1844165 ], [ 109.7437057, -7.1844232 ], [ 109.74353, -7.1844298 ], [ 109.7434147, -7.1844511 ], [ 109.7433275, -7.1844564 ], [ 109.7431599, -7.1844338 ], [ 109.7430164, -7.1844325 ], [ 109.7429118, -7.1844085 ], [ 109.7427669, -7.1843673 ], [ 109.742551, -7.1842781 ], [ 109.7423016, -7.1842076 ], [ 109.7421741, -7.1841677 ], [ 109.7420776, -7.1841171 ], [ 109.7419944, -7.1840759 ], [ 109.7419542, -7.1840639 ], [ 109.7419019, -7.1840613 ], [ 109.7418764, -7.1840732 ], [ 109.7418308, -7.1841132 ], [ 109.7417772, -7.1841757 ], [ 109.7417021, -7.1841956 ], [ 109.7415988, -7.1842262 ], [ 109.7415197, -7.1842329 ], [ 109.7413829, -7.1842435 ], [ 109.7412528, -7.1842542 ], [ 109.7411697, -7.1842515 ], [ 109.7411254, -7.1842302 ], [ 109.7411093, -7.184193 ], [ 109.7410972, -7.1841464 ], [ 109.7410986, -7.1840839 ], [ 109.7411469, -7.1840147 ], [ 109.7412139, -7.1839109 ], [ 109.7412783, -7.1838297 ], [ 109.7413333, -7.1837739 ], [ 109.7413748, -7.1836967 ], [ 109.7413695, -7.1836541 ], [ 109.7413199, -7.1836022 ], [ 109.7411026, -7.1834705 ], [ 109.7410195, -7.1834372 ], [ 109.7409001, -7.1834066 ], [ 109.7407781, -7.1833694 ], [ 109.7406828, -7.1833095 ], [ 109.7406788, -7.1832576 ], [ 109.7406936, -7.1832084 ], [ 109.7407311, -7.1831232 ], [ 109.7407338, -7.1830647 ], [ 109.7406815, -7.183038 ], [ 109.7406252, -7.1830407 ], [ 109.7405246, -7.1830354 ], [ 109.7404709, -7.1830447 ], [ 109.7404428, -7.1830793 ], [ 109.7404106, -7.1831259 ], [ 109.7404093, -7.1832044 ], [ 109.7404052, -7.1832496 ], [ 109.7403583, -7.1832895 ], [ 109.7401947, -7.1833374 ], [ 109.7399493, -7.1833827 ], [ 109.7397736, -7.1834119 ], [ 109.7396864, -7.1834292 ], [ 109.739508, -7.1834625 ], [ 109.7393428, -7.1835514 ], [ 109.7393176, -7.183565 ], [ 109.7392425, -7.1836315 ], [ 109.7391821, -7.183722 ], [ 109.7391848, -7.1838058 ], [ 109.7391137, -7.1840506 ], [ 109.7390708, -7.184181 ], [ 109.7390306, -7.1843087 ], [ 109.7389582, -7.1843912 ], [ 109.7387972, -7.184503 ], [ 109.738698, -7.184495 ], [ 109.7386202, -7.1844924 ], [ 109.7385371, -7.1845137 ], [ 109.7384942, -7.1846307 ], [ 109.7384566, -7.1846893 ], [ 109.738403, -7.1847611 ], [ 109.7383198, -7.1847744 ], [ 109.7382259, -7.1847931 ], [ 109.7379309, -7.1847931 ], [ 109.7378316, -7.1847478 ], [ 109.7378102, -7.1846228 ], [ 109.737829, -7.1845243 ], [ 109.7378343, -7.1844498 ], [ 109.7377565, -7.1842848 ], [ 109.7376519, -7.1841837 ], [ 109.7374535, -7.1841065 ], [ 109.7372845, -7.1841438 ], [ 109.7371745, -7.1841065 ], [ 109.7371262, -7.1840134 ], [ 109.7370699, -7.1838989 ], [ 109.7369009, -7.1838697 ], [ 109.7367212, -7.1839016 ], [ 109.7366488, -7.1839548 ], [ 109.7365978, -7.1840746 ], [ 109.7365978, -7.184181 ], [ 109.7365764, -7.1843114 ], [ 109.736571, -7.1845722 ], [ 109.7365388, -7.1846547 ], [ 109.7364745, -7.1846919 ], [ 109.7363967, -7.1846919 ], [ 109.736335, -7.1846786 ], [ 109.7362438, -7.1846148 ], [ 109.7361955, -7.1845323 ], [ 109.7361284, -7.1844498 ], [ 109.7360185, -7.1843753 ], [ 109.7359166, -7.18437 ], [ 109.7357368, -7.1844019 ], [ 109.7357261, -7.1844445 ], [ 109.73571, -7.1845429 ], [ 109.7357261, -7.1846999 ], [ 109.7357288, -7.1848223 ], [ 109.7356832, -7.1850273 ], [ 109.7355679, -7.1850273 ], [ 109.7354311, -7.1849474 ], [ 109.7353318, -7.1848862 ], [ 109.7351441, -7.1847425 ], [ 109.7350582, -7.1847132 ], [ 109.7349215, -7.1847186 ], [ 109.7348195, -7.1847478 ], [ 109.7347015, -7.1848037 ], [ 109.7345594, -7.1848037 ], [ 109.7343609, -7.1847532 ], [ 109.7341651, -7.1847345 ], [ 109.7339317, -7.1846254 ], [ 109.7337601, -7.1845828 ], [ 109.7336394, -7.1844844 ], [ 109.7335026, -7.1844019 ], [ 109.7333443, -7.18437 ], [ 109.7332022, -7.1843806 ], [ 109.733001, -7.1844099 ], [ 109.7329071, -7.1844418 ], [ 109.7327998, -7.1844498 ], [ 109.732722, -7.1843753 ], [ 109.7327086, -7.1842529 ], [ 109.7327086, -7.1840639 ], [ 109.7327033, -7.1838617 ], [ 109.7326335, -7.1836142 ], [ 109.7324967, -7.183529 ], [ 109.7322741, -7.1834093 ], [ 109.7322312, -7.1831857 ], [ 109.7322339, -7.1830633 ], [ 109.732132, -7.1828318 ], [ 109.7321185, -7.1826721 ], [ 109.7321078, -7.1824513 ], [ 109.7320488, -7.1823235 ], [ 109.7318771, -7.1821825 ], [ 109.7316948, -7.1819536 ], [ 109.731625, -7.1816795 ], [ 109.7315687, -7.1814107 ], [ 109.7314292, -7.1807987 ], [ 109.7312227, -7.1804527 ], [ 109.7310618, -7.180325 ], [ 109.7310403, -7.1802079 ], [ 109.7310832, -7.1801227 ], [ 109.7311717, -7.1800243 ], [ 109.7313139, -7.1799152 ], [ 109.7314614, -7.1797635 ], [ 109.7314158, -7.1794495 ], [ 109.7313032, -7.1793191 ], [ 109.7308686, -7.1790822 ], [ 109.7307238, -7.1789731 ], [ 109.7307372, -7.1785739 ], [ 109.7307587, -7.1783238 ], [ 109.7307962, -7.1779432 ], [ 109.7307479, -7.1777995 ], [ 109.7306004, -7.1777011 ], [ 109.7305575, -7.1774802 ], [ 109.7306111, -7.1772699 ], [ 109.7305924, -7.1769559 ], [ 109.730477, -7.1767776 ], [ 109.7303805, -7.1766286 ], [ 109.7303939, -7.1765248 ], [ 109.7305253, -7.1763758 ], [ 109.730587, -7.1762587 ], [ 109.7306031, -7.1760831 ], [ 109.7305843, -7.1758755 ], [ 109.7305468, -7.1757637 ], [ 109.730638, -7.1754204 ], [ 109.7305575, -7.1750771 ], [ 109.730477, -7.174497 ], [ 109.7305226, -7.174316 ], [ 109.7305253, -7.1741696 ], [ 109.7303644, -7.1738184 ], [ 109.730131, -7.1736427 ], [ 109.7299406, -7.1734724 ], [ 109.7298601, -7.1732781 ], [ 109.729895, -7.1731477 ], [ 109.7298762, -7.1729508 ], [ 109.7296402, -7.1725303 ], [ 109.729431, -7.1722403 ], [ 109.7291923, -7.1720008 ], [ 109.7289991, -7.1718118 ], [ 109.7288489, -7.1716894 ], [ 109.7287953, -7.1715829 ], [ 109.728798, -7.1713275 ], [ 109.728688, -7.1710933 ], [ 109.7286102, -7.1709176 ], [ 109.7284144, -7.170593 ], [ 109.7283205, -7.1704972 ], [ 109.7280523, -7.1703082 ], [ 109.7279075, -7.1701991 ], [ 109.7276366, -7.1700421 ], [ 109.7274461, -7.1699942 ], [ 109.7272611, -7.1700102 ], [ 109.7269982, -7.1701406 ], [ 109.7267997, -7.1702577 ], [ 109.7264752, -7.1703255 ], [ 109.7262673, -7.1703308 ], [ 109.7259495, -7.1701592 ], [ 109.7257993, -7.1700873 ], [ 109.7256517, -7.1700554 ], [ 109.7253808, -7.1699144 ], [ 109.7252038, -7.1698079 ], [ 109.7250509, -7.1697227 ], [ 109.7250053, -7.1696376 ], [ 109.7248551, -7.1694939 ], [ 109.7246915, -7.1694673 ], [ 109.7243321, -7.1693475 ], [ 109.7241323, -7.1692743 ], [ 109.723856, -7.1689949 ], [ 109.7237205, -7.1688113 ], [ 109.7235301, -7.1686849 ], [ 109.723227, -7.1685678 ], [ 109.7230446, -7.1686702 ], [ 109.7229427, -7.168786 ], [ 109.7228247, -7.1688193 ], [ 109.7226343, -7.1687594 ], [ 109.7223902, -7.1687115 ], [ 109.722248, -7.1686343 ], [ 109.7219798, -7.1683349 ], [ 109.7218135, -7.1680355 ], [ 109.7217652, -7.1678971 ], [ 109.7216539, -7.1677774 ], [ 109.7215641, -7.1677494 ], [ 109.7214635, -7.1677494 ], [ 109.7213951, -7.1677614 ], [ 109.721328, -7.167796 ] ] } },
{ "type": "Feature", "properties": { "waterway": "river", "name": "Sungai" }, "geometry": { "type": "LineString", "coordinates": [ [ 109.8421027, -7.38945 ], [ 109.8420328, -7.3894926 ], [ 109.841786, -7.3894607 ], [ 109.8416305, -7.389349 ], [ 109.8414802, -7.389216 ], [ 109.8412979, -7.3891628 ], [ 109.8411369, -7.3891894 ], [ 109.8410404, -7.3892426 ], [ 109.8410243, -7.3893596 ], [ 109.8410833, -7.3895192 ], [ 109.8413354, -7.3899927 ], [ 109.8415285, -7.3903012 ], [ 109.8415393, -7.3904183 ], [ 109.8415071, -7.3905938 ], [ 109.8413461, -7.3909502 ], [ 109.8412496, -7.3910247 ], [ 109.8411423, -7.391062 ], [ 109.8410296, -7.3910673 ], [ 109.840917, -7.3910939 ], [ 109.8408526, -7.3911843 ], [ 109.8409277, -7.3916737 ], [ 109.8409277, -7.3917908 ], [ 109.8407775, -7.3923228 ], [ 109.8407614, -7.392509 ], [ 109.8409975, -7.3926845 ], [ 109.8411316, -7.3927164 ], [ 109.8412228, -7.3927803 ], [ 109.841314, -7.392892 ], [ 109.8413569, -7.3929877 ], [ 109.8413783, -7.3931367 ], [ 109.8414427, -7.3932378 ], [ 109.8415929, -7.3934186 ], [ 109.8416787, -7.3934825 ], [ 109.8417914, -7.3934772 ], [ 109.8422205, -7.3935623 ], [ 109.8424244, -7.3936793 ], [ 109.8427463, -7.393823 ], [ 109.8432934, -7.3941581 ], [ 109.8434061, -7.3942805 ], [ 109.8434651, -7.3943709 ], [ 109.8435402, -7.3945784 ], [ 109.8435456, -7.3947167 ], [ 109.843508, -7.3950944 ], [ 109.8435241, -7.3954189 ], [ 109.843567, -7.3955944 ], [ 109.8437172, -7.3959136 ], [ 109.8438406, -7.3961371 ], [ 109.8438781, -7.3962435 ], [ 109.8439157, -7.3964616 ], [ 109.8440069, -7.396818 ], [ 109.8440123, -7.3969244 ], [ 109.8439586, -7.3970201 ], [ 109.8438781, -7.3970946 ], [ 109.8437655, -7.3971425 ], [ 109.8436528, -7.3971425 ], [ 109.8434275, -7.3970893 ], [ 109.8432022, -7.3969776 ], [ 109.8430842, -7.3969457 ], [ 109.8429877, -7.3968872 ], [ 109.8428804, -7.3968499 ], [ 109.8426443, -7.3967967 ], [ 109.8422795, -7.3967808 ], [ 109.8420542, -7.3968127 ], [ 109.8416519, -7.3969776 ], [ 109.8412442, -7.3971053 ], [ 109.8410618, -7.3972702 ], [ 109.8408902, -7.3973872 ], [ 109.8406649, -7.3975681 ], [ 109.8405147, -7.397717 ], [ 109.8402303, -7.3979032 ], [ 109.8401123, -7.3979405 ], [ 109.839887, -7.3979671 ], [ 109.8397744, -7.3979405 ], [ 109.8395437, -7.3976798 ], [ 109.8394257, -7.3976745 ], [ 109.8393345, -7.3977383 ], [ 109.8391628, -7.3980469 ], [ 109.8390931, -7.3981426 ], [ 109.8389536, -7.3985044 ], [ 109.8389643, -7.3988821 ], [ 109.8389107, -7.3991321 ], [ 109.8389053, -7.3993502 ], [ 109.8388302, -7.39968 ], [ 109.8387551, -7.3997651 ], [ 109.8386478, -7.3997971 ], [ 109.8385405, -7.3997545 ], [ 109.8384386, -7.3996853 ], [ 109.8382348, -7.399579 ], [ 109.8380148, -7.3995045 ], [ 109.8376501, -7.3994513 ], [ 109.8374301, -7.3994353 ], [ 109.8369259, -7.3994619 ], [ 109.8366201, -7.3995949 ], [ 109.8364752, -7.3996907 ], [ 109.836368, -7.3997971 ], [ 109.8361802, -7.3998981 ], [ 109.8358691, -7.4001322 ], [ 109.8356813, -7.4002492 ], [ 109.8353011, -7.4003102 ], [ 109.8349578, -7.4002506 ], [ 109.834769, -7.4002932 ], [ 109.8343742, -7.4003272 ], [ 109.8341424, -7.4003783 ], [ 109.8337819, -7.4003102 ], [ 109.8335416, -7.4002166 ], [ 109.8332841, -7.4005145 ], [ 109.833121, -7.4010592 ], [ 109.8330703, -7.4016025 ], [ 109.8325526, -7.4021989 ], [ 109.8321878, -7.4024483 ], [ 109.8317935, -7.4025851 ], [ 109.8315322, -7.4025656 ], [ 109.8313153, -7.4025851 ], [ 109.8309949, -7.4026487 ], [ 109.8307188, -7.4026682 ], [ 109.830423, -7.4028051 ], [ 109.8303047, -7.4030496 ], [ 109.8302653, -7.403558 ], [ 109.8300533, -7.4036655 ], [ 109.8297772, -7.4037682 ], [ 109.8296491, -7.4037633 ], [ 109.8294568, -7.40347 ], [ 109.8292251, -7.40325 ], [ 109.8290279, -7.4030984 ], [ 109.8287519, -7.4029811 ], [ 109.8284955, -7.4029909 ], [ 109.8281948, -7.4031962 ], [ 109.828042, -7.4035335 ], [ 109.8280765, -7.4041348 ], [ 109.8280173, -7.4045748 ], [ 109.8279483, -7.4049023 ], [ 109.8276082, -7.4050881 ], [ 109.8271251, -7.4051327 ], [ 109.8267817, -7.4051434 ], [ 109.8265886, -7.4051753 ], [ 109.8262238, -7.4054094 ], [ 109.826079, -7.4057392 ], [ 109.8260575, -7.4058509 ], [ 109.8260468, -7.4061009 ], [ 109.8260575, -7.4062126 ], [ 109.8261326, -7.406436 ], [ 109.826315, -7.4068563 ], [ 109.8264974, -7.4072021 ], [ 109.8268247, -7.4074893 ], [ 109.8268837, -7.4075851 ], [ 109.8271573, -7.4078404 ], [ 109.8272592, -7.4079096 ], [ 109.8273557, -7.4079628 ], [ 109.8274684, -7.408 ], [ 109.8278278, -7.4080585 ], [ 109.8279351, -7.4080905 ], [ 109.8280424, -7.4081543 ], [ 109.8281175, -7.40825 ], [ 109.8281282, -7.4083724 ], [ 109.8281175, -7.4084788 ], [ 109.8280692, -7.4087075 ], [ 109.8277634, -7.4095427 ], [ 109.8277366, -7.4096544 ], [ 109.8276991, -7.4100481 ], [ 109.8277473, -7.4101492 ], [ 109.8282355, -7.4106598 ], [ 109.8282516, -7.4107662 ], [ 109.8282462, -7.410979 ], [ 109.8282194, -7.411096 ], [ 109.828096, -7.4114259 ], [ 109.8277956, -7.4120961 ], [ 109.8276186, -7.4124419 ], [ 109.8275167, -7.4125802 ], [ 109.8273236, -7.4130537 ], [ 109.8272699, -7.4133728 ], [ 109.8272645, -7.4136229 ], [ 109.8272216, -7.4139793 ], [ 109.8272163, -7.414325 ], [ 109.827168, -7.4145538 ], [ 109.8270982, -7.4146389 ], [ 109.8268408, -7.4148464 ], [ 109.8267388, -7.4149102 ], [ 109.8265243, -7.41499 ], [ 109.8263204, -7.4150964 ], [ 109.8261219, -7.4153092 ], [ 109.8261273, -7.4155379 ], [ 109.8262775, -7.4161018 ], [ 109.8262882, -7.4162082 ], [ 109.8262346, -7.4163145 ], [ 109.82602, -7.4163039 ], [ 109.8252904, -7.4161337 ], [ 109.8251724, -7.4160964 ], [ 109.8250598, -7.416022 ], [ 109.8249471, -7.416006 ], [ 109.8245716, -7.4160113 ], [ 109.824357, -7.4160752 ], [ 109.8239171, -7.4162879 ], [ 109.8237508, -7.4164369 ], [ 109.823091, -7.4168518 ], [ 109.8227423, -7.4169901 ], [ 109.8224258, -7.417054 ], [ 109.8223346, -7.4171018 ], [ 109.8222434, -7.4171657 ], [ 109.8221844, -7.4172614 ], [ 109.8220932, -7.4173359 ], [ 109.821986, -7.4173731 ], [ 109.821766, -7.4173625 ], [ 109.8216534, -7.4173359 ], [ 109.8214388, -7.4172561 ], [ 109.8212725, -7.4171338 ], [ 109.8209935, -7.4169582 ], [ 109.8206395, -7.416671 ], [ 109.8204839, -7.4165114 ], [ 109.8203713, -7.4164954 ], [ 109.8202693, -7.4166124 ], [ 109.8200494, -7.4169848 ], [ 109.8199314, -7.4171391 ], [ 109.8198509, -7.4172135 ], [ 109.8194486, -7.4174582 ], [ 109.8192984, -7.4175966 ], [ 109.8191488, -7.4178005 ] ] } },
{ "type": "Feature", "properties": { "waterway": "stream", "name": null }, "geometry": { "type": "LineString", "coordinates": [ [ 109.7270358, -7.2359428 ], [ 109.7270267, -7.2359148 ], [ 109.7269666, -7.2358669 ], [ 109.7269269, -7.2358594 ], [ 109.7265815, -7.2360492 ], [ 109.7261789, -7.2361521 ], [ 109.7260629, -7.2361999 ], [ 109.7259976, -7.2362351 ], [ 109.7259761, -7.236275 ], [ 109.7259742, -7.2363167 ], [ 109.7260134, -7.2363945 ], [ 109.7260004, -7.236426 ], [ 109.7259742, -7.236439 ], [ 109.7258659, -7.2364223 ], [ 109.7256623, -7.2364316 ], [ 109.7253849, -7.2364732 ], [ 109.7251019, -7.2365344 ], [ 109.7249823, -7.2365122 ], [ 109.724774, -7.2363862 ], [ 109.7247292, -7.2363889 ], [ 109.7247012, -7.2364102 ], [ 109.7246283, -7.2365224 ], [ 109.7246068, -7.236527 ], [ 109.7245461, -7.2364881 ], [ 109.724491, -7.2363862 ], [ 109.724463, -7.2363 ], [ 109.7244266, -7.236274 ], [ 109.7243294, -7.2362722 ], [ 109.7242192, -7.2363111 ], [ 109.7241361, -7.2363648 ], [ 109.7239736, -7.2364204 ], [ 109.7237578, -7.2363574 ], [ 109.7235542, -7.2363324 ], [ 109.7233852, -7.2362509 ], [ 109.7233599, -7.2362222 ], [ 109.7233207, -7.2360702 ], [ 109.7233469, -7.2359627 ], [ 109.7233898, -7.2358923 ], [ 109.7233357, -7.2357524 ], [ 109.7232273, -7.2357107 ], [ 109.7229929, -7.2357635 ], [ 109.7227827, -7.2357589 ], [ 109.7227136, -7.2357162 ], [ 109.7224437, -7.2354809 ], [ 109.7222802, -7.235243 ] ] } },
{ "type": "Feature", "properties": { "waterway": "ditch", "name": null }, "geometry": { "type": "LineString", "coordinates": [ [ 109.740142, -7.3812081 ], [ 109.7394976, -7.3810831 ], [ 109.7393764, -7.3816723 ], [ 109.7398227, -7.3826626 ], [ 109.7394244, -7.383043 ], [ 109.7393575, -7.3831069 ], [ 109.738274, -7.383144 ], [ 109.7375455, -7.3828476 ], [ 109.7354347, -7.3812544 ], [ 109.7341444, -7.3841284 ] ] } },
{ "type": "Feature", "properties": { "waterway": "river", "name": "Serayu" }, "geometry": { "type": "LineString", "coordinates": [ [ 109.7342885, -7.3880161 ], [ 109.7333413, -7.3876421 ], [ 109.7302243, -7.3857623 ], [ 109.7290742, -7.3853856 ], [ 109.7282789, -7.3853361 ], [ 109.727294, -7.3857534 ], [ 109.7253572, -7.3875352 ], [ 109.7248846, -7.3877424 ], [ 109.7243589, -7.3877849 ], [ 109.7238245, -7.3875575 ], [ 109.7233408, -7.3872374 ], [ 109.7227608, -7.3866376 ], [ 109.7213737, -7.3847054 ], [ 109.7210759, -7.384311 ], [ 109.7207941, -7.3841441 ], [ 109.7204453, -7.3841221 ], [ 109.7200706, -7.3843841 ], [ 109.7178632, -7.3861705 ], [ 109.7174817, -7.3863751 ], [ 109.7171186, -7.3864815 ], [ 109.7166449, -7.3864975 ], [ 109.7145581, -7.3857953 ], [ 109.7141665, -7.3857421 ], [ 109.7136796, -7.3857234 ], [ 109.7127289, -7.38579 ], [ 109.7119621, -7.3860403 ], [ 109.7106045, -7.3867422 ], [ 109.7100574, -7.3867901 ], [ 109.7095642, -7.3867372 ], [ 109.7066218, -7.3854798 ], [ 109.7033499, -7.3843711 ], [ 109.7026706, -7.3843217 ], [ 109.7021116, -7.3845425 ], [ 109.7018444, -7.3848005 ], [ 109.7017149, -7.3850794 ], [ 109.7017801, -7.3854069 ], [ 109.7020794, -7.385744 ], [ 109.7037891, -7.3864826 ], [ 109.704309, -7.3870829 ], [ 109.7044537, -7.3873616 ], [ 109.704384, -7.3876403 ], [ 109.7037998, -7.3878493 ], [ 109.7009605, -7.3874424 ], [ 109.6998443, -7.3870035 ], [ 109.6971203, -7.3861943 ], [ 109.6967268, -7.3861411 ], [ 109.6962962, -7.3862264 ], [ 109.6960978, -7.3863764 ], [ 109.6960389, -7.3866498 ], [ 109.696226, -7.3869774 ], [ 109.6980542, -7.3884024 ], [ 109.6980737, -7.3889204 ], [ 109.6979523, -7.3893297 ], [ 109.6974861, -7.3895918 ], [ 109.6967971, -7.3894964 ], [ 109.694447, -7.3880648 ], [ 109.6941304, -7.3879631 ], [ 109.6938327, -7.3879312 ], [ 109.6935116, -7.3880991 ], [ 109.6926609, -7.3894503 ], [ 109.6921636, -7.3899039 ], [ 109.6914963, -7.3902073 ], [ 109.6906006, -7.3903544 ], [ 109.6897423, -7.3903651 ], [ 109.6888675, -7.3902835 ], [ 109.6875862, -7.3898014 ], [ 109.6855049, -7.3887197 ], [ 109.6848905, -7.3886758 ], [ 109.6842739, -7.3892538 ], [ 109.6841935, -7.3896888 ], [ 109.6842419, -7.3900707 ], [ 109.6841669, -7.3912807 ], [ 109.6840029, -7.3916082 ], [ 109.6833587, -7.3916205 ], [ 109.6828437, -7.3917908 ], [ 109.6823939, -7.3922398 ] ] } },
{ "type": "Feature", "properties": { "waterway": "river", "name": null }, "geometry": { "type": "LineString", "coordinates": [ [ 109.7341444, -7.3841284 ], [ 109.7347667, -7.3872565 ], [ 109.7342885, -7.3880161 ] ] } },
{ "type": "Feature", "properties": { "waterway": "ditch", "name": null }, "geometry": { "type": "LineString", "coordinates": [ [ 109.7423349, -7.3794937 ], [ 109.7420474, -7.3792537 ], [ 109.7419353, -7.3796798 ], [ 109.7405903, -7.3799947 ], [ 109.7407398, -7.3814026 ], [ 109.740142, -7.3812081 ] ] } },
{ "type": "Feature", "properties": { "waterway": "canal", "name": null }, "geometry": { "type": "LineString", "coordinates": [ [ 109.7429124, -7.3885004 ], [ 109.7426063, -7.3880272 ], [ 109.7423297, -7.3875996 ] ] } },
{ "type": "Feature", "properties": { "waterway": "river", "name": null }, "geometry": { "type": "LineString", "coordinates": [ [ 109.658744, -7.3723437 ], [ 109.6586931, -7.3724554 ], [ 109.6586609, -7.3725033 ], [ 109.6586394, -7.3725512 ], [ 109.6586072, -7.3725964 ], [ 109.6585643, -7.3726363 ], [ 109.6584249, -7.37274 ], [ 109.6583873, -7.3727799 ], [ 109.6583766, -7.3728331 ], [ 109.6584195, -7.3729236 ], [ 109.6584919, -7.3730087 ], [ 109.6585134, -7.3730619 ], [ 109.6585268, -7.3731151 ], [ 109.6585616, -7.3731843 ], [ 109.6585429, -7.3732401 ], [ 109.6585134, -7.3732853 ], [ 109.6584678, -7.3733199 ], [ 109.6584141, -7.3733306 ], [ 109.6583605, -7.3733252 ], [ 109.6582451, -7.3733013 ], [ 109.6581325, -7.3732907 ], [ 109.6580762, -7.3732933 ], [ 109.6580252, -7.3733173 ], [ 109.6580011, -7.373429 ], [ 109.6580386, -7.3736072 ], [ 109.6580306, -7.3736684 ], [ 109.6580172, -7.3737216 ], [ 109.6579796, -7.373828 ], [ 109.6579501, -7.3738732 ], [ 109.6579045, -7.3739078 ], [ 109.6577892, -7.3739264 ], [ 109.6575585, -7.3739264 ], [ 109.6574968, -7.3739211 ], [ 109.6573654, -7.3738945 ], [ 109.6571884, -7.3738679 ], [ 109.6568745, -7.3738493 ], [ 109.6566197, -7.373812 ], [ 109.6564454, -7.373804 ], [ 109.6563917, -7.3738147 ], [ 109.6562308, -7.3739397 ], [ 109.656204, -7.3739876 ], [ 109.6561342, -7.3740887 ], [ 109.6559814, -7.3742589 ], [ 109.6559545, -7.3743094 ], [ 109.6559197, -7.3743573 ], [ 109.6558687, -7.3743866 ], [ 109.6558151, -7.3743999 ], [ 109.6557614, -7.3744025 ], [ 109.6557051, -7.3743919 ], [ 109.6556595, -7.37436 ], [ 109.6556193, -7.3743201 ], [ 109.6555227, -7.3741605 ], [ 109.655512, -7.3741046 ], [ 109.6554583, -7.3735673 ], [ 109.6554342, -7.3732188 ], [ 109.6553484, -7.3729502 ], [ 109.6553108, -7.372897 ], [ 109.6552679, -7.3728544 ], [ 109.6552223, -7.3728172 ], [ 109.6551686, -7.3727879 ], [ 109.655048, -7.3727773 ], [ 109.6549863, -7.3727799 ], [ 109.6546671, -7.3729262 ], [ 109.6545035, -7.3729874 ], [ 109.6543908, -7.3730193 ], [ 109.6543398, -7.3730459 ], [ 109.6541923, -7.3731417 ], [ 109.654085, -7.3731949 ], [ 109.6539992, -7.3732774 ], [ 109.6538919, -7.373413 ], [ 109.6538061, -7.3734875 ], [ 109.6537578, -7.3735168 ], [ 109.6537068, -7.3735354 ], [ 109.6536478, -7.373538 ], [ 109.6535835, -7.3735194 ], [ 109.6535298, -7.3734928 ], [ 109.653444, -7.3734157 ], [ 109.6534011, -7.3733731 ], [ 109.6533635, -7.3733226 ], [ 109.6532026, -7.3731523 ], [ 109.653157, -7.3731124 ], [ 109.6530041, -7.3729422 ], [ 109.6529639, -7.3729023 ], [ 109.6529156, -7.3728677 ], [ 109.6528593, -7.3728518 ], [ 109.6528056, -7.3728491 ], [ 109.6527439, -7.3728491 ], [ 109.6526903, -7.3728677 ], [ 109.6525374, -7.3730353 ], [ 109.652288, -7.3733678 ], [ 109.6519849, -7.3736631 ], [ 109.6517166, -7.3739131 ], [ 109.6515262, -7.3741791 ], [ 109.651486, -7.3744238 ], [ 109.6515101, -7.3744823 ], [ 109.6515959, -7.3745542 ], [ 109.6519902, -7.3749372 ], [ 109.6520627, -7.3750622 ], [ 109.652119, -7.3752192 ], [ 109.6521082, -7.3754213 ], [ 109.6520197, -7.3756129 ], [ 109.6518454, -7.3757565 ], [ 109.6512875, -7.3759507 ], [ 109.6511319, -7.3760411 ], [ 109.6510139, -7.3760943 ], [ 109.650853, -7.3761821 ], [ 109.6507966, -7.3761981 ], [ 109.6507323, -7.3761981 ], [ 109.6506196, -7.3761848 ], [ 109.6505097, -7.3761528 ], [ 109.6504533, -7.3761289 ], [ 109.6503407, -7.376097 ], [ 109.6502307, -7.3760757 ], [ 109.6501154, -7.3760411 ], [ 109.6499249, -7.3760305 ], [ 109.6498713, -7.3760571 ], [ 109.6498203, -7.3760917 ], [ 109.6497479, -7.3761848 ], [ 109.6497425, -7.3762965 ], [ 109.6497613, -7.3763523 ], [ 109.6498927, -7.3765385 ], [ 109.6499142, -7.3765864 ], [ 109.6499142, -7.3766423 ], [ 109.6498767, -7.376746 ], [ 109.6498136, -7.3767886 ], [ 109.6497606, -7.3768584 ] ] } },
{ "type": "Feature", "properties": { "waterway": "river", "name": null }, "geometry": { "type": "LineString", "coordinates": [ [ 109.6467894, -7.3699975 ], [ 109.6469691, -7.3707876 ], [ 109.6470657, -7.3711227 ], [ 109.6470711, -7.3713329 ], [ 109.6470094, -7.3715404 ], [ 109.6469852, -7.3715989 ], [ 109.6468484, -7.3717771 ], [ 109.6468028, -7.3718117 ], [ 109.6467519, -7.3718356 ], [ 109.6466956, -7.3718489 ], [ 109.6465749, -7.3718409 ], [ 109.6463495, -7.3718037 ], [ 109.6462932, -7.3718037 ], [ 109.6459097, -7.3718968 ], [ 109.6454671, -7.372091 ], [ 109.6450406, -7.3722905 ], [ 109.6445417, -7.3724394 ], [ 109.6439731, -7.3725645 ], [ 109.6437639, -7.3726416 ], [ 109.6434662, -7.3728624 ], [ 109.6432114, -7.3731603 ], [ 109.6430129, -7.3736072 ], [ 109.6429136, -7.3739424 ], [ 109.6428841, -7.3741259 ], [ 109.6429351, -7.3742935 ], [ 109.6430236, -7.3744371 ], [ 109.6430585, -7.3744797 ], [ 109.6430826, -7.3745276 ], [ 109.6430853, -7.3746021 ], [ 109.6429968, -7.3746686 ], [ 109.6429566, -7.3747138 ], [ 109.6428493, -7.3747537 ], [ 109.6426696, -7.3747909 ], [ 109.6424201, -7.374908 ], [ 109.6423236, -7.3749612 ], [ 109.642109, -7.3750436 ], [ 109.6420097, -7.3750968 ], [ 109.6419293, -7.3751846 ], [ 109.6419078, -7.3752378 ], [ 109.6418971, -7.375291 ], [ 109.6418864, -7.3754719 ], [ 109.6419266, -7.3755756 ], [ 109.6419843, -7.375839 ], [ 109.6419856, -7.3759201 ], [ 109.6419695, -7.375952 ], [ 109.6419494, -7.375972 ], [ 109.6419226, -7.3759866 ], [ 109.6418367, -7.3760092 ], [ 109.6416932, -7.3760225 ], [ 109.6416678, -7.3760398 ], [ 109.6416503, -7.3760611 ], [ 109.6416275, -7.3761555 ], [ 109.6416262, -7.3762473 ], [ 109.6416061, -7.376367 ], [ 109.64159, -7.3765359 ], [ 109.6415611, -7.3765778 ], [ 109.6415487, -7.3765938 ] ] } },
{ "type": "Feature", "properties": { "waterway": "canal", "name": null }, "geometry": { "type": "LineString", "coordinates": [ [ 109.6013153, -7.3874418 ], [ 109.6009827, -7.3867928 ], [ 109.6007574, -7.3863698 ], [ 109.600516, -7.3859522 ] ] } },
{ "type": "Feature", "properties": { "waterway": "canal", "name": null }, "geometry": { "type": "LineString", "coordinates": [ [ 109.600516, -7.3859522 ], [ 109.5998722, -7.3863193 ], [ 109.5996845, -7.3863991 ], [ 109.5996335, -7.3864177 ], [ 109.5995235, -7.386447 ], [ 109.5994672, -7.3864656 ], [ 109.5994082, -7.3864922 ], [ 109.5993546, -7.3865108 ], [ 109.5989898, -7.3867688 ], [ 109.5986947, -7.3871226 ], [ 109.5984158, -7.3874258 ], [ 109.5981556, -7.3876493 ], [ 109.5974717, -7.3879578 ], [ 109.596836, -7.3883036 ], [ 109.5962861, -7.388559 ], [ 109.5955136, -7.3888489 ], [ 109.595173, -7.3890045 ], [ 109.5945561, -7.3892492 ], [ 109.5942128, -7.3894527 ], [ 109.5941672, -7.3894926 ], [ 109.5940948, -7.3895817 ], [ 109.5939714, -7.3898145 ], [ 109.5938855, -7.3900352 ], [ 109.5936736, -7.3904901 ], [ 109.5934805, -7.3909502 ], [ 109.5933545, -7.3913732 ], [ 109.5933142, -7.3916644 ], [ 109.5934027, -7.3923148 ], [ 109.5937756, -7.3931048 ], [ 109.5942181, -7.3939613 ], [ 109.5944032, -7.3944188 ], [ 109.5944408, -7.3946688 ], [ 109.5944166, -7.3947991 ], [ 109.5943898, -7.394847 ], [ 109.594312, -7.3949268 ], [ 109.5942664, -7.3949614 ], [ 109.5942181, -7.3949907 ], [ 109.5941645, -7.3949986 ], [ 109.5938614, -7.395004 ], [ 109.5935208, -7.3949853 ], [ 109.5925793, -7.395129 ], [ 109.5919771, -7.3952247 ], [ 109.5916325, -7.3951755 ], [ 109.5913415, -7.3949574 ], [ 109.5913187, -7.3949361 ], [ 109.5911497, -7.394859 ], [ 109.5910317, -7.3948324 ], [ 109.5909365, -7.3948217 ], [ 109.5907246, -7.3948191 ], [ 109.5906387, -7.394835 ], [ 109.590337, -7.3949401 ], [ 109.5898931, -7.3953258 ], [ 109.5896208, -7.3955506 ], [ 109.5895457, -7.3956277 ], [ 109.5895115, -7.3956563 ], [ 109.5894921, -7.395919 ], [ 109.5894599, -7.3961716 ], [ 109.5893164, -7.3961783 ], [ 109.5891233, -7.3962155 ], [ 109.5890106, -7.3963153 ], [ 109.5888457, -7.3965653 ], [ 109.5887049, -7.3967502 ], [ 109.5885198, -7.3969231 ], [ 109.5881496, -7.3971305 ], [ 109.5878814, -7.3973074 ], [ 109.5875542, -7.3976013 ], [ 109.58729, -7.397866 ], [ 109.5868327, -7.3981253 ], [ 109.5866275, -7.3982131 ], [ 109.5863901, -7.3984153 ], [ 109.5861541, -7.3987198 ], [ 109.5859408, -7.3991494 ], [ 109.5856565, -7.3996401 ], [ 109.5854969, -7.3999992 ], [ 109.5853977, -7.4003104 ], [ 109.5853373, -7.4004793 ], [ 109.5852877, -7.4005511 ], [ 109.585222, -7.400623 ], [ 109.5851657, -7.4006602 ], [ 109.5849605, -7.4007613 ], [ 109.5840271, -7.4010366 ], [ 109.5833606, -7.4012267 ], [ 109.5829542, -7.4013385 ], [ 109.5827946, -7.4014316 ], [ 109.5827383, -7.4014954 ], [ 109.5826605, -7.4015459 ], [ 109.5825908, -7.4015978 ], [ 109.5825639, -7.4016084 ], [ 109.5825063, -7.4016231 ], [ 109.5824486, -7.4016191 ], [ 109.5823936, -7.4015978 ], [ 109.582348, -7.4015645 ], [ 109.5823199, -7.4015539 ], [ 109.5818424, -7.4012254 ], [ 109.5814589, -7.401002 ], [ 109.5813315, -7.4009701 ], [ 109.5811678, -7.4009621 ], [ 109.581078, -7.4009621 ], [ 109.5810485, -7.4009661 ], [ 109.5810217, -7.4009767 ], [ 109.5809975, -7.4009887 ], [ 109.5809747, -7.4010073 ], [ 109.5809104, -7.4010804 ], [ 109.5806757, -7.4015473 ], [ 109.5805885, -7.4017002 ], [ 109.580508, -7.401792 ], [ 109.5804584, -7.4018704 ], [ 109.5803726, -7.4019808 ], [ 109.5803592, -7.4020633 ], [ 109.5803766, -7.4023785 ], [ 109.5804249, -7.4028213 ], [ 109.5804571, -7.4033014 ], [ 109.5803685, -7.4037988 ], [ 109.5803337, -7.4040289 ], [ 109.5802599, -7.4046965 ], [ 109.5802425, -7.4050051 ], [ 109.5801982, -7.4052019 ], [ 109.5801379, -7.4053109 ], [ 109.5797463, -7.4057565 ], [ 109.5794338, -7.4060304 ], [ 109.579187, -7.4061435 ], [ 109.5785178, -7.4062685 ], [ 109.5780699, -7.4063629 ], [ 109.5778634, -7.4063868 ], [ 109.577799, -7.4063988 ], [ 109.5777091, -7.4064041 ], [ 109.577622, -7.4063935 ], [ 109.5775925, -7.4063855 ], [ 109.5773806, -7.4062578 ], [ 109.577111, -7.4060131 ], [ 109.5769045, -7.4058868 ], [ 109.5768736, -7.4058841 ], [ 109.5766805, -7.4058855 ], [ 109.5766228, -7.4058974 ], [ 109.5765719, -7.4059187 ], [ 109.5765209, -7.4059493 ], [ 109.5764297, -7.4060264 ], [ 109.576313, -7.4062153 ], [ 109.576313, -7.4063842 ], [ 109.5763654, -7.4065823 ], [ 109.5765504, -7.4068802 ], [ 109.5766577, -7.4070917 ], [ 109.5766711, -7.4074016 ], [ 109.5766523, -7.4075266 ], [ 109.576588, -7.4076077 ], [ 109.5765652, -7.4076449 ], [ 109.5763533, -7.4077567 ], [ 109.5756666, -7.40802 ], [ 109.5754386, -7.4080772 ], [ 109.5752428, -7.4080718 ], [ 109.5748432, -7.4080506 ], [ 109.5740131, -7.4079256 ], [ 109.5739809, -7.4079162 ], [ 109.573891, -7.4078843 ], [ 109.5737784, -7.4078378 ], [ 109.5737287, -7.4078099 ], [ 109.5734404, -7.4075944 ], [ 109.5733465, -7.4074627 ], [ 109.5732969, -7.4073045 ], [ 109.5732164, -7.4068869 ], [ 109.5730475, -7.4063908 ], [ 109.572794, -7.4060623 ], [ 109.5725311, -7.4059772 ], [ 109.5724963, -7.4059599 ], [ 109.5723984, -7.405928 ], [ 109.572216, -7.4058815 ], [ 109.5718324, -7.4057019 ], [ 109.5717868, -7.4056674 ], [ 109.5717466, -7.4056248 ], [ 109.5717117, -7.4055796 ], [ 109.5716688, -7.4054732 ], [ 109.5715642, -7.4052737 ], [ 109.5715266, -7.4052311 ], [ 109.5714328, -7.4051673 ], [ 109.5713845, -7.4051434 ], [ 109.5711699, -7.4050849 ], [ 109.5709392, -7.4051168 ], [ 109.5706496, -7.4051035 ], [ 109.5703116, -7.4050583 ], [ 109.5699897, -7.4049785 ], [ 109.5695177, -7.404896 ], [ 109.5692669, -7.4048907 ], [ 109.5691033, -7.4049372 ], [ 109.5689732, -7.4049479 ], [ 109.5684032, -7.4050928 ], [ 109.5682208, -7.4051647 ], [ 109.5680787, -7.4052019 ], [ 109.567856, -7.4052551 ], [ 109.5677273, -7.4053375 ], [ 109.5677286, -7.4054346 ], [ 109.5678681, -7.4058429 ], [ 109.5681015, -7.4065531 ], [ 109.5682141, -7.4072207 ], [ 109.5681766, -7.4079548 ], [ 109.5682678, -7.4085214 ], [ 109.568426, -7.4088804 ], [ 109.5688042, -7.4092927 ], [ 109.5691609, -7.4097874 ], [ 109.5693272, -7.4101385 ], [ 109.5693165, -7.4103619 ], [ 109.5692602, -7.4105322 ], [ 109.568992, -7.4107689 ], [ 109.5685011, -7.4111945 ], [ 109.5682973, -7.4114392 ], [ 109.5679459, -7.4117078 ], [ 109.5677984, -7.4118355 ], [ 109.5676589, -7.4118408 ], [ 109.5674323, -7.4117012 ], [ 109.5671225, -7.4117996 ], [ 109.5669816, -7.4119272 ], [ 109.5668194, -7.4121945 ], [ 109.5665243, -7.4132053 ], [ 109.5663956, -7.4137159 ], [ 109.5664841, -7.4142226 ], [ 109.5665042, -7.4143915 ], [ 109.5664841, -7.4145126 ], [ 109.5663044, -7.4147559 ], [ 109.5658497, -7.4153251 ], [ 109.5654072, -7.4156549 ], [ 109.5650075, -7.415897 ], [ 109.5648412, -7.4159302 ], [ 109.5647366, -7.4159329 ], [ 109.5646012, -7.4158956 ], [ 109.5643222, -7.4156868 ], [ 109.5637938, -7.4152839 ], [ 109.5634317, -7.4150206 ], [ 109.5633325, -7.4150073 ], [ 109.5632373, -7.4150379 ], [ 109.5628497, -7.4153437 ], [ 109.562615, -7.4155578 ], [ 109.562564, -7.4156868 ], [ 109.5625198, -7.4162481 ], [ 109.5624863, -7.4164103 ], [ 109.5624299, -7.416514 ], [ 109.5622516, -7.4165898 ], [ 109.5620933, -7.4166231 ], [ 109.5613959, -7.4167481 ], [ 109.5612015, -7.4168053 ], [ 109.5610325, -7.4168079 ], [ 109.560771, -7.4167348 ], [ 109.5599744, -7.4164861 ], [ 109.559737, -7.4164236 ], [ 109.5595345, -7.416546 ], [ 109.5587432, -7.4170885 ], [ 109.5578903, -7.4177109 ], [ 109.556918, -7.4183679 ], [ 109.5563789, -7.4186817 ], [ 109.5561039, -7.4187948 ], [ 109.5556574, -7.4188147 ], [ 109.5549774, -7.4187722 ], [ 109.5548782, -7.4188041 ], [ 109.5543726, -7.4190062 ], [ 109.5541097, -7.4191565 ], [ 109.5538388, -7.4194384 ], [ 109.5534083, -7.4196406 ], [ 109.5529416, -7.4197417 ], [ 109.552318, -7.419872 ], [ 109.5520619, -7.4199957 ], [ 109.55152, -7.4202723 ], [ 109.5504914, -7.4207657 ], [ 109.5504445, -7.4208654 ], [ 109.5503962, -7.4209851 ], [ 109.5502514, -7.4212258 ], [ 109.5499939, -7.4214851 ], [ 109.5490766, -7.422307 ], [ 109.5482799, -7.4230278 ], [ 109.5477584, -7.4235146 ] ] } },
{ "type": "Feature", "properties": { "waterway": "river", "name": null }, "geometry": { "type": "LineString", "coordinates": [ [ 109.6451855, -7.3131247 ], [ 109.6448421, -7.3138217 ], [ 109.6448314, -7.3139281 ], [ 109.6448314, -7.3141675 ], [ 109.6448636, -7.3143804 ], [ 109.6449065, -7.3146251 ], [ 109.644928, -7.3147369 ], [ 109.6449548, -7.3148433 ], [ 109.6449977, -7.3150827 ], [ 109.6450138, -7.3152104 ], [ 109.6449065, -7.3155137 ], [ 109.6448529, -7.3156042 ], [ 109.644767, -7.315668 ], [ 109.6446544, -7.3156733 ], [ 109.6443111, -7.3156733 ], [ 109.6442038, -7.3156999 ], [ 109.6440536, -7.3158649 ], [ 109.6440428, -7.3159766 ], [ 109.6440321, -7.3161362 ], [ 109.6440697, -7.3162426 ], [ 109.6441126, -7.3163544 ], [ 109.6441555, -7.3165672 ], [ 109.6441555, -7.3166843 ], [ 109.644134, -7.3169024 ], [ 109.6441287, -7.3170195 ], [ 109.6441126, -7.3171259 ], [ 109.6440911, -7.3172323 ], [ 109.6440536, -7.3173334 ], [ 109.6439892, -7.3174345 ], [ 109.6439248, -7.3175249 ], [ 109.6435815, -7.3179293 ], [ 109.6433669, -7.3184774 ], [ 109.6432811, -7.3188072 ], [ 109.6433026, -7.3192542 ], [ 109.6433455, -7.3193659 ], [ 109.6434098, -7.319467 ], [ 109.6434849, -7.3195575 ], [ 109.6435761, -7.3196319 ], [ 109.6436888, -7.3196639 ], [ 109.6439034, -7.3197064 ], [ 109.6440214, -7.3197171 ], [ 109.644134, -7.3197171 ], [ 109.6442467, -7.3197118 ], [ 109.6443647, -7.3197118 ], [ 109.6444774, -7.3197011 ], [ 109.6448314, -7.3196532 ], [ 109.6449387, -7.3196373 ], [ 109.6450621, -7.3196266 ], [ 109.6451855, -7.3196213 ], [ 109.6454108, -7.3195894 ], [ 109.6455342, -7.3195894 ], [ 109.6456575, -7.3195947 ], [ 109.6463066, -7.3197596 ], [ 109.6463978, -7.3198501 ], [ 109.6464676, -7.3199405 ], [ 109.6465158, -7.3200416 ], [ 109.6464515, -7.3203822 ], [ 109.6464193, -7.3204833 ], [ 109.6463817, -7.3205897 ], [ 109.6463388, -7.3208078 ], [ 109.6463174, -7.3209302 ], [ 109.6463013, -7.3210472 ], [ 109.6463281, -7.3213452 ], [ 109.6463174, -7.3214516 ], [ 109.6462744, -7.3215527 ], [ 109.6462208, -7.3216591 ], [ 109.6461564, -7.3217709 ], [ 109.6460974, -7.3218613 ], [ 109.6460384, -7.321973 ], [ 109.6459955, -7.3220848 ], [ 109.6458453, -7.3225743 ], [ 109.6458507, -7.3226913 ], [ 109.6458989, -7.3229254 ], [ 109.6459365, -7.3230478 ], [ 109.6461511, -7.3234628 ], [ 109.646194, -7.3235692 ], [ 109.6462476, -7.323665 ], [ 109.64643, -7.323963 ], [ 109.6464944, -7.3240534 ], [ 109.6465534, -7.3241652 ], [ 109.6466124, -7.3242663 ], [ 109.6466875, -7.324378 ], [ 109.6467948, -7.3245642 ], [ 109.6471167, -7.3250271 ], [ 109.6471059, -7.3252506 ], [ 109.6470684, -7.3253517 ], [ 109.6470094, -7.3254474 ], [ 109.6469343, -7.3255272 ], [ 109.6467519, -7.3256762 ], [ 109.646666, -7.3258997 ], [ 109.646827, -7.3265009 ], [ 109.6468431, -7.3266073 ], [ 109.6469074, -7.3268202 ], [ 109.6469343, -7.3269266 ], [ 109.6469718, -7.3270277 ], [ 109.6470094, -7.3271341 ], [ 109.6470845, -7.3272245 ], [ 109.6471757, -7.3273043 ], [ 109.647283, -7.3273841 ], [ 109.6473902, -7.327448 ], [ 109.6474975, -7.3275065 ], [ 109.6475995, -7.3275491 ], [ 109.6477067, -7.3275916 ], [ 109.647814, -7.3276449 ], [ 109.6479213, -7.3276821 ], [ 109.6480125, -7.3277406 ], [ 109.6481252, -7.3278045 ], [ 109.6482164, -7.3278843 ], [ 109.6487957, -7.3282248 ], [ 109.6489888, -7.3283844 ], [ 109.6491873, -7.3286451 ], [ 109.649241, -7.3287409 ], [ 109.6492249, -7.3288473 ], [ 109.6491498, -7.3289271 ], [ 109.6489567, -7.3290442 ], [ 109.6488708, -7.3291027 ], [ 109.6487635, -7.3293581 ], [ 109.6487153, -7.3294539 ], [ 109.6486884, -7.3295603 ], [ 109.6486938, -7.329672 ], [ 109.6487045, -7.3297784 ], [ 109.6487045, -7.3300444 ], [ 109.6486884, -7.3301615 ], [ 109.648565, -7.3305233 ], [ 109.6484792, -7.3306084 ], [ 109.6483773, -7.3306723 ], [ 109.648093, -7.3307787 ], [ 109.6480125, -7.3308532 ], [ 109.6479267, -7.3309383 ], [ 109.6477765, -7.3311086 ], [ 109.6476048, -7.3312895 ], [ 109.6475297, -7.3313905 ], [ 109.64746, -7.331481 ], [ 109.6473044, -7.33163 ], [ 109.6472454, -7.3317204 ], [ 109.6471864, -7.3318215 ], [ 109.6471059, -7.3321301 ], [ 109.6471274, -7.3322365 ], [ 109.6471649, -7.3323482 ], [ 109.6472025, -7.3324813 ], [ 109.6472347, -7.3326089 ], [ 109.6472186, -7.332726 ], [ 109.6472937, -7.3336358 ], [ 109.6471059, -7.3343328 ], [ 109.647063, -7.3344339 ], [ 109.647004, -7.3345403 ], [ 109.6466231, -7.3349553 ], [ 109.6465427, -7.3350298 ], [ 109.6464676, -7.3351096 ], [ 109.6463764, -7.3351841 ], [ 109.6461135, -7.3353916 ], [ 109.6461403, -7.3355033 ], [ 109.6462476, -7.3355459 ], [ 109.6463495, -7.3355991 ], [ 109.6464622, -7.3356683 ], [ 109.6465695, -7.3357534 ], [ 109.6466553, -7.3358332 ], [ 109.6467251, -7.335929 ], [ 109.6467465, -7.3360354 ], [ 109.6467465, -7.3361524 ], [ 109.6467411, -7.3362588 ], [ 109.6465802, -7.3365036 ], [ 109.6464997, -7.3365834 ], [ 109.6464246, -7.3366632 ], [ 109.6463549, -7.3367483 ], [ 109.6462744, -7.3368281 ], [ 109.6461886, -7.3369079 ], [ 109.6459418, -7.3370729 ], [ 109.6458238, -7.3370888 ], [ 109.6457219, -7.3370463 ], [ 109.6456414, -7.3369558 ], [ 109.645561, -7.33686 ], [ 109.6454805, -7.3367749 ], [ 109.6454108, -7.3366951 ], [ 109.6453357, -7.3366153 ], [ 109.6452606, -7.3365302 ], [ 109.645164, -7.336461 ], [ 109.6450514, -7.3364238 ], [ 109.6449441, -7.3364025 ], [ 109.6447563, -7.3364823 ], [ 109.6446812, -7.3365568 ], [ 109.6446222, -7.3366472 ], [ 109.6445525, -7.336743 ], [ 109.6444774, -7.3368281 ], [ 109.6443754, -7.3368654 ], [ 109.6442789, -7.3369026 ], [ 109.6441877, -7.3369665 ], [ 109.6439946, -7.3370888 ], [ 109.643898, -7.3371527 ], [ 109.6438175, -7.3372218 ], [ 109.6435869, -7.3376209 ], [ 109.6435869, -7.3377379 ], [ 109.643603, -7.3378497 ], [ 109.6436137, -7.3379614 ], [ 109.6436298, -7.3380731 ], [ 109.6436351, -7.3381848 ], [ 109.6436566, -7.3382913 ], [ 109.6437371, -7.3387914 ], [ 109.64378, -7.3390095 ], [ 109.6439409, -7.3395735 ], [ 109.6441179, -7.3405205 ], [ 109.6441019, -7.3407387 ], [ 109.6440321, -7.3408238 ], [ 109.6439463, -7.3408876 ], [ 109.6438712, -7.3409781 ] ] } },
{ "type": "Feature", "properties": { "waterway": "stream", "name": null }, "geometry": { "type": "LineString", "coordinates": [ [ 109.6378684, -7.2256851 ], [ 109.6376002, -7.2256266 ], [ 109.6374929, -7.2256212 ], [ 109.6373856, -7.2256053 ], [ 109.6371603, -7.2255946 ], [ 109.6368974, -7.2255946 ], [ 109.6365917, -7.2257117 ], [ 109.6365327, -7.2258075 ], [ 109.6364737, -7.225898 ], [ 109.6364254, -7.2259938 ], [ 109.6363771, -7.2261002 ], [ 109.636302, -7.2263131 ], [ 109.6362483, -7.2264089 ], [ 109.6362001, -7.2265153 ], [ 109.6361411, -7.2266111 ], [ 109.636066, -7.2268612 ], [ 109.6359211, -7.2272231 ], [ 109.6357495, -7.2274892 ], [ 109.6356636, -7.2275637 ], [ 109.6355617, -7.2276169 ], [ 109.6354598, -7.2276595 ], [ 109.6353579, -7.2276914 ], [ 109.6352559, -7.227734 ], [ 109.6351701, -7.2278085 ], [ 109.6351111, -7.227899 ], [ 109.6350521, -7.2279948 ], [ 109.634977, -7.2282289 ], [ 109.6349502, -7.2283353 ], [ 109.634977, -7.2284418 ], [ 109.6350199, -7.2285482 ], [ 109.6352613, -7.2288409 ], [ 109.6353525, -7.2289154 ], [ 109.63539, -7.2290219 ], [ 109.6353847, -7.2291283 ], [ 109.6353686, -7.2292401 ], [ 109.635331, -7.2295487 ], [ 109.6355724, -7.2300969 ], [ 109.6356529, -7.2301767 ], [ 109.635728, -7.2302618 ], [ 109.6358138, -7.2303363 ], [ 109.6358997, -7.2304215 ], [ 109.6359801, -7.2305066 ], [ 109.6360552, -7.2306024 ], [ 109.6361464, -7.2306876 ], [ 109.6362269, -7.2307727 ], [ 109.6363288, -7.2308366 ], [ 109.6365488, -7.2308685 ], [ 109.6369779, -7.2309537 ], [ 109.6370798, -7.2310122 ], [ 109.6371871, -7.2310654 ], [ 109.6372515, -7.2311559 ], [ 109.6373373, -7.231241 ], [ 109.6374178, -7.2313155 ], [ 109.6374768, -7.2314273 ], [ 109.6377826, -7.2316348 ], [ 109.6379059, -7.2320287 ], [ 109.637965, -7.2321244 ], [ 109.6380293, -7.2322202 ], [ 109.6381098, -7.2323107 ], [ 109.6381742, -7.2324065 ], [ 109.6382654, -7.232481 ], [ 109.6383673, -7.2325608 ], [ 109.6384746, -7.2325874 ], [ 109.6385872, -7.2325821 ], [ 109.638716, -7.2325715 ], [ 109.6390915, -7.2325076 ], [ 109.6392095, -7.2325129 ], [ 109.6393168, -7.2325555 ], [ 109.6394187, -7.2326194 ], [ 109.6399391, -7.2330238 ], [ 109.640041, -7.2330877 ], [ 109.6401429, -7.2331356 ], [ 109.6402502, -7.2331781 ], [ 109.6403682, -7.2331888 ], [ 109.6404755, -7.233226 ], [ 109.6405828, -7.2332793 ], [ 109.6407115, -7.2333272 ], [ 109.6408135, -7.233375 ], [ 109.6409047, -7.2334496 ], [ 109.6412748, -7.2336624 ], [ 109.641366, -7.233721 ], [ 109.6414626, -7.2337742 ], [ 109.6415484, -7.233854 ], [ 109.6416396, -7.2339232 ], [ 109.6417415, -7.2339658 ], [ 109.6418488, -7.233987 ], [ 109.6419561, -7.2340137 ], [ 109.6421599, -7.2340988 ], [ 109.6422833, -7.2341201 ], [ 109.6424013, -7.2341094 ], [ 109.6425033, -7.2340775 ], [ 109.6426266, -7.2340562 ], [ 109.6427393, -7.2340403 ], [ 109.6432221, -7.2342106 ], [ 109.6433294, -7.2342372 ], [ 109.6434528, -7.2342585 ], [ 109.6435708, -7.2342904 ], [ 109.6436781, -7.2343276 ], [ 109.6437746, -7.2343862 ], [ 109.6438765, -7.2344554 ], [ 109.6439892, -7.2344607 ], [ 109.6442199, -7.23445 ], [ 109.6443325, -7.2344394 ], [ 109.6446437, -7.2344394 ], [ 109.6447456, -7.2344873 ], [ 109.6448314, -7.2345831 ], [ 109.6448851, -7.2346842 ], [ 109.644928, -7.2348013 ], [ 109.6449977, -7.2348971 ], [ 109.645105, -7.2349716 ], [ 109.6452069, -7.2350195 ], [ 109.6458721, -7.235392 ], [ 109.6459579, -7.2354665 ], [ 109.6460223, -7.2355623 ], [ 109.6461564, -7.2357485 ], [ 109.6461296, -7.2358656 ], [ 109.6461028, -7.235972 ], [ 109.6460491, -7.2360732 ], [ 109.6460009, -7.2361689 ], [ 109.6459472, -7.2362647 ], [ 109.6458989, -7.2363605 ], [ 109.6458346, -7.236467 ], [ 109.6458185, -7.2368129 ], [ 109.645679, -7.237196 ], [ 109.6456307, -7.2372918 ], [ 109.6455771, -7.2373823 ], [ 109.6455234, -7.2374781 ], [ 109.6454376, -7.2375526 ], [ 109.645341, -7.2376005 ], [ 109.6452498, -7.237659 ], [ 109.6451372, -7.2376909 ], [ 109.645046, -7.2378879 ], [ 109.6450299, -7.2379996 ], [ 109.6449816, -7.2381433 ], [ 109.6449387, -7.2382497 ], [ 109.644987, -7.2388085 ], [ 109.645046, -7.2389043 ], [ 109.6451211, -7.2390001 ], [ 109.6452123, -7.2390799 ], [ 109.6452552, -7.239181 ], [ 109.6452928, -7.2392928 ], [ 109.645341, -7.2394098 ], [ 109.6454, -7.2395056 ], [ 109.6454483, -7.2396014 ], [ 109.6454644, -7.2397238 ], [ 109.6454322, -7.2398249 ], [ 109.6453464, -7.2400378 ], [ 109.6453571, -7.2403358 ], [ 109.6454161, -7.2404263 ], [ 109.6454966, -7.2405061 ], [ 109.6455288, -7.2406125 ], [ 109.6455449, -7.2407296 ], [ 109.6455127, -7.240836 ], [ 109.6454644, -7.2409318 ], [ 109.6454108, -7.2410223 ], [ 109.6453518, -7.2411341 ], [ 109.6452874, -7.2412192 ], [ 109.6452016, -7.241299 ], [ 109.645105, -7.2413735 ], [ 109.6450031, -7.2414427 ], [ 109.6449494, -7.2415651 ], [ 109.6449387, -7.2416875 ], [ 109.6448636, -7.2417673 ], [ 109.6447724, -7.2418312 ], [ 109.6446812, -7.2418897 ], [ 109.6445793, -7.2419696 ], [ 109.6444827, -7.2420547 ], [ 109.6441877, -7.2423261 ], [ 109.6438336, -7.2423261 ], [ 109.6437103, -7.2423314 ], [ 109.6436137, -7.2423846 ], [ 109.6434742, -7.2426135 ], [ 109.6434742, -7.2427305 ], [ 109.6434796, -7.2428423 ], [ 109.643501, -7.2429541 ], [ 109.6435493, -7.2430658 ], [ 109.643544, -7.2431776 ], [ 109.6435064, -7.2432787 ], [ 109.643442, -7.2433691 ], [ 109.6433616, -7.2434649 ], [ 109.6434742, -7.2437417 ], [ 109.6435118, -7.2438587 ], [ 109.6435761, -7.2439811 ], [ 109.6436459, -7.2440876 ], [ 109.6436834, -7.2441993 ], [ 109.6436942, -7.2443057 ], [ 109.6436942, -7.2444175 ], [ 109.6436727, -7.2445505 ], [ 109.6435279, -7.2446995 ], [ 109.6434259, -7.2447421 ], [ 109.6433294, -7.24479 ], [ 109.6431577, -7.2449071 ], [ 109.6431684, -7.2451572 ], [ 109.6431899, -7.2452689 ], [ 109.6432275, -7.2453807 ], [ 109.6432435, -7.2454925 ], [ 109.6432328, -7.2456042 ], [ 109.6431524, -7.2456734 ], [ 109.6430558, -7.2457319 ], [ 109.6429539, -7.2457745 ], [ 109.64275, -7.245849 ], [ 109.6426749, -7.2459554 ], [ 109.6426964, -7.2460725 ], [ 109.6426964, -7.2462002 ], [ 109.6426696, -7.2463067 ], [ 109.6426159, -7.2463971 ], [ 109.6425301, -7.2464823 ], [ 109.6423531, -7.2467483 ], [ 109.6423745, -7.2468548 ], [ 109.6424335, -7.2469612 ], [ 109.6424442, -7.247073 ], [ 109.6424603, -7.2471794 ], [ 109.6425462, -7.2472486 ], [ 109.6426266, -7.2473337 ], [ 109.6427017, -7.2474402 ], [ 109.6427125, -7.2475572 ], [ 109.642691, -7.2476637 ], [ 109.6426213, -7.2477541 ], [ 109.6425354, -7.2478393 ], [ 109.6424442, -7.2479138 ], [ 109.6423316, -7.2482437 ], [ 109.6423477, -7.2483501 ], [ 109.6423906, -7.2484512 ], [ 109.6424282, -7.2485524 ], [ 109.6424925, -7.2486588 ], [ 109.6426105, -7.2488663 ], [ 109.6426266, -7.2489728 ], [ 109.6426535, -7.2490845 ], [ 109.6426642, -7.2492016 ], [ 109.6426642, -7.2493133 ], [ 109.6426588, -7.2494304 ], [ 109.6425408, -7.2496646 ], [ 109.6424657, -7.2497603 ], [ 109.6423745, -7.2498242 ], [ 109.6422726, -7.2498561 ], [ 109.6421707, -7.2498774 ], [ 109.6419614, -7.2498881 ], [ 109.6418381, -7.2498987 ], [ 109.6417093, -7.249904 ], [ 109.6416128, -7.2499679 ], [ 109.6413124, -7.2501009 ], [ 109.6412265, -7.2501595 ], [ 109.6411192, -7.250202 ], [ 109.6410173, -7.2502659 ], [ 109.6409422, -7.250351 ], [ 109.6408832, -7.2504415 ], [ 109.6407813, -7.2506224 ], [ 109.6406579, -7.2510694 ], [ 109.6406472, -7.2511812 ], [ 109.6406418, -7.2512876 ], [ 109.640674, -7.2513994 ], [ 109.6407115, -7.2515058 ], [ 109.6407652, -7.2516016 ], [ 109.6408457, -7.2516814 ], [ 109.6409315, -7.2517506 ], [ 109.6410388, -7.2517878 ], [ 109.6411461, -7.2518091 ], [ 109.6412641, -7.2518145 ], [ 109.6413714, -7.2517878 ], [ 109.6416986, -7.2519156 ], [ 109.6417898, -7.2519954 ], [ 109.6418971, -7.2520592 ], [ 109.641999, -7.2521391 ], [ 109.6420902, -7.2522242 ], [ 109.6421599, -7.2523253 ], [ 109.6422028, -7.252469 ], [ 109.6421546, -7.2525754 ], [ 109.6420902, -7.2526659 ], [ 109.6420687, -7.2527723 ], [ 109.6420902, -7.2528788 ], [ 109.6421385, -7.2529905 ], [ 109.6422189, -7.2530703 ], [ 109.6423155, -7.2531342 ], [ 109.6424603, -7.2532991 ], [ 109.642514, -7.2534003 ], [ 109.6425569, -7.2535014 ], [ 109.6425998, -7.2536131 ], [ 109.6426696, -7.2537036 ], [ 109.6427983, -7.2538845 ], [ 109.6428573, -7.253975 ], [ 109.6429592, -7.2540122 ], [ 109.6430665, -7.2540495 ], [ 109.6431792, -7.2540708 ], [ 109.6432972, -7.2540867 ], [ 109.6434098, -7.254124 ], [ 109.6435118, -7.2541666 ], [ 109.6439677, -7.2544592 ], [ 109.644075, -7.254555 ], [ 109.644134, -7.2546455 ], [ 109.6441662, -7.2547572 ], [ 109.6441126, -7.2552628 ], [ 109.644134, -7.2553745 ], [ 109.6441662, -7.255481 ], [ 109.6442091, -7.2555821 ], [ 109.6442628, -7.2556885 ], [ 109.6443218, -7.2557843 ], [ 109.6444076, -7.2558694 ], [ 109.6444881, -7.2559439 ], [ 109.6446115, -7.2559439 ], [ 109.6447402, -7.255912 ], [ 109.6450406, -7.2559439 ], [ 109.645105, -7.2560344 ], [ 109.6451908, -7.2561355 ], [ 109.6452928, -7.2562526 ], [ 109.6453732, -7.256375 ], [ 109.6454161, -7.2564814 ], [ 109.6453732, -7.2568645 ], [ 109.6453732, -7.256971 ], [ 109.6454215, -7.2570667 ], [ 109.6454751, -7.2571625 ], [ 109.6455181, -7.257269 ], [ 109.6455771, -7.2573594 ], [ 109.6456307, -7.2574978 ], [ 109.6456361, -7.2576361 ], [ 109.6456146, -7.2577532 ], [ 109.6455234, -7.2581257 ], [ 109.6454269, -7.2581896 ], [ 109.6453357, -7.2582375 ], [ 109.6452391, -7.2583013 ], [ 109.6451425, -7.2583545 ], [ 109.645046, -7.2584131 ], [ 109.6449441, -7.2584663 ], [ 109.6448314, -7.2584982 ], [ 109.6446973, -7.2585195 ], [ 109.6445954, -7.2585568 ], [ 109.6441179, -7.2586632 ], [ 109.6440053, -7.2586685 ], [ 109.6439034, -7.2587217 ], [ 109.643662, -7.2589878 ], [ 109.6436298, -7.2591049 ], [ 109.6435869, -7.2592113 ], [ 109.6435547, -7.259323 ], [ 109.6435279, -7.2594348 ], [ 109.6435171, -7.2595465 ], [ 109.643501, -7.259653 ], [ 109.6434689, -7.2597647 ], [ 109.6434206, -7.2598605 ], [ 109.6433723, -7.2599776 ], [ 109.6433079, -7.2600946 ], [ 109.6432489, -7.2601957 ], [ 109.6430451, -7.2606161 ], [ 109.6429485, -7.2606694 ], [ 109.6428412, -7.2607119 ], [ 109.64275, -7.2607705 ], [ 109.642632, -7.2608184 ], [ 109.6425301, -7.2608662 ], [ 109.6423048, -7.260978 ], [ 109.6422028, -7.2610152 ], [ 109.6417576, -7.2611589 ], [ 109.6416449, -7.2611696 ], [ 109.6412265, -7.2611909 ], [ 109.6410066, -7.2612441 ], [ 109.6408242, -7.2613398 ], [ 109.6407223, -7.2614037 ], [ 109.6406203, -7.2614622 ], [ 109.6404165, -7.261558 ], [ 109.6402126, -7.2616325 ], [ 109.6401054, -7.2616804 ], [ 109.639864, -7.2617443 ], [ 109.6397513, -7.261739 ], [ 109.6392953, -7.261739 ], [ 109.6391773, -7.2617549 ], [ 109.63907, -7.2618028 ], [ 109.6389359, -7.2620423 ], [ 109.6389306, -7.2621593 ], [ 109.6389306, -7.2622764 ], [ 109.6389627, -7.2624946 ], [ 109.6389842, -7.2626223 ], [ 109.6390378, -7.2628511 ], [ 109.6390378, -7.2629629 ], [ 109.6389896, -7.2632662 ], [ 109.6389788, -7.2633726 ], [ 109.6389574, -7.263479 ], [ 109.6389037, -7.2635695 ], [ 109.6388018, -7.2636121 ], [ 109.6386945, -7.2636068 ], [ 109.6385872, -7.2635961 ], [ 109.6384853, -7.2635748 ], [ 109.6383727, -7.2635376 ], [ 109.6382761, -7.2634897 ], [ 109.6381849, -7.2634312 ], [ 109.6381098, -7.2633513 ], [ 109.6380186, -7.2632981 ], [ 109.6379006, -7.2632396 ], [ 109.6377987, -7.2632183 ], [ 109.6376592, -7.2632183 ], [ 109.6375519, -7.2632449 ], [ 109.6374285, -7.2633247 ], [ 109.6373427, -7.2634099 ], [ 109.6372729, -7.2634897 ], [ 109.6371925, -7.2635642 ], [ 109.6370262, -7.2637504 ], [ 109.6369511, -7.2638462 ], [ 109.6368813, -7.263958 ], [ 109.6367848, -7.2641442 ], [ 109.6367687, -7.264256 ], [ 109.6367633, -7.2643677 ], [ 109.6367633, -7.2644901 ], [ 109.6367526, -7.2645965 ], [ 109.636758, -7.2647189 ], [ 109.6367741, -7.2648413 ], [ 109.6368116, -7.2649531 ], [ 109.6368277, -7.2655757 ], [ 109.6368921, -7.2656768 ], [ 109.6369779, -7.2657619 ], [ 109.637053, -7.2658683 ], [ 109.6371067, -7.2659694 ], [ 109.6371335, -7.2660865 ], [ 109.6371925, -7.2661823 ], [ 109.6372729, -7.2662568 ], [ 109.6373695, -7.266326 ], [ 109.6374714, -7.2663739 ], [ 109.6375948, -7.266443 ], [ 109.6376967, -7.2665282 ], [ 109.6377772, -7.2666133 ], [ 109.6381259, -7.2670071 ], [ 109.638201, -7.2670976 ], [ 109.63826, -7.2671933 ], [ 109.6383351, -7.2672838 ], [ 109.6384102, -7.2673636 ], [ 109.6384907, -7.2674541 ], [ 109.638555, -7.2675552 ], [ 109.6386355, -7.2676616 ], [ 109.6387374, -7.267768 ], [ 109.6388125, -7.2678532 ], [ 109.6388286, -7.2682789 ], [ 109.638775, -7.2683747 ], [ 109.6386945, -7.2684492 ], [ 109.6386087, -7.2685184 ], [ 109.6385121, -7.2685662 ], [ 109.6383995, -7.2686195 ], [ 109.6382922, -7.268678 ], [ 109.6381795, -7.2688217 ], [ 109.6381903, -7.2689334 ], [ 109.6382385, -7.2690345 ], [ 109.6383244, -7.269109 ], [ 109.6384156, -7.2691676 ], [ 109.6385121, -7.2692208 ], [ 109.6386033, -7.2692953 ], [ 109.6386999, -7.2693698 ], [ 109.6388018, -7.2694123 ], [ 109.638893, -7.2694762 ], [ 109.639011, -7.2694975 ], [ 109.639129, -7.2695294 ], [ 109.6392417, -7.269572 ], [ 109.6393812, -7.2696092 ], [ 109.6395153, -7.2696145 ], [ 109.6399069, -7.2699338 ], [ 109.639982, -7.2700296 ], [ 109.6401268, -7.2702425 ], [ 109.6402341, -7.2703223 ], [ 109.6403146, -7.2704181 ], [ 109.6404755, -7.2707799 ], [ 109.6404755, -7.271014 ], [ 109.6403038, -7.2714823 ], [ 109.6402556, -7.2715781 ], [ 109.6401858, -7.2716686 ], [ 109.6401054, -7.2717431 ], [ 109.6400303, -7.2718335 ], [ 109.6399713, -7.2719453 ], [ 109.6399337, -7.2722007 ], [ 109.6399766, -7.2723071 ], [ 109.6400088, -7.2724135 ], [ 109.6400624, -7.2725093 ], [ 109.6401161, -7.2726104 ], [ 109.6401697, -7.2727062 ], [ 109.6402502, -7.272818 ], [ 109.6403092, -7.2729137 ], [ 109.6403468, -7.2730148 ], [ 109.6403789, -7.2731692 ], [ 109.6404058, -7.2735736 ], [ 109.6404433, -7.27368 ], [ 109.6404809, -7.2737917 ], [ 109.6405399, -7.2738982 ], [ 109.6406364, -7.2739833 ], [ 109.6407115, -7.2740791 ], [ 109.6408027, -7.2741483 ], [ 109.6410227, -7.2741802 ], [ 109.6411353, -7.2742281 ], [ 109.6414733, -7.2744516 ], [ 109.6415484, -7.2745367 ], [ 109.6416503, -7.2745899 ], [ 109.6417201, -7.2746751 ], [ 109.6417898, -7.2747655 ], [ 109.6418595, -7.2748613 ], [ 109.6419078, -7.2749624 ], [ 109.6419078, -7.2751327 ], [ 109.6418703, -7.2752338 ], [ 109.6417844, -7.2753136 ], [ 109.6416932, -7.2753721 ], [ 109.6416074, -7.2754413 ], [ 109.6415162, -7.2755052 ], [ 109.6414143, -7.2755478 ], [ 109.6414196, -7.2756595 ], [ 109.6414357, -7.2757712 ], [ 109.6414626, -7.275883 ], [ 109.6415108, -7.2759841 ], [ 109.6416074, -7.2762235 ], [ 109.6416235, -7.2766758 ], [ 109.6416074, -7.2767823 ], [ 109.6415538, -7.2768834 ], [ 109.6414679, -7.2769472 ], [ 109.6413606, -7.2769206 ], [ 109.6412533, -7.2769047 ], [ 109.6411407, -7.276894 ], [ 109.6410334, -7.2768887 ], [ 109.6409422, -7.2769472 ], [ 109.6408725, -7.2770377 ], [ 109.6407705, -7.2771015 ], [ 109.6406579, -7.2771069 ], [ 109.6405613, -7.2770483 ], [ 109.6403065, -7.2769925 ], [ 109.6402529, -7.2769712 ], [ 109.6401912, -7.2769552 ], [ 109.6401402, -7.2769366 ], [ 109.6400356, -7.2768887 ], [ 109.6399766, -7.2768674 ], [ 109.639923, -7.2768594 ], [ 109.6398666, -7.2768435 ], [ 109.639813, -7.2768222 ], [ 109.6397647, -7.2767982 ], [ 109.6396628, -7.2768834 ], [ 109.6395528, -7.2769579 ], [ 109.6394938, -7.2770643 ], [ 109.6394134, -7.2771441 ], [ 109.6393329, -7.2772452 ], [ 109.6392685, -7.277341 ], [ 109.6393651, -7.2778199 ], [ 109.6393973, -7.2780381 ], [ 109.639408, -7.2781658 ], [ 109.6394026, -7.2782775 ], [ 109.639349, -7.2783786 ], [ 109.6392471, -7.2784265 ], [ 109.6388769, -7.2786181 ], [ 109.6387964, -7.2786979 ], [ 109.638716, -7.2787884 ], [ 109.6386516, -7.2788895 ], [ 109.638598, -7.2790012 ], [ 109.6385229, -7.279113 ], [ 109.6383405, -7.2795014 ], [ 109.6382546, -7.2799431 ], [ 109.6382493, -7.2800495 ], [ 109.6382493, -7.2802836 ], [ 109.6382654, -7.2803954 ], [ 109.6383405, -7.2806082 ], [ 109.6383727, -7.2807146 ], [ 109.6384102, -7.2808264 ], [ 109.6384585, -7.2809434 ], [ 109.638496, -7.2810445 ], [ 109.6385336, -7.281151 ], [ 109.6385604, -7.281268 ], [ 109.6385711, -7.2813851 ], [ 109.6385872, -7.2819864 ], [ 109.6386194, -7.2821035 ], [ 109.6386516, -7.2822099 ], [ 109.6386784, -7.2823269 ], [ 109.6386945, -7.2824387 ], [ 109.638716, -7.2825451 ], [ 109.6387964, -7.2826249 ], [ 109.638893, -7.2827101 ], [ 109.6389735, -7.2828005 ], [ 109.63907, -7.2828963 ], [ 109.6391398, -7.2829921 ], [ 109.6391237, -7.2832635 ], [ 109.6390593, -7.2833646 ], [ 109.6389788, -7.2834497 ], [ 109.6388769, -7.2835029 ], [ 109.6387696, -7.2834816 ], [ 109.6386623, -7.2834763 ], [ 109.638555, -7.2834603 ], [ 109.6383887, -7.2835082 ], [ 109.638319, -7.2835987 ], [ 109.6382385, -7.2836838 ], [ 109.6381581, -7.2837849 ], [ 109.6379489, -7.2842266 ], [ 109.6377128, -7.2849503 ], [ 109.6376753, -7.2850567 ], [ 109.6376431, -7.2851684 ], [ 109.6376538, -7.2852748 ], [ 109.6377021, -7.2853813 ], [ 109.6377933, -7.2854504 ], [ 109.6378791, -7.2855249 ], [ 109.6379811, -7.2855782 ], [ 109.6380883, -7.285642 ], [ 109.6381849, -7.2857059 ], [ 109.6382815, -7.2857804 ], [ 109.6383727, -7.2858548 ], [ 109.6384746, -7.2859187 ], [ 109.6386301, -7.2863178 ], [ 109.6386462, -7.2864348 ], [ 109.6386462, -7.2865466 ], [ 109.6386355, -7.286818 ], [ 109.6386141, -7.2869616 ], [ 109.6385926, -7.2870681 ], [ 109.6385658, -7.2877811 ], [ 109.638598, -7.2878875 ], [ 109.6386409, -7.2879886 ], [ 109.6386784, -7.288095 ], [ 109.6387374, -7.2882121 ], [ 109.6388072, -7.2883025 ], [ 109.6389413, -7.2884888 ], [ 109.6390164, -7.2885739 ], [ 109.6391076, -7.2886644 ], [ 109.6391827, -7.2887548 ], [ 109.6392256, -7.2888559 ], [ 109.6392471, -7.2889677 ], [ 109.6393114, -7.2890581 ], [ 109.6394026, -7.2891167 ], [ 109.6395099, -7.2891699 ], [ 109.6397245, -7.2891912 ], [ 109.6398479, -7.2892018 ], [ 109.6401483, -7.2896222 ], [ 109.6401536, -7.2897446 ], [ 109.6401322, -7.2898563 ], [ 109.6400946, -7.2899574 ], [ 109.6400571, -7.2900638 ], [ 109.6399927, -7.2901596 ], [ 109.639982, -7.2903671 ], [ 109.640041, -7.2904629 ], [ 109.6401161, -7.2905534 ], [ 109.6401912, -7.2906598 ], [ 109.6402717, -7.2907449 ], [ 109.6403682, -7.2908194 ], [ 109.6404701, -7.2908673 ], [ 109.6405828, -7.2908726 ], [ 109.6406901, -7.2908567 ], [ 109.6408027, -7.2908513 ], [ 109.6409154, -7.2908779 ], [ 109.6410388, -7.2909418 ], [ 109.6411246, -7.2910216 ], [ 109.6412373, -7.2913834 ], [ 109.6412748, -7.2914845 ], [ 109.641307, -7.2915963 ], [ 109.6412748, -7.2921603 ], [ 109.6412533, -7.2922774 ], [ 109.6412265, -7.2927935 ], [ 109.6412104, -7.2929053 ], [ 109.6411997, -7.2930223 ], [ 109.6411675, -7.2932352 ], [ 109.6411461, -7.2933416 ], [ 109.640969, -7.2936502 ], [ 109.640969, -7.2937619 ], [ 109.6409905, -7.2938684 ], [ 109.6410441, -7.2941025 ], [ 109.6410924, -7.2941983 ], [ 109.6411353, -7.2943153 ], [ 109.6411782, -7.2944217 ], [ 109.6412426, -7.2945282 ], [ 109.6412373, -7.2947889 ], [ 109.6411675, -7.294874 ], [ 109.641087, -7.2949432 ], [ 109.6409154, -7.2950815 ], [ 109.6408188, -7.295172 ], [ 109.6407437, -7.2952625 ], [ 109.6406794, -7.2953529 ], [ 109.640615, -7.2955924 ], [ 109.6406311, -7.2957041 ], [ 109.6406686, -7.2958052 ], [ 109.6407223, -7.2959063 ], [ 109.640792, -7.2960021 ], [ 109.6408832, -7.2960713 ], [ 109.6409798, -7.2961404 ], [ 109.6410924, -7.2961724 ], [ 109.6411943, -7.2962096 ], [ 109.6412855, -7.2962788 ], [ 109.6413821, -7.2963373 ], [ 109.6414787, -7.2964012 ], [ 109.6415913, -7.296449 ], [ 109.6416879, -7.2965129 ], [ 109.6417952, -7.2965076 ], [ 109.6419078, -7.2964969 ], [ 109.6421653, -7.2964969 ], [ 109.6422833, -7.2965023 ], [ 109.642396, -7.2965023 ], [ 109.6425033, -7.2965129 ], [ 109.6426105, -7.2965395 ], [ 109.6427232, -7.2965608 ], [ 109.6428519, -7.2966034 ], [ 109.6429431, -7.2966619 ], [ 109.6433347, -7.2970343 ], [ 109.643383, -7.2971354 ], [ 109.643442, -7.2972419 ], [ 109.6435118, -7.2973376 ], [ 109.64356, -7.2974387 ], [ 109.6435976, -7.2975664 ], [ 109.6436298, -7.2976995 ], [ 109.6436512, -7.2978431 ], [ 109.643662, -7.2979496 ], [ 109.643662, -7.2980613 ], [ 109.6436727, -7.298471 ], [ 109.6438712, -7.2990776 ], [ 109.643839, -7.2993756 ], [ 109.6438229, -7.2994873 ], [ 109.6437103, -7.2999556 ], [ 109.6437103, -7.3000726 ], [ 109.6437317, -7.3003333 ], [ 109.6437424, -7.3004398 ], [ 109.6437585, -7.3005675 ], [ 109.6437693, -7.3006739 ], [ 109.6438444, -7.3010623 ], [ 109.6439087, -7.3011528 ], [ 109.6439892, -7.3012326 ], [ 109.6441662, -7.3013975 ], [ 109.6442628, -7.3014667 ], [ 109.6443647, -7.3015199 ], [ 109.6444666, -7.3015784 ], [ 109.6445471, -7.3016742 ], [ 109.6446061, -7.301786 ], [ 109.6446383, -7.3018924 ], [ 109.6446383, -7.3020041 ], [ 109.6447188, -7.3022702 ], [ 109.6448046, -7.30235 ], [ 109.6449119, -7.3024085 ], [ 109.6450192, -7.3024511 ], [ 109.6451211, -7.3024936 ], [ 109.6452069, -7.3025894 ], [ 109.6452284, -7.3027011 ], [ 109.6453518, -7.3030576 ], [ 109.6453625, -7.3031694 ], [ 109.6453839, -7.3032758 ], [ 109.6454322, -7.3033769 ], [ 109.6454859, -7.3034833 ], [ 109.6455342, -7.3036004 ], [ 109.6456093, -7.3038505 ], [ 109.6456844, -7.3040527 ], [ 109.6457648, -7.3041271 ], [ 109.6458614, -7.304175 ], [ 109.6459687, -7.3042229 ], [ 109.6460652, -7.3042708 ], [ 109.6461511, -7.3043559 ], [ 109.6462476, -7.3044092 ], [ 109.6463549, -7.3044624 ], [ 109.6464676, -7.3045262 ], [ 109.6465641, -7.3045847 ], [ 109.6472293, -7.3053243 ], [ 109.6473151, -7.3054148 ], [ 109.6474063, -7.3054999 ], [ 109.6477818, -7.3059256 ], [ 109.6478838, -7.3059788 ], [ 109.6479964, -7.3060267 ], [ 109.6480823, -7.3061118 ], [ 109.6481627, -7.3062023 ], [ 109.6482539, -7.3062874 ], [ 109.6483505, -7.3063619 ], [ 109.6484256, -7.3064417 ], [ 109.6484631, -7.3067078 ], [ 109.6484631, -7.3068248 ], [ 109.6484363, -7.3069419 ], [ 109.6483827, -7.3070856 ], [ 109.6482754, -7.3076017 ], [ 109.6482539, -7.3078251 ], [ 109.6482271, -7.3079369 ], [ 109.6481788, -7.308038 ], [ 109.6479428, -7.3084583 ], [ 109.647873, -7.3085435 ], [ 109.6478087, -7.3086286 ], [ 109.6476531, -7.3088201 ], [ 109.6475029, -7.3092458 ], [ 109.647401, -7.3101823 ], [ 109.647342, -7.3106824 ], [ 109.6472937, -7.3108846 ], [ 109.6471757, -7.3110655 ], [ 109.6471059, -7.3111507 ], [ 109.6469074, -7.311305 ], [ 109.6468109, -7.3113688 ], [ 109.6467197, -7.3114327 ], [ 109.6466178, -7.3114965 ], [ 109.6465212, -7.311555 ], [ 109.6460545, -7.3119435 ], [ 109.6454108, -7.3124596 ], [ 109.6452445, -7.3127895 ], [ 109.6451855, -7.3131247 ] ] } },
{ "type": "Feature", "properties": { "waterway": "stream", "name": "Kali Sapi" }, "geometry": { "type": "LineString", "coordinates": [ [ 109.6281776, -7.4714136 ], [ 109.6280596, -7.4714588 ], [ 109.6278745, -7.471504 ], [ 109.6277082, -7.4715678 ], [ 109.6275741, -7.4716396 ], [ 109.6274936, -7.471762 ], [ 109.6274534, -7.4719082 ], [ 109.6274695, -7.4721103 ], [ 109.6274051, -7.4722832 ], [ 109.6273375, -7.4723091 ], [ 109.6272039, -7.4723603 ], [ 109.6271476, -7.4723151 ], [ 109.6270269, -7.4722779 ], [ 109.626815, -7.4721981 ], [ 109.6266675, -7.4721263 ], [ 109.6265388, -7.4720704 ], [ 109.6264771, -7.4720013 ], [ 109.6264368, -7.4719534 ], [ 109.6263456, -7.4719189 ], [ 109.626233, -7.4718869 ], [ 109.6261793, -7.4718311 ], [ 109.6261176, -7.4717832 ], [ 109.6260184, -7.4717487 ], [ 109.6258521, -7.4716822 ], [ 109.6257368, -7.4715652 ], [ 109.6256214, -7.4714269 ], [ 109.6255061, -7.4713258 ], [ 109.6253314, -7.4711623 ], [ 109.6250045, -7.4708152 ], [ 109.6249455, -7.4705599 ], [ 109.6247792, -7.4703365 ], [ 109.6246076, -7.4703471 ], [ 109.6243447, -7.4704588 ], [ 109.6242213, -7.4704269 ], [ 109.6241784, -7.4703365 ], [ 109.6241891, -7.4701663 ], [ 109.6242052, -7.4699163 ], [ 109.6242052, -7.4697567 ], [ 109.6241355, -7.4696982 ], [ 109.6238297, -7.4696344 ], [ 109.6237224, -7.4695599 ], [ 109.6234971, -7.4692514 ], [ 109.6230733, -7.4690121 ], [ 109.6227568, -7.4689004 ], [ 109.6225691, -7.4688897 ], [ 109.6224189, -7.4689749 ], [ 109.6223867, -7.4690706 ], [ 109.6224993, -7.4693312 ], [ 109.6224242, -7.469528 ], [ 109.6222311, -7.4696025 ], [ 109.6219414, -7.4695121 ], [ 109.6216947, -7.4692887 ], [ 109.6214962, -7.4690014 ], [ 109.6211421, -7.4688206 ], [ 109.6206966, -7.4688124 ], [ 109.6201444, -7.4687621 ], [ 109.6197045, -7.4684961 ], [ 109.6193182, -7.46856 ], [ 109.6184063, -7.4689217 ], [ 109.6178806, -7.468911 ], [ 109.6174242, -7.4687263 ], [ 109.6167219, -7.4683153 ], [ 109.6161103, -7.4678579 ], [ 109.6151769, -7.4671451 ], [ 109.614855, -7.4666026 ], [ 109.6143666, -7.4661157 ], [ 109.6143132, -7.4659271 ], [ 109.6142489, -7.4656878 ], [ 109.6141791, -7.4655122 ], [ 109.6139699, -7.4654378 ], [ 109.6137661, -7.4655069 ], [ 109.6134174, -7.4656505 ], [ 109.6128216, -7.4659604 ], [ 109.6114218, -7.4663739 ], [ 109.6111429, -7.4664271 ], [ 109.6108907, -7.4664165 ], [ 109.6107513, -7.4662622 ], [ 109.6105635, -7.4660494 ], [ 109.6103918, -7.4659963 ], [ 109.6101558, -7.4659803 ], [ 109.6097588, -7.466076 ], [ 109.6093297, -7.4662888 ], [ 109.6092983, -7.4663162 ], [ 109.6091792, -7.4664987 ], [ 109.6091634, -7.466693 ], [ 109.6092814, -7.4668579 ], [ 109.6095067, -7.4669058 ], [ 109.6096569, -7.4670281 ], [ 109.6096033, -7.4672515 ], [ 109.6095174, -7.4673366 ], [ 109.609217, -7.4673526 ], [ 109.6088952, -7.4673313 ], [ 109.6085948, -7.4673366 ], [ 109.6083105, -7.4672356 ], [ 109.6080476, -7.4670973 ], [ 109.6075594, -7.4670707 ] ] } },
{ "type": "Feature", "properties": { "waterway": "canal", "name": null }, "geometry": { "type": "LineString", "coordinates": [ [ 109.609193, -7.3922351 ], [ 109.6064921, -7.3945812 ], [ 109.6064039, -7.3946326 ], [ 109.6062913, -7.3946643 ], [ 109.60581, -7.3946922 ] ] } },
{ "type": "Feature", "properties": { "waterway": "canal", "name": null }, "geometry": { "type": "LineString", "coordinates": [ [ 109.60581, -7.3946922 ], [ 109.6051648, -7.3946717 ], [ 109.6044617, -7.3946917 ], [ 109.6039063, -7.394738 ] ] } },
{ "type": "Feature", "properties": { "waterway": "canal", "name": null }, "geometry": { "type": "LineString", "coordinates": [ [ 109.6093936, -7.3922226 ], [ 109.609193, -7.3922351 ] ] } },
{ "type": "Feature", "properties": { "waterway": "canal", "name": "Serayu" }, "geometry": { "type": "LineString", "coordinates": [ [ 109.6027659, -7.390921 ], [ 109.6016928, -7.3947704 ], [ 109.6015364, -7.3953082 ] ] } },
{ "type": "Feature", "properties": { "waterway": "stream", "name": null }, "geometry": { "type": "LineString", "coordinates": [ [ 109.8172197, -7.2006586 ], [ 109.8170497, -7.2008329 ] ] } },
{ "type": "Feature", "properties": { "waterway": "stream", "name": null }, "geometry": { "type": "LineString", "coordinates": [ [ 109.8204088, -7.1936147 ], [ 109.8200226, -7.1942427 ], [ 109.8195827, -7.1946046 ], [ 109.8192608, -7.1948494 ], [ 109.8191965, -7.1951049 ], [ 109.8188156, -7.1954615 ], [ 109.8186439, -7.1958287 ], [ 109.818601, -7.1960735 ], [ 109.818542, -7.196345 ], [ 109.8186278, -7.196808 ], [ 109.8186573, -7.1972484 ], [ 109.8187539, -7.1975291 ], [ 109.8186278, -7.1978458 ], [ 109.8185366, -7.1980667 ], [ 109.818255, -7.198543 ], [ 109.8180994, -7.1987692 ], [ 109.8180807, -7.1989395 ], [ 109.817901, -7.1990646 ], [ 109.8178285, -7.1992376 ], [ 109.8177507, -7.1994025 ], [ 109.8175657, -7.1995649 ], [ 109.8174772, -7.199658 ], [ 109.8174557, -7.1999507 ], [ 109.8172975, -7.2003632 ], [ 109.8172519, -7.2005175 ], [ 109.8172197, -7.2006586 ] ] } },
{ "type": "Feature", "properties": { "waterway": "river", "name": null }, "geometry": { "type": "LineString", "coordinates": [ [ 109.7126034, -7.280067 ], [ 109.712458, -7.2802091 ], [ 109.7122487, -7.2803209 ], [ 109.7121119, -7.2803741 ], [ 109.7120342, -7.2803847 ], [ 109.7114038, -7.2803581 ], [ 109.7112536, -7.2804326 ], [ 109.7111732, -7.2804858 ], [ 109.7111142, -7.2805497 ], [ 109.7110525, -7.2806481 ], [ 109.7105697, -7.281127 ], [ 109.7104999, -7.2812281 ], [ 109.7104114, -7.2814436 ], [ 109.7102934, -7.2815793 ], [ 109.7102371, -7.2816139 ], [ 109.7101298, -7.2816485 ], [ 109.7095612, -7.2817789 ], [ 109.7095209, -7.2818321 ], [ 109.7095665, -7.2819518 ], [ 109.7097677, -7.282178 ], [ 109.7098321, -7.282287 ], [ 109.7098991, -7.2824547 ], [ 109.7099125, -7.2825185 ], [ 109.7099072, -7.2826382 ], [ 109.7098803, -7.2826861 ], [ 109.7097865, -7.2827553 ], [ 109.7096068, -7.2827739 ], [ 109.709478, -7.2827207 ], [ 109.7092554, -7.282601 ], [ 109.7091991, -7.2825877 ], [ 109.7090274, -7.282577 ], [ 109.7089067, -7.282593 ], [ 109.7087619, -7.2826914 ], [ 109.7087136, -7.2828112 ], [ 109.7086492, -7.2829203 ], [ 109.7085151, -7.2830746 ], [ 109.7084051, -7.2831012 ], [ 109.7081557, -7.2830985 ], [ 109.7080269, -7.2830639 ], [ 109.7078043, -7.2829548 ], [ 109.7077426, -7.2829389 ], [ 109.7074878, -7.2827952 ], [ 109.7070292, -7.2824201 ], [ 109.7065571, -7.2823615 ], [ 109.7063264, -7.2823695 ], [ 109.7061253, -7.2824334 ], [ 109.7059965, -7.2825478 ], [ 109.7058597, -7.2827633 ], [ 109.7058302, -7.2830054 ], [ 109.7057873, -7.2831358 ], [ 109.7056773, -7.2832794 ], [ 109.7052321, -7.2835827 ], [ 109.7051248, -7.2836173 ], [ 109.7049025, -7.2836487 ] ] } },
{ "type": "Feature", "properties": { "waterway": "stream", "name": "Kali Telatasuren" }, "geometry": { "type": "LineString", "coordinates": [ [ 109.7168456, -7.2760914 ], [ 109.7167766, -7.2761819 ], [ 109.7167581, -7.2762569 ], [ 109.7167011, -7.2763587 ], [ 109.7166923, -7.2764756 ], [ 109.7167417, -7.2765782 ], [ 109.7167953, -7.2766459 ], [ 109.7168412, -7.276729 ], [ 109.7169126, -7.2768558 ], [ 109.7168688, -7.2769938 ], [ 109.7168419, -7.2770221 ] ] } },
{ "type": "Feature", "properties": { "waterway": "river", "name": null }, "geometry": { "type": "LineString", "coordinates": [ [ 109.6021124, -7.4112823 ], [ 109.6017018, -7.4113981 ], [ 109.6009338, -7.4114332 ], [ 109.6005941, -7.4114893 ], [ 109.6002047, -7.4115911 ], [ 109.5995854, -7.4117631 ], [ 109.5993483, -7.4117596 ], [ 109.5991925, -7.4116543 ], [ 109.5985661, -7.4111454 ], [ 109.5979574, -7.4106856 ], [ 109.597207, -7.4102996 ], [ 109.5969805, -7.4102855 ], [ 109.5968991, -7.4103662 ], [ 109.5968461, -7.4105312 ], [ 109.5967186, -7.4110155 ], [ 109.5964532, -7.411556 ], [ 109.5960993, -7.4119491 ], [ 109.5957312, -7.4122158 ], [ 109.595441, -7.4123106 ], [ 109.5947119, -7.4123843 ], [ 109.594174, -7.4125036 ], [ 109.5937882, -7.4127177 ], [ 109.5932856, -7.413188 ], [ 109.5927866, -7.4136407 ], [ 109.5924079, -7.4140163 ], [ 109.5920788, -7.4145111 ], [ 109.5917885, -7.4148656 ], [ 109.5914948, -7.4155219 ], [ 109.5912541, -7.4165467 ], [ 109.5909987, -7.417448 ], [ 109.5909247, -7.4179124 ], [ 109.590934, -7.4187007 ], [ 109.590897, -7.4192231 ], [ 109.59082, -7.4194461 ], [ 109.5906966, -7.4196908 ], [ 109.590374, -7.4201186 ], [ 109.5901335, -7.4203131 ], [ 109.5894376, -7.4206558 ], [ 109.5865329, -7.4219988 ], [ 109.5854751, -7.4224572 ], [ 109.5838292, -7.4231993 ], [ 109.5830933, -7.423546 ], [ 109.5813208, -7.4244006 ], [ 109.5809264, -7.4245861 ], [ 109.5787555, -7.4256705 ], [ 109.576739, -7.4266824 ], [ 109.575451, -7.4273606 ], [ 109.5748253, -7.4276662 ], [ 109.5746268, -7.4277959 ], [ 109.5745567, -7.4278954 ], [ 109.5745661, -7.4279649 ], [ 109.5747295, -7.4283909 ], [ 109.5748435, -7.4286853 ] ] } },
{ "type": "Feature", "properties": { "waterway": "canal", "name": null }, "geometry": { "type": "LineString", "coordinates": [ [ 109.5748435, -7.4286853 ], [ 109.5747998, -7.4287461 ], [ 109.5747878, -7.4288148 ], [ 109.5747361, -7.4293031 ], [ 109.574723, -7.4293767 ], [ 109.5746806, -7.4294693 ], [ 109.5744787, -7.4298885 ], [ 109.5744507, -7.4299859 ], [ 109.5744261, -7.430102 ] ] } },
{ "type": "Feature", "properties": { "waterway": "river", "name": null }, "geometry": { "type": "LineString", "coordinates": [ [ 109.5748435, -7.4286853 ], [ 109.5748954, -7.4289486 ], [ 109.5749055, -7.4291542 ], [ 109.5748689, -7.4293477 ], [ 109.5747551, -7.4296883 ], [ 109.5744888, -7.4303434 ], [ 109.574311, -7.430726 ] ] } },
{ "type": "Feature", "properties": { "waterway": "canal", "name": null }, "geometry": { "type": "LineString", "coordinates": [ [ 109.574374, -7.4303798 ], [ 109.574311, -7.430726 ] ] } },
{ "type": "Feature", "properties": { "waterway": "river", "name": null }, "geometry": { "type": "LineString", "coordinates": [ [ 109.574311, -7.430726 ], [ 109.5742421, -7.4308834 ], [ 109.5741185, -7.4310287 ], [ 109.5737823, -7.4312533 ], [ 109.5731948, -7.431499 ], [ 109.5730886, -7.4315656 ], [ 109.5729223, -7.4317271 ], [ 109.5728267, -7.4318148 ], [ 109.5726604, -7.4318885 ], [ 109.5721897, -7.4318885 ], [ 109.5720233, -7.4319517 ], [ 109.5717473, -7.4320219 ], [ 109.5714606, -7.4320254 ], [ 109.571043, -7.4320254 ], [ 109.5705899, -7.4321131 ], [ 109.5703776, -7.4320991 ], [ 109.569914, -7.4320535 ], [ 109.569514, -7.43205 ], [ 109.5692981, -7.4320991 ] ] } },
{ "type": "Feature", "properties": { "waterway": "stream", "name": null }, "geometry": { "type": "LineString", "coordinates": [ [ 109.7736803, -7.4012967 ], [ 109.7735402, -7.4007989 ], [ 109.7734842, -7.4004192 ], [ 109.7734328, -7.3999445 ], [ 109.7734504, -7.3992888 ] ] } },
{ "type": "Feature", "properties": { "waterway": "stream", "name": null }, "geometry": { "type": "LineString", "coordinates": [ [ 109.8011103, -7.4129237 ], [ 109.8010077, -7.4128254 ], [ 109.8009581, -7.4127342 ], [ 109.8008626, -7.4125341 ], [ 109.800767, -7.4122323 ], [ 109.8007847, -7.4120884 ], [ 109.8007281, -7.4120217 ], [ 109.8003105, -7.4119024 ], [ 109.7998787, -7.4117831 ], [ 109.7994858, -7.4116813 ], [ 109.7993336, -7.4115374 ], [ 109.7991143, -7.4113978 ] ] } }
]
}
