{
"type": "FeatureCollection",
"name": "administrasi_desa",
"crs": { "type": "name", "properties": { "name": "urn:ogc:def:crs:OGC:1.3:CRS84" } },
"features": [
{ "type": "Feature", "properties": { "DESA": "Piasa Wetan" }, "geometry": { "type": "Polygon", "coordinates": [ [ [ 109.365151869777236, -7.501865175115222 ], [ 109.366658387288524, -7.501563312776703 ], [ 109.367692045461737, -7.500907025151263 ], [ 109.368615708668671, -7.500657323340699 ], [ 109.369376412252507, -7.500813831398585 ], [ 109.36976896076763, -7.503916764948874 ], [ 109.369148518048078, -7.505976117339191 ], [ 109.369214182372929, -7.506980021892709 ], [ 109.369375120411789, -7.507477929541013 ], [ 109.370288092631228, -7.508277050442728 ], [ 109.370978832436492, -7.509229032135726 ], [ 109.371153543564787, -7.510061574782911 ], [ 109.371004162659588, -7.511534871661002 ], [ 109.370441944881804, -7.513042887689055 ], [ 109.370120902971408, -7.515609610476067 ], [ 109.369618968072047, -7.516656698705886 ], [ 109.369397999980265, -7.516909007569351 ], [ 109.368601940889221, -7.516869886878744 ], [ 109.368286464728968, -7.516281000404642 ], [ 109.367919203837673, -7.516134988887478 ], [ 109.367066342773441, -7.5169817893016 ], [ 109.366734731666554, -7.517532106455788 ], [ 109.365804440155571, -7.517646166550256 ], [ 109.364293198994858, -7.51737827438385 ], [ 109.362421539233523, -7.515119798687556 ], [ 109.36206841133847, -7.513635596115476 ], [ 109.363197154605317, -7.512156921090213 ], [ 109.363535686161384, -7.510675206758616 ], [ 109.364121843877498, -7.510641229540712 ], [ 109.364448044945092, -7.510118014660117 ], [ 109.364864850182684, -7.508600518451177 ], [ 109.365055183581418, -7.507208743137275 ], [ 109.364595411438856, -7.507270314140408 ], [ 109.364072804816516, -7.506273659896235 ], [ 109.364927266187493, -7.504992931258786 ], [ 109.364960306141157, -7.504568067692579 ], [ 109.364582326033826, -7.504114553743667 ], [ 109.365470217522841, -7.503502932665088 ], [ 109.36489879592132, -7.50299445759147 ], [ 109.364930144628985, -7.502262125598335 ], [ 109.365151869777236, -7.501865175115222 ] ] ] } },
{ "type": "Feature", "properties": { "DESA": "Pakikiran" }, "geometry": { "type": "Polygon", "coordinates": [ [ [ 109.372548440724742, -7.498736805052844 ], [ 109.372987130028562, -7.50000435259395 ], [ 109.371952575653083, -7.500461672872665 ], [ 109.371485529223634, -7.501255676865244 ], [ 109.372789806117325, -7.501215304327981 ], [ 109.372996330974715, -7.501650097262225 ], [ 109.372955404062012, -7.502671689368591 ], [ 109.373351845085807, -7.502582752826149 ], [ 109.375493678817378, -7.503594337644914 ], [ 109.377095816683024, -7.50484810235687 ], [ 109.380803628405346, -7.50718561789845 ], [ 109.381760296981554, -7.508337546842581 ], [ 109.38199025480219, -7.50894419222234 ], [ 109.382349570011272, -7.511703475558098 ], [ 109.383331750017859, -7.514546327395066 ], [ 109.384182706564559, -7.515661613905571 ], [ 109.386280915379501, -7.516474114059438 ], [ 109.38502607798749, -7.518910954418991 ], [ 109.382599402860194, -7.522220477693297 ], [ 109.381745954174548, -7.522018439542351 ], [ 109.380826464439451, -7.522883104627923 ], [ 109.378199603340349, -7.523289343470117 ], [ 109.377333473767976, -7.522680251459623 ], [ 109.376776569229534, -7.523039895800251 ], [ 109.376404704004358, -7.522984276453331 ], [ 109.375979588413173, -7.522340744195099 ], [ 109.375561331986219, -7.522203498593656 ], [ 109.374671825304361, -7.522236363591038 ], [ 109.374076816351987, -7.521953905816328 ], [ 109.372149221486524, -7.520490892733827 ], [ 109.371450288962308, -7.519547918986945 ], [ 109.37113818571467, -7.518814400109225 ], [ 109.369397999980265, -7.516909007569351 ], [ 109.370120902971408, -7.515609610476067 ], [ 109.370441944881804, -7.513042887689055 ], [ 109.371004162659588, -7.511534871661002 ], [ 109.371153543564787, -7.510061574782911 ], [ 109.370978832436492, -7.509229032135726 ], [ 109.370288092631228, -7.508277050442728 ], [ 109.369375120411789, -7.507477929541013 ], [ 109.369214182372929, -7.506980021892709 ], [ 109.369148518048078, -7.505976117339191 ], [ 109.36976896076763, -7.503916764948874 ], [ 109.369376412252507, -7.500813831398585 ], [ 109.37011143834188, -7.500201721491432 ], [ 109.370640514297961, -7.500004703830309 ], [ 109.37076753767704, -7.499417460053097 ], [ 109.371347297888462, -7.498849973766827 ], [ 109.372548440724742, -7.498736805052844 ] ] ] } },
{ "type": "Feature", "properties": { "DESA": "brengkok" }, "geometry": { "type": "Polygon", "coordinates": [ [ [ 109.374661745981498, -7.494766036044417 ], [ 109.375323781237896, -7.494895136881721 ], [ 109.375661723476114, -7.495167596356045 ], [ 109.376196711250458, -7.495187651865165 ], [ 109.37773379229337, -7.496875198164163 ], [ 109.377778756410692, -7.497200908838029 ], [ 109.377463448246317, -7.49771513909145 ], [ 109.378723800390603, -7.49874153315694 ], [ 109.378831291004829, -7.499230292100102 ], [ 109.378732745009302, -7.499998453592662 ], [ 109.378621971319291, -7.500477276954756 ], [ 109.378205245044114, -7.501081627780473 ], [ 109.378194196030449, -7.501624101521643 ], [ 109.378436569156477, -7.501841965252858 ], [ 109.378106902096533, -7.502943949213761 ], [ 109.378702393985606, -7.503615226364922 ], [ 109.378464636230788, -7.503885651696342 ], [ 109.378762748401314, -7.504203256010856 ], [ 109.383399332939462, -7.503840547937879 ], [ 109.386282209337523, -7.503001160827019 ], [ 109.387001934480551, -7.503537278906061 ], [ 109.387503551508331, -7.503331189391567 ], [ 109.38798114278444, -7.503360062613247 ], [ 109.388465445462273, -7.503859153491348 ], [ 109.388935097046598, -7.505416103424653 ], [ 109.388385974126862, -7.506815720168778 ], [ 109.388342105887375, -7.507285752701262 ], [ 109.388902568718478, -7.509928160943772 ], [ 109.389034890511041, -7.511284984338148 ], [ 109.38893365395667, -7.512948325798156 ], [ 109.388517163551839, -7.514257932309533 ], [ 109.387752300053421, -7.515502974984138 ], [ 109.386280915379501, -7.516474114059438 ], [ 109.384182706564559, -7.515661613905571 ], [ 109.383331750017859, -7.514546327395066 ], [ 109.382349570011272, -7.511703475558098 ], [ 109.38199025480219, -7.50894419222234 ], [ 109.381760296981554, -7.508337546842581 ], [ 109.380803628405346, -7.50718561789845 ], [ 109.377095816683024, -7.50484810235687 ], [ 109.375493678817378, -7.503594337644914 ], [ 109.373351845085807, -7.502582752826149 ], [ 109.372955404062012, -7.502671689368591 ], [ 109.372996330974715, -7.501650097262225 ], [ 109.372789806117325, -7.501215304327981 ], [ 109.371485529223634, -7.501255676865244 ], [ 109.371952575653083, -7.500461672872665 ], [ 109.372987130028562, -7.50000435259395 ], [ 109.372548440724742, -7.498736805052844 ], [ 109.373373108723868, -7.496696368066743 ], [ 109.373326771460597, -7.494245710609035 ], [ 109.373822433928041, -7.494111936826969 ], [ 109.374428870564827, -7.49420458133202 ], [ 109.374661745981498, -7.494766036044417 ] ] ] } },
{ "type": "Feature", "properties": { "DESA": "Penerusan Kulon" }, "geometry": { "type": "Polygon", "coordinates": [ [ [ 109.3838045525806, -7.493009346600794 ], [ 109.384857693319745, -7.496259451373531 ], [ 109.385176371290669, -7.496369106446543 ], [ 109.385167725428502, -7.497336581904512 ], [ 109.385738608255153, -7.49893015561019 ], [ 109.386269728239981, -7.499555985422587 ], [ 109.386799110470534, -7.499802110064707 ], [ 109.387478262448127, -7.499750358452244 ], [ 109.388787967915178, -7.49914926845146 ], [ 109.389250985065587, -7.499503632575848 ], [ 109.389436899288739, -7.500001628727581 ], [ 109.38975436064797, -7.500219852645019 ], [ 109.38988907613809, -7.502227687986845 ], [ 109.390780589345567, -7.502167669299983 ], [ 109.390822984599197, -7.503967236774124 ], [ 109.392125418057745, -7.505816619230528 ], [ 109.392575095275774, -7.507038998109118 ], [ 109.392983754358923, -7.510702603809876 ], [ 109.392548275234446, -7.514335997777912 ], [ 109.392298027702594, -7.515320762259983 ], [ 109.391252406839669, -7.51723386789636 ], [ 109.388128216101549, -7.520757935411726 ], [ 109.388304529705977, -7.521165493550892 ], [ 109.389083677025027, -7.521864560918286 ], [ 109.390501364434343, -7.522412374797155 ], [ 109.392292299055768, -7.523576304624665 ], [ 109.394462409392602, -7.52787034141071 ], [ 109.394935518283489, -7.528414593120005 ], [ 109.396432075937213, -7.529161572896511 ], [ 109.39694816623792, -7.529579413943156 ], [ 109.397292787472679, -7.530566267400277 ], [ 109.397249111469392, -7.533830350865795 ], [ 109.397445254731295, -7.535919869965341 ], [ 109.397667389678006, -7.536345675881455 ], [ 109.397334183852948, -7.536480062867571 ], [ 109.396195165192779, -7.536593416266095 ], [ 109.395787599304512, -7.536854186320471 ], [ 109.394633476771631, -7.535692504005257 ], [ 109.394134242007127, -7.53471412234967 ], [ 109.392368919859564, -7.533116252094115 ], [ 109.391395090863924, -7.53260631985248 ], [ 109.389378752239409, -7.530844700870595 ], [ 109.388187493952202, -7.530541893583936 ], [ 109.387575105226617, -7.530205053108718 ], [ 109.387230309131127, -7.529191074672867 ], [ 109.387292476727012, -7.527916331608109 ], [ 109.38702445982895, -7.527354747911771 ], [ 109.386920437226948, -7.526531505049496 ], [ 109.38644169694787, -7.525978185973281 ], [ 109.386126727154704, -7.525163206931571 ], [ 109.385228905406535, -7.523785484407938 ], [ 109.384644206054062, -7.524307764989847 ], [ 109.384143793369404, -7.524423445991228 ], [ 109.383819626960502, -7.524015341658113 ], [ 109.382952782445898, -7.523596195298592 ], [ 109.382599402860194, -7.522220477693297 ], [ 109.38502607798749, -7.518910954418991 ], [ 109.386280915379501, -7.516474114059438 ], [ 109.387752300053421, -7.515502974984138 ], [ 109.388155500778041, -7.514961939373893 ], [ 109.38893365395667, -7.512948325798156 ], [ 109.389034890511041, -7.511284984338148 ], [ 109.388902568718478, -7.509928160943772 ], [ 109.388342105887375, -7.507285752701262 ], [ 109.388385974126862, -7.506815720168778 ], [ 109.388935097046598, -7.505416103424653 ], [ 109.388861511733126, -7.505008923132156 ], [ 109.388593357384295, -7.504628241176995 ], [ 109.388465445462273, -7.503859153491348 ], [ 109.38798114278444, -7.503360062613247 ], [ 109.387503551508331, -7.503331189391567 ], [ 109.387001934480551, -7.503537278906061 ], [ 109.386282209337523, -7.503001160827019 ], [ 109.383399332939462, -7.503840547937879 ], [ 109.378762748401314, -7.504203256010856 ], [ 109.378464636230788, -7.503885651696342 ], [ 109.378702393985606, -7.503615226364922 ], [ 109.378106902096533, -7.502943949213761 ], [ 109.378436569156477, -7.501841965252858 ], [ 109.378194196030449, -7.501624101521643 ], [ 109.378205245044114, -7.501081627780473 ], [ 109.378621971319291, -7.500477276954756 ], [ 109.378732745009302, -7.499998453592662 ], [ 109.378831291004829, -7.499230292100102 ], [ 109.378723800390603, -7.49874153315694 ], [ 109.377463448246317, -7.49771513909145 ], [ 109.377778756410692, -7.497200908838029 ], [ 109.37773379229337, -7.496875198164163 ], [ 109.376196711250458, -7.495187651865165 ], [ 109.376498856909706, -7.493506981817388 ], [ 109.376864340443106, -7.493806663111005 ], [ 109.377195167935923, -7.494386649606144 ], [ 109.377914410826932, -7.494904694878147 ], [ 109.379804413076087, -7.494170163802687 ], [ 109.381083461622211, -7.493451457050862 ], [ 109.382335672925862, -7.493465192484813 ], [ 109.383408720811218, -7.492935569428545 ], [ 109.3838045525806, -7.493009346600794 ] ] ] } },
{ "type": "Feature", "properties": { "DESA": "Penerusan wetan" }, "geometry": { "type": "Polygon", "coordinates": [ [ [ 109.383910929949025, -7.493416646956775 ], [ 109.384450609588043, -7.493319183665965 ], [ 109.385203854971351, -7.49375597937871 ], [ 109.385495118267272, -7.493458623240995 ], [ 109.385918698401639, -7.493767642269077 ], [ 109.386408124817237, -7.493724234896017 ], [ 109.38722877393721, -7.493365534994748 ], [ 109.387855336220227, -7.493675296224641 ], [ 109.388021118439156, -7.494100894917426 ], [ 109.3883947715847, -7.494436850499218 ], [ 109.389521788527361, -7.494549462139394 ], [ 109.390084587152529, -7.495094039325482 ], [ 109.390023732776484, -7.495410322992515 ], [ 109.390262939002952, -7.495881392348803 ], [ 109.390580797082563, -7.495746948383283 ], [ 109.391390542358465, -7.496283387357231 ], [ 109.391591806844048, -7.496691034405511 ], [ 109.392807786848266, -7.497319361247173 ], [ 109.393993420612659, -7.497667320021325 ], [ 109.395554247409407, -7.497546449541832 ], [ 109.39504781275204, -7.50037481315833 ], [ 109.395266597818932, -7.500854847315034 ], [ 109.396645156874854, -7.501709862777812 ], [ 109.397473894857058, -7.503430938176595 ], [ 109.398564375760273, -7.506717242819698 ], [ 109.399404766259536, -7.508483562685838 ], [ 109.399420007161851, -7.509116633360389 ], [ 109.398372266516503, -7.512621154837047 ], [ 109.398104439689774, -7.51657168212969 ], [ 109.397156279317102, -7.518846962194946 ], [ 109.397065363616036, -7.523485297992552 ], [ 109.397196013122397, -7.525303272775269 ], [ 109.39795155030771, -7.526599094700545 ], [ 109.3992137431065, -7.527932929577189 ], [ 109.39977995537852, -7.529047158396571 ], [ 109.399816786786232, -7.530494132018209 ], [ 109.399548847771769, -7.531596272676529 ], [ 109.398824225577002, -7.533374959749072 ], [ 109.398183012590721, -7.534575268693485 ], [ 109.397487645497691, -7.535323263628484 ], [ 109.397249111469392, -7.533830350865795 ], [ 109.397292787472679, -7.530566267400277 ], [ 109.39694816623792, -7.529579413943156 ], [ 109.396432075937213, -7.529161572896511 ], [ 109.394935518283489, -7.528414593120005 ], [ 109.394462409392602, -7.52787034141071 ], [ 109.392292299055768, -7.523576304624665 ], [ 109.390501364434343, -7.522412374797155 ], [ 109.389083677025027, -7.521864560918286 ], [ 109.388304529705977, -7.521165493550892 ], [ 109.388128216101549, -7.520757935411726 ], [ 109.391252406839669, -7.51723386789636 ], [ 109.392298027702594, -7.515320762259983 ], [ 109.392548275234446, -7.514335997777912 ], [ 109.392983754358923, -7.510702603809876 ], [ 109.392843484998934, -7.50865858445305 ], [ 109.392575095275774, -7.507038998109118 ], [ 109.392125418057745, -7.505816619230528 ], [ 109.390822984599197, -7.503967236774124 ], [ 109.390780589345567, -7.502167669299983 ], [ 109.38988907613809, -7.502227687986845 ], [ 109.38975436064797, -7.500219852645019 ], [ 109.389436899288739, -7.500001628727581 ], [ 109.389250985065587, -7.499503632575848 ], [ 109.388787967915178, -7.49914926845146 ], [ 109.387478262448127, -7.499750358452244 ], [ 109.386799110470534, -7.499802110064707 ], [ 109.386269728239981, -7.499555985422587 ], [ 109.385738608255153, -7.49893015561019 ], [ 109.385364612906542, -7.498078801068977 ], [ 109.385167725428502, -7.497336581904512 ], [ 109.385176371290669, -7.496369106446543 ], [ 109.384857693319745, -7.496259451373531 ], [ 109.383910929949025, -7.493416646956775 ] ] ] } },
{ "type": "Feature", "properties": { "DESA": "Gumelan Kulon" }, "geometry": { "type": "Polygon", "coordinates": [ [ [ 109.398195369008661, -7.49736613481944 ], [ 109.40195329877389, -7.496312842997495 ], [ 109.402957503717374, -7.496180791577484 ], [ 109.403270209288493, -7.495901670776729 ], [ 109.403954547915887, -7.492639804672088 ], [ 109.40488873921187, -7.491666634288245 ], [ 109.406307573883666, -7.490957481352183 ], [ 109.407207976405545, -7.490707514701704 ], [ 109.409389541291659, -7.49060691553639 ], [ 109.410412842375635, -7.4902941019868 ], [ 109.410599516692542, -7.491434155799222 ], [ 109.411324198944072, -7.49256702096172 ], [ 109.411264841633482, -7.49418542621062 ], [ 109.411065295745033, -7.494555458512512 ], [ 109.408850014843438, -7.495026692459088 ], [ 109.40892530853074, -7.496121050398583 ], [ 109.409119510159883, -7.497532347586504 ], [ 109.409461805306151, -7.498012914758158 ], [ 109.41043401402537, -7.498423253783461 ], [ 109.410317899800091, -7.499209541958957 ], [ 109.41150304983988, -7.499060135227264 ], [ 109.411658998410843, -7.499711708231191 ], [ 109.410077211255597, -7.500004420116843 ], [ 109.409341428267766, -7.500363470924017 ], [ 109.409547457152939, -7.502344455317602 ], [ 109.408580576911376, -7.503878208011654 ], [ 109.409386206265339, -7.505969849535694 ], [ 109.409300468579161, -7.506331250892978 ], [ 109.408770704441991, -7.506799530578499 ], [ 109.408221500490882, -7.506860824748267 ], [ 109.407967127809258, -7.507122168730159 ], [ 109.408126688442067, -7.509962015065113 ], [ 109.40782631976073, -7.511118384653912 ], [ 109.408638699324172, -7.512423437042671 ], [ 109.408162368398052, -7.514465321032231 ], [ 109.40884257845741, -7.515218241850404 ], [ 109.409107597316861, -7.516467066895641 ], [ 109.409521572076287, -7.51653185137791 ], [ 109.410354445465032, -7.515965225541886 ], [ 109.410914129775392, -7.516600180698736 ], [ 109.411687905146081, -7.516711559265619 ], [ 109.412903215889926, -7.517240398973461 ], [ 109.413631143149104, -7.517098292435088 ], [ 109.414126999208392, -7.517226743135407 ], [ 109.415025896280127, -7.517881001677257 ], [ 109.415972144944618, -7.518128604820282 ], [ 109.417310406363569, -7.517554658200925 ], [ 109.418252717684254, -7.517404366971423 ], [ 109.418766073013501, -7.517632322125515 ], [ 109.420267862966227, -7.517248897225249 ], [ 109.420605681965981, -7.517403803279495 ], [ 109.420928890329947, -7.517839004875437 ], [ 109.420930296420266, -7.518462900253127 ], [ 109.421741575913998, -7.519776975406422 ], [ 109.421801549883384, -7.521685205862657 ], [ 109.421683292713311, -7.522362914127555 ], [ 109.421890745341472, -7.523177493946462 ], [ 109.421706281175005, -7.523981622286862 ], [ 109.421985968597042, -7.525420352717498 ], [ 109.421482537384094, -7.526349900123469 ], [ 109.421290740814626, -7.527940712295034 ], [ 109.422082331835, -7.529227597416464 ], [ 109.42206344187781, -7.529761013932947 ], [ 109.420432879747608, -7.531916285568023 ], [ 109.420172941189051, -7.533009437610684 ], [ 109.419506087314645, -7.533857025002123 ], [ 109.419070010148772, -7.533783125958276 ], [ 109.418349088115164, -7.534169356573856 ], [ 109.417121319263373, -7.535575516922531 ], [ 109.416991326784611, -7.535900597183422 ], [ 109.417348837441295, -7.536788045438922 ], [ 109.417287521112755, -7.537212820215664 ], [ 109.416106774447499, -7.53877283453442 ], [ 109.414971432847238, -7.538488465947903 ], [ 109.413399333140489, -7.538645497574479 ], [ 109.412103469795809, -7.538288125173653 ], [ 109.410078191974506, -7.539085557916925 ], [ 109.409256730845726, -7.539172977024153 ], [ 109.408652887947596, -7.539433046414272 ], [ 109.407942217937574, -7.540198994890781 ], [ 109.407256958074896, -7.540513008617086 ], [ 109.406541004311919, -7.540148690271431 ], [ 109.406045029222966, -7.540128802257161 ], [ 109.404876918194418, -7.540368728185938 ], [ 109.404069936315608, -7.54074557597344 ], [ 109.40371531421458, -7.540463936118766 ], [ 109.40298298694384, -7.539104917673158 ], [ 109.401743910030845, -7.538078636713618 ], [ 109.401501638855635, -7.537743163219145 ], [ 109.401487656564385, -7.537236754387072 ], [ 109.400225817179674, -7.536327914009862 ], [ 109.399702386142849, -7.536298878905001 ], [ 109.398183012590721, -7.534575268693485 ], [ 109.399548847771769, -7.531596272676529 ], [ 109.399840435298245, -7.529770798882259 ], [ 109.39977995537852, -7.529047158396571 ], [ 109.3992137431065, -7.527932929577189 ], [ 109.39795155030771, -7.526599094700545 ], [ 109.397196013122397, -7.525303272775269 ], [ 109.39710065451915, -7.519651451742007 ], [ 109.397156279317102, -7.518846962194946 ], [ 109.398104439689774, -7.51657168212969 ], [ 109.398372266516503, -7.512621154837047 ], [ 109.399420007161851, -7.509116633360389 ], [ 109.399404766259536, -7.508483562685838 ], [ 109.398564375760273, -7.506717242819698 ], [ 109.397473894857058, -7.503430938176595 ], [ 109.396645156874854, -7.501709862777812 ], [ 109.395266597818932, -7.500854847315034 ], [ 109.39504781275204, -7.50037481315833 ], [ 109.395554247409407, -7.497546449541832 ], [ 109.396565997827821, -7.497966091480668 ], [ 109.397020949280773, -7.497994871245301 ], [ 109.398195369008661, -7.49736613481944 ] ] ] } },
{ "type": "Feature", "properties": { "DESA": "Gumelan Wetan" }, "geometry": { "type": "Polygon", "coordinates": [ [ [ 109.410412842375635, -7.4902941019868 ], [ 109.412182864465166, -7.490309529534851 ], [ 109.41600632469914, -7.489274415212976 ], [ 109.418965912474448, -7.48778395351505 ], [ 109.419806486195284, -7.487714645543957 ], [ 109.419932238377413, -7.488103932299179 ], [ 109.4211375355721, -7.488243863850354 ], [ 109.421765508424897, -7.489747214814172 ], [ 109.422555952647315, -7.49071757192982 ], [ 109.423026446186128, -7.490891028830893 ], [ 109.423238194682682, -7.491217339224073 ], [ 109.423118988201409, -7.492247721191461 ], [ 109.423406067539773, -7.493107787225718 ], [ 109.422972653950623, -7.49340466451785 ], [ 109.42275468194687, -7.494579431999977 ], [ 109.422048680423885, -7.495490181442137 ], [ 109.42248420115331, -7.495708717433366 ], [ 109.423157887979215, -7.496615372874705 ], [ 109.423842394850453, -7.497983227518379 ], [ 109.424913416393679, -7.49809564187002 ], [ 109.426125279428604, -7.499411139369955 ], [ 109.427735074355979, -7.499932303262504 ], [ 109.428190090135857, -7.50040413239567 ], [ 109.428440117319994, -7.501661943034117 ], [ 109.429684646917792, -7.502561592504176 ], [ 109.430592796761275, -7.502845095169639 ], [ 109.430881603751672, -7.503415866490241 ], [ 109.431537364888143, -7.503870328920278 ], [ 109.432381096823946, -7.505473802215436 ], [ 109.432916855953053, -7.50616298220989 ], [ 109.432913975844741, -7.507447013073135 ], [ 109.432402706897861, -7.508367514082527 ], [ 109.432227918157082, -7.509253052762499 ], [ 109.432777897034725, -7.511208153654962 ], [ 109.434148187282645, -7.514323654196349 ], [ 109.435771077159814, -7.515233686119092 ], [ 109.436613282454502, -7.515914916456226 ], [ 109.437211625270095, -7.516929781142196 ], [ 109.437459232375019, -7.518558341301142 ], [ 109.437364100928633, -7.52148771444315 ], [ 109.437665787695963, -7.525729756824564 ], [ 109.437512488175329, -7.527248309879628 ], [ 109.436638648728064, -7.527570746418522 ], [ 109.435987098384714, -7.528599234683422 ], [ 109.435141299200282, -7.528831361206342 ], [ 109.434393736829918, -7.529796218513995 ], [ 109.433908435118795, -7.532235905292033 ], [ 109.433848348571971, -7.534839933392753 ], [ 109.433559582076384, -7.535625615333673 ], [ 109.431365846429472, -7.537046447214663 ], [ 109.430506630324899, -7.537160894426341 ], [ 109.427341972249465, -7.537077207967308 ], [ 109.425575566755128, -7.536790598056296 ], [ 109.423005568061754, -7.535144637851217 ], [ 109.420484324015334, -7.534050497890813 ], [ 109.419506087314645, -7.533857025002123 ], [ 109.420172941189051, -7.533009437610684 ], [ 109.420432879747608, -7.531916285568023 ], [ 109.42206344187781, -7.529761013932947 ], [ 109.422082331835, -7.529227597416464 ], [ 109.421290740814626, -7.527940712295034 ], [ 109.421482537384094, -7.526349900123469 ], [ 109.421985968597042, -7.525420352717498 ], [ 109.421706281175005, -7.523981622286862 ], [ 109.421890745341472, -7.523177493946462 ], [ 109.421683292713311, -7.522362914127555 ], [ 109.421801549883384, -7.521685205862657 ], [ 109.421741575913998, -7.519776975406422 ], [ 109.421133474342028, -7.518888629210246 ], [ 109.420930296420266, -7.518462900253127 ], [ 109.420928890329947, -7.517839004875437 ], [ 109.420605681965981, -7.517403803279495 ], [ 109.420267862966227, -7.517248897225249 ], [ 109.418766073013501, -7.517632322125515 ], [ 109.418252717684254, -7.517404366971423 ], [ 109.41698526926595, -7.5176530217217 ], [ 109.415972144944618, -7.518128604820282 ], [ 109.415025896280127, -7.517881001677257 ], [ 109.414126999208392, -7.517226743135407 ], [ 109.413631143149104, -7.517098292435088 ], [ 109.412903215889926, -7.517240398973461 ], [ 109.411687905146081, -7.516711559265619 ], [ 109.410914129775392, -7.516600180698736 ], [ 109.410354445465032, -7.515965225541886 ], [ 109.409521572076287, -7.51653185137791 ], [ 109.409107597316861, -7.516467066895641 ], [ 109.40884257845741, -7.515218241850404 ], [ 109.408162368398052, -7.514465321032231 ], [ 109.408638699324172, -7.512423437042671 ], [ 109.40782631976073, -7.511118384653912 ], [ 109.408126688442067, -7.509962015065113 ], [ 109.407967127809258, -7.507122168730159 ], [ 109.408221500490882, -7.506860824748267 ], [ 109.408770704441991, -7.506799530578499 ], [ 109.409300468579161, -7.506331250892978 ], [ 109.409386206265339, -7.505969849535694 ], [ 109.408580576911376, -7.503878208011654 ], [ 109.409547457152939, -7.502344455317602 ], [ 109.409341428267766, -7.500363470924017 ], [ 109.410077211255597, -7.500004420116843 ], [ 109.411658998410843, -7.499711708231191 ], [ 109.41150304983988, -7.499060135227264 ], [ 109.410317899800091, -7.499209541958957 ], [ 109.41043401402537, -7.498423253783461 ], [ 109.409461805306151, -7.498012914758158 ], [ 109.409119510159883, -7.497532347586504 ], [ 109.40892530853074, -7.496121050398583 ], [ 109.408850014843438, -7.495026692459088 ], [ 109.411065295745033, -7.494555458512512 ], [ 109.411264841633482, -7.49418542621062 ], [ 109.411324198944072, -7.49256702096172 ], [ 109.410599516692542, -7.491434155799222 ], [ 109.410412842375635, -7.4902941019868 ] ] ] } },
{ "type": "Feature", "properties": { "DESA": "Derik" }, "geometry": { "type": "Polygon", "coordinates": [ [ [ 109.421765508424897, -7.489747214814172 ], [ 109.420847181580442, -7.487817824693082 ], [ 109.421073187384067, -7.487565498458157 ], [ 109.421562747739287, -7.487567253228384 ], [ 109.422000254154412, -7.488020941085529 ], [ 109.422450597016805, -7.487959270278923 ], [ 109.423077345711292, -7.487518435082873 ], [ 109.423527983109253, -7.487936006345526 ], [ 109.423553408885226, -7.488677517030153 ], [ 109.424999079721871, -7.489225307112414 ], [ 109.42807877890435, -7.489507530372037 ], [ 109.430677225605862, -7.489471595815751 ], [ 109.43197606870612, -7.489675207377393 ], [ 109.43421926306695, -7.489538449281461 ], [ 109.435142014733501, -7.489785917539194 ], [ 109.436394049756856, -7.490568042565546 ], [ 109.43890646479116, -7.490757771586026 ], [ 109.439066924263344, -7.49269340440574 ], [ 109.438478797969651, -7.49437324294201 ], [ 109.438510929724487, -7.49504254670819 ], [ 109.439017048904844, -7.495894345666971 ], [ 109.439129224149525, -7.496744656403721 ], [ 109.439824514777428, -7.498519454950825 ], [ 109.438027330356832, -7.499191306083013 ], [ 109.437132581695877, -7.499821063367641 ], [ 109.435773774273102, -7.499997135256534 ], [ 109.436020310031637, -7.500649029302363 ], [ 109.436578983739054, -7.501428692952611 ], [ 109.435774258363054, -7.504608770972419 ], [ 109.436357121430177, -7.505352359227242 ], [ 109.437334990896218, -7.507372264845612 ], [ 109.438136452262498, -7.51042244838913 ], [ 109.437292694520522, -7.51270718296725 ], [ 109.435771077159814, -7.515233686119092 ], [ 109.434148187282645, -7.514323654196349 ], [ 109.432777897034725, -7.511208153654962 ], [ 109.432227918157082, -7.509253052762499 ], [ 109.432402706897861, -7.508367514082527 ], [ 109.432913975844741, -7.507447013073135 ], [ 109.432916855953053, -7.50616298220989 ], [ 109.432381096823946, -7.505473802215436 ], [ 109.431733747219283, -7.504151289222722 ], [ 109.430881603751672, -7.503415866490241 ], [ 109.430592796761275, -7.502845095169639 ], [ 109.429684646917792, -7.502561592504176 ], [ 109.428440117319994, -7.501661943034117 ], [ 109.428190090135857, -7.50040413239567 ], [ 109.427735074355979, -7.499932303262504 ], [ 109.426125279428604, -7.499411139369955 ], [ 109.424913416393679, -7.49809564187002 ], [ 109.423842394850453, -7.497983227518379 ], [ 109.423157887979215, -7.496615372874705 ], [ 109.42248420115331, -7.495708717433366 ], [ 109.422048680423885, -7.495490181442137 ], [ 109.42275468194687, -7.494579431999977 ], [ 109.422972653950623, -7.49340466451785 ], [ 109.423406067539773, -7.493107787225718 ], [ 109.423118988201409, -7.492247721191461 ], [ 109.423238194682682, -7.491217339224073 ], [ 109.423026446186128, -7.490891028830893 ], [ 109.422555952647315, -7.49071757192982 ], [ 109.421765508424897, -7.489747214814172 ] ] ] } },
{ "type": "Feature", "properties": { "DESA": "Berta" }, "geometry": { "type": "Polygon", "coordinates": [ [ [ 109.440036981161882, -7.482813402018668 ], [ 109.440434923558826, -7.483158446429074 ], [ 109.440860767666663, -7.483241319329081 ], [ 109.442778187687722, -7.48306728529832 ], [ 109.446713877119905, -7.484220483674161 ], [ 109.447300335526066, -7.484032695897214 ], [ 109.447807463266599, -7.483609479085164 ], [ 109.449129464969616, -7.483433229100373 ], [ 109.450324242789407, -7.483699703400627 ], [ 109.451397492123149, -7.484680054862968 ], [ 109.451300756094241, -7.485629171073317 ], [ 109.448687426756521, -7.489155615959262 ], [ 109.44748096275687, -7.491384869033614 ], [ 109.44776489090485, -7.491819914328859 ], [ 109.448846366324219, -7.492483878864148 ], [ 109.449455749315575, -7.494710492003294 ], [ 109.449245645391969, -7.495433098477561 ], [ 109.446798671239947, -7.496645232277205 ], [ 109.44674837788466, -7.497260002763269 ], [ 109.446427133048445, -7.497466804253035 ], [ 109.445626962821564, -7.497554384305485 ], [ 109.445527450174765, -7.498774796907365 ], [ 109.446816076211775, -7.501555385175572 ], [ 109.446740132340707, -7.502387041421732 ], [ 109.447227378222735, -7.504143019144833 ], [ 109.447088644533679, -7.504856924542509 ], [ 109.446251296698392, -7.507204995972856 ], [ 109.445407124991917, -7.508106258839602 ], [ 109.444932147612803, -7.509668886906219 ], [ 109.444741060621183, -7.50997568382002 ], [ 109.444149929349777, -7.510353388856229 ], [ 109.4438175342504, -7.511527770312568 ], [ 109.443171457271617, -7.512312108998827 ], [ 109.442548485306688, -7.513593945936217 ], [ 109.442913237765069, -7.514454284666787 ], [ 109.442858447730202, -7.515132321480888 ], [ 109.441756318350429, -7.517379987589329 ], [ 109.44183750363446, -7.518519580698888 ], [ 109.442553644052182, -7.519064744835236 ], [ 109.443228026200202, -7.51988088967116 ], [ 109.445590303302041, -7.524663741915755 ], [ 109.444550023431248, -7.525211623095732 ], [ 109.443460631978681, -7.525325374669691 ], [ 109.440727616155897, -7.526491126320051 ], [ 109.439830087418684, -7.526397525209768 ], [ 109.437512488175329, -7.527248309879628 ], [ 109.437665787695963, -7.525729756824564 ], [ 109.437392479383163, -7.522410142300696 ], [ 109.437477468057509, -7.519308870425466 ], [ 109.437346426383101, -7.517635522200838 ], [ 109.437012325779818, -7.516522151714149 ], [ 109.436613282454502, -7.515914916456226 ], [ 109.435771077159814, -7.515233686119092 ], [ 109.437292694520522, -7.51270718296725 ], [ 109.438136452262498, -7.51042244838913 ], [ 109.437334990896218, -7.507372264845612 ], [ 109.436357121430177, -7.505352359227242 ], [ 109.435774258363054, -7.504608770972419 ], [ 109.436578983739054, -7.501428692952611 ], [ 109.436020310031637, -7.500649029302363 ], [ 109.435773774273102, -7.499997135256534 ], [ 109.437132581695877, -7.499821063367641 ], [ 109.438027330356832, -7.499191306083013 ], [ 109.439824514777428, -7.498519454950825 ], [ 109.439129224149525, -7.496744656403721 ], [ 109.439017048904844, -7.495894345666971 ], [ 109.438510929724487, -7.49504254670819 ], [ 109.438478797969651, -7.49437324294201 ], [ 109.439066924263344, -7.49269340440574 ], [ 109.43890646479116, -7.490757771586026 ], [ 109.439848209484794, -7.490435555442866 ], [ 109.440017353518613, -7.489595191729485 ], [ 109.440216183862205, -7.486078351838465 ], [ 109.440036981161882, -7.482813402018668 ] ] ] } },
{ "type": "Feature", "properties": { "DESA": "Karangjati" }, "geometry": { "type": "Polygon", "coordinates": [ [ [ 109.418361505946521, -7.479037824134109 ], [ 109.418733732881222, -7.478903460026944 ], [ 109.419592895743563, -7.47744169385582 ], [ 109.419981872837639, -7.475245772149052 ], [ 109.421905824218697, -7.475216496475851 ], [ 109.422223970231613, -7.475308040456882 ], [ 109.422518743593599, -7.475625606093967 ], [ 109.423059975375992, -7.476983902954386 ], [ 109.423874777502547, -7.478261812203956 ], [ 109.426578112221932, -7.479582626953681 ], [ 109.427670883975082, -7.479450916061742 ], [ 109.428992767248133, -7.478822603420703 ], [ 109.430152912335046, -7.479007638397845 ], [ 109.431378943372238, -7.479780546332922 ], [ 109.432433693676614, -7.479919997802411 ], [ 109.432753517788171, -7.479794475440977 ], [ 109.433021236936753, -7.479343304440216 ], [ 109.433532375783201, -7.477880264767804 ], [ 109.434019112880435, -7.477791586968299 ], [ 109.434755377890866, -7.478309608386819 ], [ 109.434778461271037, -7.479295302165236 ], [ 109.434962718146849, -7.479874648375364 ], [ 109.435254301387147, -7.480273562492124 ], [ 109.436024683371855, -7.480674175448687 ], [ 109.436903690502803, -7.480550723856568 ], [ 109.437304438117778, -7.480127143111292 ], [ 109.438344540407442, -7.479597338940648 ], [ 109.44071505359797, -7.479316336915441 ], [ 109.44159298909517, -7.479473222831278 ], [ 109.441778057832678, -7.479826463477926 ], [ 109.441403429010961, -7.480322467003231 ], [ 109.440497418127862, -7.480644817659234 ], [ 109.440176332133703, -7.481041561703947 ], [ 109.439987955908961, -7.481619588536691 ], [ 109.440216183862205, -7.486078351838465 ], [ 109.440138536344023, -7.488564803828138 ], [ 109.439848209484794, -7.490435555442866 ], [ 109.43890646479116, -7.490757771586026 ], [ 109.436394049756856, -7.490568042565546 ], [ 109.435142014733501, -7.489785917539194 ], [ 109.43421926306695, -7.489538449281461 ], [ 109.43197606870612, -7.489675207377393 ], [ 109.430677225605862, -7.489471595815751 ], [ 109.430062574236473, -7.489559811044528 ], [ 109.425902829305727, -7.489373188474715 ], [ 109.424999079721871, -7.489225307112414 ], [ 109.423553408885226, -7.488677517030153 ], [ 109.423527983109253, -7.487936006345526 ], [ 109.423077345711292, -7.487518435082873 ], [ 109.423736867243136, -7.487104837817596 ], [ 109.424228908518359, -7.486166194736444 ], [ 109.424080256314852, -7.485849151422618 ], [ 109.423424264647068, -7.486154275098179 ], [ 109.423142965394248, -7.485411758241368 ], [ 109.423140065233767, -7.484950586842097 ], [ 109.423880136483689, -7.484573439194901 ], [ 109.4240713512729, -7.484230489783365 ], [ 109.422778051515422, -7.48296903819378 ], [ 109.422570545679307, -7.481774665225149 ], [ 109.421507247107016, -7.481499550333566 ], [ 109.420630519646892, -7.481695393209731 ], [ 109.420138317706531, -7.480789389562868 ], [ 109.419515618819403, -7.480750995093856 ], [ 109.418816734847383, -7.480459099758983 ], [ 109.41827582738506, -7.479408271052974 ], [ 109.418361505946521, -7.479037824134109 ] ] ] } },
{ "type": "Feature", "properties": { "DESA": "Kedawung" }, "geometry": { "type": "Polygon", "coordinates": [ [ [ 109.408061291172487, -7.471278507462409 ], [ 109.409267624647427, -7.471508960903799 ], [ 109.410353102666008, -7.471114997174524 ], [ 109.411143304371123, -7.47056627816306 ], [ 109.411702360598795, -7.470432591361987 ], [ 109.412850664927504, -7.470762272295734 ], [ 109.413176455824228, -7.471486869504403 ], [ 109.413142224371782, -7.471884621606918 ], [ 109.411913125117763, -7.475741241633054 ], [ 109.411416556717626, -7.476752266872877 ], [ 109.411480265984608, -7.477376384958525 ], [ 109.411905542191448, -7.477839075304974 ], [ 109.412495512980499, -7.478166749992606 ], [ 109.415021769436734, -7.478962547542998 ], [ 109.418361505946521, -7.479037824134109 ], [ 109.41827582738506, -7.479408271052974 ], [ 109.418816734847383, -7.480459099758983 ], [ 109.419515618819403, -7.480750995093856 ], [ 109.420138317706531, -7.480789389562868 ], [ 109.420630519646892, -7.481695393209731 ], [ 109.421507247107016, -7.481499550333566 ], [ 109.422570545679307, -7.481774665225149 ], [ 109.422778051515422, -7.48296903819378 ], [ 109.4240713512729, -7.484230489783365 ], [ 109.423880136483689, -7.484573439194901 ], [ 109.423140065233767, -7.484950586842097 ], [ 109.423142965394248, -7.485411758241368 ], [ 109.423424264647068, -7.486154275098179 ], [ 109.424080256314852, -7.485849151422618 ], [ 109.424228908518359, -7.486166194736444 ], [ 109.423736867243136, -7.487104837817596 ], [ 109.422450597016805, -7.487959270278923 ], [ 109.422000254154412, -7.488020941085529 ], [ 109.421562747739287, -7.487567253228384 ], [ 109.421073187384067, -7.487565498458157 ], [ 109.420847181580442, -7.487817824693082 ], [ 109.4211375355721, -7.488243863850354 ], [ 109.419932238377413, -7.488103932299179 ], [ 109.419806486195284, -7.487714645543957 ], [ 109.418965912474448, -7.48778395351505 ], [ 109.41600632469914, -7.489274415212976 ], [ 109.412182864465166, -7.490309529534851 ], [ 109.410412842375635, -7.4902941019868 ], [ 109.410199372856312, -7.489497582570794 ], [ 109.409542210774916, -7.488247433873771 ], [ 109.409076145221277, -7.487721218351307 ], [ 109.408710479511058, -7.486661973532079 ], [ 109.407680277153702, -7.487273097339235 ], [ 109.406891989414618, -7.486420256108827 ], [ 109.406424448300299, -7.486445776938549 ], [ 109.406318697853678, -7.485242732839325 ], [ 109.405815557847973, -7.483839359628937 ], [ 109.405826508675119, -7.483477687750342 ], [ 109.406636118703489, -7.481871039725071 ], [ 109.406701861821958, -7.480759111148956 ], [ 109.406302423133909, -7.479744856605175 ], [ 109.406479831014579, -7.478371065811539 ], [ 109.407168083141585, -7.476501800001808 ], [ 109.407791891137933, -7.473963118469664 ], [ 109.408061291172487, -7.471278507462409 ] ] ] } },
{ "type": "Feature", "properties": { "DESA": "Dermasari" }, "geometry": { "type": "Polygon", "coordinates": [ [ [ 109.402551511248831, -7.467234755857501 ], [ 109.403146565593772, -7.467390687278858 ], [ 109.408061291172487, -7.471278507462409 ], [ 109.407791891137933, -7.473963118469664 ], [ 109.407168083141585, -7.476501800001808 ], [ 109.406479831014579, -7.478371065811539 ], [ 109.406302423133909, -7.479744856605175 ], [ 109.406701861821958, -7.480759111148956 ], [ 109.406636118703489, -7.481871039725071 ], [ 109.406246874885298, -7.482493609775489 ], [ 109.406215664447359, -7.482900411134865 ], [ 109.404996329835754, -7.482868787766532 ], [ 109.397927093839272, -7.481984208507019 ], [ 109.397525128549276, -7.481729523040617 ], [ 109.393346719623949, -7.482989290057127 ], [ 109.391710666993831, -7.482042932998405 ], [ 109.390842144612535, -7.480692462570485 ], [ 109.390546499333297, -7.47917222384444 ], [ 109.388722394405647, -7.478541679731835 ], [ 109.38820692775316, -7.477970156869132 ], [ 109.387800365026621, -7.477118687375669 ], [ 109.392103095130892, -7.475922700815072 ], [ 109.392958457793725, -7.475437541893604 ], [ 109.393570718738076, -7.474770595774448 ], [ 109.394364969525483, -7.474285210772366 ], [ 109.398327086795447, -7.474543796153078 ], [ 109.400171035821472, -7.475409515540522 ], [ 109.401486138776903, -7.475785034395725 ], [ 109.402426015774822, -7.475887885042713 ], [ 109.403116942600789, -7.475546756763361 ], [ 109.403557704342845, -7.474951587343069 ], [ 109.403748916916101, -7.474138451477381 ], [ 109.403595419316943, -7.473206541578618 ], [ 109.403068078080636, -7.471703545528388 ], [ 109.40238291074462, -7.470543698809474 ], [ 109.400666665559925, -7.468439633329103 ], [ 109.400637944206736, -7.467688986072174 ], [ 109.40098379517687, -7.467409982696197 ], [ 109.402551511248831, -7.467234755857501 ] ] ] } },
{ "type": "Feature", "properties": { "DESA": "Susukan" }, "geometry": { "type": "Polygon", "coordinates": [ [ [ 109.390842144612535, -7.480692462570485 ], [ 109.391710666993831, -7.482042932998405 ], [ 109.393346719623949, -7.482989290057127 ], [ 109.397525128549276, -7.481729523040617 ], [ 109.397927093839272, -7.481984208507019 ], [ 109.404996329835754, -7.482868787766532 ], [ 109.406215664447359, -7.482900411134865 ], [ 109.405826508675119, -7.483477687750342 ], [ 109.405815557847973, -7.483839359628937 ], [ 109.406318697853678, -7.485242732839325 ], [ 109.406424448300299, -7.486445776938549 ], [ 109.406891989414618, -7.486420256108827 ], [ 109.407680277153702, -7.487273097339235 ], [ 109.408710479511058, -7.486661973532079 ], [ 109.409076145221277, -7.487721218351307 ], [ 109.409542210774916, -7.488247433873771 ], [ 109.410199372856312, -7.489497582570794 ], [ 109.410412842375635, -7.4902941019868 ], [ 109.409389541291659, -7.49060691553639 ], [ 109.407207976405545, -7.490707514701704 ], [ 109.406307573883666, -7.490957481352183 ], [ 109.40488873921187, -7.491666634288245 ], [ 109.403954547915887, -7.492639804672088 ], [ 109.403448342198857, -7.495423079669826 ], [ 109.403270209288493, -7.495901670776729 ], [ 109.402957503717374, -7.496180791577484 ], [ 109.40195329877389, -7.496312842997495 ], [ 109.398195369008661, -7.49736613481944 ], [ 109.397020949280773, -7.497994871245301 ], [ 109.396565997827821, -7.497966091480668 ], [ 109.395554247409407, -7.497546449541832 ], [ 109.393993420612659, -7.497667320021325 ], [ 109.392807786848266, -7.497319361247173 ], [ 109.391591806844048, -7.496691034405511 ], [ 109.391390542358465, -7.496283387357231 ], [ 109.390580797082563, -7.495746948383283 ], [ 109.390262939002952, -7.495881392348803 ], [ 109.390023732776484, -7.495410322992515 ], [ 109.390084587152529, -7.495094039325482 ], [ 109.389521788527361, -7.494549462139394 ], [ 109.39009396871532, -7.493231378138099 ], [ 109.392346807295951, -7.492254021677414 ], [ 109.392166745852265, -7.490689001785788 ], [ 109.39242350705527, -7.489469205115135 ], [ 109.390755481333045, -7.485339848167802 ], [ 109.390837191632286, -7.484978437726503 ], [ 109.39002182727981, -7.482109090856172 ], [ 109.390472752814887, -7.480989449273204 ], [ 109.390842144612535, -7.480692462570485 ] ] ] } },
{ "type": "Feature", "properties": { "DESA": "Kemrangon" }, "geometry": { "type": "Polygon", "coordinates": [ [ [ 109.387800365026621, -7.477118687375669 ], [ 109.38820692775316, -7.477970156869132 ], [ 109.388722394405647, -7.478541679731835 ], [ 109.390546499333297, -7.47917222384444 ], [ 109.390842144612535, -7.480692462570485 ], [ 109.390472752814887, -7.480989449273204 ], [ 109.39002182727981, -7.482109090856172 ], [ 109.390837191632286, -7.484978437726503 ], [ 109.390755481333045, -7.485339848167802 ], [ 109.39242350705527, -7.489469205115135 ], [ 109.392166745852265, -7.490689001785788 ], [ 109.392346807295951, -7.492254021677414 ], [ 109.39009396871532, -7.493231378138099 ], [ 109.389521788527361, -7.494549462139394 ], [ 109.3883947715847, -7.494436850499218 ], [ 109.388021118439156, -7.494100894917426 ], [ 109.387855336220227, -7.493675296224641 ], [ 109.38722877393721, -7.493365534994748 ], [ 109.386408124817237, -7.493724234896017 ], [ 109.385918698401639, -7.493767642269077 ], [ 109.385495118267272, -7.493458623240995 ], [ 109.385203854971351, -7.49375597937871 ], [ 109.384450609588043, -7.493319183665965 ], [ 109.383910929949025, -7.493416646956775 ], [ 109.3838045525806, -7.493009346600794 ], [ 109.383408720811218, -7.492935569428545 ], [ 109.382335672925862, -7.493465192484813 ], [ 109.381083461622211, -7.493451457050862 ], [ 109.379804413076087, -7.494170163802687 ], [ 109.377914410826932, -7.494904694878147 ], [ 109.377195167935923, -7.494386649606144 ], [ 109.376864340443106, -7.493806663111005 ], [ 109.376498856909706, -7.493506981817388 ], [ 109.377281821757677, -7.487343049878317 ], [ 109.377418741303487, -7.484459032594981 ], [ 109.377153160802479, -7.481184795393565 ], [ 109.377301459914705, -7.480434806892915 ], [ 109.378014625254607, -7.481278370239031 ], [ 109.38070216120822, -7.48284356526907 ], [ 109.381151784485056, -7.482610075765515 ], [ 109.381337947585763, -7.482267133095799 ], [ 109.38152723510558, -7.481056230690773 ], [ 109.382413690302755, -7.480146220546618 ], [ 109.383485873490955, -7.479435778312101 ], [ 109.384516183399825, -7.479059765895068 ], [ 109.385244509983082, -7.478547038296544 ], [ 109.386121872116647, -7.477627944166563 ], [ 109.387800365026621, -7.477118687375669 ] ] ] } },
{ "type": "Feature", "properties": { "DESA": "Karangsalam" }, "geometry": { "type": "Polygon", "coordinates": [ [ [ 109.374197490574133, -7.47777399298032 ], [ 109.376201151864919, -7.478929777555663 ], [ 109.376748391466592, -7.47985409451739 ], [ 109.377301459914705, -7.480434806892915 ], [ 109.377153160802479, -7.481184795393565 ], [ 109.377418741303487, -7.484459032594981 ], [ 109.377281821757677, -7.487343049878317 ], [ 109.376804834690347, -7.49153685150465 ], [ 109.376196711250458, -7.495187651865165 ], [ 109.375661723476114, -7.495167596356045 ], [ 109.375323781237896, -7.494895136881721 ], [ 109.374661745981498, -7.494766036044417 ], [ 109.374428870564827, -7.49420458133202 ], [ 109.373822433928041, -7.494111936826969 ], [ 109.373326771460597, -7.494245710609035 ], [ 109.373373108723868, -7.496696368066743 ], [ 109.372548440724742, -7.498736805052844 ], [ 109.371347297888462, -7.498849973766827 ], [ 109.37076753767704, -7.499417460053097 ], [ 109.370640514297961, -7.500004703830309 ], [ 109.37011143834188, -7.500201721491432 ], [ 109.369376412252507, -7.500813831398585 ], [ 109.368615708668671, -7.500657323340699 ], [ 109.367692045461737, -7.500907025151263 ], [ 109.366658387288524, -7.501563312776703 ], [ 109.365151869777236, -7.501865175115222 ], [ 109.364620743808658, -7.500949853803282 ], [ 109.363697016420531, -7.500756569769231 ], [ 109.362691638843671, -7.500002298382133 ], [ 109.362988157478085, -7.499442811172351 ], [ 109.365338297032395, -7.499035607302935 ], [ 109.365173215269095, -7.497968052026812 ], [ 109.365309568643426, -7.497624935246892 ], [ 109.365665041352784, -7.497662417606016 ], [ 109.365903198654408, -7.497265436682183 ], [ 109.365765470982225, -7.496695292615107 ], [ 109.36460330798144, -7.495994686337063 ], [ 109.36482753291196, -7.495227000026071 ], [ 109.364661972550266, -7.494828519122322 ], [ 109.364218001128904, -7.49476358643064 ], [ 109.363201957477983, -7.494967735819317 ], [ 109.363017384408167, -7.494659587281434 ], [ 109.363080048072561, -7.494243874440831 ], [ 109.363685716563836, -7.493640333806663 ], [ 109.364082899075413, -7.492809918080994 ], [ 109.364019572271815, -7.49156184412391 ], [ 109.363463590999558, -7.490863580808774 ], [ 109.363884820889183, -7.490114617194972 ], [ 109.363114234949819, -7.489569242146708 ], [ 109.363320007046951, -7.488900841013591 ], [ 109.363147776112854, -7.488628990615424 ], [ 109.362349585117897, -7.488635063320127 ], [ 109.361774660560101, -7.48884989291331 ], [ 109.361873571660979, -7.487909885209622 ], [ 109.361550018217386, -7.487429453496971 ], [ 109.361422017499578, -7.486316835440877 ], [ 109.361605573914147, -7.48529568913815 ], [ 109.362307684809679, -7.485750406991425 ], [ 109.364035554244367, -7.487357329796995 ], [ 109.364664069425103, -7.487215018345017 ], [ 109.367181798826209, -7.485940357048411 ], [ 109.370098091386893, -7.485526168958997 ], [ 109.371029085819146, -7.485204068469379 ], [ 109.371910390826969, -7.484682893729722 ], [ 109.372871854510592, -7.482932249197906 ], [ 109.373026079357743, -7.481956276080991 ], [ 109.372657812357815, -7.479649075856632 ], [ 109.372762946422611, -7.478392669393554 ], [ 109.373091270122799, -7.477950811450217 ], [ 109.373645069360535, -7.477726754065505 ], [ 109.374197490574133, -7.47777399298032 ] ] ] } },
{ "type": "Feature", "properties": { "DESA": "Purworejo" }, "geometry": { "type": "Polygon", "coordinates": [ [ [ 109.424139762761072, -7.464192677478015 ], [ 109.426116264051416, -7.463159871130446 ], [ 109.431035292991567, -7.462779487173666 ], [ 109.434075801622257, -7.462039717734039 ], [ 109.435329630061958, -7.463011780819057 ], [ 109.438115699261274, -7.464712514725509 ], [ 109.438454043690115, -7.465111590850167 ], [ 109.437597209399087, -7.466573510956399 ], [ 109.437728100862827, -7.468780258661291 ], [ 109.437629622052967, -7.469331571709898 ], [ 109.437193765502983, -7.469673664736131 ], [ 109.437011115263843, -7.471689447827228 ], [ 109.437114695350388, -7.472015368944607 ], [ 109.435595562854459, -7.473330193834021 ], [ 109.43483271921896, -7.474403507237345 ], [ 109.434019112880435, -7.477791586968299 ], [ 109.433532375783201, -7.477880264767804 ], [ 109.432753517788171, -7.479794475440977 ], [ 109.432433693676614, -7.479919997802411 ], [ 109.431378943372238, -7.479780546332922 ], [ 109.430152912335046, -7.479007638397845 ], [ 109.428992767248133, -7.478822603420703 ], [ 109.427032978652733, -7.479611371861483 ], [ 109.42591896411713, -7.479354168393432 ], [ 109.423874777502547, -7.478261812203956 ], [ 109.423059975375992, -7.476983902954386 ], [ 109.422518743593599, -7.475625606093967 ], [ 109.422223970231613, -7.475308040456882 ], [ 109.419981872837639, -7.475245772149052 ], [ 109.41958283737543, -7.474484752467254 ], [ 109.418098224087458, -7.472670953508881 ], [ 109.418295479288645, -7.471894079884236 ], [ 109.419141325498472, -7.471056154960028 ], [ 109.42248543607468, -7.469585099001975 ], [ 109.423427875059971, -7.468973613921753 ], [ 109.424078465965025, -7.468270588210199 ], [ 109.424470950765951, -7.46729542189678 ], [ 109.424139762761072, -7.464192677478015 ] ] ] } },
{ "type": "Feature", "properties": { "DESA": "Kecitran" }, "geometry": { "type": "Polygon", "coordinates": [ [ [ 109.453510276232223, -7.47139489030398 ], [ 109.455982962429431, -7.470472169941917 ], [ 109.456027031425961, -7.471304253269859 ], [ 109.454752287053438, -7.476897183540896 ], [ 109.454049082230952, -7.477039370992871 ], [ 109.453572950672552, -7.47748982873297 ], [ 109.453102940403681, -7.478302026764868 ], [ 109.453176533202509, -7.478618800821293 ], [ 109.452518730276068, -7.478978121843022 ], [ 109.452665024085164, -7.479313232519563 ], [ 109.451847347289316, -7.479798651641695 ], [ 109.450721773306128, -7.480798398258868 ], [ 109.450553573301804, -7.481611652396243 ], [ 109.450867684553216, -7.483104836463189 ], [ 109.450324242789407, -7.483699703400627 ], [ 109.448393067208684, -7.483430636878013 ], [ 109.446713877119905, -7.484220483674161 ], [ 109.442778187687722, -7.48306728529832 ], [ 109.441313198080636, -7.483242919790243 ], [ 109.440434923558826, -7.483158446429074 ], [ 109.440036981161882, -7.482813402018668 ], [ 109.439987955908961, -7.481619588536691 ], [ 109.440176332133703, -7.481041561703947 ], [ 109.440497418127862, -7.480644817659234 ], [ 109.441403429010961, -7.480322467003231 ], [ 109.441778057832678, -7.479826463477926 ], [ 109.44159298909517, -7.479473222831278 ], [ 109.44071505359797, -7.479316336915441 ], [ 109.438344540407442, -7.479597338940648 ], [ 109.437304438117778, -7.480127143111292 ], [ 109.436903690502803, -7.480550723856568 ], [ 109.436024683371855, -7.480674175448687 ], [ 109.435254301387147, -7.480273562492124 ], [ 109.434962718146849, -7.479874648375364 ], [ 109.434778461271037, -7.479295302165236 ], [ 109.434755377890866, -7.478309608386819 ], [ 109.434019112880435, -7.477791586968299 ], [ 109.43483271921896, -7.474403507237345 ], [ 109.435595562854459, -7.473330193834021 ], [ 109.437114695350388, -7.472015368944607 ], [ 109.438188152073423, -7.473004782726126 ], [ 109.438630366759909, -7.47318716104248 ], [ 109.438804033672042, -7.473468126706275 ], [ 109.43879753676616, -7.474182497491773 ], [ 109.4398429891951, -7.473824478174834 ], [ 109.440299033303731, -7.47446806892661 ], [ 109.441513310917685, -7.474155936128031 ], [ 109.441798410763653, -7.474319675386999 ], [ 109.442427855803089, -7.47376128506979 ], [ 109.442582317260445, -7.473391071756192 ], [ 109.443144919298533, -7.4730584612302 ], [ 109.443402078941759, -7.473348760923297 ], [ 109.443905364009865, -7.47314250973209 ], [ 109.444506292101806, -7.474392515471885 ], [ 109.444801297422174, -7.474628703935444 ], [ 109.445170325911903, -7.474593841847019 ], [ 109.445953279684687, -7.474081099738154 ], [ 109.44748006048367, -7.473471616282077 ], [ 109.448028262264913, -7.473048541037421 ], [ 109.448689879759556, -7.473701889125159 ], [ 109.448989385583076, -7.473467883498115 ], [ 109.449452959912449, -7.473442390593343 ], [ 109.449758191295459, -7.473597155239593 ], [ 109.451748159787996, -7.47307064907363 ], [ 109.452482567854148, -7.472593976233145 ], [ 109.453510276232223, -7.47139489030398 ] ] ] } },
{ "type": "Feature", "properties": { "DESA": "Sirkandi" }, "geometry": { "type": "Polygon", "coordinates": [ [ [ 109.451847347289316, -7.479798651641695 ], [ 109.452960117429328, -7.480417507939893 ], [ 109.454023532412918, -7.480583971581261 ], [ 109.455638968560422, -7.480454022706022 ], [ 109.457977497027287, -7.481221721940466 ], [ 109.461291761817478, -7.481812092971648 ], [ 109.464259647585976, -7.481858606819551 ], [ 109.466500364401895, -7.481378115661967 ], [ 109.471104490679124, -7.481095672212433 ], [ 109.471716646594643, -7.481893566502611 ], [ 109.471866110270483, -7.482310052112388 ], [ 109.4717159407015, -7.4827616619959 ], [ 109.471888497485253, -7.483133023706833 ], [ 109.472351633371105, -7.483387771943298 ], [ 109.472601018673913, -7.484374265097405 ], [ 109.473076412288577, -7.484864206809132 ], [ 109.473238480047684, -7.485244572806919 ], [ 109.473205202795654, -7.48576891477483 ], [ 109.472352866758754, -7.485973988924696 ], [ 109.472113685664837, -7.486262555567083 ], [ 109.472176612395231, -7.486986128516692 ], [ 109.472611612625997, -7.487683959950121 ], [ 109.470874934264032, -7.489043365543927 ], [ 109.467967951494742, -7.487414599240527 ], [ 109.467461119525794, -7.487349550526758 ], [ 109.467053289806344, -7.487537987738668 ], [ 109.466363366774985, -7.489389397693295 ], [ 109.4657811435073, -7.490137844326656 ], [ 109.464491378183467, -7.49023288707816 ], [ 109.462799276330585, -7.489928546975557 ], [ 109.462397750175739, -7.490107960217898 ], [ 109.461431777931352, -7.492184412099411 ], [ 109.461192309842161, -7.493530918895373 ], [ 109.461703429286004, -7.494717316228434 ], [ 109.461765352842875, -7.499274978273341 ], [ 109.461399403588473, -7.499554051888738 ], [ 109.460689961593246, -7.499759506409861 ], [ 109.459094337261561, -7.499545980897757 ], [ 109.458692266598732, -7.499707305223349 ], [ 109.458471191701591, -7.50000496519727 ], [ 109.458510436665009, -7.501017846713167 ], [ 109.459098797725559, -7.502864582551063 ], [ 109.459290846413055, -7.504700888435127 ], [ 109.459106919837637, -7.505948137290305 ], [ 109.458596472520526, -7.506968131356925 ], [ 109.45614286106742, -7.509410096005143 ], [ 109.454338676385262, -7.510931903235467 ], [ 109.454216662999485, -7.511483048071755 ], [ 109.457202327131355, -7.51313028341279 ], [ 109.457854701773456, -7.513774648695497 ], [ 109.460158435358082, -7.516260352222885 ], [ 109.461497185677715, -7.518444320495418 ], [ 109.462256145040811, -7.519378359772589 ], [ 109.46039417910464, -7.519923403715135 ], [ 109.459214815714233, -7.520552294574268 ], [ 109.45702083241018, -7.522506780474028 ], [ 109.455699532128762, -7.523252689248967 ], [ 109.454568206324922, -7.523203498994926 ], [ 109.453921088266299, -7.523562936309562 ], [ 109.451682110251554, -7.523889540251259 ], [ 109.449270557033117, -7.52450500462864 ], [ 109.44596253096978, -7.524791721736324 ], [ 109.445590303302041, -7.524663741915755 ], [ 109.443228026200202, -7.51988088967116 ], [ 109.442553644052182, -7.519064744835236 ], [ 109.44183750363446, -7.518519580698888 ], [ 109.441756318350429, -7.517379987589329 ], [ 109.442858447730202, -7.515132321480888 ], [ 109.442913237765069, -7.514454284666787 ], [ 109.442548485306688, -7.513593945936217 ], [ 109.443171457271617, -7.512312108998827 ], [ 109.4438175342504, -7.511527770312568 ], [ 109.444149929349777, -7.510353388856229 ], [ 109.444741060621183, -7.50997568382002 ], [ 109.444932147612803, -7.509668886906219 ], [ 109.445407124991917, -7.508106258839602 ], [ 109.446251296698392, -7.507204995972856 ], [ 109.447088644533679, -7.504856924542509 ], [ 109.447227378222735, -7.504143019144833 ], [ 109.446740132340707, -7.502387041421732 ], [ 109.446816076211775, -7.501555385175572 ], [ 109.445527450174765, -7.498774796907365 ], [ 109.445626962821564, -7.497554384305485 ], [ 109.446427133048445, -7.497466804253035 ], [ 109.44674837788466, -7.497260002763269 ], [ 109.446798671239947, -7.496645232277205 ], [ 109.449245645391969, -7.495433098477561 ], [ 109.449455749315575, -7.494710492003294 ], [ 109.448846366324219, -7.492483878864148 ], [ 109.44776489090485, -7.491819914328859 ], [ 109.44748096275687, -7.491384869033614 ], [ 109.448687426756521, -7.489155615959262 ], [ 109.451300756094241, -7.485629171073317 ], [ 109.451397492123149, -7.484680054862968 ], [ 109.450324242789407, -7.483699703400627 ], [ 109.450867684553216, -7.483104836463189 ], [ 109.450553573301804, -7.481611652396243 ], [ 109.450721773306128, -7.480798398258868 ], [ 109.451847347289316, -7.479798651641695 ] ] ] } },
{ "type": "Feature", "properties": { "DESA": "Pagak" }, "geometry": { "type": "Polygon", "coordinates": [ [ [ 109.455982962429431, -7.470472169941917 ], [ 109.456333933703903, -7.470174962454493 ], [ 109.458509053243461, -7.46948633478526 ], [ 109.465624887668497, -7.468163775409762 ], [ 109.466717088612967, -7.468511209720478 ], [ 109.467110104219046, -7.475158909979815 ], [ 109.466720754018638, -7.477933620394235 ], [ 109.466821624708203, -7.480583463395519 ], [ 109.466898443552509, -7.480963533897578 ], [ 109.467600014326223, -7.481291441620959 ], [ 109.464259647585976, -7.481858606819551 ], [ 109.461291761817478, -7.481812092971648 ], [ 109.457977497027287, -7.481221721940466 ], [ 109.455638968560422, -7.480454022706022 ], [ 109.454023532412918, -7.480583971581261 ], [ 109.452960117429328, -7.480417507939893 ], [ 109.451847347289316, -7.479798651641695 ], [ 109.452665024085164, -7.479313232519563 ], [ 109.452518730276068, -7.478978121843022 ], [ 109.453176533202509, -7.478618800821293 ], [ 109.453102940403681, -7.478302026764868 ], [ 109.453572950672552, -7.47748982873297 ], [ 109.454049082230952, -7.477039370992871 ], [ 109.454752287053438, -7.476897183540896 ], [ 109.456027031425961, -7.471304253269859 ], [ 109.455982962429431, -7.470472169941917 ] ] ] } },
{ "type": "Feature", "properties": { "DESA": "Kalilandak" }, "geometry": { "type": "Polygon", "coordinates": [ [ [ 109.438454043690115, -7.465111590850167 ], [ 109.43966685461244, -7.464636630242309 ], [ 109.440152212176812, -7.464131975841772 ], [ 109.44440251485905, -7.461868254326886 ], [ 109.449822993310164, -7.459382479451503 ], [ 109.450338429151245, -7.459836413220612 ], [ 109.450868794713969, -7.460697321983506 ], [ 109.451122589552057, -7.461774329114573 ], [ 109.451170291572922, -7.462633546114487 ], [ 109.450927722084145, -7.463970994317426 ], [ 109.451070128282652, -7.464857665482547 ], [ 109.453098962075302, -7.464611543731835 ], [ 109.453152708793326, -7.465515986091892 ], [ 109.45297258165202, -7.465858993498777 ], [ 109.453148127258046, -7.467541546249955 ], [ 109.453614961024044, -7.468754820471856 ], [ 109.453624065453795, -7.469225060930435 ], [ 109.452973950105957, -7.470461634720528 ], [ 109.452863783650386, -7.471112361995363 ], [ 109.453510276232223, -7.47139489030398 ], [ 109.452482567854148, -7.472593976233145 ], [ 109.451748159787996, -7.47307064907363 ], [ 109.449758191295459, -7.473597155239593 ], [ 109.449452959912449, -7.473442390593343 ], [ 109.448989385583076, -7.473467883498115 ], [ 109.448689879759556, -7.473701889125159 ], [ 109.448028262264913, -7.473048541037421 ], [ 109.44748006048367, -7.473471616282077 ], [ 109.445953279684687, -7.474081099738154 ], [ 109.445170325911903, -7.474593841847019 ], [ 109.444801297422174, -7.474628703935444 ], [ 109.444506292101806, -7.474392515471885 ], [ 109.443905364009865, -7.47314250973209 ], [ 109.443402078941759, -7.473348760923297 ], [ 109.443144919298533, -7.4730584612302 ], [ 109.442582317260445, -7.473391071756192 ], [ 109.442427855803089, -7.47376128506979 ], [ 109.441798410763653, -7.474319675386999 ], [ 109.441513310917685, -7.474155936128031 ], [ 109.440299033303731, -7.47446806892661 ], [ 109.4398429891951, -7.473824478174834 ], [ 109.43879753676616, -7.474182497491773 ], [ 109.438804033672042, -7.473468126706275 ], [ 109.438630366759909, -7.47318716104248 ], [ 109.437473565361941, -7.472441641345266 ], [ 109.437011115263843, -7.471689447827228 ], [ 109.437193765502983, -7.469673664736131 ], [ 109.437629622052967, -7.469331571709898 ], [ 109.437728100862827, -7.468780258661291 ], [ 109.437597209399087, -7.466573510956399 ], [ 109.438454043690115, -7.465111590850167 ] ] ] } },
{ "type": "Feature", "properties": { "DESA": "Klampok" }, "geometry": { "type": "Polygon", "coordinates": [ [ [ 109.44737348467595, -7.455612223434183 ], [ 109.448490862943302, -7.456601763591615 ], [ 109.449822993310164, -7.459382479451503 ], [ 109.44440251485905, -7.461868254326886 ], [ 109.440152212176812, -7.464131975841772 ], [ 109.43966685461244, -7.464636630242309 ], [ 109.438454043690115, -7.465111590850167 ], [ 109.438115699261274, -7.464712514725509 ], [ 109.435329630061958, -7.463011780819057 ], [ 109.434075801622257, -7.462039717734039 ], [ 109.431035292991567, -7.462779487173666 ], [ 109.426116264051416, -7.463159871130446 ], [ 109.424139762761072, -7.464192677478015 ], [ 109.423754309058268, -7.463205694967349 ], [ 109.423617433929607, -7.460727536787302 ], [ 109.422541155774596, -7.459584399484229 ], [ 109.422747097992129, -7.459151094739542 ], [ 109.423098543758769, -7.458890080412594 ], [ 109.423682693831651, -7.458774635691237 ], [ 109.425316189767486, -7.459187375280973 ], [ 109.426279410306037, -7.459254089641967 ], [ 109.426951337182203, -7.459138952989763 ], [ 109.427361543976573, -7.458760615671276 ], [ 109.42748138391417, -7.457856798268718 ], [ 109.425705397260728, -7.456512195116344 ], [ 109.425415206242818, -7.45595959368752 ], [ 109.426411501747197, -7.45500465261224 ], [ 109.42708352082596, -7.45479901803814 ], [ 109.428162438691587, -7.455182650353367 ], [ 109.4285939697738, -7.456992672170673 ], [ 109.429288556565339, -7.45871322248157 ], [ 109.429724574936614, -7.459266340691684 ], [ 109.430190759952836, -7.459530265347799 ], [ 109.430680796754459, -7.459369183329429 ], [ 109.432633109200736, -7.458028781624083 ], [ 109.433678095989848, -7.457643646255651 ], [ 109.434827978770599, -7.456960537558792 ], [ 109.436188365223032, -7.455816914745116 ], [ 109.436921890324314, -7.454951422716839 ], [ 109.437587285576598, -7.45364260485082 ], [ 109.437728422488789, -7.453046328417726 ], [ 109.43759049092624, -7.452738368046556 ], [ 109.436098507990351, -7.451792686700246 ], [ 109.435890826794861, -7.451520732661735 ], [ 109.436067609890571, -7.450689435253836 ], [ 109.436661196396074, -7.449995220037807 ], [ 109.437915999708721, -7.449167727388748 ], [ 109.439448529569916, -7.448513072655031 ], [ 109.440005005166086, -7.448551196697848 ], [ 109.440454340134465, -7.449249003163441 ], [ 109.440269600621164, -7.452331858759725 ], [ 109.440716752524281, -7.453753184132679 ], [ 109.441375643927501, -7.454279956378623 ], [ 109.442002187103171, -7.454110299986128 ], [ 109.443262222348537, -7.454150989165365 ], [ 109.446253629275489, -7.455644453606408 ], [ 109.44737348467595, -7.455612223434183 ] ] ] } },
{ "type": "Feature", "properties": { "DESA": "Kalimandi" }, "geometry": { "type": "Polygon", "coordinates": [ [ [ 109.456591841057417, -7.452823140944592 ], [ 109.458691329144941, -7.452758133654392 ], [ 109.460199594271245, -7.462122476091167 ], [ 109.460780004824073, -7.462522382233741 ], [ 109.463475350461948, -7.462513681203713 ], [ 109.463671541894442, -7.462830880990236 ], [ 109.463895080650346, -7.464088597583666 ], [ 109.46420704780661, -7.464668382463559 ], [ 109.466717356379377, -7.46794146017581 ], [ 109.466717088612967, -7.468511209720478 ], [ 109.465624887668497, -7.468163775409762 ], [ 109.458509053243461, -7.46948633478526 ], [ 109.456333933703903, -7.470174962454493 ], [ 109.455982962429431, -7.470472169941917 ], [ 109.453510276232223, -7.47139489030398 ], [ 109.452863783650386, -7.471112361995363 ], [ 109.452973950105957, -7.470461634720528 ], [ 109.453624065453795, -7.469225060930435 ], [ 109.453614961024044, -7.468754820471856 ], [ 109.453148127258046, -7.467541546249955 ], [ 109.45297258165202, -7.465858993498777 ], [ 109.453152708793326, -7.465515986091892 ], [ 109.453098962075302, -7.464611543731835 ], [ 109.451070128282652, -7.464857665482547 ], [ 109.450927722084145, -7.463970994317426 ], [ 109.451170291572922, -7.462633546114487 ], [ 109.450868794713969, -7.460697321983506 ], [ 109.449363953530138, -7.458612317896675 ], [ 109.448490862943302, -7.456601763591615 ], [ 109.44737348467595, -7.455612223434183 ], [ 109.44868123887629, -7.453898714163101 ], [ 109.448653435040342, -7.453202300473656 ], [ 109.447205634031292, -7.451750436022666 ], [ 109.44672383163585, -7.450998185165791 ], [ 109.446786008104013, -7.450546277363011 ], [ 109.447395779234682, -7.449282535975855 ], [ 109.448671378844281, -7.448102402663974 ], [ 109.449613694597531, -7.446930138109947 ], [ 109.450432374472427, -7.446544162150021 ], [ 109.451310250885683, -7.446574355526916 ], [ 109.452429326010062, -7.446822458327469 ], [ 109.452821701362225, -7.447067929466288 ], [ 109.453242442286381, -7.447937491340147 ], [ 109.453595128390134, -7.450958963788969 ], [ 109.453775706765498, -7.451294192580404 ], [ 109.454667151112886, -7.452038828305345 ], [ 109.455614564727242, -7.452566589816939 ], [ 109.456591841057417, -7.452823140944592 ] ] ] } },
{ "type": "Feature", "properties": { "DESA": "Kaliwasuh" }, "geometry": { "type": "Polygon", "coordinates": [ [ [ 109.465229100682748, -7.446053156943866 ], [ 109.466991582480375, -7.447641762951025 ], [ 109.469730985489733, -7.448862888753066 ], [ 109.470340079185405, -7.448982614827228 ], [ 109.471315794810252, -7.448958862927897 ], [ 109.473299718532502, -7.448178977215178 ], [ 109.473733648306776, -7.449265553143949 ], [ 109.474439193971435, -7.450398359878847 ], [ 109.474687337752499, -7.452650833158332 ], [ 109.474467929682703, -7.453147412551343 ], [ 109.471562160636566, -7.455144896289832 ], [ 109.471514613638163, -7.455542527748559 ], [ 109.470077499703976, -7.457762049379992 ], [ 109.468642942762898, -7.458317793747423 ], [ 109.46790107193236, -7.458116235637228 ], [ 109.466688358570153, -7.458229652390974 ], [ 109.465760779977359, -7.458497658226856 ], [ 109.464947181605808, -7.459607121830056 ], [ 109.464537549490061, -7.460898802261335 ], [ 109.463475350461948, -7.462513681203713 ], [ 109.460780004824073, -7.462522382233741 ], [ 109.460199594271245, -7.462122476091167 ], [ 109.458691329144941, -7.452758133654392 ], [ 109.460333495480683, -7.452239396289955 ], [ 109.461258427304188, -7.450949512122016 ], [ 109.461580054886497, -7.449485753694058 ], [ 109.461614977654875, -7.44774064392876 ], [ 109.461903981335382, -7.44736184502178 ], [ 109.46446848544052, -7.446113805697425 ], [ 109.465229100682748, -7.446053156943866 ] ] ] } },
{ "type": "Feature", "properties": { "DESA": "Salamerta" }, "geometry": { "type": "Polygon", "coordinates": [ [ [ 109.470874934264032, -7.489043365543927 ], [ 109.473855917929527, -7.486738807440937 ], [ 109.474611060576862, -7.485909487429313 ], [ 109.474769909707121, -7.485023856771893 ], [ 109.475431263561703, -7.484953819216147 ], [ 109.476684542153848, -7.486305507891745 ], [ 109.477174651706264, -7.487120967008155 ], [ 109.47761135978395, -7.488298055150644 ], [ 109.477709384611344, -7.489437809218781 ], [ 109.477281083843252, -7.490702314791541 ], [ 109.477292797231527, -7.491244895085512 ], [ 109.477660522588167, -7.492494071795194 ], [ 109.477294643076476, -7.494391740450338 ], [ 109.477124032653407, -7.494834240681747 ], [ 109.476559363735703, -7.495112551432433 ], [ 109.475634409832153, -7.495977446990344 ], [ 109.475224523937044, -7.496690431626048 ], [ 109.474702306814081, -7.497113629767958 ], [ 109.475439105080966, -7.498255597576751 ], [ 109.47590132523483, -7.500002347857692 ], [ 109.476141802891775, -7.500373945098112 ], [ 109.47638026723493, -7.501496103791172 ], [ 109.476244136645022, -7.502634955426239 ], [ 109.475056076976344, -7.505135682015401 ], [ 109.474165513635725, -7.506136300760261 ], [ 109.472735786648769, -7.50737923477136 ], [ 109.472449008562293, -7.507857490317931 ], [ 109.47195860429477, -7.509221215885132 ], [ 109.470450084327311, -7.511775050238045 ], [ 109.470205464393345, -7.512352898681957 ], [ 109.470190402565834, -7.513582664245268 ], [ 109.469870136332119, -7.514639500463906 ], [ 109.468914099702673, -7.516191542008468 ], [ 109.466509995990194, -7.518253935008824 ], [ 109.465256985848953, -7.518900578473075 ], [ 109.464124641512711, -7.51931258043935 ], [ 109.462256145040811, -7.519378359772589 ], [ 109.461497185677715, -7.518444320495418 ], [ 109.460158435358082, -7.516260352222885 ], [ 109.457854701773456, -7.513774648695497 ], [ 109.457202327131355, -7.51313028341279 ], [ 109.454216662999485, -7.511483048071755 ], [ 109.454338676385262, -7.510931903235467 ], [ 109.45614286106742, -7.509410096005143 ], [ 109.458596472520526, -7.506968131356925 ], [ 109.459106919837637, -7.505948137290305 ], [ 109.459290846413055, -7.504700888435127 ], [ 109.459098797725559, -7.502864582551063 ], [ 109.458510436665009, -7.501017846713167 ], [ 109.458471191701591, -7.50000496519727 ], [ 109.458692266598732, -7.499707305223349 ], [ 109.459094337261561, -7.499545980897757 ], [ 109.460689961593246, -7.499759506409861 ], [ 109.461399403588473, -7.499554051888738 ], [ 109.461765352842875, -7.499274978273341 ], [ 109.461703429286004, -7.494717316228434 ], [ 109.461192309842161, -7.493530918895373 ], [ 109.461431777931352, -7.492184412099411 ], [ 109.462397750175739, -7.490107960217898 ], [ 109.462799276330585, -7.489928546975557 ], [ 109.464491378183467, -7.49023288707816 ], [ 109.4657811435073, -7.490137844326656 ], [ 109.466363366774985, -7.489389397693295 ], [ 109.467053289806344, -7.487537987738668 ], [ 109.467461119525794, -7.487349550526758 ], [ 109.467967951494742, -7.487414599240527 ], [ 109.470874934264032, -7.489043365543927 ] ] ] } },
{ "type": "Feature", "properties": { "DESA": "Glempang" }, "geometry": { "type": "Polygon", "coordinates": [ [ [ 109.481400340865832, -7.474792363888726 ], [ 109.481588528259039, -7.47727969632871 ], [ 109.481856289911036, -7.478121597652258 ], [ 109.482391011608357, -7.478892091098599 ], [ 109.484682316196, -7.481305291267048 ], [ 109.485076842655872, -7.482002974218346 ], [ 109.484791369559218, -7.483087076550986 ], [ 109.484917705713301, -7.48347635815249 ], [ 109.484231801042696, -7.483862846556083 ], [ 109.484267211655848, -7.484577376630792 ], [ 109.48368030262138, -7.486302521421878 ], [ 109.482994583998135, -7.487195385282027 ], [ 109.482831794806472, -7.487755447496573 ], [ 109.483008043335332, -7.48926614728005 ], [ 109.484102899998106, -7.489125264089622 ], [ 109.484589785893959, -7.489235430143919 ], [ 109.48485413166344, -7.489598064362878 ], [ 109.484925128787069, -7.491343555137568 ], [ 109.485524771651711, -7.492249884874676 ], [ 109.485692363097996, -7.493652065415267 ], [ 109.486238561980969, -7.494956099257613 ], [ 109.486398173174194, -7.496376334278375 ], [ 109.486340673052112, -7.497687331990958 ], [ 109.486979228000607, -7.498340651638562 ], [ 109.486975730000623, -7.499353396659296 ], [ 109.487259374045934, -7.500511873754297 ], [ 109.487102066863542, -7.50106291533772 ], [ 109.487202158590051, -7.501415943661137 ], [ 109.48768456285724, -7.501616502257373 ], [ 109.48796523447956, -7.502078642031447 ], [ 109.489208382151915, -7.503186173043183 ], [ 109.489538364651452, -7.503151053238292 ], [ 109.490263762591539, -7.503497188887014 ], [ 109.490279474976489, -7.503858968097277 ], [ 109.49060690973792, -7.504086204926908 ], [ 109.490871435199963, -7.505787068619684 ], [ 109.492499216107973, -7.508351767321638 ], [ 109.491279458503627, -7.509966257316278 ], [ 109.487772691153481, -7.510858462562001 ], [ 109.486652007520462, -7.510673694184114 ], [ 109.484806259669199, -7.511209960825863 ], [ 109.484130710905404, -7.511849619394745 ], [ 109.483063186081381, -7.513808155852832 ], [ 109.482740167633708, -7.514783720942911 ], [ 109.482821333895643, -7.515615939277136 ], [ 109.483221939415671, -7.516611997031706 ], [ 109.48318626564776, -7.517181536851663 ], [ 109.482562078673595, -7.517550143116579 ], [ 109.48182025345335, -7.517864096211383 ], [ 109.478165048011292, -7.518493420254476 ], [ 109.473479423078743, -7.520086763343109 ], [ 109.471825283019967, -7.521111833626884 ], [ 109.46879149012355, -7.522331067695115 ], [ 109.467579116719151, -7.522381076669211 ], [ 109.466857359883491, -7.521826976192762 ], [ 109.465646155169225, -7.520077510516666 ], [ 109.464124641512711, -7.51931258043935 ], [ 109.466509995990194, -7.518253935008824 ], [ 109.468914099702673, -7.516191542008468 ], [ 109.469870136332119, -7.514639500463906 ], [ 109.470190402565834, -7.513582664245268 ], [ 109.470205464393345, -7.512352898681957 ], [ 109.470450084327311, -7.511775050238045 ], [ 109.47195860429477, -7.509221215885132 ], [ 109.472449008562293, -7.507857490317931 ], [ 109.472735786648769, -7.50737923477136 ], [ 109.474165513635725, -7.506136300760261 ], [ 109.475056076976344, -7.505135682015401 ], [ 109.475888200528487, -7.503601359626398 ], [ 109.476244136645022, -7.502634955426239 ], [ 109.47638026723493, -7.501496103791172 ], [ 109.475439105080966, -7.498255597576751 ], [ 109.474702306814081, -7.497113629767958 ], [ 109.475224523937044, -7.496690431626048 ], [ 109.475634409832153, -7.495977446990344 ], [ 109.476559363735703, -7.495112551432433 ], [ 109.477124032653407, -7.494834240681747 ], [ 109.477660522588167, -7.492494071795194 ], [ 109.477292797231527, -7.491244895085512 ], [ 109.477281083843252, -7.490702314791541 ], [ 109.477709384611344, -7.489437809218781 ], [ 109.47761135978395, -7.488298055150644 ], [ 109.477174651706264, -7.487120967008155 ], [ 109.476684542153848, -7.486305507891745 ], [ 109.475431263561703, -7.484953819216147 ], [ 109.474769909707121, -7.485023856771893 ], [ 109.474611060576862, -7.485909487429313 ], [ 109.473855917929527, -7.486738807440937 ], [ 109.472611612625997, -7.487683959950121 ], [ 109.472176612395231, -7.486986128516692 ], [ 109.472113685664837, -7.486262555567083 ], [ 109.472352866758754, -7.485973988924696 ], [ 109.473205202795654, -7.48576891477483 ], [ 109.473238480047684, -7.485244572806919 ], [ 109.472601018673913, -7.484374265097405 ], [ 109.472351633371105, -7.483387771943298 ], [ 109.471888497485253, -7.483133023706833 ], [ 109.4717159407015, -7.4827616619959 ], [ 109.472257301715331, -7.481705493468585 ], [ 109.473021700438821, -7.481219848124947 ], [ 109.473230689103644, -7.479837056829426 ], [ 109.473915195140165, -7.478971327802874 ], [ 109.474460123557577, -7.478756233888952 ], [ 109.477046797851827, -7.476703414791415 ], [ 109.47784822385546, -7.47658865049769 ], [ 109.479791352274773, -7.475609719746955 ], [ 109.480240471963626, -7.475575013488488 ], [ 109.480477967806124, -7.475187075432073 ], [ 109.481400340865832, -7.474792363888726 ] ] ] } },
{ "type": "Feature", "properties": { "DESA": "Kebanaran" }, "geometry": { "type": "Polygon", "coordinates": [ [ [ 109.501215969263939, -7.466956729464527 ], [ 109.503357230531634, -7.466457608235257 ], [ 109.504249299501367, -7.466397343666613 ], [ 109.504017591990035, -7.469923248636 ], [ 109.504211867726539, -7.471406892236245 ], [ 109.503812004297103, -7.474091237715506 ], [ 109.503710695358308, -7.4779973919436 ], [ 109.503171767352157, -7.477769449320874 ], [ 109.502652325497493, -7.478246945699246 ], [ 109.501995408463671, -7.478244714655395 ], [ 109.501627905529773, -7.478749848374546 ], [ 109.50140740505158, -7.479481594793955 ], [ 109.500868170134027, -7.483829349187826 ], [ 109.500926611894286, -7.486623734966568 ], [ 109.500134312875716, -7.487887037538973 ], [ 109.500000389201119, -7.489297235525266 ], [ 109.498976163406496, -7.4910661255897 ], [ 109.499142917712049, -7.491961925135969 ], [ 109.499558552138424, -7.492722959536 ], [ 109.49976631601028, -7.493817799034087 ], [ 109.499075365550382, -7.49632935837887 ], [ 109.497897320716021, -7.499589736832187 ], [ 109.49799629386689, -7.500358732492034 ], [ 109.498475639276393, -7.501780062909197 ], [ 109.497577065025212, -7.502735509271794 ], [ 109.497337183727936, -7.503729459480285 ], [ 109.495862903174896, -7.506518594925809 ], [ 109.494848338061232, -7.507500758008475 ], [ 109.493149321133927, -7.507784332086084 ], [ 109.492499216107973, -7.508351767321638 ], [ 109.490871435199963, -7.505787068619684 ], [ 109.49060690973792, -7.504086204926908 ], [ 109.490279474976489, -7.503858968097277 ], [ 109.490263762591539, -7.503497188887014 ], [ 109.489538364651452, -7.503151053238292 ], [ 109.489208382151915, -7.503186173043183 ], [ 109.48796523447956, -7.502078642031447 ], [ 109.48768456285724, -7.501616502257373 ], [ 109.487202158590051, -7.501415943661137 ], [ 109.487102066863542, -7.50106291533772 ], [ 109.487259374045934, -7.500511873754297 ], [ 109.486975730000623, -7.499353396659296 ], [ 109.486979228000607, -7.498340651638562 ], [ 109.486340673052112, -7.497687331990958 ], [ 109.486398173174194, -7.496376334278375 ], [ 109.486238561980969, -7.494956099257613 ], [ 109.485692363097996, -7.493652065415267 ], [ 109.485524771651711, -7.492249884874676 ], [ 109.484925128787069, -7.491343555137568 ], [ 109.48485413166344, -7.489598064362878 ], [ 109.484589785893959, -7.489235430143919 ], [ 109.484102899998106, -7.489125264089622 ], [ 109.483008043335332, -7.48926614728005 ], [ 109.482831794806472, -7.487755447496573 ], [ 109.482994583998135, -7.487195385282027 ], [ 109.48368030262138, -7.486302521421878 ], [ 109.484267211655848, -7.484577376630792 ], [ 109.484231801042696, -7.483862846556083 ], [ 109.484917705713301, -7.48347635815249 ], [ 109.484791369559218, -7.483087076550986 ], [ 109.485076842655872, -7.482002974218346 ], [ 109.484682316196, -7.481305291267048 ], [ 109.485461986642463, -7.48115427618014 ], [ 109.485628135720304, -7.480765999588137 ], [ 109.486148597093973, -7.480496470898198 ], [ 109.489189103554651, -7.480940953748871 ], [ 109.489388138193618, -7.479874631651521 ], [ 109.490193764100098, -7.47901832685308 ], [ 109.490358390899118, -7.477897640493893 ], [ 109.490659303368915, -7.477663517136323 ], [ 109.491601626189038, -7.477485923448848 ], [ 109.491779286011862, -7.477115764276794 ], [ 109.491257807731941, -7.474310763766645 ], [ 109.494666004234432, -7.472595231669294 ], [ 109.497887826525115, -7.472090696945211 ], [ 109.499221351971556, -7.471507483519333 ], [ 109.499581939244749, -7.471210268679018 ], [ 109.500226149328498, -7.470181611997295 ], [ 109.501432144470826, -7.468982992861871 ], [ 109.501509840825634, -7.467952409790543 ], [ 109.501215969263939, -7.466956729464527 ] ] ] } },
{ "type": "Feature", "properties": { "DESA": "Kaliwungu" }, "geometry": { "type": "Polygon", "coordinates": [ [ [ 109.504249299501367, -7.466397343666613 ], [ 109.505907460293173, -7.466348620010073 ], [ 109.506256582336221, -7.466675365477128 ], [ 109.506752515857414, -7.466713206345322 ], [ 109.507117423455185, -7.466967677059052 ], [ 109.508262371685035, -7.466645981057565 ], [ 109.508668683812331, -7.466719680915097 ], [ 109.508921077547441, -7.46827593978746 ], [ 109.50895499047256, -7.475392734803262 ], [ 109.510316861789406, -7.476057416362671 ], [ 109.510746029521144, -7.478581836662095 ], [ 109.510791844175074, -7.479766628709303 ], [ 109.510504501461753, -7.481420425123921 ], [ 109.510541582193326, -7.482162090004251 ], [ 109.51127537752572, -7.486704036371071 ], [ 109.51118093157811, -7.490185210254589 ], [ 109.510887805181369, -7.491866198877636 ], [ 109.510985441445683, -7.493629877624957 ], [ 109.510751351755687, -7.497020076995881 ], [ 109.510511897627154, -7.498909277768244 ], [ 109.51023684081521, -7.499776458397361 ], [ 109.510281581312, -7.500373403241877 ], [ 109.51051465605633, -7.500844412802607 ], [ 109.511301932374082, -7.501235930619431 ], [ 109.511438056574391, -7.501589079233069 ], [ 109.511598252377098, -7.503850312840079 ], [ 109.512154117915216, -7.505018659359094 ], [ 109.512054940355824, -7.506456197428103 ], [ 109.512580514322806, -7.507524991003202 ], [ 109.512787271922065, -7.509497072178785 ], [ 109.510918599450761, -7.509463527125498 ], [ 109.507783249724582, -7.508693356226589 ], [ 109.504984193433003, -7.50921734321753 ], [ 109.503138401525746, -7.509355711150742 ], [ 109.502449201394597, -7.50951618861851 ], [ 109.500403945543141, -7.510431563457478 ], [ 109.500000219377966, -7.510421143685693 ], [ 109.499205484170659, -7.509568402480907 ], [ 109.498787230950867, -7.508762151828151 ], [ 109.49839155573288, -7.506319303707399 ], [ 109.498283226105414, -7.503551784406661 ], [ 109.497863539460468, -7.503252000531633 ], [ 109.497486239076494, -7.503359201753417 ], [ 109.497577065025212, -7.502735509271794 ], [ 109.498475639276393, -7.501780062909197 ], [ 109.49799629386689, -7.500358732492034 ], [ 109.497897320716021, -7.499589736832187 ], [ 109.499075365550382, -7.49632935837887 ], [ 109.49976631601028, -7.493817799034087 ], [ 109.499558552138424, -7.492722959536 ], [ 109.499142917712049, -7.491961925135969 ], [ 109.498976163406496, -7.4910661255897 ], [ 109.500000389201119, -7.489297235525266 ], [ 109.500134312875716, -7.487887037538973 ], [ 109.500926611894286, -7.486623734966568 ], [ 109.500868170134027, -7.483829349187826 ], [ 109.50140740505158, -7.479481594793955 ], [ 109.501627905529773, -7.478749848374546 ], [ 109.501995408463671, -7.478244714655395 ], [ 109.502652325497493, -7.478246945699246 ], [ 109.503171767352157, -7.477769449320874 ], [ 109.503710695358308, -7.4779973919436 ], [ 109.503812004297103, -7.474091237715506 ], [ 109.504211867726539, -7.471406892236245 ], [ 109.504017591990035, -7.469923248636 ], [ 109.504249299501367, -7.466397343666613 ] ] ] } },
{ "type": "Feature", "properties": { "DESA": "Somawangi" }, "geometry": { "type": "Polygon", "coordinates": [ [ [ 109.517954839869503, -7.462998203478861 ], [ 109.520525649903064, -7.462654128994306 ], [ 109.521467243116319, -7.462928601291213 ], [ 109.522156899165054, -7.463699484986124 ], [ 109.524054853689833, -7.464926638370959 ], [ 109.524279521672355, -7.465388571458247 ], [ 109.523728004856338, -7.465884075065708 ], [ 109.523610002110274, -7.466362945040492 ], [ 109.525916606896487, -7.473324645069847 ], [ 109.527183715726892, -7.476258802452635 ], [ 109.525865904553768, -7.476435220825034 ], [ 109.525456974673219, -7.476714216062732 ], [ 109.52444187939787, -7.48002950747745 ], [ 109.523873956465195, -7.48093188858831 ], [ 109.522205140012119, -7.482617327300401 ], [ 109.522489233993355, -7.483603930427921 ], [ 109.522452221570973, -7.484589456912754 ], [ 109.522777216354342, -7.485522041658197 ], [ 109.522757821572227, -7.486489545246912 ], [ 109.521907099707519, -7.489054788569934 ], [ 109.521884643996955, -7.489931871276602 ], [ 109.522222755143645, -7.490918746806901 ], [ 109.522821943136492, -7.491653169528434 ], [ 109.522560124682045, -7.492303424031167 ], [ 109.522647514441346, -7.492665447936708 ], [ 109.523453684147952, -7.492993629329938 ], [ 109.523739037694639, -7.493274948204158 ], [ 109.523647826872875, -7.493781029118307 ], [ 109.522790250886843, -7.494185087030527 ], [ 109.522071722779643, -7.494897094444158 ], [ 109.521729450667408, -7.49487786271427 ], [ 109.520722572657931, -7.496239940554841 ], [ 109.520716181364065, -7.497026576068342 ], [ 109.521516848414294, -7.497481408095413 ], [ 109.521742653535497, -7.498449825105029 ], [ 109.520346457507273, -7.499692968083327 ], [ 109.519758517864346, -7.501155991455568 ], [ 109.519655674419326, -7.501851891780875 ], [ 109.519222764717171, -7.502673344506201 ], [ 109.51910482248951, -7.50381238270632 ], [ 109.518313569788219, -7.504017658574295 ], [ 109.518024376594738, -7.504450741064638 ], [ 109.518069777146493, -7.504767418930394 ], [ 109.517703675227608, -7.505164077764428 ], [ 109.517710508268081, -7.505661445125654 ], [ 109.518069767818702, -7.506358902857339 ], [ 109.519053510403197, -7.50758302394849 ], [ 109.518907048872023, -7.508957030932493 ], [ 109.518342988331511, -7.510863227515566 ], [ 109.512787271922065, -7.509497072178785 ], [ 109.512580514322806, -7.507524991003202 ], [ 109.512054940355824, -7.506456197428103 ], [ 109.512154117915216, -7.505018659359094 ], [ 109.511598252377098, -7.503850312840079 ], [ 109.511438056574391, -7.501589079233069 ], [ 109.511301932374082, -7.501235930619431 ], [ 109.51051465605633, -7.500844412802607 ], [ 109.510281581312, -7.500373403241877 ], [ 109.51023684081521, -7.499776458397361 ], [ 109.510511897627154, -7.498909277768244 ], [ 109.510751351755687, -7.497020076995881 ], [ 109.510985441445683, -7.493629877624957 ], [ 109.510887805181369, -7.491866198877636 ], [ 109.51118093157811, -7.490185210254589 ], [ 109.51127537752572, -7.486704036371071 ], [ 109.510541582193326, -7.482162090004251 ], [ 109.510504501461753, -7.481420425123921 ], [ 109.510791844175074, -7.479766628709303 ], [ 109.510746029521144, -7.478581836662095 ], [ 109.510316861789406, -7.476057416362671 ], [ 109.50895499047256, -7.475392734803262 ], [ 109.508921077547441, -7.46827593978746 ], [ 109.508668683812331, -7.466719680915097 ], [ 109.510384255410017, -7.467014871943135 ], [ 109.511135224795439, -7.466330109879411 ], [ 109.511846303887097, -7.465952785534134 ], [ 109.512928025778166, -7.465902092492004 ], [ 109.513342114718228, -7.465686502959625 ], [ 109.514600577179152, -7.464180621367013 ], [ 109.515085680076623, -7.463974219035787 ], [ 109.517532682565957, -7.463747370766701 ], [ 109.517954839869503, -7.462998203478861 ] ] ] } },
{ "type": "Feature", "properties": { "DESA": "Jalatunda" }, "geometry": { "type": "Polygon", "coordinates": [ [ [ 109.525865904553768, -7.476435220825034 ], [ 109.527860292355939, -7.476125355120092 ], [ 109.528545371336392, -7.476308552045294 ], [ 109.529558333337931, -7.476944893087273 ], [ 109.530381082228985, -7.476956676307506 ], [ 109.531578066522499, -7.475803228354963 ], [ 109.532388092861297, -7.475552684235057 ], [ 109.532758096590726, -7.475653366589068 ], [ 109.533881554980866, -7.476941202897983 ], [ 109.534579472507886, -7.477196762294751 ], [ 109.535209625549641, -7.477072190341701 ], [ 109.535380973375268, -7.476792486493236 ], [ 109.535232558682267, -7.475616384559522 ], [ 109.535540479518659, -7.474640791364954 ], [ 109.53593464976683, -7.474551688925261 ], [ 109.537558102684798, -7.475316613461167 ], [ 109.538485611237846, -7.47525639968997 ], [ 109.538679565870325, -7.475591652355605 ], [ 109.538327505959089, -7.47750755496856 ], [ 109.538298488601711, -7.478818685419612 ], [ 109.538483838063257, -7.479786875309119 ], [ 109.540697984259694, -7.48259757698745 ], [ 109.541601126687823, -7.484074534113438 ], [ 109.542532004839543, -7.484782999521244 ], [ 109.543412007790991, -7.4865040780613 ], [ 109.543903273160311, -7.488296199665514 ], [ 109.543867056693003, -7.489055621844126 ], [ 109.543675064064672, -7.489814619194081 ], [ 109.542339762702696, -7.491935307242207 ], [ 109.539895808035311, -7.494694318171797 ], [ 109.534128845256134, -7.4982742054836 ], [ 109.533689468466235, -7.499005246446351 ], [ 109.531458967333094, -7.499621726039731 ], [ 109.528840542668931, -7.499504481874104 ], [ 109.527046617501014, -7.499625051196112 ], [ 109.526315686979515, -7.500002415449425 ], [ 109.52620072263197, -7.500662205113743 ], [ 109.526871648867285, -7.501731474381532 ], [ 109.527102857685108, -7.502763105974629 ], [ 109.526984787040121, -7.504634562582314 ], [ 109.526573055054442, -7.504805052049009 ], [ 109.525254661981776, -7.506148011453848 ], [ 109.525088007967426, -7.506536305857979 ], [ 109.524131910187904, -7.507256466050557 ], [ 109.523641719587317, -7.50835809256213 ], [ 109.522384511170088, -7.509520425109621 ], [ 109.521915800423542, -7.510233176939959 ], [ 109.521917176314616, -7.511417823099921 ], [ 109.521462572821321, -7.512465228471298 ], [ 109.518342988331511, -7.510863227515566 ], [ 109.518907048872023, -7.508957030932493 ], [ 109.519053510403197, -7.50758302394849 ], [ 109.518069767818702, -7.506358902857339 ], [ 109.517710508268081, -7.505661445125654 ], [ 109.517703675227608, -7.505164077764428 ], [ 109.518069777146493, -7.504767418930394 ], [ 109.518024376594738, -7.504450741064638 ], [ 109.518313569788219, -7.504017658574295 ], [ 109.51910482248951, -7.50381238270632 ], [ 109.519222764717171, -7.502673344506201 ], [ 109.519655674419326, -7.501851891780875 ], [ 109.519758517864346, -7.501155991455568 ], [ 109.520346457507273, -7.499692968083327 ], [ 109.521742653535497, -7.498449825105029 ], [ 109.521516848414294, -7.497481408095413 ], [ 109.520716181364065, -7.497026576068342 ], [ 109.520722572657931, -7.496239940554841 ], [ 109.521729450667408, -7.49487786271427 ], [ 109.522071722779643, -7.494897094444158 ], [ 109.522790250886843, -7.494185087030527 ], [ 109.523647826872875, -7.493781029118307 ], [ 109.523739037694639, -7.493274948204158 ], [ 109.523453684147952, -7.492993629329938 ], [ 109.522647514441346, -7.492665447936708 ], [ 109.522560124682045, -7.492303424031167 ], [ 109.522821943136492, -7.491653169528434 ], [ 109.522222755143645, -7.490918746806901 ], [ 109.521884643996955, -7.489931871276602 ], [ 109.521907099707519, -7.489054788569934 ], [ 109.522757821572227, -7.486489545246912 ], [ 109.522777216354342, -7.485522041658197 ], [ 109.522452221570973, -7.484589456912754 ], [ 109.522489233993355, -7.483603930427921 ], [ 109.522205140012119, -7.482617327300401 ], [ 109.523873956465195, -7.48093188858831 ], [ 109.52444187939787, -7.48002950747745 ], [ 109.525456974673219, -7.476714216062732 ], [ 109.525865904553768, -7.476435220825034 ] ] ] } },
{ "type": "Feature", "properties": { "DESA": "Kebakalan" }, "geometry": { "type": "Polygon", "coordinates": [ [ [ 109.531682618003714, -7.45252711926548 ], [ 109.533121624047254, -7.452143036138108 ], [ 109.533262496821663, -7.45439517945241 ], [ 109.533165878613417, -7.454738509797367 ], [ 109.533736132589425, -7.455744139178222 ], [ 109.533221049141744, -7.456881876078002 ], [ 109.532571018381176, -7.457802088191605 ], [ 109.532793994850707, -7.458101273449825 ], [ 109.532797981090042, -7.458788497465619 ], [ 109.532410717382021, -7.459275519533981 ], [ 109.531307439295318, -7.459497972269687 ], [ 109.530620332528798, -7.460354769371692 ], [ 109.529205225877575, -7.461380922609345 ], [ 109.526966908706399, -7.464303395597337 ], [ 109.526517314790112, -7.464392306619883 ], [ 109.52577164841864, -7.464950453088187 ], [ 109.524279521672355, -7.465388571458247 ], [ 109.524054853689833, -7.464926638370959 ], [ 109.522156899165054, -7.463699484986124 ], [ 109.521828346772296, -7.463228162844274 ], [ 109.522010842702244, -7.462921378878686 ], [ 109.522264514089628, -7.460996039119796 ], [ 109.522461305580251, -7.460725466560146 ], [ 109.522531841438322, -7.459296860100015 ], [ 109.523372004728159, -7.456197964239709 ], [ 109.523735187884199, -7.455719912080903 ], [ 109.525656583016584, -7.455337556837281 ], [ 109.526141783138243, -7.454606669416385 ], [ 109.52834295984789, -7.45428843008059 ], [ 109.531682618003714, -7.45252711926548 ] ] ] } },
{ "type": "Feature", "properties": { "DESA": "Mandiraja Wetan" }, "geometry": { "type": "Polygon", "coordinates": [ [ [ 109.524692402804874, -7.44194177467048 ], [ 109.525259273633495, -7.441826128326215 ], [ 109.526674632845385, -7.442047912151338 ], [ 109.528300835381302, -7.441881446308419 ], [ 109.528880841979117, -7.44165734617466 ], [ 109.529335020690908, -7.441306162454508 ], [ 109.530296927810099, -7.439799226498964 ], [ 109.531458950682648, -7.438654592470955 ], [ 109.532594918139623, -7.437952970521788 ], [ 109.532610841814076, -7.438938770489147 ], [ 109.533170577961798, -7.442431107386834 ], [ 109.533052355829795, -7.446735166486451 ], [ 109.533396117674656, -7.449621037421575 ], [ 109.533121624047254, -7.452143036138108 ], [ 109.531682618003714, -7.45252711926548 ], [ 109.531058053140853, -7.450155838185046 ], [ 109.527280864408311, -7.452295505506874 ], [ 109.526001422291017, -7.452815715629722 ], [ 109.5231981213729, -7.452932942109804 ], [ 109.522728005943591, -7.452795757408523 ], [ 109.523076998096684, -7.446828581869705 ], [ 109.52403977568585, -7.446433986862138 ], [ 109.524585402985934, -7.44565809573686 ], [ 109.52470603603652, -7.444880788145839 ], [ 109.524525981092182, -7.442248705989927 ], [ 109.524692402804874, -7.44194177467048 ] ] ] } },
{ "type": "Feature", "properties": { "DESA": "Mandiraja Kulon" }, "geometry": { "type": "Polygon", "coordinates": [ [ [ 109.513719109305057, -7.447168041530688 ], [ 109.514068871569748, -7.447214420376863 ], [ 109.515247878610793, -7.448032245594183 ], [ 109.517385233257016, -7.450110249420939 ], [ 109.517932020786972, -7.450238654688 ], [ 109.518392472494398, -7.449959834753058 ], [ 109.518481288323841, -7.449562327851991 ], [ 109.518509906202766, -7.447536786484125 ], [ 109.519270211194367, -7.446815868340558 ], [ 109.523076998096684, -7.446828581869705 ], [ 109.522728005943591, -7.452795757408523 ], [ 109.5231981213729, -7.452932942109804 ], [ 109.526001422291017, -7.452815715629722 ], [ 109.527280864408311, -7.452295505506874 ], [ 109.531058053140853, -7.450155838185046 ], [ 109.531682618003714, -7.45252711926548 ], [ 109.52834295984789, -7.45428843008059 ], [ 109.526141783138243, -7.454606669416385 ], [ 109.525656583016584, -7.455337556837281 ], [ 109.523735187884199, -7.455719912080903 ], [ 109.523372004728159, -7.456197964239709 ], [ 109.522821587456221, -7.457995740927298 ], [ 109.522531841438322, -7.459296860100015 ], [ 109.522461305580251, -7.460725466560146 ], [ 109.522264514089628, -7.460996039119796 ], [ 109.522010842702244, -7.462921378878686 ], [ 109.521828346772296, -7.463228162844274 ], [ 109.521467243116319, -7.462928601291213 ], [ 109.520525649903064, -7.462654128994306 ], [ 109.519199024746413, -7.462776259354321 ], [ 109.519018960846552, -7.461093758321808 ], [ 109.519749118609425, -7.460770637760297 ], [ 109.519866920362333, -7.46017414506666 ], [ 109.51977593670297, -7.457081273850014 ], [ 109.51248986129508, -7.457300931128286 ], [ 109.512716775347812, -7.455167571315039 ], [ 109.512543538718404, -7.451468504937076 ], [ 109.512795372602156, -7.448566563372018 ], [ 109.513148898667737, -7.447518815927748 ], [ 109.513719109305057, -7.447168041530688 ] ] ] } },
{ "type": "Feature", "properties": { "DESA": "Banjengan" }, "geometry": { "type": "Polygon", "coordinates": [ [ [ 109.51248986129508, -7.457300931128286 ], [ 109.51977593670297, -7.457081273850014 ], [ 109.519866920362333, -7.46017414506666 ], [ 109.519749118609425, -7.460770637760297 ], [ 109.519018960846552, -7.461093758321808 ], [ 109.519199024746413, -7.462776259354321 ], [ 109.517954839869503, -7.462998203478861 ], [ 109.517532682565957, -7.463747370766701 ], [ 109.515085680076623, -7.463974219035787 ], [ 109.514600577179152, -7.464180621367013 ], [ 109.513342114718228, -7.465686502959625 ], [ 109.512928025778166, -7.465902092492004 ], [ 109.511846303887097, -7.465952785534134 ], [ 109.511135224795439, -7.466330109879411 ], [ 109.510384255410017, -7.467014871943135 ], [ 109.508262371685035, -7.466645981057565 ], [ 109.507117423455185, -7.466967677059052 ], [ 109.506752515857414, -7.466713206345322 ], [ 109.506256582336221, -7.466675365477128 ], [ 109.506612264933963, -7.464144649971473 ], [ 109.506408655717038, -7.462832752548763 ], [ 109.506295059298765, -7.460092327448447 ], [ 109.505835422964694, -7.457703511045949 ], [ 109.51248986129508, -7.457300931128286 ] ] ] } },
{ "type": "Feature", "properties": { "DESA": "Kertayasa" }, "geometry": { "type": "Polygon", "coordinates": [ [ [ 109.49390076290797, -7.449488415708542 ], [ 109.494358919298179, -7.449381393049625 ], [ 109.494653001180922, -7.449084043247564 ], [ 109.496230918180729, -7.446892011713395 ], [ 109.496950178324951, -7.446758749600196 ], [ 109.497932712467687, -7.44747649737733 ], [ 109.498409711941704, -7.448065865867471 ], [ 109.499229826424013, -7.449578843252734 ], [ 109.501618618882233, -7.448384220135005 ], [ 109.502453895898014, -7.448097645886928 ], [ 109.503058325880986, -7.448099689996212 ], [ 109.503919291473522, -7.44876277018447 ], [ 109.504663709130824, -7.449913666742263 ], [ 109.505180718628964, -7.45014152728053 ], [ 109.50561318427377, -7.449944086673556 ], [ 109.506104567969771, -7.449312697758141 ], [ 109.506224914513425, -7.447703542505522 ], [ 109.50654180318935, -7.44759602963188 ], [ 109.510888586686619, -7.449410186025527 ], [ 109.512132097049019, -7.450571884087938 ], [ 109.512613419674608, -7.450573501928083 ], [ 109.512543538718404, -7.451468504937076 ], [ 109.512746599126217, -7.454299556731464 ], [ 109.51248986129508, -7.457300931128286 ], [ 109.505835422964694, -7.457703511045949 ], [ 109.506295059298765, -7.460092327448447 ], [ 109.506408655717038, -7.462832752548763 ], [ 109.506612264933963, -7.464144649971473 ], [ 109.506256582336221, -7.466675365477128 ], [ 109.505907460293173, -7.466348620010073 ], [ 109.503357230531634, -7.466457608235257 ], [ 109.498824166672549, -7.46759964243184 ], [ 109.498050164828626, -7.467651256076953 ], [ 109.496241142065131, -7.46703022729559 ], [ 109.494682097913369, -7.467151488576009 ], [ 109.493626090418502, -7.467482491423023 ], [ 109.492236242541722, -7.467477748238343 ], [ 109.49244518008237, -7.46713481720844 ], [ 109.491984148582944, -7.465677388333454 ], [ 109.492306282434768, -7.464457696131263 ], [ 109.492125085039717, -7.463878370123378 ], [ 109.49220246978787, -7.462856832397174 ], [ 109.493049045700431, -7.462181472234062 ], [ 109.493829879167677, -7.461876743633745 ], [ 109.49412323748335, -7.461597384980268 ], [ 109.49391892778101, -7.461244003195124 ], [ 109.493701644020788, -7.458874094534806 ], [ 109.494043630134186, -7.455077266334253 ], [ 109.49390076290797, -7.449488415708542 ] ] ] } },
{ "type": "Feature", "properties": { "DESA": "Candiwulan" }, "geometry": { "type": "Polygon", "coordinates": [ [ [ 109.484026697315358, -7.456281918017758 ], [ 109.490006318101464, -7.456492233666037 ], [ 109.493887917142757, -7.456243283950951 ], [ 109.493701644020788, -7.458874094534806 ], [ 109.49391892778101, -7.461244003195124 ], [ 109.49412323748335, -7.461597384980268 ], [ 109.493829879167677, -7.461876743633745 ], [ 109.493049045700431, -7.462181472234062 ], [ 109.49220246978787, -7.462856832397174 ], [ 109.492125085039717, -7.463878370123378 ], [ 109.492306282434768, -7.464457696131263 ], [ 109.491984148582944, -7.465677388333454 ], [ 109.490170229745942, -7.4662498987821 ], [ 109.48966938851764, -7.466076409632307 ], [ 109.486557358908726, -7.466798248370669 ], [ 109.485377256648007, -7.466631376757308 ], [ 109.484555229219438, -7.466746178484856 ], [ 109.484067228383196, -7.466554555234933 ], [ 109.483004161437975, -7.466614191069887 ], [ 109.48237521882028, -7.465915794218466 ], [ 109.484921959476608, -7.463428716450856 ], [ 109.484114009039757, -7.462928607423563 ], [ 109.483960074543702, -7.460423218305045 ], [ 109.484026697315358, -7.456281918017758 ] ] ] } },
{ "type": "Feature", "properties": { "DESA": "Simbang" }, "geometry": { "type": "Polygon", "coordinates": [ [ [ 109.48237521882028, -7.465915794218466 ], [ 109.483004161437975, -7.466614191069887 ], [ 109.484067228383196, -7.466554555234933 ], [ 109.484555229219438, -7.466746178484856 ], [ 109.485377256648007, -7.466631376757308 ], [ 109.486557358908726, -7.466798248370669 ], [ 109.48966938851764, -7.466076409632307 ], [ 109.490170229745942, -7.4662498987821 ], [ 109.491984148582944, -7.465677388333454 ], [ 109.49244518008237, -7.46713481720844 ], [ 109.492236242541722, -7.467477748238343 ], [ 109.493626090418502, -7.467482491423023 ], [ 109.494682097913369, -7.467151488576009 ], [ 109.496241142065131, -7.46703022729559 ], [ 109.498050164828626, -7.467651256076953 ], [ 109.498824166672549, -7.46759964243184 ], [ 109.501215969263939, -7.466956729464527 ], [ 109.501509840825634, -7.467952409790543 ], [ 109.501432144470826, -7.468982992861871 ], [ 109.500226149328498, -7.470181611997295 ], [ 109.499581939244749, -7.471210268679018 ], [ 109.49879492065368, -7.471768310341107 ], [ 109.496790890546521, -7.472349238867818 ], [ 109.494666004234432, -7.472595231669294 ], [ 109.491257807731941, -7.474310763766645 ], [ 109.491779286011862, -7.477115764276794 ], [ 109.491601626189038, -7.477485923448848 ], [ 109.490659303368915, -7.477663517136323 ], [ 109.490358390899118, -7.477897640493893 ], [ 109.490193764100098, -7.47901832685308 ], [ 109.489388138193618, -7.479874631651521 ], [ 109.489189103554651, -7.480940953748871 ], [ 109.486148597093973, -7.480496470898198 ], [ 109.485628135720304, -7.480765999588137 ], [ 109.485461986642463, -7.48115427618014 ], [ 109.484682316196, -7.481305291267048 ], [ 109.482391011608357, -7.478892091098599 ], [ 109.481856289911036, -7.478121597652258 ], [ 109.481588528259039, -7.47727969632871 ], [ 109.481400340865832, -7.474792363888726 ], [ 109.482651459819209, -7.473566841680096 ], [ 109.482109383332215, -7.467461137614048 ], [ 109.482105886276287, -7.466439328543338 ], [ 109.48237521882028, -7.465915794218466 ] ] ] } },
{ "type": "Feature", "properties": { "DESA": "Purwasaba" }, "geometry": { "type": "Polygon", "coordinates": [ [ [ 109.464081574501478, -7.461747141665826 ], [ 109.465313894862362, -7.459011522428811 ], [ 109.466348095470934, -7.460326297167865 ], [ 109.469024367336601, -7.462062729462212 ], [ 109.470761975962688, -7.462186276383708 ], [ 109.471125827143339, -7.462413645986455 ], [ 109.470900659242488, -7.46456503103588 ], [ 109.47141321332046, -7.465018935704252 ], [ 109.473510217373828, -7.465044268777521 ], [ 109.474852383549049, -7.464768548858812 ], [ 109.475348538847925, -7.465213352366048 ], [ 109.475441728497501, -7.465765254738764 ], [ 109.47799389729137, -7.464028813481232 ], [ 109.479563221498722, -7.464278410201813 ], [ 109.480275101969113, -7.464732992285552 ], [ 109.480975675402036, -7.464871014541394 ], [ 109.481274143916309, -7.465667816286997 ], [ 109.481685766740327, -7.465931506459348 ], [ 109.48237521882028, -7.465915794218466 ], [ 109.482105886276287, -7.466439328543338 ], [ 109.482109383332215, -7.467461137614048 ], [ 109.482651459819209, -7.473566841680096 ], [ 109.481400340865832, -7.474792363888726 ], [ 109.480477967806124, -7.475187075432073 ], [ 109.480240471963626, -7.475575013488488 ], [ 109.479791352274773, -7.475609719746955 ], [ 109.47784822385546, -7.47658865049769 ], [ 109.477046797851827, -7.476703414791415 ], [ 109.474460123557577, -7.478756233888952 ], [ 109.473915195140165, -7.478971327802874 ], [ 109.473230689103644, -7.479837056829426 ], [ 109.473021700438821, -7.481219848124947 ], [ 109.472257301715331, -7.481705493468585 ], [ 109.471866110270483, -7.482310052112388 ], [ 109.471104490679124, -7.481095672212433 ], [ 109.467600014326223, -7.481291441620959 ], [ 109.466898443552509, -7.480963533897578 ], [ 109.466720754018638, -7.477933620394235 ], [ 109.467110104219046, -7.475158909979815 ], [ 109.466717356379377, -7.46794146017581 ], [ 109.463895080650346, -7.464088597583666 ], [ 109.463671541894442, -7.462830880990236 ], [ 109.463475350461948, -7.462513681203713 ], [ 109.464081574501478, -7.461747141665826 ] ] ] } },
{ "type": "Feature", "properties": { "DESA": "Blimbing" }, "geometry": { "type": "Polygon", "coordinates": [ [ [ 109.471514613638163, -7.455542527748559 ], [ 109.471896238978374, -7.456050312834954 ], [ 109.473874700920518, -7.456943325801165 ], [ 109.475049624472575, -7.456847839571488 ], [ 109.476210415020518, -7.456453953975553 ], [ 109.478114088290411, -7.456207365749568 ], [ 109.484026697315358, -7.456281918017758 ], [ 109.483960074543702, -7.460423218305045 ], [ 109.484114009039757, -7.462928607423563 ], [ 109.484921959476608, -7.463428716450856 ], [ 109.48237521882028, -7.465915794218466 ], [ 109.481685766740327, -7.465931506459348 ], [ 109.481274143916309, -7.465667816286997 ], [ 109.480975675402036, -7.464871014541394 ], [ 109.480275101969113, -7.464732992285552 ], [ 109.479563221498722, -7.464278410201813 ], [ 109.47799389729137, -7.464028813481232 ], [ 109.475441728497501, -7.465765254738764 ], [ 109.475348538847925, -7.465213352366048 ], [ 109.474852383549049, -7.464768548858812 ], [ 109.473510217373828, -7.465044268777521 ], [ 109.47141321332046, -7.465018935704252 ], [ 109.470900659242488, -7.46456503103588 ], [ 109.471125827143339, -7.462413645986455 ], [ 109.470761975962688, -7.462186276383708 ], [ 109.469024367336601, -7.462062729462212 ], [ 109.466348095470934, -7.460326297167865 ], [ 109.465313894862362, -7.459011522428811 ], [ 109.465760779977359, -7.458497658226856 ], [ 109.466688358570153, -7.458229652390974 ], [ 109.46790107193236, -7.458116235637228 ], [ 109.468642942762898, -7.458317793747423 ], [ 109.469570819567323, -7.458049692053236 ], [ 109.470370972417669, -7.457473758898007 ], [ 109.47096432885678, -7.456255030536387 ], [ 109.471514613638163, -7.455542527748559 ] ] ] } },
{ "type": "Feature", "properties": { "DESA": "Panggisari" }, "geometry": { "type": "Polygon", "coordinates": [ [ [ 109.473299718532502, -7.448178977215178 ], [ 109.473302785732827, -7.447292806322443 ], [ 109.472304896733533, -7.444983503385842 ], [ 109.471913692403717, -7.443490057131561 ], [ 109.472252966791331, -7.442397107227431 ], [ 109.473108388266908, -7.441857516224038 ], [ 109.473870935134499, -7.441733481351315 ], [ 109.474724036592221, -7.441799704664413 ], [ 109.474997717230337, -7.44198155374357 ], [ 109.475539144029298, -7.444171750764763 ], [ 109.47623629853102, -7.445268271538556 ], [ 109.476570851150584, -7.445540737976292 ], [ 109.478741472892153, -7.445855678547877 ], [ 109.480400909510792, -7.445409242784423 ], [ 109.482094281497524, -7.443913905424881 ], [ 109.482003398814086, -7.44357899176021 ], [ 109.480502221810951, -7.442714783110444 ], [ 109.480349748157465, -7.442433993673393 ], [ 109.48047546595572, -7.441611526292244 ], [ 109.480875215605877, -7.441368703449029 ], [ 109.482287744902123, -7.441246971697921 ], [ 109.483329134615531, -7.44195590566992 ], [ 109.483970355545864, -7.442943735600589 ], [ 109.484884222115809, -7.445026714440016 ], [ 109.485404488044281, -7.44545350535732 ], [ 109.485742002888756, -7.445517945618637 ], [ 109.486572780710375, -7.444996324077785 ], [ 109.48740459074169, -7.444085855778139 ], [ 109.487591299721743, -7.443381123639274 ], [ 109.487471450597084, -7.442494527150005 ], [ 109.487748828602065, -7.442187993545906 ], [ 109.488639207554982, -7.442191031643034 ], [ 109.489037517865299, -7.44234617567801 ], [ 109.489960942062879, -7.443280716634137 ], [ 109.490831251415187, -7.445679971710021 ], [ 109.491413102938296, -7.446821378405872 ], [ 109.49358715325738, -7.449378767270658 ], [ 109.49390076290797, -7.449488415708542 ], [ 109.494043630134186, -7.455077266334253 ], [ 109.493887917142757, -7.456243283950951 ], [ 109.490006318101464, -7.456492233666037 ], [ 109.478114088290411, -7.456207365749568 ], [ 109.476210415020518, -7.456453953975553 ], [ 109.47448457635997, -7.456927348501059 ], [ 109.473271951829815, -7.456778420057813 ], [ 109.471896238978374, -7.456050312834954 ], [ 109.471514613638163, -7.455542527748559 ], [ 109.471562160636566, -7.455144896289832 ], [ 109.474467929682703, -7.453147412551343 ], [ 109.474687337752499, -7.452650833158332 ], [ 109.474439193971435, -7.450398359878847 ], [ 109.473733648306776, -7.449265553143949 ], [ 109.473299718532502, -7.448178977215178 ] ] ] } },
{ "type": "Feature", "properties": { "DESA": "Kalitengah" }, "geometry": { "type": "Polygon", "coordinates": [ [ [ 109.543867056693003, -7.489055621844126 ], [ 109.546123680008037, -7.48948809993858 ], [ 109.548708210202065, -7.489587036798461 ], [ 109.553160931708121, -7.4890139263635 ], [ 109.555710454370143, -7.490035083435459 ], [ 109.558001076968026, -7.491769811127322 ], [ 109.558463047352888, -7.491970319757923 ], [ 109.558934323720067, -7.491953780516959 ], [ 109.559872306282131, -7.491287624199764 ], [ 109.560607424358224, -7.491262904873406 ], [ 109.561739909939618, -7.491727795594447 ], [ 109.562963639371731, -7.492780838072209 ], [ 109.563477082537489, -7.493713934764556 ], [ 109.563966348730219, -7.494068136941911 ], [ 109.564241670858223, -7.494638809554913 ], [ 109.565690218974183, -7.496289297809307 ], [ 109.567790510836218, -7.497462723350838 ], [ 109.567095517562834, -7.498373799570677 ], [ 109.566917879873969, -7.49893386406874 ], [ 109.567237456124658, -7.500002035250108 ], [ 109.567261540097249, -7.500770794454707 ], [ 109.566839559166837, -7.501999199648345 ], [ 109.56693855089128, -7.503690583388895 ], [ 109.567070691970912, -7.504134122113269 ], [ 109.567820387090123, -7.504525426712338 ], [ 109.569044897767256, -7.505605496732952 ], [ 109.569616422598827, -7.506629282341106 ], [ 109.569663348498864, -7.507153914086016 ], [ 109.569166204021357, -7.508517784641176 ], [ 109.569100353304606, -7.509964430019815 ], [ 109.566483393446333, -7.509684660622062 ], [ 109.565572510495244, -7.509754015853896 ], [ 109.563983475832174, -7.509396127359462 ], [ 109.562639549280831, -7.50930131966075 ], [ 109.561706360761406, -7.509542375764372 ], [ 109.558529498936352, -7.50989369647744 ], [ 109.557198311320576, -7.510513344182988 ], [ 109.55585578002902, -7.511557882801542 ], [ 109.555110601982875, -7.511609677996917 ], [ 109.553418304649128, -7.510871594426847 ], [ 109.551388167001889, -7.511525083712518 ], [ 109.55140502016593, -7.511895915230592 ], [ 109.549389505246651, -7.513770171553607 ], [ 109.548655348315904, -7.515115139614484 ], [ 109.547813232524589, -7.519018920205101 ], [ 109.547533103934313, -7.519650959574931 ], [ 109.545870425168516, -7.522177496712939 ], [ 109.545467877230791, -7.522637347161701 ], [ 109.545031701819028, -7.522672064265984 ], [ 109.544202549852457, -7.522334701664487 ], [ 109.543552270370498, -7.5216182067353 ], [ 109.541605253973827, -7.520409002277301 ], [ 109.540191416463088, -7.5192286890891 ], [ 109.539742113456768, -7.518766009003778 ], [ 109.538657501878859, -7.516510721655212 ], [ 109.537920928196613, -7.515775761650082 ], [ 109.535353973163112, -7.515541175604486 ], [ 109.530655740474558, -7.515787750412581 ], [ 109.526000648354852, -7.515672597592111 ], [ 109.524697740195805, -7.515116627726504 ], [ 109.523198249636309, -7.51365571253389 ], [ 109.521462572821321, -7.512465228471298 ], [ 109.521917176314616, -7.511417823099921 ], [ 109.521915800423542, -7.510233176939959 ], [ 109.522384511170088, -7.509520425109621 ], [ 109.523641719587317, -7.50835809256213 ], [ 109.524131910187904, -7.507256466050557 ], [ 109.525088007967426, -7.506536305857979 ], [ 109.525254661981776, -7.506148011453848 ], [ 109.526573055054442, -7.504805052049009 ], [ 109.526984787040121, -7.504634562582314 ], [ 109.527102857685108, -7.502763105974629 ], [ 109.526871648867285, -7.501731474381532 ], [ 109.52620072263197, -7.500662205113743 ], [ 109.526315686979515, -7.500002415449425 ], [ 109.527046617501014, -7.499625051196112 ], [ 109.528840542668931, -7.499504481874104 ], [ 109.531458967333094, -7.499621726039731 ], [ 109.533689468466235, -7.499005246446351 ], [ 109.534128845256134, -7.4982742054836 ], [ 109.539895808035311, -7.494694318171797 ], [ 109.542339762702696, -7.491935307242207 ], [ 109.543675064064672, -7.489814619194081 ], [ 109.543867056693003, -7.489055621844126 ] ] ] } },
{ "type": "Feature", "properties": { "DESA": "Petir" }, "geometry": { "type": "Polygon", "coordinates": [ [ [ 109.583227009672854, -7.47512207646601 ], [ 109.58498568111338, -7.474395198419975 ], [ 109.585325446382313, -7.474495741744178 ], [ 109.585606169783446, -7.475229164251497 ], [ 109.586029602447852, -7.475727881110716 ], [ 109.586482556979362, -7.475828786564681 ], [ 109.58696459992747, -7.47571279452992 ], [ 109.587673790873168, -7.475380448473389 ], [ 109.58804339675433, -7.474983725535676 ], [ 109.587366998398338, -7.473923551788221 ], [ 109.587283563077236, -7.473453048626196 ], [ 109.587426186845434, -7.473127929341579 ], [ 109.588575850446546, -7.473710339447467 ], [ 109.589238034448428, -7.473124684124506 ], [ 109.589404907234226, -7.472483196963092 ], [ 109.590048758236776, -7.472394751273618 ], [ 109.590578671015805, -7.4724236581449 ], [ 109.59115235957978, -7.473293542894472 ], [ 109.591520510506982, -7.473186222778989 ], [ 109.592298607839624, -7.472121653575423 ], [ 109.592952607550657, -7.471780079854716 ], [ 109.594098284246257, -7.471765648134717 ], [ 109.595394287038445, -7.472357548905781 ], [ 109.595693984374606, -7.472231924513435 ], [ 109.595807714313082, -7.471734924749092 ], [ 109.595089064768885, -7.471289524084288 ], [ 109.594868427728201, -7.47087283193793 ], [ 109.594996104950653, -7.470430124609043 ], [ 109.595626147253853, -7.470079428511376 ], [ 109.597399178201698, -7.470157395673416 ], [ 109.59830616947167, -7.47004273945471 ], [ 109.599865959618498, -7.470219564475701 ], [ 109.600541703987062, -7.470085997049229 ], [ 109.600786309172889, -7.469734070716219 ], [ 109.599886813692322, -7.468573750336483 ], [ 109.60000974067836, -7.467579414949051 ], [ 109.600414649614905, -7.46739978171462 ], [ 109.600773018451491, -7.467500371781175 ], [ 109.600996109027051, -7.467781449781342 ], [ 109.60130905727415, -7.46910274460321 ], [ 109.601743586758076, -7.469312071247022 ], [ 109.602778809570978, -7.469541472033739 ], [ 109.603063739414793, -7.469171589011105 ], [ 109.602971781338169, -7.468791472078508 ], [ 109.603366685827041, -7.468892175943782 ], [ 109.603799680800648, -7.468785049441385 ], [ 109.603624919674957, -7.470764999033935 ], [ 109.602791418926429, -7.47163955060839 ], [ 109.602559928419566, -7.472307965852403 ], [ 109.602911071423762, -7.473367183378563 ], [ 109.602701234738447, -7.473827716718358 ], [ 109.602593004330004, -7.474993884996525 ], [ 109.603005790866604, -7.476451206506405 ], [ 109.603755314689778, -7.476779067296164 ], [ 109.604170387328494, -7.47749482645983 ], [ 109.603373687408435, -7.4788216496894 ], [ 109.603014563185326, -7.480176981200827 ], [ 109.603051325614544, -7.480810080409309 ], [ 109.603443484127951, -7.482059296277187 ], [ 109.603377238149065, -7.483225687784485 ], [ 109.602368213119874, -7.48576355046464 ], [ 109.601809234360857, -7.486385808164621 ], [ 109.602303540633358, -7.487137986619762 ], [ 109.602434308948972, -7.487671929466345 ], [ 109.605177645536699, -7.489236004498429 ], [ 109.607058991872222, -7.491276710835018 ], [ 109.60637029944283, -7.492088431510074 ], [ 109.605450390775275, -7.492772749173099 ], [ 109.605636423905949, -7.493315908365991 ], [ 109.605948407010771, -7.496708116438469 ], [ 109.605684095784127, -7.497096146086938 ], [ 109.60570563460324, -7.497629742774983 ], [ 109.606933892475084, -7.498384245202341 ], [ 109.608623067556522, -7.499049699642274 ], [ 109.612656892743772, -7.499071484129709 ], [ 109.615089641187225, -7.498871200283152 ], [ 109.614993690904583, -7.499395387201831 ], [ 109.615284704736595, -7.500391033676543 ], [ 109.615017251376344, -7.501348755876943 ], [ 109.613562453615742, -7.501859708542832 ], [ 109.612947683772546, -7.502400340641807 ], [ 109.612962626421364, -7.503485530260051 ], [ 109.613447100420828, -7.503767431022086 ], [ 109.613227672194981, -7.50420985520136 ], [ 109.611915183385818, -7.504820613649945 ], [ 109.611337956228581, -7.504429922027362 ], [ 109.60903138708963, -7.504838619598461 ], [ 109.606995949369605, -7.504759841904026 ], [ 109.605829116585923, -7.505452504268113 ], [ 109.602498018999825, -7.505975450743133 ], [ 109.602124229356292, -7.506155087871104 ], [ 109.60078328703483, -7.508158440434271 ], [ 109.600509758561941, -7.50841072544683 ], [ 109.599125917124212, -7.508849428139326 ], [ 109.598037575933063, -7.510130089960373 ], [ 109.597548459290138, -7.510436022421523 ], [ 109.597083955865145, -7.510452621318176 ], [ 109.59451470069736, -7.511448168299076 ], [ 109.594524512897493, -7.512370590543579 ], [ 109.593922039522738, -7.51295652495923 ], [ 109.592988597277895, -7.513414729354611 ], [ 109.591241951957755, -7.513698447894614 ], [ 109.589696884505159, -7.513476496445512 ], [ 109.588744552371764, -7.513581930850015 ], [ 109.588442936435513, -7.513852289008875 ], [ 109.587868904044313, -7.514998862079023 ], [ 109.587110137741433, -7.515575240591737 ], [ 109.586443810857048, -7.514460750726664 ], [ 109.58506244582577, -7.513687613727326 ], [ 109.583510816394337, -7.51355603223623 ], [ 109.582458951288871, -7.513272358668945 ], [ 109.580399565869214, -7.513500775526008 ], [ 109.576000744629837, -7.513179036658255 ], [ 109.572936677366386, -7.513322877360328 ], [ 109.571797393309438, -7.513111134491026 ], [ 109.570305642060248, -7.510872654566528 ], [ 109.569100353304606, -7.509964430019815 ], [ 109.569166204021357, -7.508517784641176 ], [ 109.569613930490505, -7.507551655602099 ], [ 109.569616422598827, -7.506629282341106 ], [ 109.569044897767256, -7.505605496732952 ], [ 109.567820387090123, -7.504525426712338 ], [ 109.567070691970912, -7.504134122113269 ], [ 109.566839559166837, -7.501999199648345 ], [ 109.567261540097249, -7.500770794454707 ], [ 109.567237456124658, -7.500002035250108 ], [ 109.566917879873969, -7.49893386406874 ], [ 109.567095517562834, -7.498373799570677 ], [ 109.567790510836218, -7.497462723350838 ], [ 109.568659197850977, -7.497745917870526 ], [ 109.569114025992249, -7.497620730668747 ], [ 109.570533043028632, -7.496377479389221 ], [ 109.57216976711554, -7.495387991545734 ], [ 109.573125225808298, -7.49502040180393 ], [ 109.574905642563053, -7.493977120318491 ], [ 109.576005019498126, -7.494016843806722 ], [ 109.577049671760577, -7.493215373778541 ], [ 109.577996759109453, -7.492178513650567 ], [ 109.579207295187317, -7.48927060567725 ], [ 109.5804128589632, -7.487547257090238 ], [ 109.580990072111732, -7.486816596370979 ], [ 109.58254279795996, -7.485700210643696 ], [ 109.583607283732178, -7.48460042165724 ], [ 109.583793081336125, -7.484049412525748 ], [ 109.58312454833343, -7.482844506969738 ], [ 109.582988021800602, -7.481532816642764 ], [ 109.583141919789355, -7.480077399887331 ], [ 109.583745984206345, -7.478985078683128 ], [ 109.584041563818431, -7.4779370623555 ], [ 109.583721180611974, -7.476226876209853 ], [ 109.583227009672854, -7.47512207646601 ] ] ] } },
{ "type": "Feature", "properties": { "DESA": "Kaliajir" }, "geometry": { "type": "Polygon", "coordinates": [ [ [ 109.576550643609096, -7.45933847784714 ], [ 109.577241567194605, -7.45981997755157 ], [ 109.577458967961064, -7.460815393306669 ], [ 109.581798919868149, -7.461046420166261 ], [ 109.582238359455815, -7.464457103421933 ], [ 109.582392730005253, -7.468138109331103 ], [ 109.582085458634651, -7.471238902295649 ], [ 109.581606824756705, -7.472847067066576 ], [ 109.581926839906302, -7.474159256390712 ], [ 109.583227009672854, -7.47512207646601 ], [ 109.583721180611974, -7.476226876209853 ], [ 109.584041563818431, -7.4779370623555 ], [ 109.583745984206345, -7.478985078683128 ], [ 109.583141919789355, -7.480077399887331 ], [ 109.582988021800602, -7.481532816642764 ], [ 109.58312454833343, -7.482844506969738 ], [ 109.583793081336125, -7.484049412525748 ], [ 109.583299406885743, -7.484988295725971 ], [ 109.580990072111732, -7.486816596370979 ], [ 109.5804128589632, -7.487547257090238 ], [ 109.579207295187317, -7.48927060567725 ], [ 109.577996759109453, -7.492178513650567 ], [ 109.577049671760577, -7.493215373778541 ], [ 109.576005019498126, -7.494016843806722 ], [ 109.574905642563053, -7.493977120318491 ], [ 109.573125225808298, -7.49502040180393 ], [ 109.57216976711554, -7.495387991545734 ], [ 109.570533043028632, -7.496377479389221 ], [ 109.569114025992249, -7.497620730668747 ], [ 109.568659197850977, -7.497745917870526 ], [ 109.567790510836218, -7.497462723350838 ], [ 109.567974747557969, -7.496803226653147 ], [ 109.5678868741212, -7.494930964372957 ], [ 109.567302575972363, -7.493590696774215 ], [ 109.567349152924436, -7.493192946131532 ], [ 109.568358484214741, -7.491496216817566 ], [ 109.568112146789602, -7.49019321415369 ], [ 109.568219995451827, -7.488900404426753 ], [ 109.567730280118894, -7.487379531752253 ], [ 109.567620413970758, -7.486429669552209 ], [ 109.566893992648701, -7.485532049343787 ], [ 109.566823850930291, -7.484726975369821 ], [ 109.566085863638222, -7.483711781670995 ], [ 109.565911033959907, -7.483231939978919 ], [ 109.566071145613677, -7.480257280519099 ], [ 109.565741583731722, -7.479641318029112 ], [ 109.565785112490417, -7.479306845634139 ], [ 109.565597840335627, -7.478908334242954 ], [ 109.564676059246466, -7.478697387757939 ], [ 109.564370326662385, -7.477900588471928 ], [ 109.563325320532513, -7.477264213154367 ], [ 109.56315978444816, -7.476205585924523 ], [ 109.562441382163641, -7.475353194793198 ], [ 109.562606755837663, -7.474747885033749 ], [ 109.563111808115835, -7.474586789148217 ], [ 109.563763093658821, -7.475104346957668 ], [ 109.564864972207033, -7.473995596861363 ], [ 109.565651612678366, -7.473971031203685 ], [ 109.566259287917106, -7.474208167319913 ], [ 109.567014264278171, -7.474798387346817 ], [ 109.566761022525881, -7.475086973018914 ], [ 109.565958747139746, -7.475391766054605 ], [ 109.566076384459066, -7.475699638983113 ], [ 109.567053055454608, -7.476534782336805 ], [ 109.567483066456433, -7.476635632126017 ], [ 109.567706721291742, -7.476301744133512 ], [ 109.567738578312387, -7.475650791725499 ], [ 109.567962334393002, -7.475262656661825 ], [ 109.568471841870021, -7.475155815981295 ], [ 109.568659718591675, -7.474405825929037 ], [ 109.568911076196287, -7.469026046655595 ], [ 109.569534667603364, -7.464895426715337 ], [ 109.570238459021482, -7.464129022225122 ], [ 109.57122982084428, -7.463680078694278 ], [ 109.572737838782558, -7.462527406459117 ], [ 109.574319863072361, -7.459928190623719 ], [ 109.575760839411444, -7.459724797106372 ], [ 109.576550643609096, -7.45933847784714 ] ] ] } },
{ "type": "Feature", "properties": { "DESA": "Karangannyar" }, "geometry": { "type": "Polygon", "coordinates": [ [ [ 109.5689285498065, -7.450406480505579 ], [ 109.574162685041756, -7.454339035315297 ], [ 109.57447465702478, -7.455750742364327 ], [ 109.574746764180446, -7.456276100531301 ], [ 109.576523776289562, -7.457665402705544 ], [ 109.577255914483402, -7.458454526839571 ], [ 109.576550643609096, -7.45933847784714 ], [ 109.576071499702905, -7.459626344415274 ], [ 109.574319863072361, -7.459928190623719 ], [ 109.572737838782558, -7.462527406459117 ], [ 109.57122982084428, -7.463680078694278 ], [ 109.570238459021482, -7.464129022225122 ], [ 109.569534667603364, -7.464895426715337 ], [ 109.568911076196287, -7.469026046655595 ], [ 109.568659718591675, -7.474405825929037 ], [ 109.568471841870021, -7.475155815981295 ], [ 109.567962334393002, -7.475262656661825 ], [ 109.567738578312387, -7.475650791725499 ], [ 109.567706721291742, -7.476301744133512 ], [ 109.567483066456433, -7.476635632126017 ], [ 109.567053055454608, -7.476534782336805 ], [ 109.566076384459066, -7.475699638983113 ], [ 109.565958747139746, -7.475391766054605 ], [ 109.566761022525881, -7.475086973018914 ], [ 109.567014264278171, -7.474798387346817 ], [ 109.566259287917106, -7.474208167319913 ], [ 109.565651612678366, -7.473971031203685 ], [ 109.564864972207033, -7.473995596861363 ], [ 109.563763093658821, -7.475104346957668 ], [ 109.563111808115835, -7.474586789148217 ], [ 109.562606755837663, -7.474747885033749 ], [ 109.562441382163641, -7.475353194793198 ], [ 109.56315978444816, -7.476205585924523 ], [ 109.563325320532513, -7.477264213154367 ], [ 109.564370326662385, -7.477900588471928 ], [ 109.564676059246466, -7.478697387757939 ], [ 109.565597840335627, -7.478908334242954 ], [ 109.565785112490417, -7.479306845634139 ], [ 109.565741583731722, -7.479641318029112 ], [ 109.565968778061915, -7.479940506321245 ], [ 109.566104422209122, -7.480637208663556 ], [ 109.565911033959907, -7.483231939978919 ], [ 109.566085863638222, -7.483711781670995 ], [ 109.566823850930291, -7.484726975369821 ], [ 109.566893992648701, -7.485532049343787 ], [ 109.567620413970758, -7.486429669552209 ], [ 109.567730280118894, -7.487379531752253 ], [ 109.568219995451827, -7.488900404426753 ], [ 109.568112146789602, -7.49019321415369 ], [ 109.568358484214741, -7.491496216817566 ], [ 109.567349152924436, -7.493192946131532 ], [ 109.567302575972363, -7.493590696774215 ], [ 109.5678868741212, -7.494930964372957 ], [ 109.567974747557969, -7.496803226653147 ], [ 109.567790510836218, -7.497462723350838 ], [ 109.565690218974183, -7.496289297809307 ], [ 109.564241670858223, -7.494638809554913 ], [ 109.563966348730219, -7.494068136941911 ], [ 109.563477082537489, -7.493713934764556 ], [ 109.562963639371731, -7.492780838072209 ], [ 109.561739909939618, -7.491727795594447 ], [ 109.560607424358224, -7.491262904873406 ], [ 109.559872306282131, -7.491287624199764 ], [ 109.558934323720067, -7.491953780516959 ], [ 109.558463047352888, -7.491970319757923 ], [ 109.558001076968026, -7.491769811127322 ], [ 109.555710454370143, -7.490035083435459 ], [ 109.553160931708121, -7.4890139263635 ], [ 109.553799703273768, -7.486438760539692 ], [ 109.553357019268262, -7.484764427185499 ], [ 109.553014282186126, -7.484274900103796 ], [ 109.552871009962772, -7.483677624859087 ], [ 109.552537990040065, -7.48368557225831 ], [ 109.551479457482159, -7.483211865377113 ], [ 109.550923853621228, -7.482296704987681 ], [ 109.550624125480965, -7.482087773746841 ], [ 109.550336499565702, -7.481381439884017 ], [ 109.550779916871193, -7.4795019834163 ], [ 109.551359058779141, -7.479124069043181 ], [ 109.551528366256164, -7.478780972165103 ], [ 109.551374875514682, -7.478111334468318 ], [ 109.55088484361363, -7.477386253998572 ], [ 109.550454165353912, -7.47705926800011 ], [ 109.549957699238078, -7.477084759421415 ], [ 109.549222083998728, -7.476838230250438 ], [ 109.547657110669931, -7.475910705986648 ], [ 109.546996448299453, -7.475863324806193 ], [ 109.547270561822458, -7.473784320726031 ], [ 109.547595967632461, -7.473161464970482 ], [ 109.548211053746783, -7.47338951680381 ], [ 109.549796472152778, -7.473530346824081 ], [ 109.551214313380214, -7.473128063308269 ], [ 109.551797030130473, -7.472614541442754 ], [ 109.55163691872184, -7.471800133838871 ], [ 109.551260647379408, -7.471446295045941 ], [ 109.550722049972052, -7.471290737385152 ], [ 109.550169080962064, -7.471460793095531 ], [ 109.549837460001413, -7.471387284305779 ], [ 109.550069336729592, -7.470465670977879 ], [ 109.549975433114128, -7.469307918304955 ], [ 109.550123173960202, -7.468820092544666 ], [ 109.550753190796627, -7.468279512652845 ], [ 109.550688414239048, -7.467917655093065 ], [ 109.550053012756592, -7.467689450752217 ], [ 109.549291445694649, -7.467750237382864 ], [ 109.548843802717499, -7.467405204132794 ], [ 109.548754058456694, -7.466708562412436 ], [ 109.549062096159773, -7.4665468343728 ], [ 109.550217871395361, -7.4667224111088 ], [ 109.550745223837396, -7.46657044277806 ], [ 109.550347177618136, -7.465275984592617 ], [ 109.550452369681636, -7.464118794658421 ], [ 109.55086406275386, -7.463333386423323 ], [ 109.551801233495993, -7.462396000720279 ], [ 109.552472278739316, -7.462551989021203 ], [ 109.553266641029353, -7.463693954350643 ], [ 109.554144122160551, -7.463778196975105 ], [ 109.554635038529099, -7.463436239861169 ], [ 109.554847081763199, -7.463020950514738 ], [ 109.554657091000578, -7.462658593037804 ], [ 109.553229741741362, -7.461577755698109 ], [ 109.552937398327529, -7.460148027972058 ], [ 109.553123636977503, -7.459741696064135 ], [ 109.553494621805882, -7.459815239264934 ], [ 109.554246077942324, -7.460577334212165 ], [ 109.555338379337911, -7.460490494192936 ], [ 109.555780406078412, -7.460292943040796 ], [ 109.556469151258398, -7.459128703725951 ], [ 109.557983589723932, -7.457478752945693 ], [ 109.558043593746618, -7.456972553446207 ], [ 109.557464020516591, -7.456192943123102 ], [ 109.558046423119322, -7.453436746893997 ], [ 109.560680173471781, -7.454005965852394 ], [ 109.56241107856674, -7.454120178483603 ], [ 109.562842969891221, -7.454003956062186 ], [ 109.563221151951524, -7.453679702069931 ], [ 109.563696852009727, -7.452614116252608 ], [ 109.564343073776328, -7.452155022751341 ], [ 109.56644181280916, -7.451908673656158 ], [ 109.566784204029133, -7.451539003435621 ], [ 109.566726705818994, -7.451186120308813 ], [ 109.567143807791297, -7.450907103531044 ], [ 109.568360752541352, -7.450712135436373 ], [ 109.5689285498065, -7.450406480505579 ] ] ] } },
{ "type": "Feature", "properties": { "DESA": "Merden" }, "geometry": { "type": "Polygon", "coordinates": [ [ [ 109.533171404897672, -7.452920913254457 ], [ 109.534704747562131, -7.45344142523866 ], [ 109.538253446773595, -7.453606953098001 ], [ 109.541313023938102, -7.453553673456263 ], [ 109.54433449022352, -7.454250930007436 ], [ 109.548156281092005, -7.454299653874727 ], [ 109.547128757431736, -7.457063403967755 ], [ 109.548763781480872, -7.45714110172944 ], [ 109.549236155711128, -7.457278358962432 ], [ 109.549748785851534, -7.457668899251793 ], [ 109.549808151387765, -7.459152109541587 ], [ 109.550079405744597, -7.45967747490325 ], [ 109.550211354737598, -7.4609439363911 ], [ 109.550565316966598, -7.461876514092714 ], [ 109.551801233495993, -7.462396000720279 ], [ 109.55086406275386, -7.463333386423323 ], [ 109.550452369681636, -7.464118794658421 ], [ 109.550347177618136, -7.465275984592617 ], [ 109.550745223837396, -7.46657044277806 ], [ 109.550217871395361, -7.4667224111088 ], [ 109.549062096159773, -7.4665468343728 ], [ 109.548754058456694, -7.466708562412436 ], [ 109.548721592397357, -7.467106355272839 ], [ 109.548843802717499, -7.467405204132794 ], [ 109.549291445694649, -7.467750237382864 ], [ 109.550053012756592, -7.467689450752217 ], [ 109.550688414239048, -7.467917655093065 ], [ 109.550753190796627, -7.468279512652845 ], [ 109.550123173960202, -7.468820092544666 ], [ 109.549975433114128, -7.469307918304955 ], [ 109.550069336729592, -7.470465670977879 ], [ 109.549837460001413, -7.471387284305779 ], [ 109.550169080962064, -7.471460793095531 ], [ 109.550722049972052, -7.471290737385152 ], [ 109.551260647379408, -7.471446295045941 ], [ 109.55163691872184, -7.471800133838871 ], [ 109.551797030130473, -7.472614541442754 ], [ 109.551214313380214, -7.473128063308269 ], [ 109.549796472152778, -7.473530346824081 ], [ 109.548211053746783, -7.47338951680381 ], [ 109.547595967632461, -7.473161464970482 ], [ 109.547270561822458, -7.473784320726031 ], [ 109.546996448299453, -7.475863324806193 ], [ 109.547657110669931, -7.475910705986648 ], [ 109.549222083998728, -7.476838230250438 ], [ 109.549957699238078, -7.477084759421415 ], [ 109.550454165353912, -7.47705926800011 ], [ 109.55088484361363, -7.477386253998572 ], [ 109.551374875514682, -7.478111334468318 ], [ 109.551528366256164, -7.478780972165103 ], [ 109.551359058779141, -7.479124069043181 ], [ 109.550779916871193, -7.4795019834163 ], [ 109.550336499565702, -7.481381439884017 ], [ 109.550624125480965, -7.482087773746841 ], [ 109.550923853621228, -7.482296704987681 ], [ 109.551479457482159, -7.483211865377113 ], [ 109.552537990040065, -7.48368557225831 ], [ 109.552871009962772, -7.483677624859087 ], [ 109.553014282186126, -7.484274900103796 ], [ 109.553357019268262, -7.484764427185499 ], [ 109.553799703273768, -7.486438760539692 ], [ 109.553160931708121, -7.4890139263635 ], [ 109.548708210202065, -7.489587036798461 ], [ 109.546123680008037, -7.48948809993858 ], [ 109.543867056693003, -7.489055621844126 ], [ 109.543903273160311, -7.488296199665514 ], [ 109.543412007790991, -7.4865040780613 ], [ 109.542532004839543, -7.484782999521244 ], [ 109.541601126687823, -7.484074534113438 ], [ 109.540697984259694, -7.48259757698745 ], [ 109.538483838063257, -7.479786875309119 ], [ 109.538298488601711, -7.478818685419612 ], [ 109.538327505959089, -7.47750755496856 ], [ 109.538679565870325, -7.475591652355605 ], [ 109.538485611237846, -7.47525639968997 ], [ 109.537558102684798, -7.475316613461167 ], [ 109.53593464976683, -7.474551688925261 ], [ 109.535540479518659, -7.474640791364954 ], [ 109.535232558682267, -7.475616384559522 ], [ 109.535380973375268, -7.476792486493236 ], [ 109.535209625549641, -7.477072190341701 ], [ 109.534579472507886, -7.477196762294751 ], [ 109.533881554980866, -7.476941202897983 ], [ 109.532758096590726, -7.475653366589068 ], [ 109.532388092861297, -7.475552684235057 ], [ 109.531578066522499, -7.475803228354963 ], [ 109.530381082228985, -7.476956676307506 ], [ 109.529922870876476, -7.476982272418106 ], [ 109.529558333337931, -7.476944893087273 ], [ 109.528545371336392, -7.476308552045294 ], [ 109.527860292355939, -7.476125355120092 ], [ 109.527183715726892, -7.476258802452635 ], [ 109.526899065564081, -7.47576954601929 ], [ 109.525916606896487, -7.473324645069847 ], [ 109.523888691293593, -7.467268159287121 ], [ 109.523610002110274, -7.466362945040492 ], [ 109.523728004856338, -7.465884075065708 ], [ 109.524279521672355, -7.465388571458247 ], [ 109.52577164841864, -7.464950453088187 ], [ 109.526517314790112, -7.464392306619883 ], [ 109.526966908706399, -7.464303395597337 ], [ 109.529205225877575, -7.461380922609345 ], [ 109.530620332528798, -7.460354769371692 ], [ 109.531307439295318, -7.459497972269687 ], [ 109.532410717382021, -7.459275519533981 ], [ 109.532797981090042, -7.458788497465619 ], [ 109.532793994850707, -7.458101273449825 ], [ 109.532571018381176, -7.457802088191605 ], [ 109.533221049141744, -7.456881876078002 ], [ 109.533736132589425, -7.455744139178222 ], [ 109.533165878613417, -7.454738509797367 ], [ 109.533171404897672, -7.452920913254457 ] ] ] } },
{ "type": "Feature", "properties": { "DESA": "Mertasari Wetan" }, "geometry": { "type": "Polygon", "coordinates": [ [ [ 109.551255689243249, -7.440736270431888 ], [ 109.553214145876396, -7.443726878772647 ], [ 109.557018348779081, -7.442871154930884 ], [ 109.559381859112264, -7.442010713760371 ], [ 109.560060094532361, -7.442130544025109 ], [ 109.56072495301494, -7.44280184138431 ], [ 109.561412204369446, -7.443021152084566 ], [ 109.561926144248332, -7.442986565516468 ], [ 109.563154176730905, -7.442683149822549 ], [ 109.563214789987271, -7.442330649881528 ], [ 109.563872006043695, -7.441862548599492 ], [ 109.564203269704123, -7.441420513606952 ], [ 109.56466741329433, -7.440617170701833 ], [ 109.56494716501517, -7.439198338654552 ], [ 109.564914282992078, -7.438167355708168 ], [ 109.566439408564591, -7.437747263583126 ], [ 109.566897180241568, -7.436971019720404 ], [ 109.567634753802139, -7.436783447465035 ], [ 109.569956004211818, -7.444206268256091 ], [ 109.57086370756862, -7.449273360164852 ], [ 109.56988254511856, -7.449306356241371 ], [ 109.5689285498065, -7.450406480505579 ], [ 109.568360752541352, -7.450712135436373 ], [ 109.567143807791297, -7.450907103531044 ], [ 109.566726705818994, -7.451186120308813 ], [ 109.566784204029133, -7.451539003435621 ], [ 109.56644181280916, -7.451908673656158 ], [ 109.564343073776328, -7.452155022751341 ], [ 109.563696852009727, -7.452614116252608 ], [ 109.563221151951524, -7.453679702069931 ], [ 109.562842969891221, -7.454003956062186 ], [ 109.56241107856674, -7.454120178483603 ], [ 109.560680173471781, -7.454005965852394 ], [ 109.558046423119322, -7.453436746893997 ], [ 109.557464020516591, -7.456192943123102 ], [ 109.558043593746618, -7.456972553446207 ], [ 109.557983589723932, -7.457478752945693 ], [ 109.556469151258398, -7.459128703725951 ], [ 109.555780406078412, -7.460292943040796 ], [ 109.555338379337911, -7.460490494192936 ], [ 109.554246077942324, -7.460577334212165 ], [ 109.553494621805882, -7.459815239264934 ], [ 109.553123636977503, -7.459741696064135 ], [ 109.552937398327529, -7.460148027972058 ], [ 109.553229741741362, -7.461577755698109 ], [ 109.554414806762921, -7.462386475876623 ], [ 109.554847081763199, -7.463020950514738 ], [ 109.554635038529099, -7.463436239861169 ], [ 109.554144122160551, -7.463778196975105 ], [ 109.553266641029353, -7.463693954350643 ], [ 109.552472278739316, -7.462551989021203 ], [ 109.552141575666155, -7.462541864470844 ], [ 109.550565316966598, -7.461876514092714 ], [ 109.550211354737598, -7.4609439363911 ], [ 109.550079405744597, -7.45967747490325 ], [ 109.549808151387765, -7.459152109541587 ], [ 109.549748785851534, -7.457668899251793 ], [ 109.549236155711128, -7.457278358962432 ], [ 109.548763781480872, -7.45714110172944 ], [ 109.547128757431736, -7.457063403967755 ], [ 109.548518582674021, -7.45337846763628 ], [ 109.548619203789585, -7.45265532719092 ], [ 109.548809776029145, -7.452384718590973 ], [ 109.549206720239582, -7.452376979128261 ], [ 109.549715101917485, -7.45171846266107 ], [ 109.55042766491087, -7.451738879642584 ], [ 109.550689997792404, -7.451432340468804 ], [ 109.551282688639176, -7.449942132576886 ], [ 109.552292413396557, -7.448534747623334 ], [ 109.552616655955248, -7.446184659564175 ], [ 109.552969509544056, -7.445200147469061 ], [ 109.552690073653949, -7.44484653953007 ], [ 109.550762421725707, -7.443782152632862 ], [ 109.549642643687875, -7.442331635890283 ], [ 109.549103479762451, -7.441154252799034 ], [ 109.551255689243249, -7.440736270431888 ] ] ] } },
{ "type": "Feature", "properties": { "DESA": "Parakan" }, "geometry": { "type": "Polygon", "coordinates": [ [ [ 109.578865053604162, -7.43055273560982 ], [ 109.579552794970624, -7.431594952440085 ], [ 109.580084034543816, -7.431822684097809 ], [ 109.581501867817778, -7.431818178057625 ], [ 109.582143953648924, -7.432191012410819 ], [ 109.582787317079749, -7.432934632208414 ], [ 109.582868341780525, -7.433549787190405 ], [ 109.58315361474618, -7.433930521872613 ], [ 109.586875492599532, -7.43257689098783 ], [ 109.58784874494134, -7.431549103262391 ], [ 109.588188216180427, -7.435637656181616 ], [ 109.588999366676731, -7.435965724018875 ], [ 109.589510281787327, -7.437251483071581 ], [ 109.590581909890545, -7.436721364519233 ], [ 109.592658989140688, -7.436945043527492 ], [ 109.593500901647289, -7.437327540012968 ], [ 109.595682766824055, -7.439323905498574 ], [ 109.597545013020238, -7.440604898095148 ], [ 109.59501908340593, -7.445471154245674 ], [ 109.593790045397881, -7.447167379163512 ], [ 109.592630981875431, -7.450437277214198 ], [ 109.592219680016825, -7.451032784696521 ], [ 109.585620614938961, -7.454439106511819 ], [ 109.58347199740173, -7.454857260936675 ], [ 109.581565723265356, -7.455022936028008 ], [ 109.580741416283317, -7.455779937288577 ], [ 109.580976634665021, -7.456766368517081 ], [ 109.580932509506908, -7.457453542315863 ], [ 109.580483867243231, -7.457759594977362 ], [ 109.579073688029979, -7.45772794191836 ], [ 109.577738982373504, -7.457922557956808 ], [ 109.577255914483402, -7.458454526839571 ], [ 109.576523776289562, -7.457665402705544 ], [ 109.574746764180446, -7.456276100531301 ], [ 109.57447465702478, -7.455750742364327 ], [ 109.574162685041756, -7.454339035315297 ], [ 109.5689285498065, -7.450406480505579 ], [ 109.56988254511856, -7.449306356241371 ], [ 109.57086370756862, -7.449273360164852 ], [ 109.569956004211818, -7.444206268256091 ], [ 109.567634753802139, -7.436783447465035 ], [ 109.568529217577776, -7.436316103042267 ], [ 109.569797176275515, -7.436157452745723 ], [ 109.570611277278687, -7.434713212399561 ], [ 109.570358049113452, -7.433898506245856 ], [ 109.570517981066331, -7.433555365171363 ], [ 109.572873780024537, -7.432749059840179 ], [ 109.573815814316575, -7.43281537789462 ], [ 109.574564117308867, -7.432193847702489 ], [ 109.57550894559931, -7.431717606559182 ], [ 109.575967444133767, -7.431149390134364 ], [ 109.577657190934772, -7.43093772959122 ], [ 109.578865053604162, -7.43055273560982 ] ] ] } },
{ "type": "Feature", "properties": { "DESA": "Pucungbedug" }, "geometry": { "type": "Polygon", "coordinates": [ [ [ 109.597545013020238, -7.440604898095148 ], [ 109.600594161478838, -7.441808262943096 ], [ 109.603284877708532, -7.442187447271235 ], [ 109.603193154974818, -7.444872976641523 ], [ 109.603553011446877, -7.447189235277319 ], [ 109.603769057419456, -7.447994685719921 ], [ 109.604257752511202, -7.448882458299881 ], [ 109.603957255762651, -7.449360882316671 ], [ 109.604210044241199, -7.451351134742596 ], [ 109.604149247137116, -7.451676521422335 ], [ 109.603416989717886, -7.451782707072489 ], [ 109.603244906794913, -7.452216238227702 ], [ 109.6034827871581, -7.45327500558969 ], [ 109.603404237088327, -7.453591294625311 ], [ 109.60305198357787, -7.453780050429168 ], [ 109.602904901911572, -7.454810568640386 ], [ 109.602008187269547, -7.455793420787062 ], [ 109.602188127300622, -7.456110526288537 ], [ 109.602601748339211, -7.456030461411919 ], [ 109.602732233494891, -7.455687212827029 ], [ 109.603058525878069, -7.455652078186043 ], [ 109.603325744777763, -7.456105078951319 ], [ 109.603147145517013, -7.456990745908874 ], [ 109.603817487492421, -7.457282185393733 ], [ 109.603835018251729, -7.457643984377251 ], [ 109.603273019128466, -7.458808812118621 ], [ 109.603788179321782, -7.460447191180549 ], [ 109.603900638457333, -7.461948768710593 ], [ 109.604071877113924, -7.465458068589268 ], [ 109.603799680800648, -7.468785049441385 ], [ 109.603366685827041, -7.468892175943782 ], [ 109.602971781338169, -7.468791472078508 ], [ 109.603063739414793, -7.469171589011105 ], [ 109.602778809570978, -7.469541472033739 ], [ 109.601743586758076, -7.469312071247022 ], [ 109.60130905727415, -7.46910274460321 ], [ 109.600996109027051, -7.467781449781342 ], [ 109.600773018451491, -7.467500371781175 ], [ 109.600414649614905, -7.46739978171462 ], [ 109.60000974067836, -7.467579414949051 ], [ 109.599886813692322, -7.468573750336483 ], [ 109.600786309172889, -7.469734070716219 ], [ 109.600541703987062, -7.470085997049229 ], [ 109.599865959618498, -7.470219564475701 ], [ 109.59830616947167, -7.47004273945471 ], [ 109.597399178201698, -7.470157395673416 ], [ 109.595626147253853, -7.470079428511376 ], [ 109.594996104950653, -7.470430124609043 ], [ 109.594868427728201, -7.47087283193793 ], [ 109.595089064768885, -7.471289524084288 ], [ 109.595807714313082, -7.471734924749092 ], [ 109.595693984374606, -7.472231924513435 ], [ 109.595394287038445, -7.472357548905781 ], [ 109.594098284246257, -7.471765648134717 ], [ 109.592952607550657, -7.471780079854716 ], [ 109.592298607839624, -7.472121653575423 ], [ 109.591520510506982, -7.473186222778989 ], [ 109.59115235957978, -7.473293542894472 ], [ 109.590578671015805, -7.4724236581449 ], [ 109.590048758236776, -7.472394751273618 ], [ 109.589404907234226, -7.472483196963092 ], [ 109.589238034448428, -7.473124684124506 ], [ 109.588575850446546, -7.473710339447467 ], [ 109.587426186845434, -7.473127929341579 ], [ 109.587283563077236, -7.473453048626196 ], [ 109.587366998398338, -7.473923551788221 ], [ 109.58804339675433, -7.474983725535676 ], [ 109.587673790873168, -7.475380448473389 ], [ 109.58696459992747, -7.47571279452992 ], [ 109.586482556979362, -7.475828786564681 ], [ 109.586029602447852, -7.475727881110716 ], [ 109.585606169783446, -7.475229164251497 ], [ 109.585325446382313, -7.474495741744178 ], [ 109.58498568111338, -7.474395198419975 ], [ 109.583227009672854, -7.47512207646601 ], [ 109.581926839906302, -7.474159256390712 ], [ 109.581606824756705, -7.472847067066576 ], [ 109.582085458634651, -7.471238902295649 ], [ 109.582392730005253, -7.468138109331103 ], [ 109.582238359455815, -7.464457103421933 ], [ 109.581798919868149, -7.461046420166261 ], [ 109.577458967961064, -7.460815393306669 ], [ 109.577241567194605, -7.45981997755157 ], [ 109.576550643609096, -7.45933847784714 ], [ 109.577738982373504, -7.457922557956808 ], [ 109.579073688029979, -7.45772794191836 ], [ 109.580483867243231, -7.457759594977362 ], [ 109.580932509506908, -7.457453542315863 ], [ 109.580976634665021, -7.456766368517081 ], [ 109.580741416283317, -7.455779937288577 ], [ 109.581565723265356, -7.455022936028008 ], [ 109.58347199740173, -7.454857260936675 ], [ 109.585620614938961, -7.454439106511819 ], [ 109.592219680016825, -7.451032784696521 ], [ 109.592630981875431, -7.450437277214198 ], [ 109.593790045397881, -7.447167379163512 ], [ 109.59501908340593, -7.445471154245674 ], [ 109.597545013020238, -7.440604898095148 ] ] ] } },
{ "type": "Feature", "properties": { "DESA": "Kutawuluh" }, "geometry": { "type": "Polygon", "coordinates": [ [ [ 109.603736399730153, -7.417917029764982 ], [ 109.604123518704171, -7.419763041930565 ], [ 109.603879765212653, -7.420757004977482 ], [ 109.603968014284192, -7.422312755204989 ], [ 109.60373972068065, -7.42430149489673 ], [ 109.603808985140702, -7.424699622154648 ], [ 109.604930501680855, -7.425652668877549 ], [ 109.60510569625491, -7.426738452163577 ], [ 109.605059550253685, -7.427371291865839 ], [ 109.604252270811159, -7.429484880922563 ], [ 109.603935564102642, -7.430867481285286 ], [ 109.604183334649576, -7.435606918011944 ], [ 109.60410565181553, -7.436194450996328 ], [ 109.603451807293752, -7.436861541611349 ], [ 109.603269809784564, -7.437385546664189 ], [ 109.603474477729279, -7.440252837474834 ], [ 109.603284877708532, -7.442187447271235 ], [ 109.600594161478838, -7.441808262943096 ], [ 109.597545013020238, -7.440604898095148 ], [ 109.595682766824055, -7.439323905498574 ], [ 109.593500901647289, -7.437327540012968 ], [ 109.592658989140688, -7.436945043527492 ], [ 109.590581909890545, -7.436721364519233 ], [ 109.589510281787327, -7.437251483071581 ], [ 109.588999366676731, -7.435965724018875 ], [ 109.588188216180427, -7.435637656181616 ], [ 109.58784874494134, -7.431549103262391 ], [ 109.587830361786615, -7.428790821243846 ], [ 109.587990535200731, -7.428203557074974 ], [ 109.58825661555619, -7.427951157042951 ], [ 109.591664519974586, -7.426153361001699 ], [ 109.594599891425801, -7.423910923934915 ], [ 109.59508185637111, -7.42342412755434 ], [ 109.595830768855052, -7.42196153164584 ], [ 109.596086466842479, -7.421329266866478 ], [ 109.596186043727215, -7.420199236195191 ], [ 109.596436380183178, -7.419820201244472 ], [ 109.597339736511415, -7.419027236464576 ], [ 109.598688716442865, -7.418226633038823 ], [ 109.599507279835308, -7.417125989939705 ], [ 109.60033965937069, -7.417372817885135 ], [ 109.600716825218157, -7.418061237079327 ], [ 109.60113668225118, -7.418171054642761 ], [ 109.60231925024982, -7.417785906773415 ], [ 109.602675296789826, -7.417995067426478 ], [ 109.602862295212347, -7.418321233962622 ], [ 109.603736399730153, -7.417917029764982 ] ] ] } },
{ "type": "Feature", "properties": { "DESA": "Gumiwang" }, "geometry": { "type": "Polygon", "coordinates": [ [ [ 109.591139917461547, -7.406573307318829 ], [ 109.591569018422362, -7.407578521084728 ], [ 109.591593520796906, -7.408048836809954 ], [ 109.591328381775284, -7.40899751527802 ], [ 109.591589770276087, -7.409323829508697 ], [ 109.592974637523753, -7.409870869706081 ], [ 109.593534880411951, -7.411147736798869 ], [ 109.593888957455533, -7.411338723544941 ], [ 109.595081736987652, -7.411686152270184 ], [ 109.595554277575332, -7.411669561711364 ], [ 109.596106501876051, -7.411164900468823 ], [ 109.596743998260237, -7.409656649266548 ], [ 109.597897329372287, -7.409226210721208 ], [ 109.599366828379488, -7.409872953703889 ], [ 109.600308179801189, -7.410499858355658 ], [ 109.602754546676124, -7.411104366660708 ], [ 109.602972618869771, -7.411430630315365 ], [ 109.604006253872541, -7.411886032823581 ], [ 109.604133254921791, -7.413875980125015 ], [ 109.604056049844104, -7.415666286291899 ], [ 109.603736399730153, -7.417917029764982 ], [ 109.602862295212347, -7.418321233962622 ], [ 109.602675296789826, -7.417995067426478 ], [ 109.60231925024982, -7.417785906773415 ], [ 109.60113668225118, -7.418171054642761 ], [ 109.600716825218157, -7.418061237079327 ], [ 109.60033965937069, -7.417372817885135 ], [ 109.599507279835308, -7.417125989939705 ], [ 109.598688716442865, -7.418226633038823 ], [ 109.597339736511415, -7.419027236464576 ], [ 109.596436380183178, -7.419820201244472 ], [ 109.596186043727215, -7.420199236195191 ], [ 109.596086466842479, -7.421329266866478 ], [ 109.595830768855052, -7.42196153164584 ], [ 109.59508185637111, -7.42342412755434 ], [ 109.594599891425801, -7.423910923934915 ], [ 109.591664519974586, -7.426153361001699 ], [ 109.587990535200731, -7.428203557074974 ], [ 109.587830361786615, -7.428790821243846 ], [ 109.58784874494134, -7.431549103262391 ], [ 109.587206901805487, -7.43236086542764 ], [ 109.58315361474618, -7.433930521872613 ], [ 109.582868341780525, -7.433549787190405 ], [ 109.582787317079749, -7.432934632208414 ], [ 109.582143953648924, -7.432191012410819 ], [ 109.581501867817778, -7.431818178057625 ], [ 109.580084034543816, -7.431822684097809 ], [ 109.579552794970624, -7.431594952440085 ], [ 109.578865053604162, -7.43055273560982 ], [ 109.576947185412465, -7.426531465213769 ], [ 109.584010479421181, -7.423081567930499 ], [ 109.583113236110165, -7.420555651121985 ], [ 109.581603154587526, -7.417349593897435 ], [ 109.580232956376207, -7.415138700962814 ], [ 109.581584665140795, -7.414211583920379 ], [ 109.583580707568188, -7.413973741105858 ], [ 109.584790179406454, -7.413606808820067 ], [ 109.586057272559202, -7.412833108010615 ], [ 109.586678714199081, -7.411849402365992 ], [ 109.588496804341176, -7.406872428844416 ], [ 109.589184971021012, -7.406160167289584 ], [ 109.589540772009371, -7.406088964324189 ], [ 109.590555442392997, -7.406625704977101 ], [ 109.591139917461547, -7.406573307318829 ] ] ] } },
{ "type": "Feature", "properties": { "DESA": "Kalipelus" }, "geometry": { "type": "Polygon", "coordinates": [ [ [ 109.563413440008702, -7.420926464752073 ], [ 109.564588344501587, -7.420930261949523 ], [ 109.565399438020734, -7.421629144225177 ], [ 109.565846682265246, -7.421721090595649 ], [ 109.566523704772308, -7.421515237502396 ], [ 109.566882551363292, -7.421661054437892 ], [ 109.568484527272545, -7.422914177328309 ], [ 109.569202952171011, -7.422934574416912 ], [ 109.569583944908302, -7.422700729888972 ], [ 109.569902603156706, -7.422222481059693 ], [ 109.570501541948033, -7.419963652140988 ], [ 109.570948725652087, -7.418870831528442 ], [ 109.57145806426945, -7.418239492957257 ], [ 109.572453665999475, -7.417483047814159 ], [ 109.573024091589915, -7.417575291622101 ], [ 109.574054687961919, -7.419034508557866 ], [ 109.574560459088161, -7.419533579744955 ], [ 109.574898396407775, -7.419561787275802 ], [ 109.575246084447087, -7.419183079741956 ], [ 109.575531470607487, -7.417782331367263 ], [ 109.575870699334374, -7.417222680630027 ], [ 109.576547090450362, -7.416582828364188 ], [ 109.57711051944365, -7.416132479340258 ], [ 109.580232956376207, -7.415138700962814 ], [ 109.581603154587526, -7.417349593897435 ], [ 109.583113236110165, -7.420555651121985 ], [ 109.584010479421181, -7.423081567930499 ], [ 109.576947185412465, -7.426531465213769 ], [ 109.578865053604162, -7.43055273560982 ], [ 109.577657190934772, -7.43093772959122 ], [ 109.575967444133767, -7.431149390134364 ], [ 109.57550894559931, -7.431717606559182 ], [ 109.574564117308867, -7.432193847702489 ], [ 109.573815814316575, -7.43281537789462 ], [ 109.572873780024537, -7.432749059840179 ], [ 109.570517981066331, -7.433555365171363 ], [ 109.570358049113452, -7.433898506245856 ], [ 109.570611277278687, -7.434713212399561 ], [ 109.569797176275515, -7.436157452745723 ], [ 109.56922000744909, -7.436318332548428 ], [ 109.56805773296, -7.433095279344431 ], [ 109.567750816034462, -7.431629342348321 ], [ 109.569580594575385, -7.430667654754136 ], [ 109.568865835098535, -7.428702955825718 ], [ 109.566824743498913, -7.429175644185363 ], [ 109.565314541121666, -7.429035147146241 ], [ 109.563647969944697, -7.428577607119315 ], [ 109.563028937153945, -7.428014959526068 ], [ 109.563301453740891, -7.427509444674043 ], [ 109.563850960024084, -7.425349926084555 ], [ 109.563522749273119, -7.42432693878354 ], [ 109.562230504108982, -7.423418457851763 ], [ 109.562052690513767, -7.422459335804488 ], [ 109.562386947831271, -7.421619406474679 ], [ 109.563413440008702, -7.420926464752073 ] ] ] } },
{ "type": "Feature", "properties": { "DESA": "Purwonegoro" }, "geometry": { "type": "Polygon", "coordinates": [ [ [ 109.551440716969623, -7.427751176795775 ], [ 109.552252415621908, -7.427735742441597 ], [ 109.553039908014156, -7.428543152998927 ], [ 109.553102123270506, -7.429094956257607 ], [ 109.552671439559106, -7.430242048834525 ], [ 109.55277704930127, -7.430567964938564 ], [ 109.553224661342583, -7.430822576663942 ], [ 109.553609304421926, -7.430778624850955 ], [ 109.554230041041535, -7.430382746639371 ], [ 109.555155790064944, -7.428043650282457 ], [ 109.556118609185617, -7.427549428877043 ], [ 109.556609275385696, -7.427704724255965 ], [ 109.556842754706153, -7.428175714230862 ], [ 109.556798917320165, -7.428492102812442 ], [ 109.555854525531629, -7.429953970180056 ], [ 109.555959946692823, -7.43036125577571 ], [ 109.556664989828946, -7.430318343663197 ], [ 109.557221007434819, -7.430066908744645 ], [ 109.557456995729453, -7.429769317469717 ], [ 109.558149284816295, -7.427818222884915 ], [ 109.558844314276456, -7.427133260424021 ], [ 109.559356767982933, -7.427044511915554 ], [ 109.560229735120672, -7.427255290882392 ], [ 109.560587511862749, -7.428395910648452 ], [ 109.561127849952641, -7.428967347228578 ], [ 109.562091990413805, -7.428916224651697 ], [ 109.563028937153945, -7.428014959526068 ], [ 109.563647969944697, -7.428577607119315 ], [ 109.565314541121666, -7.429035147146241 ], [ 109.566824743498913, -7.429175644185363 ], [ 109.568865835098535, -7.428702955825718 ], [ 109.569580594575385, -7.430667654754136 ], [ 109.567750816034462, -7.431629342348321 ], [ 109.56805773296, -7.433095279344431 ], [ 109.56922000744909, -7.436318332548428 ], [ 109.568529217577776, -7.436316103042267 ], [ 109.568053072927952, -7.436631098186302 ], [ 109.566897180241568, -7.436971019720404 ], [ 109.566439408564591, -7.437747263583126 ], [ 109.564914282992078, -7.438167355708168 ], [ 109.56494716501517, -7.439198338654552 ], [ 109.56466741329433, -7.440617170701833 ], [ 109.563872006043695, -7.441862548599492 ], [ 109.563214789987271, -7.442330649881528 ], [ 109.563154176730905, -7.442683149822549 ], [ 109.561412204369446, -7.443021152084566 ], [ 109.56072495301494, -7.44280184138431 ], [ 109.560060094532361, -7.442130544025109 ], [ 109.559381859112264, -7.442010713760371 ], [ 109.557018348779081, -7.442871154930884 ], [ 109.553214145876396, -7.443726878772647 ], [ 109.548224217915902, -7.435626160420239 ], [ 109.545543085025685, -7.436919566840346 ], [ 109.544477623774497, -7.43593040844911 ], [ 109.544010661458785, -7.435178282497369 ], [ 109.544247029973633, -7.434428465379092 ], [ 109.543785690164484, -7.432491791701621 ], [ 109.543927739819352, -7.432003947532412 ], [ 109.544560212151509, -7.431562917802807 ], [ 109.545004990274009, -7.431473965420493 ], [ 109.546664496427525, -7.431596938823128 ], [ 109.548228522928042, -7.430426441189272 ], [ 109.548570420113634, -7.43036427167146 ], [ 109.550020620247196, -7.430938694453242 ], [ 109.550576524431008, -7.43081393470726 ], [ 109.550711336810991, -7.428725419980786 ], [ 109.551012668156432, -7.428093433557018 ], [ 109.551440716969623, -7.427751176795775 ] ] ] } },
{ "type": "Feature", "properties": { "DESA": "Danaraja" }, "geometry": { "type": "Polygon", "coordinates": [ [ [ 109.532594918139623, -7.437952970521788 ], [ 109.533880465973695, -7.437378504996352 ], [ 109.534789659396978, -7.436576674294017 ], [ 109.53542850633751, -7.436515497362416 ], [ 109.535769564322607, -7.437158721076551 ], [ 109.535738498749538, -7.438912949045686 ], [ 109.536088731137468, -7.439673646798727 ], [ 109.536616525277566, -7.439919589298865 ], [ 109.537399516255306, -7.439171583200852 ], [ 109.538235503051439, -7.437646126076472 ], [ 109.538689222518784, -7.437520956185621 ], [ 109.53949431576406, -7.437722603552179 ], [ 109.540074000210637, -7.437570723858107 ], [ 109.541646996195283, -7.43586686169815 ], [ 109.542513745359287, -7.435381401290869 ], [ 109.544010661458785, -7.435178282497369 ], [ 109.544477623774497, -7.43593040844911 ], [ 109.545543085025685, -7.436919566840346 ], [ 109.548224217915902, -7.435626160420239 ], [ 109.551255689243249, -7.440736270431888 ], [ 109.549103479762451, -7.441154252799034 ], [ 109.549642643687875, -7.442331635890283 ], [ 109.550762421725707, -7.443782152632862 ], [ 109.552690073653949, -7.44484653953007 ], [ 109.552969509544056, -7.445200147469061 ], [ 109.552616655955248, -7.446184659564175 ], [ 109.552292413396557, -7.448534747623334 ], [ 109.551282688639176, -7.449942132576886 ], [ 109.550689997792404, -7.451432340468804 ], [ 109.55042766491087, -7.451738879642584 ], [ 109.549715101917485, -7.45171846266107 ], [ 109.549206720239582, -7.452376979128261 ], [ 109.548809776029145, -7.452384718590973 ], [ 109.548156281092005, -7.454299653874727 ], [ 109.54433449022352, -7.454250930007436 ], [ 109.541313023938102, -7.453553673456263 ], [ 109.538253446773595, -7.453606953098001 ], [ 109.534704747562131, -7.45344142523866 ], [ 109.533171404897672, -7.452920913254457 ], [ 109.533121624047254, -7.452143036138108 ], [ 109.533396117674656, -7.449621037421575 ], [ 109.533052355829795, -7.446735166486451 ], [ 109.533170577961798, -7.442431107386834 ], [ 109.532610841814076, -7.438938770489147 ], [ 109.532594918139623, -7.437952970521788 ] ] ] } },
{ "type": "Feature", "properties": { "DESA": "Wanadri" }, "geometry": { "type": "Polygon", "coordinates": [ [ [ 109.603386309090212, -7.45915283089381 ], [ 109.605769904660335, -7.458925189215572 ], [ 109.606250016482093, -7.459035199090519 ], [ 109.607412622624537, -7.460368211380561 ], [ 109.607257684808062, -7.4606480952488 ], [ 109.607506484634712, -7.461399491411276 ], [ 109.607483538166065, -7.461851576654823 ], [ 109.606477198485308, -7.462390975359324 ], [ 109.605779586465502, -7.463464874729286 ], [ 109.605823906047618, -7.464568328737138 ], [ 109.605343233737869, -7.465434960397822 ], [ 109.605248178276369, -7.466031478642107 ], [ 109.605516840891568, -7.466502566665172 ], [ 109.605998360261651, -7.466359425330348 ], [ 109.607761970432861, -7.467169848218561 ], [ 109.609623524307381, -7.467392705143719 ], [ 109.609316666233028, -7.46683108499837 ], [ 109.609559879111643, -7.466207816894321 ], [ 109.60990126915398, -7.466055188510525 ], [ 109.610253824082378, -7.466128628726618 ], [ 109.610683399467405, -7.466464600593741 ], [ 109.61115394078189, -7.46655649400215 ], [ 109.612961587468448, -7.466010561060792 ], [ 109.61333637323493, -7.465668075611704 ], [ 109.613784523512493, -7.465515779031814 ], [ 109.614577312311141, -7.466503956066265 ], [ 109.616704072380287, -7.468445837890445 ], [ 109.618096795666105, -7.469010945068587 ], [ 109.619371407118933, -7.468598938445342 ], [ 109.620814391855106, -7.468838524068372 ], [ 109.621869111176309, -7.469646682118225 ], [ 109.622530184057069, -7.470833439174263 ], [ 109.623198466232367, -7.471007310597407 ], [ 109.623589169216785, -7.47137931681001 ], [ 109.623541014670309, -7.471749954389668 ], [ 109.622692269458454, -7.472516006082091 ], [ 109.621652581354525, -7.474131440337691 ], [ 109.620212489630177, -7.47577283303632 ], [ 109.620236287664795, -7.477283089870719 ], [ 109.619882881602422, -7.478475717865821 ], [ 109.62029873819057, -7.479688835769383 ], [ 109.618696182951254, -7.481546703463528 ], [ 109.618320385126069, -7.482278057914309 ], [ 109.618022309787605, -7.483145185706836 ], [ 109.617819769923386, -7.484256910598752 ], [ 109.61785481968775, -7.485369290142755 ], [ 109.617565723438446, -7.486254618295002 ], [ 109.618569768224972, -7.487433417785969 ], [ 109.618703613458734, -7.48792216216289 ], [ 109.618431352083732, -7.488680964376631 ], [ 109.619112928427157, -7.491640264471252 ], [ 109.618191760631717, -7.493464092505128 ], [ 109.617320313789762, -7.494682120966266 ], [ 109.615416769597161, -7.496430521054344 ], [ 109.615039028289488, -7.497415111253243 ], [ 109.615089641187225, -7.498871200283152 ], [ 109.612656892743772, -7.499071484129709 ], [ 109.608623067556522, -7.499049699642274 ], [ 109.606933892475084, -7.498384245202341 ], [ 109.60570563460324, -7.497629742774983 ], [ 109.605684095784127, -7.497096146086938 ], [ 109.605948407010771, -7.496708116438469 ], [ 109.605636423905949, -7.493315908365991 ], [ 109.605450390775275, -7.492772749173099 ], [ 109.60637029944283, -7.492088431510074 ], [ 109.607058991872222, -7.491276710835018 ], [ 109.605177645536699, -7.489236004498429 ], [ 109.602434308948972, -7.487671929466345 ], [ 109.602303540633358, -7.487137986619762 ], [ 109.601809234360857, -7.486385808164621 ], [ 109.602368213119874, -7.48576355046464 ], [ 109.603377238149065, -7.483225687784485 ], [ 109.603443484127951, -7.482059296277187 ], [ 109.603051325614544, -7.480810080409309 ], [ 109.603014563185326, -7.480176981200827 ], [ 109.603373687408435, -7.4788216496894 ], [ 109.604170387328494, -7.47749482645983 ], [ 109.603755314689778, -7.476779067296164 ], [ 109.603005790866604, -7.476451206506405 ], [ 109.602593004330004, -7.474993884996525 ], [ 109.602701234738447, -7.473827716718358 ], [ 109.602911071423762, -7.473367183378563 ], [ 109.602559928419566, -7.472307965852403 ], [ 109.602791418926429, -7.47163955060839 ], [ 109.603624919674957, -7.470764999033935 ], [ 109.604071877113924, -7.465458068589268 ], [ 109.603788179321782, -7.460447191180549 ], [ 109.603386309090212, -7.45915283089381 ] ] ] } },
{ "type": "Feature", "properties": { "DESA": "Kebondalem" }, "geometry": { "type": "Polygon", "coordinates": [ [ [ 109.607412622624537, -7.460368211380561 ], [ 109.608132678383768, -7.459990652369949 ], [ 109.608115133622178, -7.459348571172057 ], [ 109.608799878201012, -7.458961858125367 ], [ 109.609144892618744, -7.459008150407731 ], [ 109.609930506000055, -7.458404760176417 ], [ 109.611804295735084, -7.457958488886481 ], [ 109.613475361134618, -7.45785523568008 ], [ 109.61503529657098, -7.458167531065532 ], [ 109.616360189561576, -7.458696169307474 ], [ 109.617134607118103, -7.459657249637146 ], [ 109.619076487662738, -7.460251100403362 ], [ 109.620513605939763, -7.461376900977757 ], [ 109.621197300322862, -7.462111568100815 ], [ 109.621857811688372, -7.463045072949578 ], [ 109.622220876674504, -7.463914360042072 ], [ 109.623586874409, -7.465881053732304 ], [ 109.626361663220933, -7.46887389940667 ], [ 109.626716789016498, -7.468748424315558 ], [ 109.627281968957789, -7.468921968610552 ], [ 109.627478497270673, -7.469365699252941 ], [ 109.627847049571983, -7.468959890724312 ], [ 109.630891848159465, -7.471537649966161 ], [ 109.635303156091169, -7.473405168210216 ], [ 109.639061880256392, -7.475514845865483 ], [ 109.639511691913057, -7.476203564698589 ], [ 109.639939185953693, -7.477416618949437 ], [ 109.639831124103978, -7.478293487726806 ], [ 109.638972607837331, -7.480479322390202 ], [ 109.638133306319702, -7.481308724620304 ], [ 109.637564032465605, -7.481171343862406 ], [ 109.634112277127386, -7.481775570198134 ], [ 109.633430757340619, -7.481574546377536 ], [ 109.632816084611775, -7.481644971797166 ], [ 109.630893454961296, -7.482914116053887 ], [ 109.630052983409286, -7.484304153920291 ], [ 109.627497949093822, -7.485978266575239 ], [ 109.627140824537491, -7.486546852826789 ], [ 109.625732033269131, -7.487130241591598 ], [ 109.625343192832119, -7.487852521013611 ], [ 109.625000184882978, -7.488158948253588 ], [ 109.623556922104044, -7.488796469302774 ], [ 109.62236607921605, -7.490113059459079 ], [ 109.621545454484917, -7.490761651616772 ], [ 109.619112928427157, -7.491640264471252 ], [ 109.618431352083732, -7.488680964376631 ], [ 109.618703613458734, -7.48792216216289 ], [ 109.618569768224972, -7.487433417785969 ], [ 109.617565723438446, -7.486254618295002 ], [ 109.61785481968775, -7.485369290142755 ], [ 109.617819769923386, -7.484256910598752 ], [ 109.618022309787605, -7.483145185706836 ], [ 109.618696182951254, -7.481546703463528 ], [ 109.62029873819057, -7.479688835769383 ], [ 109.619882881602422, -7.478475717865821 ], [ 109.620236287664795, -7.477283089870719 ], [ 109.620212489630177, -7.47577283303632 ], [ 109.621652581354525, -7.474131440337691 ], [ 109.622692269458454, -7.472516006082091 ], [ 109.623541014670309, -7.471749954389668 ], [ 109.623589169216785, -7.47137931681001 ], [ 109.623198466232367, -7.471007310597407 ], [ 109.622530184057069, -7.470833439174263 ], [ 109.621869111176309, -7.469646682118225 ], [ 109.620814391855106, -7.468838524068372 ], [ 109.619371407118933, -7.468598938445342 ], [ 109.618096795666105, -7.469010945068587 ], [ 109.616704072380287, -7.468445837890445 ], [ 109.614577312311141, -7.466503956066265 ], [ 109.613784523512493, -7.465515779031814 ], [ 109.61333637323493, -7.465668075611704 ], [ 109.612961587468448, -7.466010561060792 ], [ 109.61115394078189, -7.46655649400215 ], [ 109.610683399467405, -7.466464600593741 ], [ 109.610253824082378, -7.466128628726618 ], [ 109.60990126915398, -7.466055188510525 ], [ 109.609559879111643, -7.466207816894321 ], [ 109.609316666233028, -7.46683108499837 ], [ 109.609623524307381, -7.467392705143719 ], [ 109.607761970432861, -7.467169848218561 ], [ 109.605998360261651, -7.466359425330348 ], [ 109.605516840891568, -7.466502566665172 ], [ 109.605248178276369, -7.466031478642107 ], [ 109.605343233737869, -7.465434960397822 ], [ 109.605823906047618, -7.464568328737138 ], [ 109.605779586465502, -7.463464874729286 ], [ 109.606477198485308, -7.462390975359324 ], [ 109.607483538166065, -7.461851576654823 ], [ 109.607506484634712, -7.461399491411276 ], [ 109.607257684808062, -7.4606480952488 ], [ 109.607412622624537, -7.460368211380561 ] ] ] } },
{ "type": "Feature", "properties": { "DESA": "Duren" }, "geometry": { "type": "Polygon", "coordinates": [ [ [ 109.634627335928883, -7.473104710183972 ], [ 109.637059366274258, -7.470345002687786 ], [ 109.637986880099319, -7.469732865748622 ], [ 109.638965877994153, -7.469310846076822 ], [ 109.641249578127614, -7.468721052964349 ], [ 109.642712996251092, -7.468399970499268 ], [ 109.644100976207511, -7.468313819930584 ], [ 109.644784079906131, -7.468433456153162 ], [ 109.645025553063888, -7.468651283084125 ], [ 109.646743706104829, -7.470745496589994 ], [ 109.647097494091923, -7.471442956165571 ], [ 109.647397945584956, -7.473351992007074 ], [ 109.648298139967778, -7.474819833014903 ], [ 109.649714556629647, -7.475990703582481 ], [ 109.650373883385356, -7.47629118100058 ], [ 109.652870001768505, -7.476344018556301 ], [ 109.653131805779935, -7.476561814120043 ], [ 109.653077799539744, -7.476923399789319 ], [ 109.653878467550442, -7.477133889143461 ], [ 109.653988713788948, -7.478119930692921 ], [ 109.654234045192084, -7.478618052739407 ], [ 109.654572552319564, -7.478772791301174 ], [ 109.655384863937854, -7.478793351985728 ], [ 109.65547546925707, -7.479435756419742 ], [ 109.655986666978947, -7.480242190423684 ], [ 109.656469275530426, -7.480478740747255 ], [ 109.6569691513903, -7.480444097735784 ], [ 109.657737383679248, -7.479316066536374 ], [ 109.658747836857415, -7.478432891144037 ], [ 109.659605073663997, -7.478299784234996 ], [ 109.660603915541472, -7.478429490879559 ], [ 109.662973467982951, -7.479594179203656 ], [ 109.664215558581645, -7.479733567020936 ], [ 109.664664317758465, -7.479653552435265 ], [ 109.665829043855766, -7.479042162546529 ], [ 109.666522948868845, -7.478049509986925 ], [ 109.667020119700283, -7.477797759064961 ], [ 109.666941823938117, -7.478312981369672 ], [ 109.667263778403793, -7.479344962884496 ], [ 109.669080902473624, -7.482090586538557 ], [ 109.670239877407624, -7.483206377604244 ], [ 109.673293083361571, -7.485033297310177 ], [ 109.673805663199985, -7.485667931493834 ], [ 109.673354768451304, -7.48699595648398 ], [ 109.673574195722026, -7.488805293566811 ], [ 109.673061768919553, -7.490169298318789 ], [ 109.67240413087093, -7.492925536578979 ], [ 109.671098431479336, -7.496575110677028 ], [ 109.669582381621211, -7.498523956724513 ], [ 109.6671450673701, -7.495107191143272 ], [ 109.665674375679814, -7.493321188439607 ], [ 109.665092869801327, -7.492921506934635 ], [ 109.664331843464851, -7.492783575172661 ], [ 109.662722694389402, -7.492941436916633 ], [ 109.659743097613202, -7.493728209014362 ], [ 109.654777290441146, -7.49594676217023 ], [ 109.653508084373229, -7.49606041929944 ], [ 109.650271909733604, -7.495842549327133 ], [ 109.648978042967173, -7.495594367883329 ], [ 109.647757350953512, -7.495120370827373 ], [ 109.647219945436944, -7.494648471856689 ], [ 109.646433904912129, -7.493443267589806 ], [ 109.644854367408726, -7.489242351853255 ], [ 109.643864006530706, -7.487114106445852 ], [ 109.642962082908824, -7.485673464797638 ], [ 109.642239940292697, -7.484784995825287 ], [ 109.639322333624193, -7.482026851925747 ], [ 109.638133306319702, -7.481308724620304 ], [ 109.638972607837331, -7.480479322390202 ], [ 109.639831124103978, -7.478293487726806 ], [ 109.639939185953693, -7.477416618949437 ], [ 109.639292314613229, -7.475823056546132 ], [ 109.638348192854679, -7.475015273381881 ], [ 109.634627335928883, -7.473104710183972 ] ] ] } },
{ "type": "Feature", "properties": { "DESA": "Lebakwangi" }, "geometry": { "type": "Polygon", "coordinates": [ [ [ 109.653371353538049, -7.442496299142137 ], [ 109.655959468954663, -7.443507948044542 ], [ 109.658461213830421, -7.443985781242417 ], [ 109.659758230437859, -7.444062039566377 ], [ 109.660772342377314, -7.447356951850548 ], [ 109.661994712693442, -7.449386315464922 ], [ 109.663175606584815, -7.452211479852619 ], [ 109.665660371510612, -7.457355578771141 ], [ 109.665838826363256, -7.458278536877846 ], [ 109.665765943375817, -7.458784734543992 ], [ 109.665453160115135, -7.459118418492444 ], [ 109.664468521431843, -7.459368699027263 ], [ 109.663663876836424, -7.460008307893349 ], [ 109.663520222332323, -7.460396750580909 ], [ 109.663635933301123, -7.460722686569055 ], [ 109.664075277581745, -7.460931970286394 ], [ 109.664281402206569, -7.461303387217812 ], [ 109.664034197405314, -7.461691517103038 ], [ 109.662555501296907, -7.462672753881018 ], [ 109.663418964876215, -7.463923371023307 ], [ 109.663634986800517, -7.465316693898103 ], [ 109.664706752739392, -7.466224270713773 ], [ 109.664899605323839, -7.466686063176744 ], [ 109.66488526068845, -7.467129146194507 ], [ 109.664390356707074, -7.46804102699919 ], [ 109.664868884773952, -7.468241478576769 ], [ 109.66484159923354, -7.468738771716365 ], [ 109.665487244523675, -7.469265223952093 ], [ 109.665238004035857, -7.470322512774928 ], [ 109.665560014432629, -7.470866069754847 ], [ 109.665543697889021, -7.47203265174081 ], [ 109.665710916945429, -7.472349702004195 ], [ 109.666731090656896, -7.47320287203135 ], [ 109.667287945959828, -7.473150304754401 ], [ 109.668193365141107, -7.473460451212061 ], [ 109.668238291251924, -7.475721428702542 ], [ 109.668017181811592, -7.476100597002057 ], [ 109.667408498472952, -7.476143966439679 ], [ 109.667096927256807, -7.476369154384097 ], [ 109.667523010630461, -7.47676836055156 ], [ 109.667400970199708, -7.477419074264584 ], [ 109.666522948868845, -7.478049509986925 ], [ 109.665829043855766, -7.479042162546529 ], [ 109.664664317758465, -7.479653552435265 ], [ 109.66335936478373, -7.479694806138187 ], [ 109.660603915541472, -7.478429490879559 ], [ 109.659226142726823, -7.47831671538063 ], [ 109.658747836857415, -7.478432891144037 ], [ 109.658118978125174, -7.478892186063788 ], [ 109.6569691513903, -7.480444097735784 ], [ 109.656469275530426, -7.480478740747255 ], [ 109.655986666978947, -7.480242190423684 ], [ 109.65547546925707, -7.479435756419742 ], [ 109.655384863937854, -7.478793351985728 ], [ 109.654572552319564, -7.478772791301174 ], [ 109.654234045192084, -7.478618052739407 ], [ 109.653988713788948, -7.478119930692921 ], [ 109.653878467550442, -7.477133889143461 ], [ 109.653077799539744, -7.476923399789319 ], [ 109.653131805779935, -7.476561814120043 ], [ 109.652870001768505, -7.476344018556301 ], [ 109.650373883385356, -7.47629118100058 ], [ 109.649714556629647, -7.475990703582481 ], [ 109.648298139967778, -7.474819833014903 ], [ 109.647397945584956, -7.473351992007074 ], [ 109.64696317224697, -7.471098877629181 ], [ 109.644784079906131, -7.468433456153162 ], [ 109.644100976207511, -7.468313819930584 ], [ 109.642712996251092, -7.468399970499268 ], [ 109.638450197150902, -7.469508258511961 ], [ 109.637059366274258, -7.470345002687786 ], [ 109.634627335928883, -7.473104710183972 ], [ 109.630891848159465, -7.471537649966161 ], [ 109.627847049571983, -7.468959890724312 ], [ 109.628066176872153, -7.468146753786655 ], [ 109.628487380731116, -7.467723025156181 ], [ 109.628531722558108, -7.467207711614042 ], [ 109.629263530812992, -7.465527917561051 ], [ 109.628692310250443, -7.464920188691811 ], [ 109.628995489822827, -7.46477646696477 ], [ 109.628898596016029, -7.464414419011999 ], [ 109.629183435270562, -7.463610435526125 ], [ 109.63000445896246, -7.462356043030819 ], [ 109.629804673814533, -7.461686177345932 ], [ 109.630462573410043, -7.46099193620201 ], [ 109.631326386048627, -7.458923672053733 ], [ 109.634085089711974, -7.456969758645309 ], [ 109.635387149286458, -7.455255632100544 ], [ 109.636514130777101, -7.454490403207634 ], [ 109.638083108717836, -7.453816946148559 ], [ 109.639538392868701, -7.45391192874821 ], [ 109.639848170217363, -7.453442544241695 ], [ 109.640896332277023, -7.452722357380101 ], [ 109.642683302522784, -7.452121882912115 ], [ 109.643503464821563, -7.451880277914952 ], [ 109.644532047847449, -7.452082342316453 ], [ 109.64517207880229, -7.451939638583477 ], [ 109.646989080298027, -7.451167448687976 ], [ 109.647706021293246, -7.450672267318501 ], [ 109.648671823923948, -7.45039493070996 ], [ 109.649517954952458, -7.449429801298948 ], [ 109.649855798382077, -7.448671255182135 ], [ 109.651479850859786, -7.448495284505709 ], [ 109.652354882475777, -7.447702115036978 ], [ 109.652821405740212, -7.446319911760725 ], [ 109.653417702842319, -7.443735399255555 ], [ 109.653371353538049, -7.442496299142137 ] ] ] } },
{ "type": "Feature", "properties": { "DESA": "Majalengka" }, "geometry": { "type": "Polygon", "coordinates": [ [ [ 109.642172612480906, -7.439586298204877 ], [ 109.645371370406963, -7.439686500716649 ], [ 109.647251688682744, -7.440298204577956 ], [ 109.649383521023239, -7.441263286639749 ], [ 109.653371353538049, -7.442496299142137 ], [ 109.653417702842319, -7.443735399255555 ], [ 109.65327902650273, -7.444548804676819 ], [ 109.652354882475777, -7.447702115036978 ], [ 109.651479850859786, -7.448495284505709 ], [ 109.649855798382077, -7.448671255182135 ], [ 109.649517954952458, -7.449429801298948 ], [ 109.648671823923948, -7.45039493070996 ], [ 109.647266046265443, -7.450869926072712 ], [ 109.646421157443967, -7.451428005691325 ], [ 109.644532047847449, -7.452082342316453 ], [ 109.643503464821563, -7.451880277914952 ], [ 109.641451400045256, -7.452488893308082 ], [ 109.639848170217363, -7.453442544241695 ], [ 109.639538392868701, -7.45391192874821 ], [ 109.638083108717836, -7.453816946148559 ], [ 109.636514130777101, -7.454490403207634 ], [ 109.635387149286458, -7.455255632100544 ], [ 109.634085089711974, -7.456969758645309 ], [ 109.631326386048627, -7.458923672053733 ], [ 109.630981060737909, -7.459528469131682 ], [ 109.627563886634491, -7.457962478572088 ], [ 109.626867865101204, -7.457345320555786 ], [ 109.626116285307859, -7.456936032103891 ], [ 109.625615561897234, -7.456988815093975 ], [ 109.622823187778081, -7.456464587212492 ], [ 109.62224514990578, -7.455893088256953 ], [ 109.621849642517319, -7.455150280569987 ], [ 109.621059463686763, -7.451440122208192 ], [ 109.620820867624758, -7.448780665642974 ], [ 109.620337663182227, -7.447296099912601 ], [ 109.618770968205453, -7.446432102651496 ], [ 109.613624333648062, -7.444526011856962 ], [ 109.611978943487799, -7.442847844520495 ], [ 109.612685187662152, -7.442551600961673 ], [ 109.613516263826497, -7.44142385004871 ], [ 109.617216688408291, -7.436000363408611 ], [ 109.618300775720826, -7.433914819134933 ], [ 109.623176484871905, -7.436525317076373 ], [ 109.624020573404025, -7.437396093719082 ], [ 109.624291127498353, -7.438174675736479 ], [ 109.624302825676722, -7.438880123142702 ], [ 109.624058316274557, -7.441203459284216 ], [ 109.624325538905808, -7.442931560369455 ], [ 109.624543572871943, -7.443375356972739 ], [ 109.625000775836284, -7.443666191917148 ], [ 109.627006848030419, -7.443373956571779 ], [ 109.628176552781412, -7.443974404704413 ], [ 109.631801992192507, -7.444889941855505 ], [ 109.634174693326614, -7.4459644267652 ], [ 109.63499538807325, -7.445885493606405 ], [ 109.637415948274239, -7.445232830632307 ], [ 109.638773795157121, -7.44469442760473 ], [ 109.639340015651229, -7.444063083827973 ], [ 109.640720182801743, -7.4408840898213 ], [ 109.642172612480906, -7.439586298204877 ] ] ] } },
{ "type": "Feature", "properties": { "DESA": "Wiramastra" }, "geometry": { "type": "Polygon", "coordinates": [ [ [ 109.604257752511202, -7.448882458299881 ], [ 109.604608939535098, -7.449643218494892 ], [ 109.605253370437723, -7.449455381390246 ], [ 109.606081179354817, -7.448237136461718 ], [ 109.607057416685251, -7.447968878227178 ], [ 109.607477554049183, -7.447147346763896 ], [ 109.608156914355177, -7.446661068964009 ], [ 109.608665187768977, -7.445939267593779 ], [ 109.608731404517869, -7.445125572989141 ], [ 109.610558380832927, -7.443702501872884 ], [ 109.610661014346604, -7.443042623559203 ], [ 109.611374787299383, -7.443108150902464 ], [ 109.611978943487799, -7.442847844520495 ], [ 109.613624333648062, -7.444526011856962 ], [ 109.618770968205453, -7.446432102651496 ], [ 109.620337663182227, -7.447296099912601 ], [ 109.620820867624758, -7.448780665642974 ], [ 109.621233476361411, -7.452462523108299 ], [ 109.621849642517319, -7.455150280569987 ], [ 109.62224514990578, -7.455893088256953 ], [ 109.622823187778081, -7.456464587212492 ], [ 109.625615561897234, -7.456988815093975 ], [ 109.626116285307859, -7.456936032103891 ], [ 109.626867865101204, -7.457345320555786 ], [ 109.627563886634491, -7.457962478572088 ], [ 109.630981060737909, -7.459528469131682 ], [ 109.630462573410043, -7.46099193620201 ], [ 109.629804673814533, -7.461686177345932 ], [ 109.63000445896246, -7.462356043030819 ], [ 109.629183435270562, -7.463610435526125 ], [ 109.628898596016029, -7.464414419011999 ], [ 109.628995489822827, -7.46477646696477 ], [ 109.628692310250443, -7.464920188691811 ], [ 109.629263530812992, -7.465527917561051 ], [ 109.628531722558108, -7.467207711614042 ], [ 109.628487380731116, -7.467723025156181 ], [ 109.628066176872153, -7.468146753786655 ], [ 109.627847049571983, -7.468959890724312 ], [ 109.627478497270673, -7.469365699252941 ], [ 109.627281968957789, -7.468921968610552 ], [ 109.626716789016498, -7.468748424315558 ], [ 109.626361663220933, -7.46887389940667 ], [ 109.623586874409, -7.465881053732304 ], [ 109.622220876674504, -7.463914360042072 ], [ 109.621857811688372, -7.463045072949578 ], [ 109.620513605939763, -7.461376900977757 ], [ 109.619076487662738, -7.460251100403362 ], [ 109.617134607118103, -7.459657249637146 ], [ 109.616360189561576, -7.458696169307474 ], [ 109.615743436231213, -7.458441080252955 ], [ 109.614464206895477, -7.45800299721602 ], [ 109.613475361134618, -7.45785523568008 ], [ 109.611804295735084, -7.457958488886481 ], [ 109.610423325385185, -7.458252515854204 ], [ 109.609522075400719, -7.458638551039325 ], [ 109.609144892618744, -7.459008150407731 ], [ 109.608799878201012, -7.458961858125367 ], [ 109.608115133622178, -7.459348571172057 ], [ 109.608132678383768, -7.459990652369949 ], [ 109.607412622624537, -7.460368211380561 ], [ 109.606250016482093, -7.459035199090519 ], [ 109.605769904660335, -7.458925189215572 ], [ 109.603386309090212, -7.45915283089381 ], [ 109.603273019128466, -7.458808812118621 ], [ 109.603835018251729, -7.457643984377251 ], [ 109.603817487492421, -7.457282185393733 ], [ 109.603147145517013, -7.456990745908874 ], [ 109.603325744777763, -7.456105078951319 ], [ 109.603058525878069, -7.455652078186043 ], [ 109.602732233494891, -7.455687212827029 ], [ 109.602601748339211, -7.456030461411919 ], [ 109.602188127300622, -7.456110526288537 ], [ 109.602008187269547, -7.455793420787062 ], [ 109.602904901911572, -7.454810568640386 ], [ 109.60305198357787, -7.453780050429168 ], [ 109.603404237088327, -7.453591294625311 ], [ 109.6034827871581, -7.45327500558969 ], [ 109.603244906794913, -7.452216238227702 ], [ 109.603416989717886, -7.451782707072489 ], [ 109.604149247137116, -7.451676521422335 ], [ 109.603957255762651, -7.449360882316671 ], [ 109.604257752511202, -7.448882458299881 ] ] ] } },
{ "type": "Feature", "properties": { "DESA": "Kutayasa Kulon" }, "geometry": { "type": "Polygon", "coordinates": [ [ [ 109.603879765212653, -7.420757004977482 ], [ 109.605419936464259, -7.42082513107146 ], [ 109.606902793913733, -7.42049525254901 ], [ 109.609221480373662, -7.419317825862342 ], [ 109.611709163794075, -7.418321830537974 ], [ 109.613842297812838, -7.417993866534271 ], [ 109.614060172049861, -7.418745161586864 ], [ 109.614213077342669, -7.420563318141583 ], [ 109.613179588463893, -7.424032616149239 ], [ 109.613246932030194, -7.424593572704846 ], [ 109.613973054689666, -7.424785708461151 ], [ 109.614511882058665, -7.425935916641491 ], [ 109.615413696201429, -7.426897297305948 ], [ 109.6192584157384, -7.428347124582822 ], [ 109.619672327850139, -7.429433651168817 ], [ 109.619501545399913, -7.43127792708493 ], [ 109.617742187009412, -7.435088640460798 ], [ 109.612685187662152, -7.442551600961673 ], [ 109.611374787299383, -7.443108150902464 ], [ 109.610661014346604, -7.443042623559203 ], [ 109.610558380832927, -7.443702501872884 ], [ 109.608731404517869, -7.445125572989141 ], [ 109.608665187768977, -7.445939267593779 ], [ 109.608156914355177, -7.446661068964009 ], [ 109.607477554049183, -7.447147346763896 ], [ 109.607057416685251, -7.447968878227178 ], [ 109.606081179354817, -7.448237136461718 ], [ 109.605253370437723, -7.449455381390246 ], [ 109.604608939535098, -7.449643218494892 ], [ 109.603769057419456, -7.447994685719921 ], [ 109.603193154974818, -7.444872976641523 ], [ 109.603474477729279, -7.440252837474834 ], [ 109.603269809784564, -7.437385546664189 ], [ 109.603451807293752, -7.436861541611349 ], [ 109.60410565181553, -7.436194450996328 ], [ 109.604183334649576, -7.435606918011944 ], [ 109.603935564102642, -7.430867481285286 ], [ 109.604252270811159, -7.429484880922563 ], [ 109.605059550253685, -7.427371291865839 ], [ 109.60510569625491, -7.426738452163577 ], [ 109.604930501680855, -7.425652668877549 ], [ 109.603808985140702, -7.424699622154648 ], [ 109.603786670426416, -7.423343079289955 ], [ 109.603968014284192, -7.422312755204989 ], [ 109.603879765212653, -7.420757004977482 ] ] ] } },
{ "type": "Feature", "properties": { "DESA": "Winong" }, "geometry": { "type": "Polygon", "coordinates": [ [ [ 109.612898015259447, -7.405710192762164 ], [ 109.614115524487218, -7.405940109459739 ], [ 109.61544716655564, -7.406676696048934 ], [ 109.616035564317741, -7.406732774089048 ], [ 109.616421956777572, -7.407032431698369 ], [ 109.617397188253051, -7.408780813689256 ], [ 109.617558798834693, -7.409513849974778 ], [ 109.617467251718892, -7.410915253702618 ], [ 109.617843328407417, -7.411314334209348 ], [ 109.619417140691212, -7.411943168302034 ], [ 109.620362664434822, -7.411602437728263 ], [ 109.620730336542422, -7.411630702035718 ], [ 109.621250174172374, -7.411804190688465 ], [ 109.622712433515488, -7.412803457058493 ], [ 109.623243201823556, -7.412633313243438 ], [ 109.624576220475305, -7.411036743251255 ], [ 109.625000722917903, -7.410902433994071 ], [ 109.626047097690403, -7.41125837278751 ], [ 109.62690874605336, -7.411297198701962 ], [ 109.629491702205016, -7.410970539319774 ], [ 109.633933649932885, -7.411074614810444 ], [ 109.635389278479863, -7.410744457276492 ], [ 109.635082505487887, -7.412262843844297 ], [ 109.634442553334651, -7.413029584783976 ], [ 109.634153643020184, -7.414276599943284 ], [ 109.633818234763751, -7.414709650082647 ], [ 109.633495850392762, -7.416417856448566 ], [ 109.632909988376198, -7.416841094088031 ], [ 109.632682966435013, -7.417735680562381 ], [ 109.632360177032282, -7.418024104406603 ], [ 109.630727712266463, -7.418688235950103 ], [ 109.629236224992312, -7.418502809722415 ], [ 109.628589838256303, -7.419169972521865 ], [ 109.626913645121576, -7.41996062372522 ], [ 109.626650042423947, -7.420601931465859 ], [ 109.62702610788071, -7.420937626556895 ], [ 109.626366939581786, -7.421604835726271 ], [ 109.626272415372213, -7.422599281305199 ], [ 109.625762460074057, -7.422534414053058 ], [ 109.623971775679649, -7.423333738013947 ], [ 109.623610164704175, -7.423178823136793 ], [ 109.623039960388212, -7.422453652294768 ], [ 109.622586361053067, -7.422379914771533 ], [ 109.622229934035445, -7.422840011927772 ], [ 109.621078486452078, -7.423017267268527 ], [ 109.620418843296534, -7.422563058386179 ], [ 109.619502481736149, -7.422623501439795 ], [ 109.618365942769529, -7.422213014696569 ], [ 109.617916884298324, -7.422862779242322 ], [ 109.616283530714284, -7.423156060230296 ], [ 109.615776372783046, -7.423009817873927 ], [ 109.615366998926589, -7.423270832621137 ], [ 109.615136505881225, -7.42402063947912 ], [ 109.614337043930391, -7.424370850321075 ], [ 109.613973054689666, -7.424785708461151 ], [ 109.613246932030194, -7.424593572704846 ], [ 109.613179588463893, -7.424032616149239 ], [ 109.614213077342669, -7.420563318141583 ], [ 109.614060172049861, -7.418745161586864 ], [ 109.613626519500045, -7.416835625395782 ], [ 109.613601629282428, -7.411563336234687 ], [ 109.612837889405284, -7.411009340764402 ], [ 109.611845713969402, -7.411051453062686 ], [ 109.611613711529898, -7.410734280916744 ], [ 109.611972407000309, -7.409930536539091 ], [ 109.611961731064667, -7.409451219729941 ], [ 109.611671205530072, -7.409287478203987 ], [ 109.611283807494232, -7.408689448145815 ], [ 109.611252341722263, -7.408074445910518 ], [ 109.612188408951255, -7.407769868325121 ], [ 109.612728959175612, -7.407265145587799 ], [ 109.613131728201253, -7.406579074619486 ], [ 109.612898015259447, -7.405710192762164 ] ] ] } },
{ "type": "Feature", "properties": { "DESA": "Depok" }, "geometry": { "type": "MultiPolygon", "coordinates": [ [ [ [ 109.636945307470938, -7.400566449104972 ], [ 109.637718138136179, -7.400867272048718 ], [ 109.637936651827658, -7.400424817322969 ], [ 109.638082037052385, -7.399177266396246 ], [ 109.639702039671306, -7.399408342282678 ], [ 109.64080033625325, -7.399077068289242 ], [ 109.641034023879925, -7.398752196956901 ], [ 109.641160997766974, -7.398074381916103 ], [ 109.641576908438708, -7.398057566842936 ], [ 109.642521888935633, -7.398883403139625 ], [ 109.642683768214496, -7.399200348604674 ], [ 109.643373168147292, -7.398985452028914 ], [ 109.643393279795404, -7.398515264896474 ], [ 109.64370973436931, -7.398434854618592 ], [ 109.644661631592157, -7.398880874706575 ], [ 109.645177687206015, -7.399632979315578 ], [ 109.645812812360006, -7.39661450387061 ], [ 109.644542656886003, -7.394711475404426 ], [ 109.645655334977491, -7.39394623794024 ], [ 109.646431919532787, -7.393921380987774 ], [ 109.646966682604017, -7.39336233965941 ], [ 109.647432653999857, -7.393463209875404 ], [ 109.64861728743098, -7.394163179220056 ], [ 109.649155264985566, -7.394978727095427 ], [ 109.650314376539853, -7.39613973353229 ], [ 109.650685011503597, -7.396321776479433 ], [ 109.651014849650394, -7.397245191365299 ], [ 109.650928352944675, -7.399062638058192 ], [ 109.651047042174071, -7.400148161363883 ], [ 109.651650426364299, -7.400584071548217 ], [ 109.652101910533446, -7.400612562300676 ], [ 109.652176318020025, -7.399798959274603 ], [ 109.65252949408287, -7.399655272552323 ], [ 109.65308090407224, -7.399765528549399 ], [ 109.653569291512298, -7.400680380521652 ], [ 109.654227756072316, -7.400320618113695 ], [ 109.654660535423986, -7.400457548223001 ], [ 109.654775909910143, -7.401136192881388 ], [ 109.655058832498682, -7.401299794842169 ], [ 109.655898038428674, -7.400705495402351 ], [ 109.656342503072182, -7.40127654385825 ], [ 109.657810706924636, -7.401913968729426 ], [ 109.658927917530107, -7.402740295864304 ], [ 109.661110180522087, -7.403560782573305 ], [ 109.660819553667409, -7.406616588758816 ], [ 109.660870996916145, -7.407466830880268 ], [ 109.661044551566448, -7.407856230446882 ], [ 109.662057327592706, -7.407153853219906 ], [ 109.663068589155145, -7.40613501370474 ], [ 109.663598277290021, -7.405847183419235 ], [ 109.664348999717561, -7.40578614522831 ], [ 109.66495590503996, -7.406077386308752 ], [ 109.66533407020161, -7.406964775361612 ], [ 109.665318532719283, -7.409297907062974 ], [ 109.665710714919541, -7.41059229961858 ], [ 109.664588508707368, -7.411240016406611 ], [ 109.658970403173043, -7.41359254617251 ], [ 109.658163501741882, -7.414069404873097 ], [ 109.657891563080184, -7.412051867485435 ], [ 109.657375313117541, -7.410883769570806 ], [ 109.65679697771813, -7.410113311976646 ], [ 109.655998056975179, -7.409758189084545 ], [ 109.6538471174471, -7.409245271077181 ], [ 109.652152224002478, -7.40827251664612 ], [ 109.6517520249797, -7.408253221456429 ], [ 109.651362560322895, -7.408487121116105 ], [ 109.650744066616369, -7.409380537974956 ], [ 109.649894897746719, -7.409902460966848 ], [ 109.649417059955226, -7.410723969715653 ], [ 109.648591215395527, -7.410920465787891 ], [ 109.648191353844254, -7.410765454932418 ], [ 109.647465206547992, -7.409723293689807 ], [ 109.646823267011285, -7.409214927223862 ], [ 109.645719020937022, -7.408795568548223 ], [ 109.644969280842389, -7.408729995907242 ], [ 109.644460259356507, -7.40890023426948 ], [ 109.6443736149687, -7.408456846496703 ], [ 109.643063412564445, -7.406598985752628 ], [ 109.642356135476291, -7.406524497370097 ], [ 109.641990335763893, -7.406640921019591 ], [ 109.641655064687285, -7.407399564067736 ], [ 109.641197317287535, -7.407560913732454 ], [ 109.640658741137756, -7.407405564025202 ], [ 109.64019451898244, -7.406291772306936 ], [ 109.639631105505316, -7.406100179891636 ], [ 109.638574243424756, -7.40621448845021 ], [ 109.638258941949346, -7.406014611618942 ], [ 109.638292626835153, -7.405164634913209 ], [ 109.637993056508321, -7.404829093581466 ], [ 109.63711865115954, -7.405152001537306 ], [ 109.63714919179823, -7.404329140065895 ], [ 109.636766162830739, -7.403975259783493 ], [ 109.636381864834362, -7.404010249076202 ], [ 109.636125847409886, -7.403674840225478 ], [ 109.637033114175523, -7.402502045393123 ], [ 109.636945307470938, -7.400566449104972 ] ] ], [ [ [ 109.623971775679649, -7.423333738013947 ], [ 109.625762460074057, -7.422534414053058 ], [ 109.626272415372213, -7.422599281305199 ], [ 109.626440426894121, -7.423730250518754 ], [ 109.627173047731318, -7.423949509846613 ], [ 109.627655363170433, -7.424448369534816 ], [ 109.628407745564985, -7.424486859519927 ], [ 109.628014758482138, -7.42640288142077 ], [ 109.627155730969648, -7.428254080700483 ], [ 109.62667571318093, -7.42985319956245 ], [ 109.626387896423239, -7.43162478969022 ], [ 109.626397460431875, -7.43337921717742 ], [ 109.626778059856576, -7.435071503591176 ], [ 109.627820334184136, -7.4366935068198 ], [ 109.630276869745146, -7.441937178219621 ], [ 109.631296066427581, -7.443685686781622 ], [ 109.631077113856492, -7.444643583347503 ], [ 109.628176552781412, -7.443974404704413 ], [ 109.627006848030419, -7.443373956571779 ], [ 109.625000775836284, -7.443666191917148 ], [ 109.624543572871943, -7.443375356972739 ], [ 109.624325538905808, -7.442931560369455 ], [ 109.624058316274557, -7.441203459284216 ], [ 109.624302825676722, -7.438880123142702 ], [ 109.624291127498353, -7.438174675736479 ], [ 109.624020573404025, -7.437396093719082 ], [ 109.623176484871905, -7.436525317076373 ], [ 109.618300775720826, -7.433914819134933 ], [ 109.619501545399913, -7.43127792708493 ], [ 109.619684944254303, -7.430202299826926 ], [ 109.619529732236614, -7.428782046054217 ], [ 109.6192584157384, -7.428347124582822 ], [ 109.61877012636981, -7.4280652317396 ], [ 109.615413696201429, -7.426897297305948 ], [ 109.614511882058665, -7.425935916641491 ], [ 109.613973054689666, -7.424785708461151 ], [ 109.614337043930391, -7.424370850321075 ], [ 109.615136505881225, -7.42402063947912 ], [ 109.615366998926589, -7.423270832621137 ], [ 109.615776372783046, -7.423009817873927 ], [ 109.616283530714284, -7.423156060230296 ], [ 109.617916884298324, -7.422862779242322 ], [ 109.618365942769529, -7.422213014696569 ], [ 109.619502481736149, -7.422623501439795 ], [ 109.620418843296534, -7.422563058386179 ], [ 109.621078486452078, -7.423017267268527 ], [ 109.622229934035445, -7.422840011927772 ], [ 109.622586361053067, -7.422379914771533 ], [ 109.623039960388212, -7.422453652294768 ], [ 109.623610164704175, -7.423178823136793 ], [ 109.623971775679649, -7.423333738013947 ] ] ] ] } },
{ "type": "Feature", "properties": { "DESA": "Watu Urip" }, "geometry": { "type": "Polygon", "coordinates": [ [ [ 109.628407745564985, -7.424486859519927 ], [ 109.629385314465111, -7.424589423752097 ], [ 109.629950302153674, -7.424446413599601 ], [ 109.630234720976304, -7.425116538355825 ], [ 109.630569498423711, -7.424891444382885 ], [ 109.630889774713992, -7.425055268278848 ], [ 109.631594684605773, -7.425057440951001 ], [ 109.632653540933461, -7.425883564772905 ], [ 109.63307237140971, -7.425848688499344 ], [ 109.633771245962592, -7.425362510456666 ], [ 109.63409339945575, -7.425354460030609 ], [ 109.634768414426688, -7.425700201582786 ], [ 109.635408155208992, -7.425638877798427 ], [ 109.635463196481396, -7.425159759154752 ], [ 109.635286710770643, -7.42473417782272 ], [ 109.634333846389737, -7.423863088074077 ], [ 109.634376740279862, -7.423447222546109 ], [ 109.636611793181444, -7.422757714936636 ], [ 109.636884396258424, -7.42166435327574 ], [ 109.637445321840005, -7.421286241813233 ], [ 109.638147306046491, -7.421776723889669 ], [ 109.638147153161754, -7.422943344396728 ], [ 109.63901637964247, -7.423199169676271 ], [ 109.638395626595965, -7.426923166938902 ], [ 109.638321519600623, -7.42837888747556 ], [ 109.63845348982511, -7.429554954549398 ], [ 109.638812001724517, -7.43008959140191 ], [ 109.639161956702239, -7.429059756031524 ], [ 109.639591192614986, -7.428970566699677 ], [ 109.64050771466168, -7.429398414688742 ], [ 109.64102759835491, -7.428278682625582 ], [ 109.641333239480446, -7.428053490806991 ], [ 109.642099905880769, -7.428236756734946 ], [ 109.642366337000084, -7.428056651579176 ], [ 109.64266436163264, -7.427343195195801 ], [ 109.643148249329741, -7.42687442661575 ], [ 109.644593302352405, -7.427331005541285 ], [ 109.645281082992469, -7.427025603585906 ], [ 109.646958866709141, -7.428965962752796 ], [ 109.647144097661183, -7.429662903761082 ], [ 109.646887795801547, -7.431000535598193 ], [ 109.645859931191453, -7.432968807709294 ], [ 109.645649953041584, -7.433863455435087 ], [ 109.644917248520372, -7.434611842253192 ], [ 109.644284274854542, -7.435676984363069 ], [ 109.642758203318792, -7.439551925806413 ], [ 109.642172612480906, -7.439586298204877 ], [ 109.640720182801743, -7.4408840898213 ], [ 109.639340015651229, -7.444063083827973 ], [ 109.638468578578937, -7.444874318789123 ], [ 109.635437172939021, -7.4457783576194 ], [ 109.634174693326614, -7.4459644267652 ], [ 109.631077113856492, -7.444643583347503 ], [ 109.631296066427581, -7.443685686781622 ], [ 109.630276869745146, -7.441937178219621 ], [ 109.627820334184136, -7.4366935068198 ], [ 109.626778059856576, -7.435071503591176 ], [ 109.626397460431875, -7.43337921717742 ], [ 109.626387896423239, -7.43162478969022 ], [ 109.62667571318093, -7.42985319956245 ], [ 109.627155730969648, -7.428254080700483 ], [ 109.628014758482138, -7.42640288142077 ], [ 109.628407745564985, -7.424486859519927 ] ] ] } },
{ "type": "Feature", "properties": { "DESA": "Gentasari" }, "geometry": { "type": "Polygon", "coordinates": [ [ [ 109.658163501741882, -7.414069404873097 ], [ 109.658970403173043, -7.41359254617251 ], [ 109.664588508707368, -7.411240016406611 ], [ 109.665710714919541, -7.41059229961858 ], [ 109.666238370904665, -7.411651926950487 ], [ 109.666857276574135, -7.412476746509394 ], [ 109.669134384931326, -7.414174703436061 ], [ 109.669561982857672, -7.414799942768555 ], [ 109.670065065833739, -7.415090868881274 ], [ 109.670314156638767, -7.415480492562632 ], [ 109.672027133583285, -7.419392394472403 ], [ 109.672309305636375, -7.420460326566596 ], [ 109.672446018054202, -7.422278457245581 ], [ 109.672775835015102, -7.428881162833961 ], [ 109.672576848006685, -7.430463208067706 ], [ 109.672185787439432, -7.431447752313138 ], [ 109.67141913979674, -7.432367880187739 ], [ 109.67027523273164, -7.433232625969676 ], [ 109.664250944495663, -7.4353668708095 ], [ 109.663213638954076, -7.435906329109522 ], [ 109.662331112192163, -7.436672380706722 ], [ 109.661525388960413, -7.437682783691076 ], [ 109.659961449243184, -7.441105527628775 ], [ 109.659698790114021, -7.442379771469643 ], [ 109.659758230437859, -7.444062039566377 ], [ 109.657725367771434, -7.443875053787096 ], [ 109.655403286472179, -7.443352554381201 ], [ 109.652892878325602, -7.442313923902162 ], [ 109.649383521023239, -7.441263286639749 ], [ 109.647251688682744, -7.440298204577956 ], [ 109.645371370406963, -7.439686500716649 ], [ 109.642758203318792, -7.439551925806413 ], [ 109.644284274854542, -7.435676984363069 ], [ 109.644917248520372, -7.434611842253192 ], [ 109.645649953041584, -7.433863455435087 ], [ 109.645859931191453, -7.432968807709294 ], [ 109.646646824529952, -7.431551422541302 ], [ 109.647084078746644, -7.430331882248855 ], [ 109.647144097661183, -7.429662903761082 ], [ 109.646958866709141, -7.428965962752796 ], [ 109.645281082992469, -7.427025603585906 ], [ 109.644757639211875, -7.426092551425031 ], [ 109.64474216355616, -7.425486633711633 ], [ 109.645277648986308, -7.424999846074295 ], [ 109.646020061961536, -7.424685657780684 ], [ 109.646353654663798, -7.425138840098351 ], [ 109.64816272931651, -7.425234765879225 ], [ 109.649232756629985, -7.426305100902377 ], [ 109.649914560223252, -7.427491883836185 ], [ 109.651403524494611, -7.428129406039128 ], [ 109.652679787786113, -7.42695770287077 ], [ 109.654166985384265, -7.426482922168339 ], [ 109.654878162500481, -7.426023868820756 ], [ 109.655919276480304, -7.423757144309501 ], [ 109.657503291969576, -7.421898925386111 ], [ 109.659076149990881, -7.419724210488205 ], [ 109.659551421593036, -7.418712809931391 ], [ 109.659506407189937, -7.417591341167847 ], [ 109.65926243335204, -7.417192686803059 ], [ 109.657739982296675, -7.416690717226466 ], [ 109.657549632810685, -7.416346473423493 ], [ 109.658163501741882, -7.414069404873097 ] ] ] } },
{ "type": "Feature", "properties": { "DESA": "Masaran" }, "geometry": { "type": "Polygon", "coordinates": [ [ [ 109.635389278479863, -7.410744457276492 ], [ 109.636527981909083, -7.409988374450482 ], [ 109.637423114710785, -7.40990061127404 ], [ 109.640737349855542, -7.410688496158189 ], [ 109.642234747877822, -7.410476072455408 ], [ 109.642989290895457, -7.40982720602146 ], [ 109.644309166355328, -7.40962327471474 ], [ 109.644460259356507, -7.40890023426948 ], [ 109.644969280842389, -7.408729995907242 ], [ 109.646047843035547, -7.408850818080341 ], [ 109.646823267011285, -7.409214927223862 ], [ 109.647465206547992, -7.409723293689807 ], [ 109.648191353844254, -7.410765454932418 ], [ 109.648944809762014, -7.410912498159743 ], [ 109.649417059955226, -7.410723969715653 ], [ 109.649894897746719, -7.409902460966848 ], [ 109.650744066616369, -7.409380537974956 ], [ 109.651362560322895, -7.408487121116105 ], [ 109.6517520249797, -7.408253221456429 ], [ 109.652152224002478, -7.40827251664612 ], [ 109.6538471174471, -7.409245271077181 ], [ 109.656320443014167, -7.409867661180379 ], [ 109.65679697771813, -7.410113311976646 ], [ 109.657187388528172, -7.410602824145477 ], [ 109.657891563080184, -7.412051867485435 ], [ 109.658163501741882, -7.414069404873097 ], [ 109.657549632810685, -7.416346473423493 ], [ 109.657739982296675, -7.416690717226466 ], [ 109.65926243335204, -7.417192686803059 ], [ 109.659506407189937, -7.417591341167847 ], [ 109.659551421593036, -7.418712809931391 ], [ 109.659076149990881, -7.419724210488205 ], [ 109.657503291969576, -7.421898925386111 ], [ 109.655919276480304, -7.423757144309501 ], [ 109.654878162500481, -7.426023868820756 ], [ 109.654166985384265, -7.426482922168339 ], [ 109.652679787786113, -7.42695770287077 ], [ 109.651403524494611, -7.428129406039128 ], [ 109.649914560223252, -7.427491883836185 ], [ 109.649232756629985, -7.426305100902377 ], [ 109.64816272931651, -7.425234765879225 ], [ 109.646353654663798, -7.425138840098351 ], [ 109.646020061961536, -7.424685657780684 ], [ 109.645277648986308, -7.424999846074295 ], [ 109.64474216355616, -7.425486633711633 ], [ 109.644757639211875, -7.426092551425031 ], [ 109.645281082992469, -7.427025603585906 ], [ 109.644593302352405, -7.427331005541285 ], [ 109.643148249329741, -7.42687442661575 ], [ 109.64266436163264, -7.427343195195801 ], [ 109.642366337000084, -7.428056651579176 ], [ 109.642099905880769, -7.428236756734946 ], [ 109.641333239480446, -7.428053490806991 ], [ 109.64102759835491, -7.428278682625582 ], [ 109.64050771466168, -7.429398414688742 ], [ 109.639591192614986, -7.428970566699677 ], [ 109.639161956702239, -7.429059756031524 ], [ 109.638812001724517, -7.43008959140191 ], [ 109.63845348982511, -7.429554954549398 ], [ 109.638321519600623, -7.42837888747556 ], [ 109.638395626595965, -7.426923166938902 ], [ 109.63901637964247, -7.423199169676271 ], [ 109.639582437933839, -7.423436072464169 ], [ 109.639932080032565, -7.423355769903331 ], [ 109.640037954791396, -7.422985303085461 ], [ 109.641241208274209, -7.422699567441175 ], [ 109.641464181580616, -7.422365624120183 ], [ 109.64162662500415, -7.421380418308168 ], [ 109.642045481243116, -7.420775828748054 ], [ 109.641903263527269, -7.420160482679324 ], [ 109.642256247053609, -7.41981789442308 ], [ 109.641588482267039, -7.418667313933809 ], [ 109.64069033915527, -7.417977324997294 ], [ 109.633700209653938, -7.415071036179535 ], [ 109.634153643020184, -7.414276599943284 ], [ 109.634442553334651, -7.413029584783976 ], [ 109.635082505487887, -7.412262843844297 ], [ 109.635389278479863, -7.410744457276492 ] ] ] } },
{ "type": "Feature", "properties": { "DESA": "Serang" }, "geometry": { "type": "Polygon", "coordinates": [ [ [ 109.626272415372213, -7.422599281305199 ], [ 109.626366939581786, -7.421604835726271 ], [ 109.62702610788071, -7.420937626556895 ], [ 109.626650042423947, -7.420601931465859 ], [ 109.626913645121576, -7.41996062372522 ], [ 109.628589838256303, -7.419169972521865 ], [ 109.629236224992312, -7.418502809722415 ], [ 109.630727712266463, -7.418688235950103 ], [ 109.632360177032282, -7.418024104406603 ], [ 109.632682966435013, -7.417735680562381 ], [ 109.632909988376198, -7.416841094088031 ], [ 109.633495850392762, -7.416417856448566 ], [ 109.633700209653938, -7.415071036179535 ], [ 109.64069033915527, -7.417977324997294 ], [ 109.641588482267039, -7.418667313933809 ], [ 109.642256247053609, -7.41981789442308 ], [ 109.641903263527269, -7.420160482679324 ], [ 109.642045481243116, -7.420775828748054 ], [ 109.64162662500415, -7.421380418308168 ], [ 109.641464181580616, -7.422365624120183 ], [ 109.641241208274209, -7.422699567441175 ], [ 109.640037954791396, -7.422985303085461 ], [ 109.639932080032565, -7.423355769903331 ], [ 109.639582437933839, -7.423436072464169 ], [ 109.638147153161754, -7.422943344396728 ], [ 109.638147306046491, -7.421776723889669 ], [ 109.637445321840005, -7.421286241813233 ], [ 109.636884396258424, -7.42166435327574 ], [ 109.636611793181444, -7.422757714936636 ], [ 109.634376740279862, -7.423447222546109 ], [ 109.634333846389737, -7.423863088074077 ], [ 109.635073276614861, -7.424444104804472 ], [ 109.635463196481396, -7.425159759154752 ], [ 109.635408155208992, -7.425638877798427 ], [ 109.635090064268923, -7.425710231842066 ], [ 109.633771245962592, -7.425362510456666 ], [ 109.63307237140971, -7.425848688499344 ], [ 109.632653540933461, -7.425883564772905 ], [ 109.631594684605773, -7.425057440951001 ], [ 109.630889774713992, -7.425055268278848 ], [ 109.630569498423711, -7.424891444382885 ], [ 109.630234720976304, -7.425116538355825 ], [ 109.629950302153674, -7.424446413599601 ], [ 109.629385314465111, -7.424589423752097 ], [ 109.627655363170433, -7.424448369534816 ], [ 109.627173047731318, -7.423949509846613 ], [ 109.626440426894121, -7.423730250518754 ], [ 109.626272415372213, -7.422599281305199 ] ] ] } },
{ "type": "Feature", "properties": { "DESA": "Mantrianom" }, "geometry": { "type": "Polygon", "coordinates": [ [ [ 109.623506206131623, -7.397495709914965 ], [ 109.623862569422599, -7.397144104254291 ], [ 109.625000577187251, -7.396966697269803 ], [ 109.626698797291084, -7.39945887066948 ], [ 109.630968115475625, -7.397753770476151 ], [ 109.634705308228803, -7.397023743710283 ], [ 109.634717604272339, -7.397349274217015 ], [ 109.63566668876706, -7.397198475388612 ], [ 109.636282438007257, -7.399244094353465 ], [ 109.636945307470938, -7.400566449104972 ], [ 109.637093089115083, -7.402140479516039 ], [ 109.637033114175523, -7.402502045393123 ], [ 109.636125847409886, -7.403674840225478 ], [ 109.636381864834362, -7.404010249076202 ], [ 109.636766162830739, -7.403975259783493 ], [ 109.63714919179823, -7.404329140065895 ], [ 109.63711865115954, -7.405152001537306 ], [ 109.637993056508321, -7.404829093581466 ], [ 109.638292626835153, -7.405164634913209 ], [ 109.638258941949346, -7.406014611618942 ], [ 109.638574243424756, -7.40621448845021 ], [ 109.639631105505316, -7.406100179891636 ], [ 109.64019451898244, -7.406291772306936 ], [ 109.640658741137756, -7.407405564025202 ], [ 109.641197317287535, -7.407560913732454 ], [ 109.641655064687285, -7.407399564067736 ], [ 109.641990335763893, -7.406640921019591 ], [ 109.642356135476291, -7.406524497370097 ], [ 109.643063412564445, -7.406598985752628 ], [ 109.6443736149687, -7.408456846496703 ], [ 109.644460259356507, -7.40890023426948 ], [ 109.644309166355328, -7.40962327471474 ], [ 109.642989290895457, -7.40982720602146 ], [ 109.642234747877822, -7.410476072455408 ], [ 109.641156578561692, -7.410689776712889 ], [ 109.637423114710785, -7.40990061127404 ], [ 109.636527981909083, -7.409988374450482 ], [ 109.635389278479863, -7.410744457276492 ], [ 109.633933649932885, -7.411074614810444 ], [ 109.629491702205016, -7.410970539319774 ], [ 109.62690874605336, -7.411297198701962 ], [ 109.626047097690403, -7.41125837278751 ], [ 109.625000722917903, -7.410902433994071 ], [ 109.624576220475305, -7.411036743251255 ], [ 109.623243201823556, -7.412633313243438 ], [ 109.622712433515488, -7.412803457058493 ], [ 109.621250174172374, -7.411804190688465 ], [ 109.620730336542422, -7.411630702035718 ], [ 109.620362664434822, -7.411602437728263 ], [ 109.619417140691212, -7.411943168302034 ], [ 109.617843328407417, -7.411314334209348 ], [ 109.617467251718892, -7.410915253702618 ], [ 109.617558798834693, -7.409513849974778 ], [ 109.617397188253051, -7.408780813689256 ], [ 109.616421956777572, -7.407032431698369 ], [ 109.616035564317741, -7.406732774089048 ], [ 109.61544716655564, -7.406676696048934 ], [ 109.614115524487218, -7.405940109459739 ], [ 109.614307432494513, -7.405126800938583 ], [ 109.614951624939764, -7.404179278300544 ], [ 109.616230784028915, -7.40325181031978 ], [ 109.616563273133494, -7.402845889905751 ], [ 109.616777769239562, -7.402141146104602 ], [ 109.616760553700644, -7.40148098003347 ], [ 109.617057645582477, -7.400903071940775 ], [ 109.622962749382154, -7.400197959451708 ], [ 109.623540911751348, -7.398445347708071 ], [ 109.623506206131623, -7.397495709914965 ] ] ] } },
{ "type": "Feature", "properties": { "DESA": "Binorong" }, "geometry": { "type": "Polygon", "coordinates": [ [ [ 109.606916004660405, -7.40221890871441 ], [ 109.609206664033465, -7.401918660379136 ], [ 109.609904477232917, -7.403385812465246 ], [ 109.610684324765685, -7.405947497916668 ], [ 109.612898015259447, -7.405710192762164 ], [ 109.613131728201253, -7.406579074619486 ], [ 109.6124585519986, -7.40757170974008 ], [ 109.611252341722263, -7.408074445910518 ], [ 109.611283807494232, -7.408689448145815 ], [ 109.611671205530072, -7.409287478203987 ], [ 109.611961731064667, -7.409451219729941 ], [ 109.611972407000309, -7.409930536539091 ], [ 109.611613711529898, -7.410734280916744 ], [ 109.611845713969402, -7.411051453062686 ], [ 109.612837889405284, -7.411009340764402 ], [ 109.613601629282428, -7.411563336234687 ], [ 109.613572963130409, -7.415497062505874 ], [ 109.613842297812838, -7.417993866534271 ], [ 109.611709163794075, -7.418321830537974 ], [ 109.609221480373662, -7.419317825862342 ], [ 109.606902793913733, -7.42049525254901 ], [ 109.605419936464259, -7.42082513107146 ], [ 109.603879765212653, -7.420757004977482 ], [ 109.604123518704171, -7.419763041930565 ], [ 109.603736399730153, -7.417917029764982 ], [ 109.604056049844104, -7.415666286291899 ], [ 109.604133254921791, -7.413875980125015 ], [ 109.604006253872541, -7.411886032823581 ], [ 109.602972618869771, -7.411430630315365 ], [ 109.602754546676124, -7.411104366660708 ], [ 109.604876576873295, -7.410423792852519 ], [ 109.605477833774785, -7.409883106014077 ], [ 109.605366681462357, -7.409240640651737 ], [ 109.606516518324398, -7.40747177461842 ], [ 109.605723533828112, -7.4058415758659 ], [ 109.605055024172671, -7.401733802187398 ], [ 109.606916004660405, -7.40221890871441 ] ] ] } },
{ "type": "Feature", "properties": { "DESA": "Joho" }, "geometry": { "type": "Polygon", "coordinates": [ [ [ 109.595614191552073, -7.400790783485954 ], [ 109.596650358473937, -7.400694594072043 ], [ 109.597793448154889, -7.40151209379881 ], [ 109.598674750465079, -7.401514867058368 ], [ 109.599028237901024, -7.401181359144852 ], [ 109.598919929161411, -7.400611324080209 ], [ 109.598524875182207, -7.400103676486956 ], [ 109.598482726359336, -7.399470469804169 ], [ 109.599014230877771, -7.398613033635283 ], [ 109.600807023118207, -7.397189862977765 ], [ 109.601669929889042, -7.395203113250348 ], [ 109.602214278121394, -7.394960613418089 ], [ 109.604290670600278, -7.394704828582551 ], [ 109.605806615272542, -7.397060867900929 ], [ 109.606934298029742, -7.401269441943839 ], [ 109.606916004660405, -7.40221890871441 ], [ 109.605055024172671, -7.401733802187398 ], [ 109.605723533828112, -7.4058415758659 ], [ 109.606516518324398, -7.40747177461842 ], [ 109.605366681462357, -7.409240640651737 ], [ 109.605477833774785, -7.409883106014077 ], [ 109.604876576873295, -7.410423792852519 ], [ 109.602754546676124, -7.411104366660708 ], [ 109.600308179801189, -7.410499858355658 ], [ 109.599366828379488, -7.409872953703889 ], [ 109.597897329372287, -7.409226210721208 ], [ 109.596743998260237, -7.409656649266548 ], [ 109.596106501876051, -7.411164900468823 ], [ 109.595554277575332, -7.411669561711364 ], [ 109.594477193368832, -7.411539491236397 ], [ 109.593534880411951, -7.411147736798869 ], [ 109.592974637523753, -7.409870869706081 ], [ 109.591589770276087, -7.409323829508697 ], [ 109.591328381775284, -7.40899751527802 ], [ 109.591593520796906, -7.408048836809954 ], [ 109.591569018422362, -7.407578521084728 ], [ 109.591139917461547, -7.406573307318829 ], [ 109.591395200844616, -7.406140042201083 ], [ 109.591807400591591, -7.40435080614377 ], [ 109.592239565712774, -7.404225594308 ], [ 109.594109693190617, -7.402974488579691 ], [ 109.594330766138455, -7.402703946903054 ], [ 109.594533337138984, -7.401411406643254 ], [ 109.594732401575541, -7.401131663390584 ], [ 109.595614191552073, -7.400790783485954 ] ] ] } },
{ "type": "Feature", "properties": { "DESA": "Bawang" }, "geometry": { "type": "Polygon", "coordinates": [ [ [ 109.604290670600278, -7.394704828582551 ], [ 109.604857011186283, -7.394570980695229 ], [ 109.605272487977885, -7.394237659807924 ], [ 109.606689233202601, -7.392306875163397 ], [ 109.608630671276075, -7.393208212727792 ], [ 109.609646421354185, -7.393401340036843 ], [ 109.612102015536607, -7.393110533183362 ], [ 109.615936107479754, -7.393059159259959 ], [ 109.6222305446028, -7.392391320927041 ], [ 109.623145695123455, -7.392412229887421 ], [ 109.623540911751348, -7.398445347708071 ], [ 109.622962749382154, -7.400197959451708 ], [ 109.617057645582477, -7.400903071940775 ], [ 109.616760553700644, -7.40148098003347 ], [ 109.616777769239562, -7.402141146104602 ], [ 109.616563273133494, -7.402845889905751 ], [ 109.61452578441974, -7.404648196322446 ], [ 109.614115524487218, -7.405940109459739 ], [ 109.612898015259447, -7.405710192762164 ], [ 109.610684324765685, -7.405947497916668 ], [ 109.609904477232917, -7.403385812465246 ], [ 109.609206664033465, -7.401918660379136 ], [ 109.606916004660405, -7.40221890871441 ], [ 109.606811785880438, -7.400699362517916 ], [ 109.605806615272542, -7.397060867900929 ], [ 109.604290670600278, -7.394704828582551 ] ] ] } },
{ "type": "Feature", "properties": { "DESA": "Bandingan" }, "geometry": { "type": "Polygon", "coordinates": [ [ [ 109.620695104611215, -7.383768384177802 ], [ 109.625000268693384, -7.38334758299765 ], [ 109.62888154778787, -7.3825546475485 ], [ 109.630724920068928, -7.382415640000646 ], [ 109.631630132842233, -7.382626368145282 ], [ 109.633852655014465, -7.383636956681623 ], [ 109.633004049525383, -7.384158945425574 ], [ 109.633962617840865, -7.388864347324271 ], [ 109.634980669903541, -7.391887947204749 ], [ 109.635347400683401, -7.395623920423014 ], [ 109.63566668876706, -7.397198475388612 ], [ 109.634717604272339, -7.397349274217015 ], [ 109.634705308228803, -7.397023743710283 ], [ 109.630968115475625, -7.397753770476151 ], [ 109.626698797291084, -7.39945887066948 ], [ 109.625000577187251, -7.396966697269803 ], [ 109.623862569422599, -7.397144104254291 ], [ 109.623506206131623, -7.397495709914965 ], [ 109.623145695123455, -7.392412229887421 ], [ 109.6222305446028, -7.392391320927041 ], [ 109.615936107479754, -7.393059159259959 ], [ 109.612102015536607, -7.393110533183362 ], [ 109.609646421354185, -7.393401340036843 ], [ 109.608630671276075, -7.393208212727792 ], [ 109.606689233202601, -7.392306875163397 ], [ 109.608463835965281, -7.389997371870713 ], [ 109.61121458463532, -7.387636648363923 ], [ 109.613526854833097, -7.38610643937912 ], [ 109.617165952792774, -7.384652748650291 ], [ 109.620695104611215, -7.383768384177802 ] ] ] } },
{ "type": "Feature", "properties": { "DESA": "Blambangan" }, "geometry": { "type": "Polygon", "coordinates": [ [ [ 109.637497021356353, -7.38202939511753 ], [ 109.639345802455097, -7.381221116427866 ], [ 109.642017197557308, -7.380985035278072 ], [ 109.644584256571136, -7.380522583293098 ], [ 109.645543833238818, -7.380814912709267 ], [ 109.647360639963864, -7.382240207841236 ], [ 109.648321057951179, -7.382749531351325 ], [ 109.649988410956325, -7.38284499022817 ], [ 109.650085378200288, -7.391210414364735 ], [ 109.649789823427852, -7.393904436653428 ], [ 109.649155264985566, -7.394978727095427 ], [ 109.64887205709455, -7.394444328824696 ], [ 109.648206356555519, -7.393845390076606 ], [ 109.646966682604017, -7.39336233965941 ], [ 109.646431919532787, -7.393921380987774 ], [ 109.645655334977491, -7.39394623794024 ], [ 109.644542656886003, -7.394711475404426 ], [ 109.645812812360006, -7.39661450387061 ], [ 109.645177687206015, -7.399632979315578 ], [ 109.644661631592157, -7.398880874706575 ], [ 109.64370973436931, -7.398434854618592 ], [ 109.643393279795404, -7.398515264896474 ], [ 109.643373168147292, -7.398985452028914 ], [ 109.642683768214496, -7.399200348604674 ], [ 109.642521888935633, -7.398883403139625 ], [ 109.641576908438708, -7.398057566842936 ], [ 109.641160997766974, -7.398074381916103 ], [ 109.641034023879925, -7.398752196956901 ], [ 109.640491793575819, -7.399256956829767 ], [ 109.639702039671306, -7.399408342282678 ], [ 109.638082037052385, -7.399177266396246 ], [ 109.637936651827658, -7.400424817322969 ], [ 109.637718138136179, -7.400867272048718 ], [ 109.636945307470938, -7.400566449104972 ], [ 109.636282438007257, -7.399244094353465 ], [ 109.635854204001888, -7.397922547907475 ], [ 109.635400288607755, -7.396012955975369 ], [ 109.634980669903541, -7.391887947204749 ], [ 109.633962617840865, -7.388864347324271 ], [ 109.633004049525383, -7.384158945425574 ], [ 109.633852655014465, -7.383636956681623 ], [ 109.634716291615049, -7.383766269217448 ], [ 109.635974113448839, -7.383480695739829 ], [ 109.637497021356353, -7.38202939511753 ] ] ] } },
{ "type": "Feature", "properties": { "DESA": "Gemuruh" }, "geometry": { "type": "Polygon", "coordinates": [ [ [ 109.649988410956325, -7.38284499022817 ], [ 109.651777548249314, -7.382759979989147 ], [ 109.6534415138985, -7.382321874508411 ], [ 109.653800626305198, -7.382359123307049 ], [ 109.654173608419981, -7.382577334923694 ], [ 109.655008615778272, -7.383655975437575 ], [ 109.658311919033991, -7.385745923758342 ], [ 109.658734778890462, -7.385304067669173 ], [ 109.659208988716401, -7.384256490200945 ], [ 109.659746178581315, -7.384221936795003 ], [ 109.660792292449585, -7.384659070987273 ], [ 109.662351134223982, -7.384428663265771 ], [ 109.662729909432016, -7.384610629403764 ], [ 109.663056212244996, -7.385027609515737 ], [ 109.663127290065901, -7.38595928544813 ], [ 109.662904262759909, -7.387640711873185 ], [ 109.662259918811259, -7.388579285156393 ], [ 109.662257443001522, -7.389402241509129 ], [ 109.662870898590441, -7.389991872989334 ], [ 109.665136748868164, -7.389727410682152 ], [ 109.667161836757373, -7.390809594668005 ], [ 109.667553069582198, -7.391398647517601 ], [ 109.667589054516156, -7.392502009667908 ], [ 109.667861266775077, -7.393398120986805 ], [ 109.668226539127403, -7.393751924423557 ], [ 109.669151731617134, -7.394143565516337 ], [ 109.668577162937723, -7.395878197443893 ], [ 109.667109208861802, -7.40185147356175 ], [ 109.665971972021836, -7.405519673425006 ], [ 109.66533407020161, -7.406964775361612 ], [ 109.66495590503996, -7.406077386308752 ], [ 109.664348999717561, -7.40578614522831 ], [ 109.663598277290021, -7.405847183419235 ], [ 109.663068589155145, -7.40613501370474 ], [ 109.662057327592706, -7.407153853219906 ], [ 109.661044551566448, -7.407856230446882 ], [ 109.660870996916145, -7.407466830880268 ], [ 109.660819553667409, -7.406616588758816 ], [ 109.661110180522087, -7.403560782573305 ], [ 109.658927917530107, -7.402740295864304 ], [ 109.657810706924636, -7.401913968729426 ], [ 109.656342503072182, -7.40127654385825 ], [ 109.655898038428674, -7.400705495402351 ], [ 109.655058832498682, -7.401299794842169 ], [ 109.654775909910143, -7.401136192881388 ], [ 109.654660535423986, -7.400457548223001 ], [ 109.654227756072316, -7.400320618113695 ], [ 109.653569291512298, -7.400680380521652 ], [ 109.65308090407224, -7.399765528549399 ], [ 109.65252949408287, -7.399655272552323 ], [ 109.652176318020025, -7.399798959274603 ], [ 109.652101910533446, -7.400612562300676 ], [ 109.651650426364299, -7.400584071548217 ], [ 109.651047042174071, -7.400148161363883 ], [ 109.650928352944675, -7.399062638058192 ], [ 109.651014849650394, -7.397245191365299 ], [ 109.650685011503597, -7.396321776479433 ], [ 109.650314376539853, -7.39613973353229 ], [ 109.649155264985566, -7.394978727095427 ], [ 109.649789823427852, -7.393904436653428 ], [ 109.650053264988429, -7.391798197194386 ], [ 109.649988410956325, -7.38284499022817 ] ] ] } },
{ "type": "Feature", "properties": { "DESA": "GunungJati" }, "geometry": { "type": "Polygon", "coordinates": [ [ [ 109.659758230437859, -7.444062039566377 ], [ 109.659698790114021, -7.442379771469643 ], [ 109.659961449243184, -7.441105527628775 ], [ 109.661160574120743, -7.438377971786017 ], [ 109.661902355006475, -7.437168462766713 ], [ 109.662850359023295, -7.436194563618685 ], [ 109.663550871274794, -7.435708340879582 ], [ 109.667620106040516, -7.434255579438533 ], [ 109.669586404171966, -7.435871244400321 ], [ 109.672757262107666, -7.438846929850776 ], [ 109.677076413967242, -7.444973230489643 ], [ 109.679218689587444, -7.447403317556047 ], [ 109.680805291418238, -7.448484180268053 ], [ 109.683221788610282, -7.449639931417673 ], [ 109.684576562817952, -7.450050923014156 ], [ 109.685931899168807, -7.449973483625981 ], [ 109.685545850420979, -7.451708691987233 ], [ 109.685200275108571, -7.451770956803959 ], [ 109.684883606497351, -7.452186021110946 ], [ 109.684033852491879, -7.452382501023417 ], [ 109.683827188072669, -7.452662176685918 ], [ 109.683056149252806, -7.452768472411498 ], [ 109.682550965534588, -7.453363805779214 ], [ 109.68182028537035, -7.454663893328469 ], [ 109.682040614700156, -7.455686433235409 ], [ 109.681781448540036, -7.457331596394499 ], [ 109.681127435161216, -7.457600985090615 ], [ 109.680769504324161, -7.458070171552179 ], [ 109.680431652749576, -7.458096288257403 ], [ 109.679137183417325, -7.45949414315271 ], [ 109.678705512140638, -7.460957863981502 ], [ 109.67735633183753, -7.460592074469285 ], [ 109.676863824988558, -7.460717273243758 ], [ 109.676450375061648, -7.46188258183779 ], [ 109.675263541411951, -7.462014740164438 ], [ 109.675196754119924, -7.462385245104739 ], [ 109.674631968660819, -7.462917186053873 ], [ 109.674498881505883, -7.463594996225621 ], [ 109.674561667514538, -7.46445431606427 ], [ 109.674063831368116, -7.464561321238508 ], [ 109.673690018707262, -7.465238498688333 ], [ 109.673727099459938, -7.465627488475351 ], [ 109.673436757727131, -7.465852656177397 ], [ 109.673070749254236, -7.465724974715642 ], [ 109.672752912982148, -7.465950059301718 ], [ 109.671881714579101, -7.468488665796798 ], [ 109.67003366877293, -7.470318903388435 ], [ 109.670108014388575, -7.471033592021979 ], [ 109.669920528482706, -7.471512320575653 ], [ 109.670054901397663, -7.472290481049361 ], [ 109.668952784509344, -7.473354243785697 ], [ 109.668193365141107, -7.473460451212061 ], [ 109.667287945959828, -7.473150304754401 ], [ 109.666731090656896, -7.47320287203135 ], [ 109.665710916945429, -7.472349702004195 ], [ 109.665543697889021, -7.47203265174081 ], [ 109.665560014432629, -7.470866069754847 ], [ 109.665238004035857, -7.470322512774928 ], [ 109.665487244523675, -7.469265223952093 ], [ 109.66484159923354, -7.468738771716365 ], [ 109.664868884773952, -7.468241478576769 ], [ 109.664390356707074, -7.46804102699919 ], [ 109.66488526068845, -7.467129146194507 ], [ 109.664899605323839, -7.466686063176744 ], [ 109.664706752739392, -7.466224270713773 ], [ 109.663634986800517, -7.465316693898103 ], [ 109.663418964876215, -7.463923371023307 ], [ 109.662555501296907, -7.462672753881018 ], [ 109.664034197405314, -7.461691517103038 ], [ 109.664281402206569, -7.461303387217812 ], [ 109.664075277581745, -7.460931970286394 ], [ 109.663635933301123, -7.460722686569055 ], [ 109.663520222332323, -7.460396750580909 ], [ 109.663663876836424, -7.460008307893349 ], [ 109.664468521431843, -7.459368699027263 ], [ 109.665453160115135, -7.459118418492444 ], [ 109.665765943375817, -7.458784734543992 ], [ 109.665770049736707, -7.45779903641597 ], [ 109.665506452171655, -7.45686677984706 ], [ 109.663175606584815, -7.452211479852619 ], [ 109.661994712693442, -7.449386315464922 ], [ 109.660772342377314, -7.447356951850548 ], [ 109.659758230437859, -7.444062039566377 ] ] ] } },
{ "type": "Feature", "properties": { "DESA": "Kebutuh Jurang" }, "geometry": { "type": "Polygon", "coordinates": [ [ [ 109.667400970199708, -7.477419074264584 ], [ 109.667523010630461, -7.47676836055156 ], [ 109.668092346388917, -7.477529661353273 ], [ 109.668427063809247, -7.477630219600835 ], [ 109.669587519549353, -7.477118262186992 ], [ 109.670340737800203, -7.47731040638998 ], [ 109.670749905180926, -7.477103683674822 ], [ 109.670884313567583, -7.475919372067339 ], [ 109.672492555093996, -7.475200707897138 ], [ 109.673048702346179, -7.475012507892912 ], [ 109.674378722160313, -7.474980339818678 ], [ 109.674647575292084, -7.474574185935023 ], [ 109.675926009350007, -7.474379019006753 ], [ 109.676292872214745, -7.473927949948266 ], [ 109.67772487976579, -7.474366330371007 ], [ 109.678717654558668, -7.473880967771661 ], [ 109.679213320902832, -7.474126665277154 ], [ 109.679729234980158, -7.473377575612805 ], [ 109.680523518481124, -7.472982030328311 ], [ 109.682651355880878, -7.473467683067074 ], [ 109.683834321758368, -7.473190922908265 ], [ 109.685539625666479, -7.473810926329816 ], [ 109.686248514219017, -7.474238084164694 ], [ 109.686802344618826, -7.474248774436009 ], [ 109.688196080096034, -7.47289640444153 ], [ 109.688932304827517, -7.472500669972075 ], [ 109.689908397208285, -7.472494526909167 ], [ 109.69152699700058, -7.471974823003928 ], [ 109.692618471860754, -7.472086557187708 ], [ 109.693902502943658, -7.472696239848045 ], [ 109.694220754696985, -7.473185611622003 ], [ 109.694377031580331, -7.474226044823141 ], [ 109.69512906791897, -7.474418144200808 ], [ 109.695838445886352, -7.47506237998328 ], [ 109.697865216087095, -7.474797026155417 ], [ 109.698183241590044, -7.474608089670554 ], [ 109.698766849544285, -7.475640742077236 ], [ 109.698854042667548, -7.47659959675623 ], [ 109.700153880743045, -7.47760723535648 ], [ 109.700062998287748, -7.478475148667084 ], [ 109.700587538705179, -7.478413402864429 ], [ 109.700995024928304, -7.478595527229023 ], [ 109.702618125221221, -7.479947786732472 ], [ 109.703225269833126, -7.480682039367156 ], [ 109.705136997048299, -7.481610091283734 ], [ 109.705636968632973, -7.48278725031694 ], [ 109.706360686217806, -7.483874649154424 ], [ 109.70741941003233, -7.484845397810934 ], [ 109.708568917801045, -7.485563152863695 ], [ 109.70788549487763, -7.48588674052306 ], [ 109.707583576093228, -7.486211446311729 ], [ 109.707497287285605, -7.486943660685405 ], [ 109.707004023326832, -7.487620520746675 ], [ 109.706741625096882, -7.488732059031236 ], [ 109.706423820699229, -7.489147133742168 ], [ 109.705529228149885, -7.489651020231357 ], [ 109.705170045289407, -7.489604665385517 ], [ 109.705006001638949, -7.490300573399391 ], [ 109.703902027168226, -7.491518223000196 ], [ 109.698905129476088, -7.495582086012777 ], [ 109.69799764669078, -7.495941158341616 ], [ 109.696196862654716, -7.496261325223839 ], [ 109.693269488094359, -7.496623438175846 ], [ 109.689708991021504, -7.496594765195297 ], [ 109.688858626447143, -7.496890695760624 ], [ 109.688594731383489, -7.497161248287841 ], [ 109.688664683612757, -7.497930085159003 ], [ 109.688267305853756, -7.498136948035589 ], [ 109.688534989513528, -7.49952138560454 ], [ 109.687732517832771, -7.502060229051868 ], [ 109.686179313467946, -7.502435337884021 ], [ 109.684417178383626, -7.50346108239454 ], [ 109.683344910732671, -7.503150366941923 ], [ 109.68200277729909, -7.50208829709527 ], [ 109.678692938137331, -7.501761816041585 ], [ 109.678317509371141, -7.501823978683689 ], [ 109.677524558783787, -7.50316906108019 ], [ 109.677020123648461, -7.503194667912847 ], [ 109.675948605124546, -7.502540357782113 ], [ 109.675236762100354, -7.502710003109367 ], [ 109.673775665216482, -7.502597098742737 ], [ 109.673089133764904, -7.502920613821829 ], [ 109.672185096813905, -7.502700796104689 ], [ 109.672041001030635, -7.502121610449776 ], [ 109.672290419923414, -7.500838190538991 ], [ 109.671399592323084, -7.500157201875192 ], [ 109.67068283798983, -7.50000132927301 ], [ 109.669582381621211, -7.498523956724513 ], [ 109.671254524797519, -7.496277210608338 ], [ 109.67240413087093, -7.492925536578979 ], [ 109.673061768919553, -7.490169298318789 ], [ 109.673574195722026, -7.488805293566811 ], [ 109.673354768451304, -7.48699595648398 ], [ 109.673805663199985, -7.485667931493834 ], [ 109.673293083361571, -7.485033297310177 ], [ 109.669842426491144, -7.482897765112266 ], [ 109.668771490634839, -7.481700774749862 ], [ 109.667113300010868, -7.479000838590007 ], [ 109.666941823938117, -7.478312981369672 ], [ 109.667020119700283, -7.477797759064961 ], [ 109.667400970199708, -7.477419074264584 ] ] ] } },
{ "type": "Feature", "properties": { "DESA": "Kebutuh Duwur" }, "geometry": { "type": "Polygon", "coordinates": [ [ [ 109.685931899168807, -7.449973483625981 ], [ 109.686930522154157, -7.450437660916282 ], [ 109.691164482133388, -7.451038089315932 ], [ 109.696675813489335, -7.452392791819119 ], [ 109.697624219093655, -7.452892966546561 ], [ 109.699091176012146, -7.453376581234518 ], [ 109.70032199090744, -7.454157963813964 ], [ 109.700684196794811, -7.454131902707814 ], [ 109.700922650718113, -7.454774652834494 ], [ 109.701306609966835, -7.45507424620195 ], [ 109.70250062731813, -7.454019601415034 ], [ 109.702876590401161, -7.453939328682413 ], [ 109.702956186834882, -7.453523553906124 ], [ 109.702697603353641, -7.452509945763799 ], [ 109.703259743082739, -7.452176960489861 ], [ 109.703455202647746, -7.451562607739899 ], [ 109.703837676282475, -7.451681270128764 ], [ 109.704561218240983, -7.451059421265237 ], [ 109.704953236528411, -7.451006318351453 ], [ 109.705511520707759, -7.450356768390141 ], [ 109.706110547547183, -7.450385645006281 ], [ 109.706477407747201, -7.449943583405828 ], [ 109.707919416748979, -7.45042709593879 ], [ 109.70894374452007, -7.45105414389154 ], [ 109.710360753910038, -7.453011647517686 ], [ 109.711656632444189, -7.455466271175674 ], [ 109.712843539674068, -7.458092278317388 ], [ 109.714597112484284, -7.462935698157046 ], [ 109.716664427374496, -7.467861403934703 ], [ 109.719869492144014, -7.473577220684592 ], [ 109.721713559401749, -7.477634082313793 ], [ 109.721287253794813, -7.47795843972568 ], [ 109.72068481939769, -7.478110402216636 ], [ 109.719389094613959, -7.478106641636208 ], [ 109.7189129425673, -7.478638901956652 ], [ 109.718139525507283, -7.47898024029441 ], [ 109.716834033072814, -7.479889838710603 ], [ 109.716038366266375, -7.481144593368382 ], [ 109.715276355943544, -7.482028642875092 ], [ 109.714842851925837, -7.482307762905309 ], [ 109.714258725567291, -7.482405518287665 ], [ 109.713957389574119, -7.482712147954668 ], [ 109.712706699309933, -7.482482363640516 ], [ 109.711484522050682, -7.482695883872457 ], [ 109.711121382080805, -7.482929906475015 ], [ 109.710563664804553, -7.484058759465054 ], [ 109.708568917801045, -7.485563152863695 ], [ 109.70741941003233, -7.484845397810934 ], [ 109.706360686217806, -7.483874649154424 ], [ 109.705636968632973, -7.48278725031694 ], [ 109.705136997048299, -7.481610091283734 ], [ 109.703225269833126, -7.480682039367156 ], [ 109.702618125221221, -7.479947786732472 ], [ 109.700995024928304, -7.478595527229023 ], [ 109.700587538705179, -7.478413402864429 ], [ 109.700062998287748, -7.478475148667084 ], [ 109.700153880743045, -7.47760723535648 ], [ 109.698854042667548, -7.47659959675623 ], [ 109.698766849544285, -7.475640742077236 ], [ 109.698183241590044, -7.474608089670554 ], [ 109.697865216087095, -7.474797026155417 ], [ 109.695838445886352, -7.47506237998328 ], [ 109.69512906791897, -7.474418144200808 ], [ 109.694377031580331, -7.474226044823141 ], [ 109.694220754696985, -7.473185611622003 ], [ 109.693902502943658, -7.472696239848045 ], [ 109.692618471860754, -7.472086557187708 ], [ 109.69152699700058, -7.471974823003928 ], [ 109.689908397208285, -7.472494526909167 ], [ 109.688932304827517, -7.472500669972075 ], [ 109.688196080096034, -7.47289640444153 ], [ 109.686802344618826, -7.474248774436009 ], [ 109.686248514219017, -7.474238084164694 ], [ 109.685539625666479, -7.473810926329816 ], [ 109.683834321758368, -7.473190922908265 ], [ 109.682651355880878, -7.473467683067074 ], [ 109.680523518481124, -7.472982030328311 ], [ 109.679729234980158, -7.473377575612805 ], [ 109.679213320902832, -7.474126665277154 ], [ 109.678717654558668, -7.473880967771661 ], [ 109.67772487976579, -7.474366330371007 ], [ 109.676292872214745, -7.473927949948266 ], [ 109.675926009350007, -7.474379019006753 ], [ 109.674647575292084, -7.474574185935023 ], [ 109.674378722160313, -7.474980339818678 ], [ 109.673048702346179, -7.475012507892912 ], [ 109.672492555093996, -7.475200707897138 ], [ 109.670884313567583, -7.475919372067339 ], [ 109.670749905180926, -7.477103683674822 ], [ 109.670340737800203, -7.47731040638998 ], [ 109.669587519549353, -7.477118262186992 ], [ 109.668427063809247, -7.477630219600835 ], [ 109.668092346388917, -7.477529661353273 ], [ 109.667096927256807, -7.476369154384097 ], [ 109.667408498472952, -7.476143966439679 ], [ 109.668017181811592, -7.476100597002057 ], [ 109.668238291251924, -7.475721428702542 ], [ 109.668193365141107, -7.473460451212061 ], [ 109.668952784509344, -7.473354243785697 ], [ 109.670054901397663, -7.472290481049361 ], [ 109.669920528482706, -7.471512320575653 ], [ 109.670108014388575, -7.471033592021979 ], [ 109.67003366877293, -7.470318903388435 ], [ 109.671881714579101, -7.468488665796798 ], [ 109.672752912982148, -7.465950059301718 ], [ 109.673070749254236, -7.465724974715642 ], [ 109.673436757727131, -7.465852656177397 ], [ 109.673727099459938, -7.465627488475351 ], [ 109.673690018707262, -7.465238498688333 ], [ 109.674063831368116, -7.464561321238508 ], [ 109.674561667514538, -7.46445431606427 ], [ 109.674498881505883, -7.463594996225621 ], [ 109.674631968660819, -7.462917186053873 ], [ 109.675196754119924, -7.462385245104739 ], [ 109.675263541411951, -7.462014740164438 ], [ 109.676450375061648, -7.46188258183779 ], [ 109.676863824988558, -7.460717273243758 ], [ 109.67735633183753, -7.460592074469285 ], [ 109.678705512140638, -7.460957863981502 ], [ 109.679137183417325, -7.45949414315271 ], [ 109.680431652749576, -7.458096288257403 ], [ 109.680769504324161, -7.458070171552179 ], [ 109.681127435161216, -7.457600985090615 ], [ 109.681781448540036, -7.457331596394499 ], [ 109.682040614700156, -7.455686433235409 ], [ 109.68182028537035, -7.454663893328469 ], [ 109.682550965534588, -7.453363805779214 ], [ 109.683056149252806, -7.452768472411498 ], [ 109.683827188072669, -7.452662176685918 ], [ 109.684033852491879, -7.452382501023417 ], [ 109.684883606497351, -7.452186021110946 ], [ 109.685200275108571, -7.451770956803959 ], [ 109.685545850420979, -7.451708691987233 ], [ 109.685931899168807, -7.449973483625981 ] ] ] } },
{ "type": "Feature", "properties": { "DESA": "Pasangkalan" }, "geometry": { "type": "Polygon", "coordinates": [ [ [ 109.70612353711229, -7.430987245931887 ], [ 109.707130603464037, -7.431089730445582 ], [ 109.715530767900034, -7.432931877069113 ], [ 109.716650605139961, -7.433694714939036 ], [ 109.719666462138562, -7.436452756152674 ], [ 109.724012086977993, -7.439766160494921 ], [ 109.7271902360485, -7.438997524516096 ], [ 109.733167978121784, -7.436853206066704 ], [ 109.734850590164001, -7.436568672363061 ], [ 109.735545053303284, -7.436896248719932 ], [ 109.738486851144145, -7.438984607752626 ], [ 109.743214906130987, -7.441584544408292 ], [ 109.746878834101878, -7.443946252152888 ], [ 109.749043414289289, -7.445146165411899 ], [ 109.750464911780156, -7.445900832648332 ], [ 109.752544520446989, -7.446033281150981 ], [ 109.752654692585665, -7.451432667518291 ], [ 109.750241285983606, -7.455974814108588 ], [ 109.749444819078732, -7.456271034283207 ], [ 109.747916164748105, -7.456538055048761 ], [ 109.742166477028022, -7.456964879694419 ], [ 109.73785583496101, -7.456744546249218 ], [ 109.734722436967601, -7.456871310149327 ], [ 109.732921454797236, -7.457318333805624 ], [ 109.73222106557337, -7.457768506302515 ], [ 109.732041387317636, -7.458518549938207 ], [ 109.732413927743963, -7.45955065329899 ], [ 109.732165036714562, -7.460517591702557 ], [ 109.731658870126452, -7.460977361117918 ], [ 109.731514043328104, -7.461818012340214 ], [ 109.732185174646418, -7.462579538584837 ], [ 109.732248268627075, -7.463086240487118 ], [ 109.731947922071811, -7.464043988799983 ], [ 109.732088711704591, -7.464605073972655 ], [ 109.731879318026728, -7.465346080167312 ], [ 109.73238239038298, -7.465962455897742 ], [ 109.732522659612968, -7.466704465728188 ], [ 109.733451464637653, -7.467864659985904 ], [ 109.733085113533704, -7.469247273855522 ], [ 109.732798844815363, -7.469725757429666 ], [ 109.732240761944581, -7.470203550652063 ], [ 109.732162112963238, -7.470583079702215 ], [ 109.732573465881742, -7.471579128472745 ], [ 109.734084747270927, -7.472849587162686 ], [ 109.734380620869501, -7.473447284324913 ], [ 109.734597419815842, -7.474650735431676 ], [ 109.73562308377646, -7.474536042083667 ], [ 109.735943848171246, -7.474663636696401 ], [ 109.735943707873645, -7.474998182696875 ], [ 109.734748334707334, -7.476134293103936 ], [ 109.733776330833379, -7.47650230781559 ], [ 109.733399787416062, -7.476881072175905 ], [ 109.733182090436884, -7.478218902320087 ], [ 109.732694047852476, -7.478371210435107 ], [ 109.731514883984829, -7.4781055183211 ], [ 109.727441600307017, -7.476357403159443 ], [ 109.725915096969018, -7.476063660475255 ], [ 109.72372562494337, -7.476391966684249 ], [ 109.723544759624048, -7.476744071672238 ], [ 109.722871470029958, -7.476904964681744 ], [ 109.721713559401749, -7.477634082313793 ], [ 109.719869492144014, -7.473577220684592 ], [ 109.716664427374496, -7.467861403934703 ], [ 109.714597112484284, -7.462935698157046 ], [ 109.712843539674068, -7.458092278317388 ], [ 109.710810852378827, -7.453817852818375 ], [ 109.709802190123142, -7.452123750352898 ], [ 109.70894374452007, -7.45105414389154 ], [ 109.707919416748979, -7.45042709593879 ], [ 109.706477407747201, -7.449943583405828 ], [ 109.706649713230732, -7.449401494234711 ], [ 109.707830153887684, -7.448636215466266 ], [ 109.707993769395102, -7.448356399997663 ], [ 109.707829108817208, -7.447921827014547 ], [ 109.707956501340561, -7.447433765644386 ], [ 109.7077085259033, -7.446646322916851 ], [ 109.708128132215478, -7.446457580885539 ], [ 109.708425156140834, -7.445879687307341 ], [ 109.709561965964966, -7.445186608187494 ], [ 109.709599802744464, -7.444843133212265 ], [ 109.711128640578565, -7.443527221855267 ], [ 109.711475588128124, -7.442506245108392 ], [ 109.711515995429423, -7.441665301467554 ], [ 109.711158633377593, -7.44031677423864 ], [ 109.709724534949586, -7.436469147621035 ], [ 109.708571750034508, -7.433996860735953 ], [ 109.707625316014202, -7.432420574804873 ], [ 109.70612353711229, -7.430987245931887 ] ] ] } },
{ "type": "Feature", "properties": { "DESA": "Pagedongan" }, "geometry": { "type": "Polygon", "coordinates": [ [ [ 109.702535284267952, -7.43056085075867 ], [ 109.704241722914688, -7.430448204067068 ], [ 109.705743512376415, -7.430624469368369 ], [ 109.707625316014202, -7.432420574804873 ], [ 109.708571750034508, -7.433996860735953 ], [ 109.709724534949586, -7.436469147621035 ], [ 109.711403629507856, -7.441077172267874 ], [ 109.711514781274175, -7.442081307653081 ], [ 109.711128640578565, -7.443527221855267 ], [ 109.709599802744464, -7.444843133212265 ], [ 109.709561965964966, -7.445186608187494 ], [ 109.708425156140834, -7.445879687307341 ], [ 109.708128132215478, -7.446457580885539 ], [ 109.7077085259033, -7.446646322916851 ], [ 109.707956501340561, -7.447433765644386 ], [ 109.707829108817208, -7.447921827014547 ], [ 109.707993769395102, -7.448356399997663 ], [ 109.707830153887684, -7.448636215466266 ], [ 109.706649713230732, -7.449401494234711 ], [ 109.706477407747201, -7.449943583405828 ], [ 109.706110547547183, -7.450385645006281 ], [ 109.705511520707759, -7.450356768390141 ], [ 109.704953236528411, -7.451006318351453 ], [ 109.704561218240983, -7.451059421265237 ], [ 109.703837676282475, -7.451681270128764 ], [ 109.703455202647746, -7.451562607739899 ], [ 109.703259743082739, -7.452176960489861 ], [ 109.702697603353641, -7.452509945763799 ], [ 109.702956186834882, -7.453523553906124 ], [ 109.702876590401161, -7.453939328682413 ], [ 109.70250062731813, -7.454019601415034 ], [ 109.701306609966835, -7.45507424620195 ], [ 109.700922650718113, -7.454774652834494 ], [ 109.700684196794811, -7.454131902707814 ], [ 109.70032199090744, -7.454157963813964 ], [ 109.699091176012146, -7.453376581234518 ], [ 109.697624219093655, -7.452892966546561 ], [ 109.696675813489335, -7.452392791819119 ], [ 109.691164482133388, -7.451038089315932 ], [ 109.686930522154157, -7.450437660916282 ], [ 109.685931899168807, -7.449973483625981 ], [ 109.684576562817952, -7.450050923014156 ], [ 109.683221788610282, -7.449639931417673 ], [ 109.680805291418238, -7.448484180268053 ], [ 109.679218689587444, -7.447403317556047 ], [ 109.678102907218161, -7.446251432820183 ], [ 109.672518536612273, -7.438584008954189 ], [ 109.667620106040516, -7.434255579438533 ], [ 109.669849375252923, -7.433439305622684 ], [ 109.671029278089364, -7.432728466381753 ], [ 109.672185787439432, -7.431447752313138 ], [ 109.672719494804966, -7.429631627395081 ], [ 109.677199330388277, -7.430422670760353 ], [ 109.678643010612333, -7.430960607713491 ], [ 109.678976698758589, -7.431395689120899 ], [ 109.679077656405198, -7.431911452112105 ], [ 109.678976290557316, -7.433982041485856 ], [ 109.679144592568122, -7.434886884873182 ], [ 109.679391125308143, -7.435213207540683 ], [ 109.680150789706033, -7.435477766253684 ], [ 109.680855662893919, -7.435127149899389 ], [ 109.681179966869223, -7.434703067798947 ], [ 109.682669858514743, -7.430420860216151 ], [ 109.683001197408132, -7.429915422022546 ], [ 109.683800327686711, -7.429393287658803 ], [ 109.685779218174218, -7.42935394344395 ], [ 109.697222063738337, -7.431241584256441 ], [ 109.699846758089436, -7.431122698862469 ], [ 109.702535284267952, -7.43056085075867 ] ] ] } },
{ "type": "Feature", "properties": { "DESA": "Twelagiri" }, "geometry": { "type": "Polygon", "coordinates": [ [ [ 109.672386988121929, -7.412212904728837 ], [ 109.6736641731286, -7.412298179442323 ], [ 109.677484657550622, -7.41383785860861 ], [ 109.678065944823118, -7.414309841293293 ], [ 109.679296811306372, -7.414449122680578 ], [ 109.679934833651657, -7.414007887020878 ], [ 109.680308440272086, -7.41395474604548 ], [ 109.680780601410376, -7.414146111438577 ], [ 109.681473598713026, -7.413506030021416 ], [ 109.681538098525152, -7.413144465606416 ], [ 109.68186565380276, -7.413353484376642 ], [ 109.682199648996885, -7.413381598973309 ], [ 109.682434714991871, -7.413165296176372 ], [ 109.683459617237844, -7.41333108046342 ], [ 109.683643047433875, -7.41306932547071 ], [ 109.684048676795982, -7.412898734594539 ], [ 109.684544854254014, -7.412927327182686 ], [ 109.684776805394876, -7.413181269477402 ], [ 109.685011378381233, -7.413986759623423 ], [ 109.685706789112757, -7.414269196640637 ], [ 109.687338201795185, -7.415476825674065 ], [ 109.687766682460662, -7.415713173320596 ], [ 109.688188101641188, -7.415660166911939 ], [ 109.689416817410716, -7.416631428366607 ], [ 109.691135828498389, -7.417224381380628 ], [ 109.693406344512198, -7.418316241787301 ], [ 109.694117576238469, -7.419647728989574 ], [ 109.694553647741614, -7.419820801954256 ], [ 109.695006887426828, -7.420581814661649 ], [ 109.695846319103921, -7.421280669138726 ], [ 109.697521105806402, -7.422289389483763 ], [ 109.69844550355495, -7.423160281378186 ], [ 109.700772179972674, -7.424505534541852 ], [ 109.701257755270007, -7.425555972192285 ], [ 109.702535284267952, -7.43056085075867 ], [ 109.699846758089436, -7.431122698862469 ], [ 109.697222063738337, -7.431241584256441 ], [ 109.685779218174218, -7.42935394344395 ], [ 109.683800327686711, -7.429393287658803 ], [ 109.683001197408132, -7.429915422022546 ], [ 109.682669858514743, -7.430420860216151 ], [ 109.681179966869223, -7.434703067798947 ], [ 109.68049336986283, -7.435388369495073 ], [ 109.680150789706033, -7.435477766253684 ], [ 109.679391125308143, -7.435213207540683 ], [ 109.679144592568122, -7.434886884873182 ], [ 109.678976290557316, -7.433982041485856 ], [ 109.679077656405198, -7.431911452112105 ], [ 109.678976698758589, -7.431395689120899 ], [ 109.678643010612333, -7.430960607713491 ], [ 109.677199330388277, -7.430422670760353 ], [ 109.672719494804966, -7.429631627395081 ], [ 109.672309305636375, -7.420460326566596 ], [ 109.671806568680395, -7.418731518197631 ], [ 109.670314156638767, -7.415480492562632 ], [ 109.669342108841732, -7.414482829366431 ], [ 109.67057357582614, -7.413573130941542 ], [ 109.671948742040357, -7.412871813956243 ], [ 109.672386988121929, -7.412212904728837 ] ] ] } },
{ "type": "Feature", "properties": { "DESA": "Argasoka" }, "geometry": { "type": "Polygon", "coordinates": [ [ [ 109.695063684199511, -7.404665373220041 ], [ 109.697571991485063, -7.404211500262415 ], [ 109.698971777859157, -7.404749142474039 ], [ 109.700254487483093, -7.405829121866848 ], [ 109.700752655779382, -7.406554092765427 ], [ 109.700782490208766, -7.407105813963105 ], [ 109.700377256767638, -7.408189815696065 ], [ 109.70113185115504, -7.408825118331785 ], [ 109.701774148094444, -7.408573734322871 ], [ 109.703784867752205, -7.408760429195965 ], [ 109.704198914819528, -7.410154420094949 ], [ 109.705296034576676, -7.411405551112243 ], [ 109.706539960445923, -7.412015145337864 ], [ 109.707468755604296, -7.413121115735223 ], [ 109.708299191072456, -7.414552391713074 ], [ 109.708892833444125, -7.416028278464515 ], [ 109.709303785952372, -7.418208979611307 ], [ 109.709502818560424, -7.421510420205577 ], [ 109.709229765542673, -7.424584445851577 ], [ 109.708401492779302, -7.427141386900944 ], [ 109.707310254201047, -7.429308674536284 ], [ 109.706779271439402, -7.430111930547349 ], [ 109.705743512376415, -7.430624469368369 ], [ 109.704241722914688, -7.430448204067068 ], [ 109.702535284267952, -7.43056085075867 ], [ 109.701257755270007, -7.425555972192285 ], [ 109.700772179972674, -7.424505534541852 ], [ 109.69844550355495, -7.423160281378186 ], [ 109.697521105806402, -7.422289389483763 ], [ 109.695846319103921, -7.421280669138726 ], [ 109.695006887426828, -7.420581814661649 ], [ 109.694553647741614, -7.419820801954256 ], [ 109.694117576238469, -7.419647728989574 ], [ 109.693406344512198, -7.418316241787301 ], [ 109.691135828498389, -7.417224381380628 ], [ 109.689416817410716, -7.416631428366607 ], [ 109.688188101641188, -7.415660166911939 ], [ 109.687766682460662, -7.415713173320596 ], [ 109.68806773421376, -7.414909173796367 ], [ 109.687603718180554, -7.411561760597474 ], [ 109.689253509172332, -7.41067131940748 ], [ 109.689323262496927, -7.406330624196973 ], [ 109.689508001556348, -7.405218862894672 ], [ 109.69002024895444, -7.405292703572584 ], [ 109.690553616596517, -7.405095265436922 ], [ 109.690746152580573, -7.404706949566986 ], [ 109.690478883170471, -7.403738524642423 ], [ 109.690578371138685, -7.403313768467232 ], [ 109.690995434838115, -7.402935154033398 ], [ 109.691507839838295, -7.402828159672508 ], [ 109.692077398235426, -7.402947374295082 ], [ 109.693162144493414, -7.40338464924108 ], [ 109.694703557156387, -7.404582942587883 ], [ 109.695063684199511, -7.404665373220041 ] ] ] } },
{ "type": "Feature", "properties": { "DESA": "Ampelsari" }, "geometry": { "type": "Polygon", "coordinates": [ [ [ 109.713201733198986, -7.395701729353627 ], [ 109.715267767430973, -7.395318802053822 ], [ 109.716157470741152, -7.395475074814763 ], [ 109.717261625823369, -7.397992405126304 ], [ 109.717879566731369, -7.400761504955709 ], [ 109.718131574840697, -7.40124153394146 ], [ 109.716926505049358, -7.40169024314133 ], [ 109.716365701748316, -7.402466399354465 ], [ 109.716249912524276, -7.404428578580067 ], [ 109.716453345189421, -7.407883748213083 ], [ 109.716083974908216, -7.408823296419843 ], [ 109.715642004674123, -7.408442177201396 ], [ 109.715185548252535, -7.40836852575109 ], [ 109.714694128258955, -7.408656442799546 ], [ 109.713711901819181, -7.408092926510462 ], [ 109.713314254959641, -7.408245486782581 ], [ 109.712732532850694, -7.40909390917487 ], [ 109.712439646271093, -7.409237729727012 ], [ 109.712429163864925, -7.410223520249481 ], [ 109.712173875743872, -7.410873877031407 ], [ 109.712758172189368, -7.411481545296087 ], [ 109.712835790696104, -7.412639293417942 ], [ 109.714145055011684, -7.414062905114213 ], [ 109.714983505548588, -7.415855955926572 ], [ 109.714961198739047, -7.417004464400296 ], [ 109.715224394484451, -7.418135624193551 ], [ 109.714653954001861, -7.419391048653057 ], [ 109.714868166144441, -7.420693950504734 ], [ 109.714551156484276, -7.421733105169763 ], [ 109.714348794290473, -7.423269886881378 ], [ 109.714438537033786, -7.425603367803963 ], [ 109.714659827916265, -7.426038102367484 ], [ 109.71486637443158, -7.427639450073229 ], [ 109.715658996091506, -7.429450454188124 ], [ 109.715945170978316, -7.430645063627927 ], [ 109.716005673381815, -7.433195462361816 ], [ 109.714922896645689, -7.432740149727721 ], [ 109.70612353711229, -7.430987245931887 ], [ 109.705743512376415, -7.430624469368369 ], [ 109.706779271439402, -7.430111930547349 ], [ 109.707086670050415, -7.429660650117361 ], [ 109.708205411104998, -7.42759299273883 ], [ 109.708948321599905, -7.425641690038006 ], [ 109.709229765542673, -7.424584445851577 ], [ 109.709500788444359, -7.422206807941349 ], [ 109.709303785952372, -7.418208979611307 ], [ 109.709044630690755, -7.416517062810578 ], [ 109.708713646039939, -7.415530372847508 ], [ 109.707468755604296, -7.413121115735223 ], [ 109.706539960445923, -7.412015145337864 ], [ 109.705296034576676, -7.411405551112243 ], [ 109.704198914819528, -7.410154420094949 ], [ 109.702356569287574, -7.404478726385279 ], [ 109.703030060599175, -7.403929053824027 ], [ 109.704349767664411, -7.401653840875013 ], [ 109.70448056825694, -7.399709890814956 ], [ 109.704743424504755, -7.399077644395285 ], [ 109.704596784749043, -7.398769709363004 ], [ 109.705131296334415, -7.397894035261153 ], [ 109.707086757119384, -7.398776940420148 ], [ 109.708803510664978, -7.399930488968298 ], [ 109.709934009658852, -7.400413065914053 ], [ 109.712628243234391, -7.401035787936746 ], [ 109.713046319365787, -7.400765653089133 ], [ 109.713396512024147, -7.399998025679666 ], [ 109.713467524889538, -7.399338002371368 ], [ 109.713077102907008, -7.396587641636937 ], [ 109.713201733198986, -7.395701729353627 ] ] ] } },
{ "type": "Feature", "properties": { "DESA": "Tlagawera" }, "geometry": { "type": "Polygon", "coordinates": [ [ [ 109.715642004674123, -7.408442177201396 ], [ 109.716716826228776, -7.409304425090359 ], [ 109.718531823383202, -7.409807042480718 ], [ 109.72063672230324, -7.411305262009317 ], [ 109.721735036133296, -7.411462129083043 ], [ 109.728023261402214, -7.409807149113628 ], [ 109.730450544404604, -7.412952218462642 ], [ 109.730804842658017, -7.41298939675256 ], [ 109.731111199720615, -7.413985049858775 ], [ 109.732684442745452, -7.417064382809879 ], [ 109.73269541954582, -7.418267245524836 ], [ 109.733171728381691, -7.419136797589343 ], [ 109.733641197692776, -7.419707859844599 ], [ 109.734738243642113, -7.420136040127892 ], [ 109.734987359229734, -7.420435219576953 ], [ 109.736126401548603, -7.422509398235065 ], [ 109.737272719987146, -7.424131505308281 ], [ 109.738974250801178, -7.425737013663946 ], [ 109.744137155447291, -7.42980329390975 ], [ 109.745298796332051, -7.431018367298626 ], [ 109.745756466748531, -7.431860733507639 ], [ 109.748049324716376, -7.433250883568232 ], [ 109.750457055621254, -7.433574227447625 ], [ 109.751192311826784, -7.43438120445893 ], [ 109.751249382177377, -7.434833548642988 ], [ 109.751546551532684, -7.435187108282697 ], [ 109.75261538860768, -7.435678466904768 ], [ 109.752897517471183, -7.436041025457108 ], [ 109.752961010141107, -7.436918445925349 ], [ 109.754004302625049, -7.438151253995965 ], [ 109.753344728937932, -7.439695920727857 ], [ 109.752544520446989, -7.446033281150981 ], [ 109.750464911780156, -7.445900832648332 ], [ 109.749043414289289, -7.445146165411899 ], [ 109.746878834101878, -7.443946252152888 ], [ 109.743214906130987, -7.441584544408292 ], [ 109.738486851144145, -7.438984607752626 ], [ 109.735545053303284, -7.436896248719932 ], [ 109.734850590164001, -7.436568672363061 ], [ 109.733167978121784, -7.436853206066704 ], [ 109.7271902360485, -7.438997524516096 ], [ 109.724012086977993, -7.439766160494921 ], [ 109.719173266852764, -7.436053404333059 ], [ 109.716005673381815, -7.433195462361816 ], [ 109.715945170978316, -7.430645063627927 ], [ 109.715658996091506, -7.429450454188124 ], [ 109.71486637443158, -7.427639450073229 ], [ 109.714659827916265, -7.426038102367484 ], [ 109.714438537033786, -7.425603367803963 ], [ 109.714348794290473, -7.423269886881378 ], [ 109.714551156484276, -7.421733105169763 ], [ 109.714868166144441, -7.420693950504734 ], [ 109.714653954001861, -7.419391048653057 ], [ 109.715224394484451, -7.418135624193551 ], [ 109.714961198739047, -7.417004464400296 ], [ 109.714983505548588, -7.415855955926572 ], [ 109.714145055011684, -7.414062905114213 ], [ 109.712835790696104, -7.412639293417942 ], [ 109.712758172189368, -7.411481545296087 ], [ 109.712173875743872, -7.410873877031407 ], [ 109.712429163864925, -7.410223520249481 ], [ 109.712439646271093, -7.409237729727012 ], [ 109.712732532850694, -7.40909390917487 ], [ 109.713314254959641, -7.408245486782581 ], [ 109.713711901819181, -7.408092926510462 ], [ 109.714694128258955, -7.408656442799546 ], [ 109.715185548252535, -7.40836852575109 ], [ 109.715642004674123, -7.408442177201396 ] ] ] } },
{ "type": "Feature", "properties": { "DESA": "Cendana" }, "geometry": { "type": "Polygon", "coordinates": [ [ [ 109.728023261402214, -7.409807149113628 ], [ 109.727625904125006, -7.40897398744044 ], [ 109.72750718124766, -7.407834110986567 ], [ 109.727683404830387, -7.40700258898763 ], [ 109.728295685779472, -7.405855849736001 ], [ 109.729830030730952, -7.404503688318448 ], [ 109.732630483039117, -7.402775278093197 ], [ 109.73401412128699, -7.401241742562045 ], [ 109.741409477583034, -7.406291045422491 ], [ 109.744238719102071, -7.40876791159898 ], [ 109.750000572825414, -7.415856318058593 ], [ 109.751633797871762, -7.419017151975155 ], [ 109.753606089635284, -7.421799085510353 ], [ 109.755530063537563, -7.42338716959375 ], [ 109.757585411958914, -7.424541514048891 ], [ 109.758235341774522, -7.425113061114454 ], [ 109.758207821968952, -7.425628462233487 ], [ 109.755585615961252, -7.431418141392007 ], [ 109.754004302625049, -7.438151253995965 ], [ 109.752961010141107, -7.436918445925349 ], [ 109.752897517471183, -7.436041025457108 ], [ 109.75261538860768, -7.435678466904768 ], [ 109.751546551532684, -7.435187108282697 ], [ 109.751249382177377, -7.434833548642988 ], [ 109.751192311826784, -7.43438120445893 ], [ 109.750457055621254, -7.433574227447625 ], [ 109.748049324716376, -7.433250883568232 ], [ 109.745756466748531, -7.431860733507639 ], [ 109.745298796332051, -7.431018367298626 ], [ 109.744137155447291, -7.42980329390975 ], [ 109.738974250801178, -7.425737013663946 ], [ 109.737272719987146, -7.424131505308281 ], [ 109.736126401548603, -7.422509398235065 ], [ 109.734987359229734, -7.420435219576953 ], [ 109.734738243642113, -7.420136040127892 ], [ 109.733641197692776, -7.419707859844599 ], [ 109.733171728381691, -7.419136797589343 ], [ 109.73269541954582, -7.418267245524836 ], [ 109.732684442745452, -7.417064382809879 ], [ 109.731111199720615, -7.413985049858775 ], [ 109.730804842658017, -7.41298939675256 ], [ 109.730450544404604, -7.412952218462642 ], [ 109.728023261402214, -7.409807149113628 ] ] ] } },
{ "type": "Feature", "properties": { "DESA": "Sukayasa" }, "geometry": { "type": "Polygon", "coordinates": [ [ [ 109.728977347104049, -7.395973120122035 ], [ 109.729777633442183, -7.397386193756034 ], [ 109.730472328451995, -7.398003106190511 ], [ 109.731726855304132, -7.399770192504757 ], [ 109.73401412128699, -7.401241742562045 ], [ 109.732630483039117, -7.402775278093197 ], [ 109.729830030730952, -7.404503688318448 ], [ 109.728295685779472, -7.405855849736001 ], [ 109.727683404830387, -7.40700258898763 ], [ 109.72750718124766, -7.407834110986567 ], [ 109.727625904125006, -7.40897398744044 ], [ 109.728023261402214, -7.409807149113628 ], [ 109.721735036133296, -7.411462129083043 ], [ 109.72063672230324, -7.411305262009317 ], [ 109.718531823383202, -7.409807042480718 ], [ 109.716716826228776, -7.409304425090359 ], [ 109.716083974908216, -7.408823296419843 ], [ 109.716453345189421, -7.407883748213083 ], [ 109.716252110222683, -7.403668896677321 ], [ 109.716365701748316, -7.402466399354465 ], [ 109.716612640384469, -7.401960682131435 ], [ 109.716926505049358, -7.40169024314133 ], [ 109.718131574840697, -7.40124153394146 ], [ 109.719940269857076, -7.403064582146206 ], [ 109.72119953159779, -7.40257976301208 ], [ 109.722125930310099, -7.401958448838458 ], [ 109.723038988237946, -7.401065750250005 ], [ 109.726407327968374, -7.397150441031201 ], [ 109.727248236987208, -7.396637370215823 ], [ 109.728977347104049, -7.395973120122035 ] ] ] } },
{ "type": "Feature", "properties": { "DESA": "Sukanandi" }, "geometry": { "type": "Polygon", "coordinates": [ [ [ 109.714211127957256, -7.385856183646194 ], [ 109.716585682407029, -7.385998643347174 ], [ 109.720125346864677, -7.384299548963697 ], [ 109.720806514897632, -7.384283417467298 ], [ 109.721354797655735, -7.384628666004452 ], [ 109.722737675523604, -7.386522718830781 ], [ 109.723481312499345, -7.387230286293073 ], [ 109.724292417483085, -7.387413441179226 ], [ 109.72557675285482, -7.387154898418122 ], [ 109.725491301305269, -7.387543541926174 ], [ 109.725650978494514, -7.387842377070586 ], [ 109.727306057489031, -7.39008991815269 ], [ 109.728078816842455, -7.391720007606806 ], [ 109.728685015503245, -7.395248761677841 ], [ 109.728977347104049, -7.395973120122035 ], [ 109.727248236987208, -7.396637370215823 ], [ 109.726407327968374, -7.397150441031201 ], [ 109.722511143857204, -7.401606834016103 ], [ 109.72119953159779, -7.40257976301208 ], [ 109.719940269857076, -7.403064582146206 ], [ 109.718131574840697, -7.40124153394146 ], [ 109.717879566731369, -7.400761504955709 ], [ 109.717261625823369, -7.397992405126304 ], [ 109.716157470741152, -7.395475074814763 ], [ 109.715267767430973, -7.395318802053822 ], [ 109.713201733198986, -7.395701729353627 ], [ 109.714207093676194, -7.394302887377029 ], [ 109.715215536287857, -7.392533248458567 ], [ 109.715393877792323, -7.391954999336768 ], [ 109.715322881431376, -7.391448275668735 ], [ 109.714673007189333, -7.390713931038853 ], [ 109.714548902754558, -7.390360854626364 ], [ 109.714454002897185, -7.389492391957035 ], [ 109.714749358097464, -7.388308501621131 ], [ 109.714681790642103, -7.387675293708869 ], [ 109.714281048015607, -7.386760741353414 ], [ 109.714211127957256, -7.385856183646194 ] ] ] } },
{ "type": "Feature", "properties": { "DESA": "Parakancanggah" }, "geometry": { "type": "Polygon", "coordinates": [ [ [ 109.710483587423823, -7.386541735959265 ], [ 109.71112522186516, -7.386480296957263 ], [ 109.712999191624348, -7.385852691188199 ], [ 109.714211127957256, -7.385856183646194 ], [ 109.714377284742497, -7.387140862681427 ], [ 109.714681790642103, -7.387675293708869 ], [ 109.714749358097464, -7.388308501621131 ], [ 109.714454002897185, -7.389492391957035 ], [ 109.714548902754558, -7.390360854626364 ], [ 109.714673007189333, -7.390713931038853 ], [ 109.715322881431376, -7.391448275668735 ], [ 109.715393877792323, -7.391954999336768 ], [ 109.715215536287857, -7.392533248458567 ], [ 109.714207093676194, -7.394302887377029 ], [ 109.713201733198986, -7.395701729353627 ], [ 109.712820227958389, -7.395546918336418 ], [ 109.712403779832798, -7.396133519605616 ], [ 109.711665005099661, -7.395606873704915 ], [ 109.711010936887476, -7.396138536174877 ], [ 109.710641958140727, -7.396146510873078 ], [ 109.710137672668608, -7.395801375631003 ], [ 109.709707981091427, -7.395185203769142 ], [ 109.709310343428911, -7.393872730065778 ], [ 109.705474086996929, -7.394901588647254 ], [ 109.70464496617771, -7.395568448568607 ], [ 109.704376295727215, -7.395070283001333 ], [ 109.703721752201574, -7.395276339899699 ], [ 109.703270656633336, -7.395112277278027 ], [ 109.703336335812722, -7.393954857682079 ], [ 109.702968731134249, -7.392443551269774 ], [ 109.702419095424375, -7.392206777628516 ], [ 109.701265455574614, -7.391217692966711 ], [ 109.700982096247557, -7.390149765627239 ], [ 109.700227880862229, -7.38949638539477 ], [ 109.699460929056443, -7.388345673486389 ], [ 109.698332666890707, -7.388288043272777 ], [ 109.697694351798646, -7.388439980184224 ], [ 109.69685233807833, -7.38741553944184 ], [ 109.696631151007779, -7.386854218153441 ], [ 109.696894438650759, -7.386457061944901 ], [ 109.698119123540735, -7.386569226408532 ], [ 109.698460626766476, -7.386425464724183 ], [ 109.69889651925125, -7.386752327185569 ], [ 109.700947021047966, -7.387427476572244 ], [ 109.703528469107155, -7.387679199680226 ], [ 109.704065787499772, -7.387373251403534 ], [ 109.704080753076525, -7.386903035042877 ], [ 109.703793640597652, -7.386531400459751 ], [ 109.702369903820184, -7.385487285800469 ], [ 109.702344735048982, -7.384998869673135 ], [ 109.702659414578449, -7.38472844234564 ], [ 109.703366702183274, -7.384694330160327 ], [ 109.70479290644856, -7.385096396095297 ], [ 109.707146378536081, -7.386061821985714 ], [ 109.710483587423823, -7.386541735959265 ] ] ] } },
{ "type": "Feature", "properties": { "DESA": "Semarang" }, "geometry": { "type": "Polygon", "coordinates": [ [ [ 109.703721752201574, -7.395276339899699 ], [ 109.704376295727215, -7.395070283001333 ], [ 109.70464496617771, -7.395568448568607 ], [ 109.705474086996929, -7.394901588647254 ], [ 109.709310343428911, -7.393872730065778 ], [ 109.70989386452915, -7.39551133460153 ], [ 109.710641958140727, -7.396146510873078 ], [ 109.711010936887476, -7.396138536174877 ], [ 109.711665005099661, -7.395606873704915 ], [ 109.712403779832798, -7.396133519605616 ], [ 109.712820227958389, -7.395546918336418 ], [ 109.713201733198986, -7.395701729353627 ], [ 109.713077102907008, -7.396587641636937 ], [ 109.713467524889538, -7.399338002371368 ], [ 109.713396512024147, -7.399998025679666 ], [ 109.713046319365787, -7.400765653089133 ], [ 109.712628243234391, -7.401035787936746 ], [ 109.711923039227784, -7.400934290398579 ], [ 109.709934009658852, -7.400413065914053 ], [ 109.708803510664978, -7.399930488968298 ], [ 109.707850497218843, -7.399195165481111 ], [ 109.705131296334415, -7.397894035261153 ], [ 109.704596784749043, -7.398769709363004 ], [ 109.704743424504755, -7.399077644395285 ], [ 109.70448056825694, -7.399709890814956 ], [ 109.704349767664411, -7.401653840875013 ], [ 109.703030060599175, -7.403929053824027 ], [ 109.702356569287574, -7.404478726385279 ], [ 109.703784867752205, -7.408760429195965 ], [ 109.701774148094444, -7.408573734322871 ], [ 109.70113185115504, -7.408825118331785 ], [ 109.700377256767638, -7.408189815696065 ], [ 109.700782490208766, -7.407105813963105 ], [ 109.700587095794887, -7.406228017944616 ], [ 109.698971777859157, -7.404749142474039 ], [ 109.697571991485063, -7.404211500262415 ], [ 109.698152150974892, -7.401762445952977 ], [ 109.697689817108881, -7.398577786067889 ], [ 109.697273393933997, -7.396831160848241 ], [ 109.700931892106894, -7.396489121103751 ], [ 109.703079493363717, -7.395726648121103 ], [ 109.703721752201574, -7.395276339899699 ] ] ] } },
{ "type": "Feature", "properties": { "DESA": "Krandegan" }, "geometry": { "type": "Polygon", "coordinates": [ [ [ 109.694352397279346, -7.388131748593609 ], [ 109.695682849367742, -7.388859155157632 ], [ 109.697173444583655, -7.389415143514093 ], [ 109.697631995970823, -7.389326065250842 ], [ 109.697816413471017, -7.389001012005605 ], [ 109.697694351798646, -7.388439980184224 ], [ 109.698332666890707, -7.388288043272777 ], [ 109.699460929056443, -7.388345673486389 ], [ 109.700227880862229, -7.38949638539477 ], [ 109.700982096247557, -7.390149765627239 ], [ 109.701265455574614, -7.391217692966711 ], [ 109.702419095424375, -7.392206777628516 ], [ 109.702968731134249, -7.392443551269774 ], [ 109.703336335812722, -7.393954857682079 ], [ 109.703270656633336, -7.395112277278027 ], [ 109.703721752201574, -7.395276339899699 ], [ 109.703079493363717, -7.395726648121103 ], [ 109.700931892106894, -7.396489121103751 ], [ 109.697273393933997, -7.396831160848241 ], [ 109.697689817108881, -7.398577786067889 ], [ 109.698152150974892, -7.401762445952977 ], [ 109.697571991485063, -7.404211500262415 ], [ 109.697172733047083, -7.404327964726619 ], [ 109.696498500718292, -7.40332209319249 ], [ 109.695595689215139, -7.402541774723613 ], [ 109.695291974341785, -7.402405169525456 ], [ 109.694191288203299, -7.402510444228209 ], [ 109.693153914636113, -7.402145734773011 ], [ 109.693384374097576, -7.401739445003265 ], [ 109.693891775755858, -7.401352050440544 ], [ 109.693895273566184, -7.401026469860939 ], [ 109.693413254664932, -7.400581923859161 ], [ 109.694100786833289, -7.400059431816424 ], [ 109.694553175961815, -7.399961299014025 ], [ 109.694994165049764, -7.400107257758203 ], [ 109.695217372217314, -7.398507171792709 ], [ 109.694974900377616, -7.397104729642769 ], [ 109.695745893428779, -7.396980402695609 ], [ 109.695981130151694, -7.392857267473807 ], [ 109.697325363085042, -7.392915446037334 ], [ 109.6967549917578, -7.39154821295973 ], [ 109.694925021742691, -7.389236780603733 ], [ 109.694352397279346, -7.388131748593609 ] ] ] } },
{ "type": "Feature", "properties": { "DESA": "Kuta Banjarnegara" }, "geometry": { "type": "Polygon", "coordinates": [ [ [ 109.68204682381608, -7.392671550388019 ], [ 109.683853166318471, -7.391184741730492 ], [ 109.684290514855931, -7.389476798633388 ], [ 109.684619295620081, -7.388862845392698 ], [ 109.685143801132241, -7.38880109968029 ], [ 109.688386439301411, -7.390130996920006 ], [ 109.689878480825257, -7.39037046424741 ], [ 109.692105395090692, -7.389988115844813 ], [ 109.692879640448453, -7.389312168520668 ], [ 109.693551080234386, -7.388183653518866 ], [ 109.693891592697938, -7.38802189996037 ], [ 109.694352397279346, -7.388131748593609 ], [ 109.694925021742691, -7.389236780603733 ], [ 109.6967549917578, -7.39154821295973 ], [ 109.697325363085042, -7.392915446037334 ], [ 109.695981130151694, -7.392857267473807 ], [ 109.695745893428779, -7.396980402695609 ], [ 109.694974900377616, -7.397104729642769 ], [ 109.695217372217314, -7.398507171792709 ], [ 109.694994165049764, -7.400107257758203 ], [ 109.694553175961815, -7.399961299014025 ], [ 109.694100786833289, -7.400059431816424 ], [ 109.693413254664932, -7.400581923859161 ], [ 109.69170521495343, -7.401101418786492 ], [ 109.688380062098858, -7.401778988281674 ], [ 109.687725274205249, -7.40127967829489 ], [ 109.687327502390971, -7.401197131498605 ], [ 109.686908236002452, -7.401385770629337 ], [ 109.686484283981969, -7.40219845030587 ], [ 109.686177368429654, -7.402387419815381 ], [ 109.684434030944132, -7.402563197526296 ], [ 109.683997435398567, -7.402498525864354 ], [ 109.683919788541345, -7.400997112458489 ], [ 109.683485494307988, -7.398418418738203 ], [ 109.684187258979961, -7.39642192593795 ], [ 109.683587982760827, -7.395823227277681 ], [ 109.683076694424145, -7.395631842725153 ], [ 109.682732958935048, -7.395567535727944 ], [ 109.681785929172563, -7.395781735846378 ], [ 109.680804380466327, -7.395218160674093 ], [ 109.681619926279723, -7.393999680707687 ], [ 109.68204682381608, -7.392671550388019 ] ] ] } },
{ "type": "Feature", "properties": { "DESA": "Karangtengah" }, "geometry": { "type": "Polygon", "coordinates": [ [ [ 109.690543068877574, -7.401378386466049 ], [ 109.693413254664932, -7.400581923859161 ], [ 109.693895273566184, -7.401026469860939 ], [ 109.693891775755858, -7.401352050440544 ], [ 109.693384374097576, -7.401739445003265 ], [ 109.693153914636113, -7.402145734773011 ], [ 109.694191288203299, -7.402510444228209 ], [ 109.695291974341785, -7.402405169525456 ], [ 109.695595689215139, -7.402541774723613 ], [ 109.696498500718292, -7.40332209319249 ], [ 109.697172733047083, -7.404327964726619 ], [ 109.695063684199511, -7.404665373220041 ], [ 109.694703557156387, -7.404582942587883 ], [ 109.693162144493414, -7.40338464924108 ], [ 109.692077398235426, -7.402947374295082 ], [ 109.691507839838295, -7.402828159672508 ], [ 109.690995434838115, -7.402935154033398 ], [ 109.690578371138685, -7.403313768467232 ], [ 109.690478883170471, -7.403738524642423 ], [ 109.690746152580573, -7.404706949566986 ], [ 109.690553616596517, -7.405095265436922 ], [ 109.69002024895444, -7.405292703572584 ], [ 109.689508001556348, -7.405218862894672 ], [ 109.689323262496927, -7.406330624196973 ], [ 109.689253509172332, -7.41067131940748 ], [ 109.687603718180554, -7.411561760597474 ], [ 109.68806773421376, -7.414909173796367 ], [ 109.687766682460662, -7.415713173320596 ], [ 109.685706789112757, -7.414269196640637 ], [ 109.685011378381233, -7.413986759623423 ], [ 109.684776805394876, -7.413181269477402 ], [ 109.684544854254014, -7.412927327182686 ], [ 109.684048676795982, -7.412898734594539 ], [ 109.683643047433875, -7.41306932547071 ], [ 109.683459617237844, -7.41333108046342 ], [ 109.682434714991871, -7.413165296176372 ], [ 109.682199648996885, -7.413381598973309 ], [ 109.68186565380276, -7.413353484376642 ], [ 109.681538098525152, -7.413144465606416 ], [ 109.681473598713026, -7.413506030021416 ], [ 109.680780601410376, -7.414146111438577 ], [ 109.680308440272086, -7.41395474604548 ], [ 109.679934833651657, -7.414007887020878 ], [ 109.679296811306372, -7.414449122680578 ], [ 109.678065944823118, -7.414309841293293 ], [ 109.677484657550622, -7.41383785860861 ], [ 109.677674461966163, -7.412943122116799 ], [ 109.680098374772257, -7.406701291789175 ], [ 109.680309192732494, -7.405996488952895 ], [ 109.680206842154718, -7.404793468132165 ], [ 109.680684181566264, -7.404496418475475 ], [ 109.681149782196186, -7.403674828332393 ], [ 109.681456471076643, -7.40270810081695 ], [ 109.682329152710366, -7.402077678388713 ], [ 109.684434030944132, -7.402563197526296 ], [ 109.686177368429654, -7.402387419815381 ], [ 109.686484283981969, -7.40219845030587 ], [ 109.686908236002452, -7.401385770629337 ], [ 109.687327502390971, -7.401197131498605 ], [ 109.687725274205249, -7.40127967829489 ], [ 109.688380062098858, -7.401778988281674 ], [ 109.690543068877574, -7.401378386466049 ] ] ] } },
{ "type": "Feature", "properties": { "DESA": "Wangon" }, "geometry": { "type": "Polygon", "coordinates": [ [ [ 109.676866691983108, -7.39703326106758 ], [ 109.677315766423519, -7.397269766460675 ], [ 109.678245026791288, -7.397254439838355 ], [ 109.680804380466327, -7.395218160674093 ], [ 109.681785929172563, -7.395781735846378 ], [ 109.682732958935048, -7.395567535727944 ], [ 109.683076694424145, -7.395631842725153 ], [ 109.683587982760827, -7.395823227277681 ], [ 109.684187258979961, -7.39642192593795 ], [ 109.683485494307988, -7.398418418738203 ], [ 109.683919788541345, -7.400997112458489 ], [ 109.683997435398567, -7.402498525864354 ], [ 109.682329152710366, -7.402077678388713 ], [ 109.681456471076643, -7.40270810081695 ], [ 109.681149782196186, -7.403674828332393 ], [ 109.680684181566264, -7.404496418475475 ], [ 109.680206842154718, -7.404793468132165 ], [ 109.680309192732494, -7.405996488952895 ], [ 109.680098374772257, -7.406701291789175 ], [ 109.677674461966163, -7.412943122116799 ], [ 109.677484657550622, -7.41383785860861 ], [ 109.6736641731286, -7.412298179442323 ], [ 109.672386988121929, -7.412212904728837 ], [ 109.673150402009014, -7.41150984716067 ], [ 109.673829736630722, -7.410119194504531 ], [ 109.674074753969279, -7.408473990868216 ], [ 109.674648144931183, -7.407110144708921 ], [ 109.673957348382842, -7.406565500654572 ], [ 109.675486494896248, -7.406524844853464 ], [ 109.675977137657895, -7.406327298466842 ], [ 109.676274138773209, -7.405857927313307 ], [ 109.676396039106777, -7.404185229272426 ], [ 109.675455130323272, -7.402717419167006 ], [ 109.675994723007619, -7.401760431501201 ], [ 109.675749259401911, -7.401406988488273 ], [ 109.676349714962598, -7.40063101318163 ], [ 109.676464800339332, -7.400215350282003 ], [ 109.676866691983108, -7.39703326106758 ] ] ] } },
{ "type": "Feature", "properties": { "DESA": "Semampir" }, "geometry": { "type": "Polygon", "coordinates": [ [ [ 109.669151731617134, -7.394143565516337 ], [ 109.670202081807162, -7.394399863882835 ], [ 109.671025475493536, -7.394836405987764 ], [ 109.67162777106445, -7.394792992818365 ], [ 109.671942826021379, -7.39450460004824 ], [ 109.672011316179947, -7.393383373923966 ], [ 109.671307861676055, -7.392232723893583 ], [ 109.671519188260106, -7.391808398059308 ], [ 109.6720308019095, -7.391412000518964 ], [ 109.672894619218624, -7.391468820976074 ], [ 109.673770241361879, -7.391950721023193 ], [ 109.674174318872673, -7.392494509461065 ], [ 109.675761783348634, -7.395854388920351 ], [ 109.676257466693642, -7.396543114431332 ], [ 109.676866691983108, -7.39703326106758 ], [ 109.676464800339332, -7.400215350282003 ], [ 109.676349714962598, -7.40063101318163 ], [ 109.675749259401911, -7.401406988488273 ], [ 109.675994723007619, -7.401760431501201 ], [ 109.675455130323272, -7.402717419167006 ], [ 109.676396039106777, -7.404185229272426 ], [ 109.676274138773209, -7.405857927313307 ], [ 109.675977137657895, -7.406327298466842 ], [ 109.675486494896248, -7.406524844853464 ], [ 109.673957348382842, -7.406565500654572 ], [ 109.674648144931183, -7.407110144708921 ], [ 109.674074753969279, -7.408473990868216 ], [ 109.673829736630722, -7.410119194504531 ], [ 109.673375615133153, -7.411166847503568 ], [ 109.671948742040357, -7.412871813956243 ], [ 109.67057357582614, -7.413573130941542 ], [ 109.669342108841732, -7.414482829366431 ], [ 109.668833614612737, -7.413929590060934 ], [ 109.666857276574135, -7.412476746509394 ], [ 109.666238370904665, -7.411651926950487 ], [ 109.665512143616183, -7.410148576536566 ], [ 109.665251251256336, -7.408420491764488 ], [ 109.66533407020161, -7.406964775361612 ], [ 109.665971972021836, -7.405519673425006 ], [ 109.667109208861802, -7.40185147356175 ], [ 109.668577162937723, -7.395878197443893 ], [ 109.669151731617134, -7.394143565516337 ] ] ] } },
{ "type": "Feature", "properties": { "DESA": "Pringamba" }, "geometry": { "type": "Polygon", "coordinates": [ [ [ 109.753042799137177, -7.415720190191085 ], [ 109.753364969413809, -7.415947140466565 ], [ 109.755245175362475, -7.416061001109729 ], [ 109.75570904006743, -7.415393019227115 ], [ 109.756267737493062, -7.415059942055227 ], [ 109.756843337275058, -7.41434715198245 ], [ 109.757369069302896, -7.414366705044379 ], [ 109.757806843057722, -7.415968614037569 ], [ 109.757543167073294, -7.416194014981697 ], [ 109.757622211303001, -7.41659216944311 ], [ 109.759177055267614, -7.416099116920265 ], [ 109.760154231750306, -7.415242681646454 ], [ 109.760434680639378, -7.414094870931165 ], [ 109.760839615369321, -7.414059831755972 ], [ 109.7610646710514, -7.414874410803753 ], [ 109.761011938264346, -7.415805760610644 ], [ 109.76141515074228, -7.415906344905999 ], [ 109.761976470298379, -7.415329135838844 ], [ 109.762111535209129, -7.414823074727247 ], [ 109.762551973263427, -7.414354030940707 ], [ 109.763838360117973, -7.413896380523061 ], [ 109.764407164376252, -7.413472900745618 ], [ 109.765267637485053, -7.412534750112979 ], [ 109.765648566248117, -7.411676644209419 ], [ 109.766483093706086, -7.411308149661629 ], [ 109.766790759780434, -7.412991161775102 ], [ 109.766846658315558, -7.415776771090804 ], [ 109.766971414894996, -7.416744783474107 ], [ 109.767162008630464, -7.417034743940174 ], [ 109.767560094872778, -7.417126266922697 ], [ 109.768755661358355, -7.416957692679746 ], [ 109.769249296873241, -7.417103820795868 ], [ 109.771698863363625, -7.418647995902805 ], [ 109.773529532727125, -7.419367545385271 ], [ 109.779846232479528, -7.422821600978364 ], [ 109.781598816337734, -7.423016292558545 ], [ 109.782236427622365, -7.422918579269014 ], [ 109.784097159971139, -7.422010255889182 ], [ 109.784055252093935, -7.422525624186653 ], [ 109.783360195070827, -7.423545644945562 ], [ 109.781886795620821, -7.427122949030433 ], [ 109.78054451645886, -7.428765262946981 ], [ 109.78009784948388, -7.429731706114389 ], [ 109.7796838826645, -7.429947665504798 ], [ 109.779141019026966, -7.42987374645116 ], [ 109.77897388710582, -7.430741495217187 ], [ 109.778639580313978, -7.431409860676371 ], [ 109.777959292112968, -7.431995804936605 ], [ 109.777895069661497, -7.433931057592037 ], [ 109.778357771760852, -7.434221674583081 ], [ 109.778232527663093, -7.434664475655699 ], [ 109.776571695219999, -7.436179306165742 ], [ 109.77619718384625, -7.436955970359208 ], [ 109.775973390979004, -7.438935990128521 ], [ 109.775703766168419, -7.439902914078508 ], [ 109.775797091184558, -7.440653833787493 ], [ 109.776082453723618, -7.441179144970104 ], [ 109.776529050356402, -7.441352175065469 ], [ 109.776917415988294, -7.441886902652131 ], [ 109.777071384009275, -7.44264694134761 ], [ 109.776615888618764, -7.444228385509054 ], [ 109.776515919819147, -7.445792636549829 ], [ 109.776562632211224, -7.446190701423906 ], [ 109.777150304771638, -7.446952028536912 ], [ 109.777174293354349, -7.448001140969765 ], [ 109.775323692278178, -7.447878480953666 ], [ 109.773011564114938, -7.447980582882266 ], [ 109.770186938595359, -7.447240260389571 ], [ 109.770109373282224, -7.446923487354882 ], [ 109.763590227100622, -7.442690904251413 ], [ 109.761432665484378, -7.440785719041696 ], [ 109.760545857764143, -7.440593360086322 ], [ 109.759665274663092, -7.440898320713403 ], [ 109.759401997099019, -7.440391147718021 ], [ 109.755020557695957, -7.439727756548419 ], [ 109.753344728937932, -7.439695920727857 ], [ 109.754004302625049, -7.438151253995965 ], [ 109.755585615961252, -7.431418141392007 ], [ 109.758207821968952, -7.425628462233487 ], [ 109.758235341774522, -7.425113061114454 ], [ 109.757585411958914, -7.424541514048891 ], [ 109.755530063537563, -7.42338716959375 ], [ 109.754333848402226, -7.422479448148398 ], [ 109.753606089635284, -7.421799085510353 ], [ 109.751633797871762, -7.419017151975155 ], [ 109.751250353908461, -7.418238293318486 ], [ 109.753042799137177, -7.415720190191085 ] ] ] } },
{ "type": "Feature", "properties": { "DESA": "Sawal" }, "geometry": { "type": "Polygon", "coordinates": [ [ [ 109.784546154742287, -7.421713008813864 ], [ 109.785096868520782, -7.420556870498427 ], [ 109.786846739828746, -7.421140519077265 ], [ 109.788150515838794, -7.422193128350226 ], [ 109.79063594635258, -7.422353705330533 ], [ 109.790921789328436, -7.422707121246625 ], [ 109.791333284394582, -7.423802594055602 ], [ 109.791841716228703, -7.424364671669363 ], [ 109.7922898978956, -7.424474394594263 ], [ 109.79329268669936, -7.424296280185718 ], [ 109.793543951018961, -7.424043696213928 ], [ 109.793362592244634, -7.423482508856925 ], [ 109.793411315129177, -7.423039492544899 ], [ 109.793069766918649, -7.422866766630506 ], [ 109.792905993154179, -7.422405089043217 ], [ 109.793024646405854, -7.422070766847809 ], [ 109.793798893895342, -7.421810560962694 ], [ 109.794608033920738, -7.420890291121818 ], [ 109.795691777319917, -7.420829935601343 ], [ 109.798668238992988, -7.422104147045442 ], [ 109.799098660625717, -7.422096268679 ], [ 109.800056352236766, -7.421520076181847 ], [ 109.800630308752133, -7.421394947058801 ], [ 109.802696543351701, -7.421726123431443 ], [ 109.804332092328437, -7.425538040525543 ], [ 109.805311085600039, -7.428832611496087 ], [ 109.805852160792199, -7.429765578669966 ], [ 109.80542934044945, -7.430524153130534 ], [ 109.805279234246726, -7.431717479187119 ], [ 109.805047994322933, -7.431997250137461 ], [ 109.803738027022902, -7.432156476888149 ], [ 109.802248673081053, -7.433310109917973 ], [ 109.801654804521363, -7.433471262613834 ], [ 109.801197864772448, -7.433858925574238 ], [ 109.800611790904654, -7.435304426810986 ], [ 109.79835694095604, -7.436835737193319 ], [ 109.798148258658685, -7.43716981659512 ], [ 109.798103445723441, -7.438345337846204 ], [ 109.797312021609116, -7.438976313183695 ], [ 109.796371269024334, -7.440393626385454 ], [ 109.796041643723726, -7.440501235177843 ], [ 109.795760680894119, -7.439695642901477 ], [ 109.795331111790873, -7.43960396515585 ], [ 109.795024170251452, -7.440543680069736 ], [ 109.79362791063825, -7.44069368611772 ], [ 109.792432216184793, -7.441594810139235 ], [ 109.791875077386095, -7.442307699414576 ], [ 109.7914166009121, -7.444287097187612 ], [ 109.790386164446005, -7.445866903593042 ], [ 109.790282597462237, -7.446662496318334 ], [ 109.789054979639616, -7.447861995936736 ], [ 109.78656833975981, -7.44828025139725 ], [ 109.777174293354349, -7.448001140969765 ], [ 109.777150304771638, -7.446952028536912 ], [ 109.776562632211224, -7.446190701423906 ], [ 109.776515919819147, -7.445792636549829 ], [ 109.776615888618764, -7.444228385509054 ], [ 109.777071384009275, -7.44264694134761 ], [ 109.776917415988294, -7.441886902652131 ], [ 109.776529050356402, -7.441352175065469 ], [ 109.776082453723618, -7.441179144970104 ], [ 109.775797091184558, -7.440653833787493 ], [ 109.775703766168419, -7.439902914078508 ], [ 109.775973390979004, -7.438935990128521 ], [ 109.77619718384625, -7.436955970359208 ], [ 109.776571695219999, -7.436179306165742 ], [ 109.778232527663093, -7.434664475655699 ], [ 109.778357771760852, -7.434221674583081 ], [ 109.777895069661497, -7.433931057592037 ], [ 109.777959292112968, -7.431995804936605 ], [ 109.778639580313978, -7.431409860676371 ], [ 109.77897388710582, -7.430741495217187 ], [ 109.779141019026966, -7.42987374645116 ], [ 109.7796838826645, -7.429947665504798 ], [ 109.78009784948388, -7.429731706114389 ], [ 109.78054451645886, -7.428765262946981 ], [ 109.781886795620821, -7.427122949030433 ], [ 109.783360195070827, -7.423545644945562 ], [ 109.784055252093935, -7.422525624186653 ], [ 109.784097159971139, -7.422010255889182 ], [ 109.784546154742287, -7.421713008813864 ] ] ] } },
{ "type": "Feature", "properties": { "DESA": "Panawaren" }, "geometry": { "type": "Polygon", "coordinates": [ [ [ 109.805852160792199, -7.429765578669966 ], [ 109.809882649003839, -7.429658857881924 ], [ 109.813546846204432, -7.430048525274946 ], [ 109.815077854552769, -7.429591379405283 ], [ 109.815587365979837, -7.429737412530121 ], [ 109.81652585720191, -7.43041816214189 ], [ 109.816955926268449, -7.430545988315093 ], [ 109.818278189011693, -7.430648974129952 ], [ 109.820637166901022, -7.430492491869443 ], [ 109.822418661751527, -7.431781471278664 ], [ 109.823326659094874, -7.431883343167837 ], [ 109.824726223709916, -7.432954201276091 ], [ 109.825075209752498, -7.433316900154095 ], [ 109.824923788670802, -7.434040048056828 ], [ 109.824375603071488, -7.434807264420615 ], [ 109.82390677869607, -7.43497791180569 ], [ 109.823909001198459, -7.43585518201012 ], [ 109.823606429135495, -7.436243280059911 ], [ 109.823958946220543, -7.437076178447051 ], [ 109.823832078568302, -7.438369132998537 ], [ 109.824263883287983, -7.439111911209831 ], [ 109.823839034604944, -7.440105595551689 ], [ 109.823879760611433, -7.440467477867155 ], [ 109.824974329524878, -7.440795987101476 ], [ 109.825418133939905, -7.441186064264958 ], [ 109.825997399810447, -7.442697901428196 ], [ 109.825463030708804, -7.446775285601611 ], [ 109.825496318169499, -7.448303850115655 ], [ 109.824318827348108, -7.448581029895101 ], [ 109.822610099825795, -7.448332352708914 ], [ 109.820974218917911, -7.448671689040028 ], [ 109.820256718443986, -7.448371298608771 ], [ 109.819836590993162, -7.447899900371569 ], [ 109.818723921613795, -7.447128175947291 ], [ 109.815974214497729, -7.448522623997174 ], [ 109.814121979735702, -7.448770934799941 ], [ 109.811506407950773, -7.448818173347779 ], [ 109.809247652433086, -7.44854075212069 ], [ 109.80756341230682, -7.448554303197484 ], [ 109.804536062117535, -7.449993225773968 ], [ 109.802735410873979, -7.4505309710157 ], [ 109.801542389339701, -7.45069049872389 ], [ 109.798072111833676, -7.4496320347232 ], [ 109.795826051101031, -7.448432114989386 ], [ 109.793682772779263, -7.447956006278411 ], [ 109.790658993810084, -7.448191981782717 ], [ 109.789054979639616, -7.447861995936736 ], [ 109.790282597462237, -7.446662496318334 ], [ 109.790386164446005, -7.445866903593042 ], [ 109.7914166009121, -7.444287097187612 ], [ 109.791875077386095, -7.442307699414576 ], [ 109.792432216184793, -7.441594810139235 ], [ 109.79362791063825, -7.44069368611772 ], [ 109.795024170251452, -7.440543680069736 ], [ 109.795331111790873, -7.43960396515585 ], [ 109.795760680894119, -7.439695642901477 ], [ 109.796041643723726, -7.440501235177843 ], [ 109.796371269024334, -7.440393626385454 ], [ 109.797312021609116, -7.438976313183695 ], [ 109.798103445723441, -7.438345337846204 ], [ 109.798148258658685, -7.43716981659512 ], [ 109.79835694095604, -7.436835737193319 ], [ 109.800611790904654, -7.435304426810986 ], [ 109.801197864772448, -7.433858925574238 ], [ 109.801654804521363, -7.433471262613834 ], [ 109.802248673081053, -7.433310109917973 ], [ 109.803738027022902, -7.432156476888149 ], [ 109.805047994322933, -7.431997250137461 ], [ 109.805279234246726, -7.431717479187119 ], [ 109.80542934044945, -7.430524153130534 ], [ 109.805852160792199, -7.429765578669966 ] ] ] } },
{ "type": "Feature", "properties": { "DESA": "Tunggara" }, "geometry": { "type": "Polygon", "coordinates": [ [ [ 109.821280524308079, -7.420473482177476 ], [ 109.822071602421929, -7.421099574982993 ], [ 109.822913107261229, -7.421418368910822 ], [ 109.827343458256067, -7.419648425466418 ], [ 109.82848236549259, -7.419805235554378 ], [ 109.829044115999949, -7.419689078044 ], [ 109.829473308043447, -7.419807846662174 ], [ 109.829670770701043, -7.420088672481734 ], [ 109.828578370332536, -7.420990186942261 ], [ 109.828511181506343, -7.421451248228491 ], [ 109.829203854195271, -7.42183293343216 ], [ 109.829930210237492, -7.421880057518123 ], [ 109.830640587371732, -7.421782464398804 ], [ 109.831277398646222, -7.42144949088765 ], [ 109.831938562620408, -7.421966721227627 ], [ 109.832530838002882, -7.422203463757604 ], [ 109.832958997676073, -7.422828586136706 ], [ 109.831757298366213, -7.42573762529627 ], [ 109.832241659704692, -7.427176868778304 ], [ 109.8320972644877, -7.428894854636183 ], [ 109.831728240003898, -7.42997911932761 ], [ 109.831946783001058, -7.430766540249069 ], [ 109.831731102856779, -7.432656138033869 ], [ 109.831220521438695, -7.433532059892071 ], [ 109.828219000404474, -7.435124957129264 ], [ 109.827573396099069, -7.435665867942673 ], [ 109.82727479760014, -7.43616248481582 ], [ 109.826419142647936, -7.441270095165534 ], [ 109.825997399810447, -7.442697901428196 ], [ 109.825418133939905, -7.441186064264958 ], [ 109.824974329524878, -7.440795987101476 ], [ 109.823879760611433, -7.440467477867155 ], [ 109.823839034604944, -7.440105595551689 ], [ 109.824263883287983, -7.439111911209831 ], [ 109.823832078568302, -7.438369132998537 ], [ 109.823958946220543, -7.437076178447051 ], [ 109.823606429135495, -7.436243280059911 ], [ 109.823909001198459, -7.43585518201012 ], [ 109.82390677869607, -7.43497791180569 ], [ 109.824375603071488, -7.434807264420615 ], [ 109.824923788670802, -7.434040048056828 ], [ 109.825075209752498, -7.433316900154095 ], [ 109.82503020127686, -7.432457600403419 ], [ 109.825208453754911, -7.431336670802762 ], [ 109.824036358535494, -7.428647429478213 ], [ 109.823942492138727, -7.428068395948201 ], [ 109.825192414834163, -7.425448952481737 ], [ 109.824747610610714, -7.424371584287676 ], [ 109.824037936718483, -7.424315453249048 ], [ 109.823039778158318, -7.42393295074845 ], [ 109.821344140354611, -7.422535700667379 ], [ 109.820771361411346, -7.421349395212695 ], [ 109.821280524308079, -7.420473482177476 ] ] ] } },
{ "type": "Feature", "properties": { "DESA": "Randengan" }, "geometry": { "type": "Polygon", "coordinates": [ [ [ 109.816570932120939, -7.415459699345313 ], [ 109.817362913883187, -7.415769327698474 ], [ 109.818055156014964, -7.416304741850823 ], [ 109.820639427374445, -7.419440801705335 ], [ 109.821280524308079, -7.420473482177476 ], [ 109.820771361411346, -7.421349395212695 ], [ 109.821344140354611, -7.422535700667379 ], [ 109.823039778158318, -7.42393295074845 ], [ 109.824037936718483, -7.424315453249048 ], [ 109.824747610610714, -7.424371584287676 ], [ 109.825192414834163, -7.425448952481737 ], [ 109.823942492138727, -7.428068395948201 ], [ 109.824036358535494, -7.428647429478213 ], [ 109.825208453754911, -7.431336670802762 ], [ 109.82503020127686, -7.432457600403419 ], [ 109.825075209752498, -7.433316900154095 ], [ 109.823326659094874, -7.431883343167837 ], [ 109.822418661751527, -7.431781471278664 ], [ 109.820637166901022, -7.430492491869443 ], [ 109.818278189011693, -7.430648974129952 ], [ 109.816955926268449, -7.430545988315093 ], [ 109.81652585720191, -7.43041816214189 ], [ 109.815587365979837, -7.429737412530121 ], [ 109.815077854552769, -7.429591379405283 ], [ 109.814988535523682, -7.428379232045557 ], [ 109.815363869001075, -7.427575308447947 ], [ 109.815288819031849, -7.427032493351607 ], [ 109.815459857680395, -7.426408865738626 ], [ 109.816037277906844, -7.425605570538771 ], [ 109.816036375342193, -7.423932422229942 ], [ 109.816438114079986, -7.423001977961394 ], [ 109.816427444415524, -7.422549755169212 ], [ 109.815207620518933, -7.419073623197328 ], [ 109.815160612583639, -7.418548967033554 ], [ 109.815402484757811, -7.418115501576398 ], [ 109.815801257304045, -7.417845211317314 ], [ 109.816081425361759, -7.417059115792544 ], [ 109.816660798519024, -7.416273906753212 ], [ 109.816570932120939, -7.415459699345313 ] ] ] } },
{ "type": "Feature", "properties": { "DESA": "Bojanegara" }, "geometry": { "type": "Polygon", "coordinates": [ [ [ 109.800644985317859, -7.411889913427599 ], [ 109.804260454838115, -7.412225249809488 ], [ 109.806817471953366, -7.413226922100814 ], [ 109.807872633379915, -7.413898953853359 ], [ 109.808450180526577, -7.414018138690475 ], [ 109.810580832293084, -7.413860994320415 ], [ 109.816570932120939, -7.415459699345313 ], [ 109.816660798519024, -7.416273906753212 ], [ 109.816081425361759, -7.417059115792544 ], [ 109.815801257304045, -7.417845211317314 ], [ 109.815402484757811, -7.418115501576398 ], [ 109.815160612583639, -7.418548967033554 ], [ 109.815207620518933, -7.419073623197328 ], [ 109.816427444415524, -7.422549755169212 ], [ 109.816438114079986, -7.423001977961394 ], [ 109.816036375342193, -7.423932422229942 ], [ 109.816037277906844, -7.425605570538771 ], [ 109.815459857680395, -7.426408865738626 ], [ 109.815288819031849, -7.427032493351607 ], [ 109.815363869001075, -7.427575308447947 ], [ 109.814988535523682, -7.428379232045557 ], [ 109.815077854552769, -7.429591379405283 ], [ 109.813546846204432, -7.430048525274946 ], [ 109.809882649003839, -7.429658857881924 ], [ 109.805852160792199, -7.429765578669966 ], [ 109.805311085600039, -7.428832611496087 ], [ 109.804332092328437, -7.425538040525543 ], [ 109.802696543351701, -7.421726123431443 ], [ 109.802841933734427, -7.421364743346523 ], [ 109.802698807155664, -7.420668030516796 ], [ 109.802898083574931, -7.419746098823829 ], [ 109.802797759631645, -7.418940906466133 ], [ 109.802387422685257, -7.418152963048628 ], [ 109.8023487987507, -7.417655456593729 ], [ 109.802605901624133, -7.416815058918261 ], [ 109.802155581510718, -7.415204001776122 ], [ 109.802194815946947, -7.41398325167579 ], [ 109.801207713033946, -7.41309429196567 ], [ 109.800644985317859, -7.411889913427599 ] ] ] } },
{ "type": "Feature", "properties": { "DESA": "Bandingan" }, "geometry": { "type": "Polygon", "coordinates": [ [ [ 109.791894147159766, -7.411359793036589 ], [ 109.792422328797528, -7.411523983071043 ], [ 109.79427206482903, -7.411393369760124 ], [ 109.795050481969255, -7.410608642509067 ], [ 109.795612443275317, -7.410411239601117 ], [ 109.796924573931435, -7.410586587639885 ], [ 109.79764116586685, -7.411303025295241 ], [ 109.798301185083588, -7.411503733049551 ], [ 109.800644985317859, -7.411889913427599 ], [ 109.801207713033946, -7.41309429196567 ], [ 109.802194815946947, -7.41398325167579 ], [ 109.802155581510718, -7.415204001776122 ], [ 109.802605901624133, -7.416815058918261 ], [ 109.8023487987507, -7.417655456593729 ], [ 109.802387422685257, -7.418152963048628 ], [ 109.802797759631645, -7.418940906466133 ], [ 109.802898083574931, -7.419746098823829 ], [ 109.802698807155664, -7.420668030516796 ], [ 109.802841933734427, -7.421364743346523 ], [ 109.802696543351701, -7.421726123431443 ], [ 109.800630308752133, -7.421394947058801 ], [ 109.800056352236766, -7.421520076181847 ], [ 109.799098660625717, -7.422096268679 ], [ 109.798668238992988, -7.422104147045442 ], [ 109.795691777319917, -7.420829935601343 ], [ 109.794608033920738, -7.420890291121818 ], [ 109.793798893895342, -7.421810560962694 ], [ 109.793024646405854, -7.422070766847809 ], [ 109.792905993154179, -7.422405089043217 ], [ 109.793069766918649, -7.422866766630506 ], [ 109.793411315129177, -7.423039492544899 ], [ 109.793362592244634, -7.423482508856925 ], [ 109.793543951018961, -7.424043696213928 ], [ 109.79329268669936, -7.424296280185718 ], [ 109.7922898978956, -7.424474394594263 ], [ 109.791841716228703, -7.424364671669363 ], [ 109.791333284394582, -7.423802594055602 ], [ 109.790921789328436, -7.422707121246625 ], [ 109.79063594635258, -7.422353705330533 ], [ 109.788150515838794, -7.422193128350226 ], [ 109.786846739828746, -7.421140519077265 ], [ 109.785096868520782, -7.420556870498427 ], [ 109.786998651269329, -7.417993689888973 ], [ 109.787333960597067, -7.417741338692621 ], [ 109.789264145404374, -7.417077402018625 ], [ 109.789647388139628, -7.416725717336488 ], [ 109.790047210982507, -7.416184195410562 ], [ 109.790050594552966, -7.414945179762301 ], [ 109.790243723105661, -7.41431258449118 ], [ 109.790803954693089, -7.413409727217914 ], [ 109.791125070168647, -7.412442925081094 ], [ 109.791894147159766, -7.411359793036589 ] ] ] } },
{ "type": "Feature", "properties": { "DESA": "Prigi" }, "geometry": { "type": "Polygon", "coordinates": [ [ [ 109.773543150509283, -7.399398898357697 ], [ 109.776303570627931, -7.400102899023485 ], [ 109.77933588303398, -7.4023178184085 ], [ 109.780273088485728, -7.403830756398837 ], [ 109.78040004634228, -7.405639859737387 ], [ 109.780481701157797, -7.406019936543485 ], [ 109.780745362918026, -7.406201498081916 ], [ 109.781504372926648, -7.406420673842344 ], [ 109.784462309511966, -7.405732346375364 ], [ 109.785815579913503, -7.405935053017354 ], [ 109.787463736278085, -7.407142310502842 ], [ 109.790663183577209, -7.408652347876746 ], [ 109.791436890772161, -7.409513620758609 ], [ 109.791894147159766, -7.411359793036589 ], [ 109.791125070168647, -7.412442925081094 ], [ 109.790803954693089, -7.413409727217914 ], [ 109.790243723105661, -7.41431258449118 ], [ 109.790050594552966, -7.414945179762301 ], [ 109.790047210982507, -7.416184195410562 ], [ 109.789264145404374, -7.417077402018625 ], [ 109.787333960597067, -7.417741338692621 ], [ 109.786998651269329, -7.417993689888973 ], [ 109.785096868520782, -7.420556870498427 ], [ 109.784546154742287, -7.421713008813864 ], [ 109.782986051054039, -7.422649284024447 ], [ 109.781598816337734, -7.423016292558545 ], [ 109.779846232479528, -7.422821600978364 ], [ 109.773529532727125, -7.419367545385271 ], [ 109.771698863363625, -7.418647995902805 ], [ 109.769249296873241, -7.417103820795868 ], [ 109.768755661358355, -7.416957692679746 ], [ 109.767560094872778, -7.417126266922697 ], [ 109.767162008630464, -7.417034743940174 ], [ 109.766971414894996, -7.416744783474107 ], [ 109.766790759780434, -7.412991161775102 ], [ 109.766483093706086, -7.411308149661629 ], [ 109.767083292460441, -7.410929962118479 ], [ 109.769903166472687, -7.411145731637722 ], [ 109.770317663124914, -7.411029332292965 ], [ 109.770304509273188, -7.410061628116518 ], [ 109.77213789735039, -7.409786300301611 ], [ 109.772441282020679, -7.409515879062676 ], [ 109.772474657652197, -7.409036657779078 ], [ 109.772905365127301, -7.408784580722305 ], [ 109.773270970370334, -7.409165440710572 ], [ 109.774020121938392, -7.409059001743727 ], [ 109.774340966463981, -7.408309222922496 ], [ 109.774948029138116, -7.407876790172354 ], [ 109.775244346644897, -7.406593377179073 ], [ 109.774826648211544, -7.406004410612892 ], [ 109.774948746724903, -7.40537162914297 ], [ 109.773505075332295, -7.404662292474979 ], [ 109.773556480380037, -7.40390272962548 ], [ 109.773967539650471, -7.403080863250445 ], [ 109.773968988555922, -7.402556343750164 ], [ 109.77434007330092, -7.402385567948446 ], [ 109.774445683381828, -7.402069299821544 ], [ 109.773921037416272, -7.401470996967358 ], [ 109.77352663049146, -7.400565535582606 ], [ 109.773430615272957, -7.400058741298129 ], [ 109.773543150509283, -7.399398898357697 ] ] ] } },
{ "type": "Feature", "properties": { "DESA": "Gembongan" }, "geometry": { "type": "Polygon", "coordinates": [ [ [ 109.75855065226402, -7.388929899043138 ], [ 109.7589789824966, -7.389229563799125 ], [ 109.76118424987618, -7.391921682183068 ], [ 109.763195688275673, -7.392949181631925 ], [ 109.764318594827103, -7.393015678123919 ], [ 109.766961215431678, -7.392805895456791 ], [ 109.767945074501426, -7.392989543529833 ], [ 109.768380090847643, -7.393225835379131 ], [ 109.768576674254319, -7.393805152511678 ], [ 109.768111728870977, -7.394744500690975 ], [ 109.76811065089899, -7.395133300840635 ], [ 109.768522684467897, -7.395414829472148 ], [ 109.771112641505653, -7.396317308958181 ], [ 109.771870428013244, -7.396970507731734 ], [ 109.772542019958578, -7.398889702386001 ], [ 109.773543150509283, -7.399398898357697 ], [ 109.773430615272957, -7.400058741298129 ], [ 109.77352663049146, -7.400565535582606 ], [ 109.773921037416272, -7.401470996967358 ], [ 109.774445683381828, -7.402069299821544 ], [ 109.77434007330092, -7.402385567948446 ], [ 109.773968988555922, -7.402556343750164 ], [ 109.773967539650471, -7.403080863250445 ], [ 109.773556480380037, -7.40390272962548 ], [ 109.773505075332295, -7.404662292474979 ], [ 109.774948746724903, -7.40537162914297 ], [ 109.774826648211544, -7.406004410612892 ], [ 109.775244346644897, -7.406593377179073 ], [ 109.774948029138116, -7.407876790172354 ], [ 109.774340966463981, -7.408309222922496 ], [ 109.774020121938392, -7.409059001743727 ], [ 109.773270970370334, -7.409165440710572 ], [ 109.772905365127301, -7.408784580722305 ], [ 109.772474657652197, -7.409036657779078 ], [ 109.772441282020679, -7.409515879062676 ], [ 109.77213789735039, -7.409786300301611 ], [ 109.770304509273188, -7.410061628116518 ], [ 109.769415811943574, -7.408711652209962 ], [ 109.768992256667346, -7.406386252454192 ], [ 109.768405872452561, -7.405181782712786 ], [ 109.764430086379832, -7.402294895725396 ], [ 109.761787399589338, -7.401410311408206 ], [ 109.760180898996254, -7.40043808826056 ], [ 109.758189852874267, -7.400097993078607 ], [ 109.758542411826284, -7.399366400831368 ], [ 109.758497758293331, -7.398317235207071 ], [ 109.756811898628044, -7.397200111414098 ], [ 109.756919161620829, -7.392958947563312 ], [ 109.759022286683376, -7.393091391244789 ], [ 109.75937337277783, -7.392884313806851 ], [ 109.759806713730981, -7.391791267491777 ], [ 109.758341916501024, -7.391289797375522 ], [ 109.757864778050106, -7.391026163481761 ], [ 109.757579082503923, -7.390636475775031 ], [ 109.757628357691075, -7.390112092370441 ], [ 109.75855065226402, -7.388929899043138 ] ] ] } },
{ "type": "Feature", "properties": { "DESA": "Kemiri" }, "geometry": { "type": "Polygon", "coordinates": [ [ [ 109.754801619156723, -7.400395961169916 ], [ 109.755223746140743, -7.400885493100054 ], [ 109.756114970014835, -7.40128591591381 ], [ 109.756593302592734, -7.401232999877372 ], [ 109.757614505009158, -7.400729412341007 ], [ 109.758189852874267, -7.400097993078607 ], [ 109.759639373945532, -7.400328078189473 ], [ 109.760180898996254, -7.40043808826056 ], [ 109.761787399589338, -7.401410311408206 ], [ 109.764430086379832, -7.402294895725396 ], [ 109.768405872452561, -7.405181782712786 ], [ 109.768707323005259, -7.405607677597685 ], [ 109.768992256667346, -7.406386252454192 ], [ 109.769415811943574, -7.408711652209962 ], [ 109.770304509273188, -7.410061628116518 ], [ 109.770317663124914, -7.411029332292965 ], [ 109.769903166472687, -7.411145731637722 ], [ 109.767083292460441, -7.410929962118479 ], [ 109.765648566248117, -7.411676644209419 ], [ 109.765267637485053, -7.412534750112979 ], [ 109.764407164376252, -7.413472900745618 ], [ 109.763838360117973, -7.413896380523061 ], [ 109.762551973263427, -7.414354030940707 ], [ 109.762111535209129, -7.414823074727247 ], [ 109.761976470298379, -7.415329135838844 ], [ 109.76141515074228, -7.415906344905999 ], [ 109.761011938264346, -7.415805760610644 ], [ 109.7610646710514, -7.414874410803753 ], [ 109.760839615369321, -7.414059831755972 ], [ 109.760434680639378, -7.414094870931165 ], [ 109.760154231750306, -7.415242681646454 ], [ 109.759819283778285, -7.415549172141875 ], [ 109.759177055267614, -7.416099116920265 ], [ 109.758016567828477, -7.416493810453217 ], [ 109.757622211303001, -7.41659216944311 ], [ 109.757543167073294, -7.416194014981697 ], [ 109.757806843057722, -7.415968614037569 ], [ 109.757369069302896, -7.414366705044379 ], [ 109.756843337275058, -7.41434715198245 ], [ 109.756267737493062, -7.415059942055227 ], [ 109.75570904006743, -7.415393019227115 ], [ 109.755245175362475, -7.416061001109729 ], [ 109.753364969413809, -7.415947140466565 ], [ 109.753042799137177, -7.415720190191085 ], [ 109.752936997069142, -7.415195374308493 ], [ 109.752621411655497, -7.411540758048794 ], [ 109.754576374950474, -7.410831835954895 ], [ 109.754904879311255, -7.410398654541816 ], [ 109.754960896202277, -7.409711447286956 ], [ 109.755582249039477, -7.408239086598178 ], [ 109.755768359296638, -7.407380446778467 ], [ 109.75575308403134, -7.405155647584788 ], [ 109.754846540681584, -7.404248744050855 ], [ 109.75483815880078, -7.403109171752098 ], [ 109.755188860935419, -7.402323417453925 ], [ 109.754597151847108, -7.401408352175524 ], [ 109.754801619156723, -7.400395961169916 ] ] ] } },
{ "type": "Feature", "properties": { "DESA": "Karangmangu" }, "geometry": { "type": "Polygon", "coordinates": [ [ [ 109.751186937686299, -7.397220554976808 ], [ 109.751456265538465, -7.397691577488828 ], [ 109.751901604261633, -7.398000339061704 ], [ 109.752872905192064, -7.398319614293515 ], [ 109.753316500002668, -7.399143757132131 ], [ 109.754801619156723, -7.400395961169916 ], [ 109.754597151847108, -7.401408352175524 ], [ 109.755188860935419, -7.402323417453925 ], [ 109.75483815880078, -7.403109171752098 ], [ 109.754846540681584, -7.404248744050855 ], [ 109.75575308403134, -7.405155647584788 ], [ 109.755809104154451, -7.406783705659476 ], [ 109.755582249039477, -7.408239086598178 ], [ 109.754960896202277, -7.409711447286956 ], [ 109.754904879311255, -7.410398654541816 ], [ 109.754576374950474, -7.410831835954895 ], [ 109.752621411655497, -7.411540758048794 ], [ 109.753042799137177, -7.415720190191085 ], [ 109.751250353908461, -7.418238293318486 ], [ 109.750000572825414, -7.415856318058593 ], [ 109.745792542739864, -7.410635276575391 ], [ 109.747183797730813, -7.410051384914403 ], [ 109.748035251785694, -7.408796691430479 ], [ 109.74882159776034, -7.408057379539178 ], [ 109.749419831372151, -7.407742505065148 ], [ 109.750581120763584, -7.406551968160374 ], [ 109.75089919102804, -7.405313853037327 ], [ 109.750610485550155, -7.403260176543787 ], [ 109.750707378133242, -7.39872052391584 ], [ 109.751186937686299, -7.397220554976808 ] ] ] } },
{ "type": "Feature", "properties": { "DESA": "Wanacipta" }, "geometry": { "type": "Polygon", "coordinates": [ [ [ 109.751186937686299, -7.397220554976808 ], [ 109.751381307629146, -7.396054516542637 ], [ 109.752468000399745, -7.394918010610231 ], [ 109.752980258702081, -7.394060283874118 ], [ 109.755776079694002, -7.391481569730901 ], [ 109.756158555934604, -7.391482636405303 ], [ 109.756476479656811, -7.391700618722134 ], [ 109.756919161620829, -7.392958947563312 ], [ 109.756811898628044, -7.397200111414098 ], [ 109.758497758293331, -7.398317235207071 ], [ 109.758542411826284, -7.399366400831368 ], [ 109.758189852874267, -7.400097993078607 ], [ 109.757614505009158, -7.400729412341007 ], [ 109.756593302592734, -7.401232999877372 ], [ 109.755701038922837, -7.401203382958218 ], [ 109.753316500002668, -7.399143757132131 ], [ 109.752872905192064, -7.398319614293515 ], [ 109.751901604261633, -7.398000339061704 ], [ 109.751456265538465, -7.397691577488828 ], [ 109.751186937686299, -7.397220554976808 ] ] ] } },
{ "type": "Feature", "properties": { "DESA": "Sigaluh" }, "geometry": { "type": "Polygon", "coordinates": [ [ [ 109.750603393205495, -7.390589868749301 ], [ 109.751412313886973, -7.390655426604464 ], [ 109.753612464053404, -7.389214605730656 ], [ 109.755001148034097, -7.388693962437584 ], [ 109.758055758716949, -7.38873864196313 ], [ 109.75855065226402, -7.388929899043138 ], [ 109.757628357691075, -7.390112092370441 ], [ 109.757579082503923, -7.390636475775031 ], [ 109.757864778050106, -7.391026163481761 ], [ 109.758341916501024, -7.391289797375522 ], [ 109.759806713730981, -7.391791267491777 ], [ 109.75937337277783, -7.392884313806851 ], [ 109.759022286683376, -7.393091391244789 ], [ 109.758145799488204, -7.393088951465309 ], [ 109.756919161620829, -7.392958947563312 ], [ 109.756476479656811, -7.391700618722134 ], [ 109.756158555934604, -7.391482636405303 ], [ 109.755776079694002, -7.391481569730901 ], [ 109.753810711488399, -7.393429583025697 ], [ 109.75341191505288, -7.39360026425596 ], [ 109.752468000399745, -7.394918010610231 ], [ 109.751653373697238, -7.395657345417024 ], [ 109.751220442317248, -7.396569543334902 ], [ 109.751186937686299, -7.397220554976808 ], [ 109.750502884027696, -7.396739328200198 ], [ 109.750441985859524, -7.39573532865127 ], [ 109.750000182031883, -7.395498911022527 ], [ 109.749359950077647, -7.39473750796251 ], [ 109.749674641639473, -7.392359835575575 ], [ 109.749474009452442, -7.391635832894153 ], [ 109.749524350039522, -7.390948610853497 ], [ 109.750288365312187, -7.391176889125989 ], [ 109.750603393205495, -7.390589868749301 ] ] ] } },
{ "type": "Feature", "properties": { "DESA": "Singometro" }, "geometry": { "type": "Polygon", "coordinates": [ [ [ 109.734986916068294, -7.388411537883814 ], [ 109.736792116831836, -7.388769373370465 ], [ 109.737957460976617, -7.388745545258577 ], [ 109.740476884697657, -7.386627378292355 ], [ 109.741131748746454, -7.38651168169808 ], [ 109.741576709688474, -7.386630480411988 ], [ 109.741851115713658, -7.386911641695335 ], [ 109.743154258618461, -7.388904972786566 ], [ 109.744069203017034, -7.389621945895215 ], [ 109.745586158522997, -7.390186899067002 ], [ 109.748347418272246, -7.390547377570497 ], [ 109.749524350039522, -7.390948610853497 ], [ 109.749474009452442, -7.391635832894153 ], [ 109.749674641639473, -7.392359835575575 ], [ 109.749359950077647, -7.39473750796251 ], [ 109.750000182031883, -7.395498911022527 ], [ 109.750441985859524, -7.39573532865127 ], [ 109.750502884027696, -7.396739328200198 ], [ 109.751186937686299, -7.397220554976808 ], [ 109.750707378133242, -7.39872052391584 ], [ 109.750610485550155, -7.403260176543787 ], [ 109.75089919102804, -7.405313853037327 ], [ 109.750581120763584, -7.406551968160374 ], [ 109.749419831372151, -7.407742505065148 ], [ 109.74882159776034, -7.408057379539178 ], [ 109.748035251785694, -7.408796691430479 ], [ 109.747183797730813, -7.410051384914403 ], [ 109.745792542739864, -7.410635276575391 ], [ 109.744238719102071, -7.40876791159898 ], [ 109.741409477583034, -7.406291045422491 ], [ 109.73401412128699, -7.401241742562045 ], [ 109.734416563514472, -7.400320439737298 ], [ 109.734540976798485, -7.399470681303862 ], [ 109.735025737462777, -7.394063963292154 ], [ 109.735014171892999, -7.391775897124272 ], [ 109.734811688938848, -7.38979480186294 ], [ 109.734986916068294, -7.388411537883814 ] ] ] } },
{ "type": "Feature", "properties": { "DESA": "Kalibenda" }, "geometry": { "type": "Polygon", "coordinates": [ [ [ 109.72557675285482, -7.387154898418122 ], [ 109.727491997473933, -7.385858072600285 ], [ 109.72871040461456, -7.385481697919956 ], [ 109.734986916068294, -7.388411537883814 ], [ 109.734811688938848, -7.38979480186294 ], [ 109.735014171892999, -7.391775897124272 ], [ 109.735025737462777, -7.394063963292154 ], [ 109.734540976798485, -7.399470681303862 ], [ 109.734416563514472, -7.400320439737298 ], [ 109.73401412128699, -7.401241742562045 ], [ 109.731726855304132, -7.399770192504757 ], [ 109.730472328451995, -7.398003106190511 ], [ 109.729777633442183, -7.397386193756034 ], [ 109.728685015503245, -7.395248761677841 ], [ 109.728078816842455, -7.391720007606806 ], [ 109.727306057489031, -7.39008991815269 ], [ 109.725650978494514, -7.387842377070586 ], [ 109.725491301305269, -7.387543541926174 ], [ 109.72557675285482, -7.387154898418122 ] ] ] } },
{ "type": "Feature", "properties": { "DESA": "Rejasa" }, "geometry": { "type": "Polygon", "coordinates": [ [ [ 109.684512726890503, -7.381627763438943 ], [ 109.686149670737137, -7.383025268298037 ], [ 109.686167981136066, -7.383730661906956 ], [ 109.686509441078812, -7.383803999751814 ], [ 109.689583422998581, -7.383089607703991 ], [ 109.691364002816016, -7.383610295183109 ], [ 109.69174576746218, -7.383466747012737 ], [ 109.692652113218927, -7.382546969199264 ], [ 109.693500074696843, -7.382124401137652 ], [ 109.697448746104513, -7.382108809744443 ], [ 109.697725795206111, -7.383032051778441 ], [ 109.69814711337645, -7.383385906534427 ], [ 109.698018507385129, -7.383810581868057 ], [ 109.697667575348007, -7.384062816425916 ], [ 109.697620061122549, -7.38452389484062 ], [ 109.698132024970434, -7.384968521645988 ], [ 109.698389719911816, -7.385511865446319 ], [ 109.698460626766476, -7.386425464724183 ], [ 109.698119123540735, -7.386569226408532 ], [ 109.696894438650759, -7.386457061944901 ], [ 109.696631151007779, -7.386854218153441 ], [ 109.69685233807833, -7.38741553944184 ], [ 109.697694351798646, -7.388439980184224 ], [ 109.697816413471017, -7.389001012005605 ], [ 109.697631995970823, -7.389326065250842 ], [ 109.697173444583655, -7.389415143514093 ], [ 109.696650289275084, -7.389296073636426 ], [ 109.693891592697938, -7.38802189996037 ], [ 109.693551080234386, -7.388183653518866 ], [ 109.692879640448453, -7.389312168520668 ], [ 109.692105395090692, -7.389988115844813 ], [ 109.689446163744577, -7.390378236144488 ], [ 109.688386439301411, -7.390130996920006 ], [ 109.685143801132241, -7.38880109968029 ], [ 109.684619295620081, -7.388862845392698 ], [ 109.684290514855931, -7.389476798633388 ], [ 109.683853166318471, -7.391184741730492 ], [ 109.68204682381608, -7.392671550388019 ], [ 109.680530038786443, -7.390550961322151 ], [ 109.680371914092859, -7.388506631989075 ], [ 109.680781898682298, -7.386482065366259 ], [ 109.681522046051214, -7.383753134222223 ], [ 109.681898372571169, -7.382949448642965 ], [ 109.682497814687977, -7.382426621316334 ], [ 109.684024009196563, -7.381942781554656 ], [ 109.684512726890503, -7.381627763438943 ] ] ] } },
{ "type": "Feature", "properties": { "DESA": "Kenteng" }, "geometry": { "type": "Polygon", "coordinates": [ [ [ 109.704362036044188, -7.376549000074539 ], [ 109.704959789263299, -7.377572628360824 ], [ 109.706558835985149, -7.378409279510524 ], [ 109.708677608197831, -7.379157010976463 ], [ 109.710186212174747, -7.379450704378053 ], [ 109.711167587883025, -7.378892857743408 ], [ 109.710729523021854, -7.380501386219626 ], [ 109.710440109347104, -7.382779522257123 ], [ 109.710341540277938, -7.38426235460302 ], [ 109.710483587423823, -7.386541735959265 ], [ 109.707146378536081, -7.386061821985714 ], [ 109.70479290644856, -7.385096396095297 ], [ 109.703366702183274, -7.384694330160327 ], [ 109.702659414578449, -7.38472844234564 ], [ 109.702344735048982, -7.384998869673135 ], [ 109.702369903820184, -7.385487285800469 ], [ 109.703793640597652, -7.386531400459751 ], [ 109.704080753076525, -7.386903035042877 ], [ 109.704065787499772, -7.387373251403534 ], [ 109.703528469107155, -7.387679199680226 ], [ 109.700947021047966, -7.387427476572244 ], [ 109.69889651925125, -7.386752327185569 ], [ 109.698460626766476, -7.386425464724183 ], [ 109.698389719911816, -7.385511865446319 ], [ 109.698132024970434, -7.384968521645988 ], [ 109.697620061122549, -7.38452389484062 ], [ 109.697667575348007, -7.384062816425916 ], [ 109.698018507385129, -7.383810581868057 ], [ 109.69814711337645, -7.383385906534427 ], [ 109.697725795206111, -7.383032051778441 ], [ 109.697448746104513, -7.382108809744443 ], [ 109.698157360168949, -7.381134100913783 ], [ 109.698162544536089, -7.380229765083604 ], [ 109.699489970728024, -7.379175570989751 ], [ 109.699944720159806, -7.377775158420556 ], [ 109.700797737699773, -7.377560547727303 ], [ 109.701552156788225, -7.37777983190904 ], [ 109.701713426534241, -7.377499916898425 ], [ 109.701664239759154, -7.377101848142821 ], [ 109.702377834100616, -7.37741142943831 ], [ 109.703587554037824, -7.377396856936251 ], [ 109.704362036044188, -7.376549000074539 ] ] ] } },
{ "type": "Feature", "properties": { "DESA": "Bantarwaru" }, "geometry": { "type": "Polygon", "coordinates": [ [ [ 109.717141739276101, -7.365823987028503 ], [ 109.717469361053787, -7.365408913919703 ], [ 109.718436251150095, -7.366135115867015 ], [ 109.718807589497274, -7.365973426995414 ], [ 109.719024348897733, -7.36480738665203 ], [ 109.719777723142258, -7.365180345334266 ], [ 109.720661772418254, -7.364215221038632 ], [ 109.721016355083989, -7.36424335954685 ], [ 109.721220260386829, -7.364614745728227 ], [ 109.722156883447695, -7.364852597267358 ], [ 109.722479037493855, -7.36407574187696 ], [ 109.722908192262423, -7.364565313534206 ], [ 109.723205169958874, -7.365642314932722 ], [ 109.723054493831015, -7.367342103770924 ], [ 109.722621651981228, -7.369312430826809 ], [ 109.722430876445259, -7.372386636762641 ], [ 109.721909756926692, -7.375414778876642 ], [ 109.721415749050252, -7.37690562206817 ], [ 109.721166783044765, -7.378333782535167 ], [ 109.720623812640554, -7.383550419590817 ], [ 109.720806514897632, -7.384283417467298 ], [ 109.720125346864677, -7.384299548963697 ], [ 109.716585682407029, -7.385998643347174 ], [ 109.712999191624348, -7.385852691188199 ], [ 109.71112522186516, -7.386480296957263 ], [ 109.710483587423823, -7.386541735959265 ], [ 109.710378929227431, -7.383475740600032 ], [ 109.710949580057218, -7.379498206662851 ], [ 109.711167587883025, -7.378892857743408 ], [ 109.71276797183647, -7.377025466715245 ], [ 109.713353106626386, -7.375960043680344 ], [ 109.715028767421074, -7.370439171669251 ], [ 109.715876285466294, -7.368886150366523 ], [ 109.716714133360483, -7.367758061829904 ], [ 109.717141739276101, -7.365823987028503 ] ] ] } },
{ "type": "Feature", "properties": { "DESA": "Dawuhan" }, "geometry": { "type": "Polygon", "coordinates": [ [ [ 109.723187225548571, -7.366483331347555 ], [ 109.724176803369772, -7.366594654988009 ], [ 109.7274107731985, -7.366124556300512 ], [ 109.728198867185483, -7.365746949968806 ], [ 109.728732703854206, -7.364970780225588 ], [ 109.729832590555404, -7.368708895677296 ], [ 109.730068151221161, -7.370400745491055 ], [ 109.730018040693722, -7.371576310380773 ], [ 109.730368748658123, -7.372888640580163 ], [ 109.730120204656984, -7.373891757024234 ], [ 109.730184825009388, -7.376143804245348 ], [ 109.729908129054166, -7.377770905918808 ], [ 109.729544030064275, -7.378167710605188 ], [ 109.729703583598678, -7.380212065448326 ], [ 109.728819797150067, -7.381077745805496 ], [ 109.728535798808238, -7.381700912510157 ], [ 109.728637279677514, -7.382053922225836 ], [ 109.727758750301291, -7.382358932248192 ], [ 109.727553296675751, -7.38262960098334 ], [ 109.72723642699701, -7.383252763106625 ], [ 109.727041282228896, -7.38467204064058 ], [ 109.72643074752196, -7.38542999127389 ], [ 109.725846914542828, -7.386540646901649 ], [ 109.726002594486687, -7.386957104252468 ], [ 109.7247508593655, -7.387387625963703 ], [ 109.723926188585594, -7.387376227065578 ], [ 109.723076248746125, -7.386903532914753 ], [ 109.721354797655735, -7.384628666004452 ], [ 109.720806514897632, -7.384283417467298 ], [ 109.720623812640554, -7.383550419590817 ], [ 109.721274137609385, -7.377601524579068 ], [ 109.721909756926692, -7.375414778876642 ], [ 109.722430876445259, -7.372386636762641 ], [ 109.722621651981228, -7.369312430826809 ], [ 109.723187225548571, -7.366483331347555 ] ] ] } },
{ "type": "Feature", "properties": { "DESA": "Pagelak" }, "geometry": { "type": "Polygon", "coordinates": [ [ [ 109.728732703854206, -7.364970780225588 ], [ 109.729311066114562, -7.364375481766796 ], [ 109.729663548564503, -7.364249896700761 ], [ 109.730448878579736, -7.364631971259707 ], [ 109.73084366784326, -7.364470337943008 ], [ 109.731521904197706, -7.363793942741782 ], [ 109.731847004267308, -7.363867198308919 ], [ 109.73232562733223, -7.364275526336512 ], [ 109.73311011556217, -7.363771314273435 ], [ 109.733699414627608, -7.36361022849387 ], [ 109.735443509997154, -7.364013089179549 ], [ 109.735949045174422, -7.364520950134634 ], [ 109.735683504935508, -7.370814583391089 ], [ 109.735417941661453, -7.373608301427653 ], [ 109.735105183191521, -7.37500012993602 ], [ 109.735132284849854, -7.376031246525247 ], [ 109.735561738335804, -7.376819191332522 ], [ 109.737071155858018, -7.378125754772238 ], [ 109.737241195201165, -7.379356196288422 ], [ 109.736797992621163, -7.382411716211783 ], [ 109.734986916068294, -7.388411537883814 ], [ 109.72871040461456, -7.385481697919956 ], [ 109.727491997473933, -7.385858072600285 ], [ 109.726002594486687, -7.386957104252468 ], [ 109.725846914542828, -7.386540646901649 ], [ 109.72643074752196, -7.38542999127389 ], [ 109.727041282228896, -7.38467204064058 ], [ 109.72723642699701, -7.383252763106625 ], [ 109.727553296675751, -7.38262960098334 ], [ 109.727758750301291, -7.382358932248192 ], [ 109.728637279677514, -7.382053922225836 ], [ 109.728535798808238, -7.381700912510157 ], [ 109.728819797150067, -7.381077745805496 ], [ 109.729703583598678, -7.380212065448326 ], [ 109.729544030064275, -7.378167710605188 ], [ 109.729908129054166, -7.377770905918808 ], [ 109.730184825009388, -7.376143804245348 ], [ 109.730120204656984, -7.373891757024234 ], [ 109.730368748658123, -7.372888640580163 ], [ 109.730018040693722, -7.371576310380773 ], [ 109.730068151221161, -7.370400745491055 ], [ 109.729832590555404, -7.368708895677296 ], [ 109.728732703854206, -7.364970780225588 ] ] ] } },
{ "type": "Feature", "properties": { "DESA": "Kotayasa Lor" }, "geometry": { "type": "Polygon", "coordinates": [ [ [ 109.749885801254621, -7.380992529191985 ], [ 109.7501885458164, -7.380839573993401 ], [ 109.751482924522008, -7.381440138764921 ], [ 109.752843644807442, -7.383505852154512 ], [ 109.75334660956554, -7.383959441453623 ], [ 109.753064008799143, -7.384600807190383 ], [ 109.753094845628624, -7.385405802103773 ], [ 109.75289493929013, -7.386020182388408 ], [ 109.751236252930667, -7.388629191215628 ], [ 109.750288365312187, -7.391176889125989 ], [ 109.748347418272246, -7.390547377570497 ], [ 109.746030678257043, -7.390278657718094 ], [ 109.744500265855791, -7.389849295896214 ], [ 109.743154258618461, -7.388904972786566 ], [ 109.741851115713658, -7.386911641695335 ], [ 109.741576709688474, -7.386630480411988 ], [ 109.741131748746454, -7.38651168169808 ], [ 109.740476884697657, -7.386627378292355 ], [ 109.737957460976617, -7.388745545258577 ], [ 109.736792116831836, -7.388769373370465 ], [ 109.734986916068294, -7.388411537883814 ], [ 109.736797992621163, -7.382411716211783 ], [ 109.737537492637458, -7.383110209423928 ], [ 109.738594759998151, -7.383339243107318 ], [ 109.739444704845639, -7.383314517678099 ], [ 109.739674350742419, -7.381198922507723 ], [ 109.739913913286784, -7.380566578856461 ], [ 109.742165646833939, -7.381296363419884 ], [ 109.742217488773164, -7.381983870985613 ], [ 109.743554434221139, -7.381526408940213 ], [ 109.744993178096252, -7.381313358707859 ], [ 109.745808652975001, -7.381379032662994 ], [ 109.746515950623134, -7.381236257833565 ], [ 109.746921083332239, -7.381517782875624 ], [ 109.748607474986642, -7.381034159188764 ], [ 109.749885801254621, -7.380992529191985 ] ] ] } },
{ "type": "Feature", "properties": { "DESA": "Pekauman" }, "geometry": { "type": "Polygon", "coordinates": [ [ [ 109.735949045174422, -7.364520950134634 ], [ 109.736362620709187, -7.364820498410756 ], [ 109.737028874201613, -7.364786211278201 ], [ 109.737297412079528, -7.364126823959422 ], [ 109.737981984931196, -7.363504686165209 ], [ 109.738193060863395, -7.363749501320235 ], [ 109.741651641528989, -7.364916864351268 ], [ 109.74053702895425, -7.365646210196549 ], [ 109.740148865903663, -7.366477148926619 ], [ 109.740416091967063, -7.368476602306493 ], [ 109.741183282953457, -7.371083267148622 ], [ 109.741540218773594, -7.373191475469906 ], [ 109.741373461299375, -7.374999738180696 ], [ 109.741001828348544, -7.376083984987298 ], [ 109.740897309479863, -7.378308437561541 ], [ 109.742048754965055, -7.377986083439466 ], [ 109.743949503072074, -7.378172267268492 ], [ 109.744948371430951, -7.378446420119331 ], [ 109.744768872297115, -7.380643540307874 ], [ 109.74456192363418, -7.381447865125122 ], [ 109.743554434221139, -7.381526408940213 ], [ 109.742217488773164, -7.381983870985613 ], [ 109.742165646833939, -7.381296363419884 ], [ 109.739913913286784, -7.380566578856461 ], [ 109.739674350742419, -7.381198922507723 ], [ 109.739444704845639, -7.383314517678099 ], [ 109.738594759998151, -7.383339243107318 ], [ 109.737537492637458, -7.383110209423928 ], [ 109.736797992621163, -7.382411716211783 ], [ 109.737133848076411, -7.380594895576595 ], [ 109.73726019248528, -7.378768440213579 ], [ 109.737071155858018, -7.378125754772238 ], [ 109.735561738335804, -7.376819191332522 ], [ 109.735132284849854, -7.376031246525247 ], [ 109.735105183191521, -7.37500012993602 ], [ 109.735417941661453, -7.373608301427653 ], [ 109.735683504935508, -7.370814583391089 ], [ 109.735949045174422, -7.364520950134634 ] ] ] } },
{ "type": "Feature", "properties": { "DESA": "Talunamba" }, "geometry": { "type": "Polygon", "coordinates": [ [ [ 109.768905896985032, -7.353543188978241 ], [ 109.769651167818523, -7.353997422999161 ], [ 109.769553912623536, -7.354566889568857 ], [ 109.769760149443712, -7.355218657158329 ], [ 109.769661449595574, -7.356014168569483 ], [ 109.768153536212381, -7.357827819706926 ], [ 109.766989737865558, -7.359995137135461 ], [ 109.766921656688538, -7.360763695685782 ], [ 109.767223343810301, -7.362636570042634 ], [ 109.766989626311812, -7.363929195458742 ], [ 109.76389618068329, -7.368144150880575 ], [ 109.763447104434761, -7.370023992712976 ], [ 109.762766669980238, -7.371206874739812 ], [ 109.760815681853344, -7.372892583598396 ], [ 109.759921913823831, -7.37422858050312 ], [ 109.759320713459402, -7.374796733868043 ], [ 109.757633331178809, -7.375967676465048 ], [ 109.752787047365644, -7.37885725967801 ], [ 109.75254988543179, -7.379145938022114 ], [ 109.751865372441131, -7.379343038255097 ], [ 109.7501885458164, -7.380839573993401 ], [ 109.749885801254621, -7.380992529191985 ], [ 109.748607474986642, -7.381034159188764 ], [ 109.746921083332239, -7.381517782875624 ], [ 109.746515950623134, -7.381236257833565 ], [ 109.74728270365425, -7.380777183130252 ], [ 109.747505082402014, -7.380434125223763 ], [ 109.747576330031066, -7.379457622117501 ], [ 109.748015415826828, -7.379060919953471 ], [ 109.748305038470363, -7.37844679359132 ], [ 109.748173743605236, -7.377533015742729 ], [ 109.748523679098895, -7.376801423133833 ], [ 109.748550720913627, -7.376349314676838 ], [ 109.747844846316639, -7.375271174021071 ], [ 109.748014653675355, -7.375000302993763 ], [ 109.747780797570755, -7.371879568618252 ], [ 109.746832811233503, -7.368123813113823 ], [ 109.746675228208034, -7.366278468093435 ], [ 109.747012528743682, -7.365121781372638 ], [ 109.747786907723281, -7.363957274891892 ], [ 109.749563330262745, -7.362641853734953 ], [ 109.75000038379261, -7.362136638003388 ], [ 109.750346623409072, -7.361224192938318 ], [ 109.752419999239962, -7.359276562529449 ], [ 109.755094344899874, -7.358678013955409 ], [ 109.756968617055378, -7.357778846226728 ], [ 109.757890481932577, -7.357528229131079 ], [ 109.761342928452905, -7.357040389865433 ], [ 109.762767902310358, -7.35656501373628 ], [ 109.768905896985032, -7.353543188978241 ] ] ] } },
{ "type": "Feature", "properties": { "DESA": "Penawangan" }, "geometry": { "type": "Polygon", "coordinates": [ [ [ 109.757633331178809, -7.375967676465048 ], [ 109.758982118132565, -7.37500375801293 ], [ 109.758290539507229, -7.376720161821349 ], [ 109.757633874419113, -7.376790672222576 ], [ 109.757347878865275, -7.377314398018259 ], [ 109.759220975275383, -7.377563824331332 ], [ 109.760004217087044, -7.378823095410507 ], [ 109.761954464475878, -7.379054551373688 ], [ 109.761421349231028, -7.38089798656617 ], [ 109.760840578005499, -7.3816379936751 ], [ 109.760237063742125, -7.381826199082281 ], [ 109.759135171515069, -7.38267325937866 ], [ 109.756978463002525, -7.382459297990486 ], [ 109.755971713516956, -7.382592123263877 ], [ 109.75559513358472, -7.38230173342626 ], [ 109.755190456465868, -7.382255305791343 ], [ 109.75256269741763, -7.382944380049451 ], [ 109.751482924522008, -7.381440138764921 ], [ 109.7501885458164, -7.380839573993401 ], [ 109.751865372441131, -7.379343038255097 ], [ 109.75254988543179, -7.379145938022114 ], [ 109.752787047365644, -7.37885725967801 ], [ 109.757633331178809, -7.375967676465048 ] ] ] } },
{ "type": "Feature", "properties": { "DESA": "Limbangan" }, "geometry": { "type": "Polygon", "coordinates": [ [ [ 109.769661449595574, -7.356014168569483 ], [ 109.769890370205161, -7.356349439665076 ], [ 109.771040479990859, -7.357220803807405 ], [ 109.772862977761221, -7.359794258425753 ], [ 109.773236468839073, -7.360392141440856 ], [ 109.774037815025324, -7.362573901288361 ], [ 109.774672752489863, -7.363091121740772 ], [ 109.775950867534149, -7.363519680676469 ], [ 109.776699625433238, -7.364154846063679 ], [ 109.776238363495423, -7.364207837276978 ], [ 109.775576134906544, -7.363916593128858 ], [ 109.774870760690149, -7.364186012897361 ], [ 109.773676565842223, -7.365783442047137 ], [ 109.77260987182396, -7.366811572833559 ], [ 109.772603898357559, -7.368981988154973 ], [ 109.772015243662835, -7.369939091455079 ], [ 109.771280500915822, -7.370371178132176 ], [ 109.770547327561218, -7.370369163626078 ], [ 109.769576260790373, -7.370601584255939 ], [ 109.768516667483468, -7.371593462996685 ], [ 109.768256209113247, -7.372207778692127 ], [ 109.767862068973201, -7.374404336643162 ], [ 109.767023937927846, -7.376075055650244 ], [ 109.76660678713364, -7.377674688978415 ], [ 109.764720197850636, -7.379216009517441 ], [ 109.764520185453222, -7.379875607598984 ], [ 109.764696388605458, -7.381766219336344 ], [ 109.764513056998979, -7.382444037560233 ], [ 109.763355122010822, -7.383164276950395 ], [ 109.761523687607053, -7.382670847615512 ], [ 109.761192605011288, -7.38291415146821 ], [ 109.761700502890989, -7.384443915203109 ], [ 109.761699219264983, -7.384905139774614 ], [ 109.761151527114848, -7.385889460227039 ], [ 109.760870095035557, -7.386087601191052 ], [ 109.760308661996447, -7.386104126184231 ], [ 109.758874420215037, -7.385313314100102 ], [ 109.758445113081606, -7.38525786895826 ], [ 109.755867917442131, -7.385784256590304 ], [ 109.754946911293246, -7.384398007879827 ], [ 109.754386595370235, -7.384016595193559 ], [ 109.75334660956554, -7.383959441453623 ], [ 109.752843644807442, -7.383505852154512 ], [ 109.75256269741763, -7.382944380049451 ], [ 109.755190456465868, -7.382255305791343 ], [ 109.75559513358472, -7.38230173342626 ], [ 109.755971713516956, -7.382592123263877 ], [ 109.756978463002525, -7.382459297990486 ], [ 109.759135171515069, -7.38267325937866 ], [ 109.761239989722483, -7.381268292631716 ], [ 109.761954464475878, -7.379054551373688 ], [ 109.760004217087044, -7.378823095410507 ], [ 109.759220975275383, -7.377563824331332 ], [ 109.757347878865275, -7.377314398018259 ], [ 109.757633874419113, -7.376790672222576 ], [ 109.758290539507229, -7.376720161821349 ], [ 109.758982118132565, -7.37500375801293 ], [ 109.759921913823831, -7.37422858050312 ], [ 109.760815681853344, -7.372892583598396 ], [ 109.762350785310772, -7.371621652601904 ], [ 109.763201331732901, -7.370647296617785 ], [ 109.76389618068329, -7.368144150880575 ], [ 109.766989626311812, -7.363929195458742 ], [ 109.767223343810301, -7.362636570042634 ], [ 109.766921656688538, -7.360763695685782 ], [ 109.767133185055698, -7.359606637980252 ], [ 109.768153536212381, -7.357827819706926 ], [ 109.769661449595574, -7.356014168569483 ] ] ] } },
{ "type": "Feature", "properties": { "DESA": "Clapar" }, "geometry": { "type": "Polygon", "coordinates": [ [ [ 109.748549474740599, -7.33819383268734 ], [ 109.750000560803713, -7.337682394244777 ], [ 109.75069081604569, -7.337946619650965 ], [ 109.75313802068186, -7.339445603918135 ], [ 109.75517024344731, -7.340057139193884 ], [ 109.756618908695202, -7.3398803137547 ], [ 109.759402295177452, -7.338703247068576 ], [ 109.760624829312334, -7.338833299171693 ], [ 109.760879208067436, -7.339060049217564 ], [ 109.76112753125831, -7.339666724414302 ], [ 109.760986974214603, -7.340227026824813 ], [ 109.761076943080553, -7.341077397350296 ], [ 109.762050505199852, -7.343078711214611 ], [ 109.763465096184859, -7.345235042842975 ], [ 109.76392962518004, -7.347479175156663 ], [ 109.764922790507427, -7.348368201141025 ], [ 109.765637418381885, -7.349446430380133 ], [ 109.766889088433913, -7.350399458191219 ], [ 109.767436608164871, -7.350590844090413 ], [ 109.767791460613395, -7.351360565664866 ], [ 109.767821310859517, -7.35223789756027 ], [ 109.76846105728707, -7.352764178650555 ], [ 109.768905896985032, -7.353543188978241 ], [ 109.762767902310358, -7.35656501373628 ], [ 109.761342928452905, -7.357040389865433 ], [ 109.757890481932577, -7.357528229131079 ], [ 109.756968617055378, -7.357778846226728 ], [ 109.755094344899874, -7.358678013955409 ], [ 109.752419999239962, -7.359276562529449 ], [ 109.750346623409072, -7.361224192938318 ], [ 109.75000038379261, -7.362136638003388 ], [ 109.749563330262745, -7.362641853734953 ], [ 109.747786907723281, -7.363957274891892 ], [ 109.746805709805344, -7.36567284711426 ], [ 109.742246999268133, -7.365017997981741 ], [ 109.743213967099322, -7.364116346870223 ], [ 109.743650778835189, -7.363222247567947 ], [ 109.743914315475763, -7.361522754666412 ], [ 109.744205798739884, -7.360854293150674 ], [ 109.746171224850983, -7.358146694945749 ], [ 109.750003054963827, -7.355525669902155 ], [ 109.751721590014995, -7.354942645924661 ], [ 109.753742237508348, -7.35311240097528 ], [ 109.75341305417534, -7.352387952947201 ], [ 109.753335592916457, -7.351745672226741 ], [ 109.752048604991941, -7.351280865314584 ], [ 109.750467638498137, -7.350354009285771 ], [ 109.749886861107299, -7.34969215209328 ], [ 109.748685896610183, -7.347825813139259 ], [ 109.747627140816348, -7.345299631000194 ], [ 109.747373638079068, -7.344548356814806 ], [ 109.747243649857054, -7.342847758289423 ], [ 109.748549474740599, -7.33819383268734 ] ] ] } },
{ "type": "Feature", "properties": { "DESA": "Madukara" }, "geometry": { "type": "Polygon", "coordinates": [ [ [ 109.741651641528989, -7.364916864351268 ], [ 109.746805709805344, -7.36567284711426 ], [ 109.746675228208034, -7.366278468093435 ], [ 109.746832811233503, -7.368123813113823 ], [ 109.747780797570755, -7.371879568618252 ], [ 109.748014653675355, -7.375000302993763 ], [ 109.747844846316639, -7.375271174021071 ], [ 109.748550720913627, -7.376349314676838 ], [ 109.748523679098895, -7.376801423133833 ], [ 109.748173743605236, -7.377533015742729 ], [ 109.748305038470363, -7.37844679359132 ], [ 109.748015415826828, -7.379060919953471 ], [ 109.747576330031066, -7.379457622117501 ], [ 109.747505082402014, -7.380434125223763 ], [ 109.74728270365425, -7.380777183130252 ], [ 109.746515950623134, -7.381236257833565 ], [ 109.74456192363418, -7.381447865125122 ], [ 109.744768872297115, -7.380643540307874 ], [ 109.744948371430951, -7.378446420119331 ], [ 109.743949503072074, -7.378172267268492 ], [ 109.742048754965055, -7.377986083439466 ], [ 109.740897309479863, -7.378308437561541 ], [ 109.741001828348544, -7.376083984987298 ], [ 109.741373461299375, -7.374999738180696 ], [ 109.741540218773594, -7.373191475469906 ], [ 109.741183282953457, -7.371083267148622 ], [ 109.740416091967063, -7.368476602306493 ], [ 109.740148865903663, -7.366477148926619 ], [ 109.74053702895425, -7.365646210196549 ], [ 109.741651641528989, -7.364916864351268 ] ] ] } },
{ "type": "Feature", "properties": { "DESA": "Karangannyar" }, "geometry": { "type": "Polygon", "coordinates": [ [ [ 109.721704531853533, -7.361378535347008 ], [ 109.722282089346663, -7.361561019328238 ], [ 109.722607156888074, -7.361435361549154 ], [ 109.72240643048255, -7.360449052757423 ], [ 109.722588782145507, -7.360051643528745 ], [ 109.723723192459872, -7.359114349441298 ], [ 109.726609001996948, -7.358100566070863 ], [ 109.726596906563259, -7.357286588133137 ], [ 109.726913532108398, -7.357133777054671 ], [ 109.727817593309837, -7.357470982104034 ], [ 109.728359266566855, -7.356640491921294 ], [ 109.730302440184815, -7.355108620843483 ], [ 109.732029870327054, -7.354290523690227 ], [ 109.732327911567296, -7.353920561213579 ], [ 109.738007875066387, -7.357834436855707 ], [ 109.738605884494248, -7.359002700085745 ], [ 109.738626208007162, -7.362014325579657 ], [ 109.738433600969415, -7.362872939268336 ], [ 109.737297412079528, -7.364126823959422 ], [ 109.737028874201613, -7.364786211278201 ], [ 109.736362620709187, -7.364820498410756 ], [ 109.735443509997154, -7.364013089179549 ], [ 109.73440820633634, -7.363720734622397 ], [ 109.733699414627608, -7.36361022849387 ], [ 109.73311011556217, -7.363771314273435 ], [ 109.73232562733223, -7.364275526336512 ], [ 109.731847004267308, -7.363867198308919 ], [ 109.731521904197706, -7.363793942741782 ], [ 109.73084366784326, -7.364470337943008 ], [ 109.730448878579736, -7.364631971259707 ], [ 109.729663548564503, -7.364249896700761 ], [ 109.729311066114562, -7.364375481766796 ], [ 109.727927022328345, -7.365963271303105 ], [ 109.725811648509463, -7.366409434681156 ], [ 109.724176803369772, -7.366594654988009 ], [ 109.723187225548571, -7.366483331347555 ], [ 109.723205169958874, -7.365642314932722 ], [ 109.722908192262423, -7.364565313534206 ], [ 109.721881751623087, -7.363269136961264 ], [ 109.721704531853533, -7.361378535347008 ] ] ] } },
{ "type": "Feature", "properties": { "DESA": "Sered" }, "geometry": { "type": "Polygon", "coordinates": [ [ [ 109.714886778183697, -7.360192364456896 ], [ 109.717625269689023, -7.360100753461102 ], [ 109.7197030390479, -7.360332741708465 ], [ 109.720839110832259, -7.360616373397779 ], [ 109.721704531853533, -7.361378535347008 ], [ 109.721881751623087, -7.363269136961264 ], [ 109.722479037493855, -7.36407574187696 ], [ 109.722368642474081, -7.364464314276141 ], [ 109.722156883447695, -7.364852597267358 ], [ 109.721220260386829, -7.364614745728227 ], [ 109.721016355083989, -7.36424335954685 ], [ 109.720661772418254, -7.364215221038632 ], [ 109.719777723142258, -7.365180345334266 ], [ 109.719024348897733, -7.36480738665203 ], [ 109.718807589497274, -7.365973426995414 ], [ 109.718436251150095, -7.366135115867015 ], [ 109.717469361053787, -7.365408913919703 ], [ 109.717141739276101, -7.365823987028503 ], [ 109.716714133360483, -7.367758061829904 ], [ 109.715876285466294, -7.368886150366523 ], [ 109.715028767421074, -7.370439171669251 ], [ 109.714498540414837, -7.37251770537455 ], [ 109.713180725837589, -7.376339301154601 ], [ 109.71276797183647, -7.377025466715245 ], [ 109.711167587883025, -7.378892857743408 ], [ 109.710186212174747, -7.379450704378053 ], [ 109.708677608197831, -7.379157010976463 ], [ 109.706558835985149, -7.378409279510524 ], [ 109.704959789263299, -7.377572628360824 ], [ 109.704362036044188, -7.376549000074539 ], [ 109.704091239317805, -7.375526319402992 ], [ 109.704914278861295, -7.374136007513072 ], [ 109.705631760944286, -7.373595400648001 ], [ 109.706108720226197, -7.372846226995716 ], [ 109.706417882822478, -7.372259227985469 ], [ 109.706703693299033, -7.370632271202841 ], [ 109.70835998160176, -7.36841233671646 ], [ 109.710985665420708, -7.367307502248661 ], [ 109.712130477255243, -7.366533026662721 ], [ 109.712100297680507, -7.365990344099181 ], [ 109.711726553264029, -7.36514820453916 ], [ 109.710181799719919, -7.362982325902179 ], [ 109.713578259231141, -7.361508976845424 ], [ 109.714733496105978, -7.360635061620833 ], [ 109.714886778183697, -7.360192364456896 ] ] ] } },
{ "type": "Feature", "properties": { "DESA": "Blitar" }, "geometry": { "type": "Polygon", "coordinates": [ [ [ 109.69783879294063, -7.370136292859853 ], [ 109.698379982000461, -7.370237326687204 ], [ 109.699218045831316, -7.369715254977862 ], [ 109.700860068770865, -7.367350554665868 ], [ 109.702531677905768, -7.366107375640634 ], [ 109.703212679887699, -7.365829055850338 ], [ 109.706252835429495, -7.36581072858341 ], [ 109.706977458678423, -7.365532438244429 ], [ 109.70830688721837, -7.364640963371189 ], [ 109.710181799719919, -7.362982325902179 ], [ 109.711726553264029, -7.36514820453916 ], [ 109.712100297680507, -7.365990344099181 ], [ 109.712130477255243, -7.366533026662721 ], [ 109.711615629740876, -7.36698372289229 ], [ 109.709582958262502, -7.367990813066185 ], [ 109.70835998160176, -7.36841233671646 ], [ 109.708122202759284, -7.368881911148732 ], [ 109.707281052296054, -7.369801919555349 ], [ 109.706703693299033, -7.370632271202841 ], [ 109.706276610964736, -7.372548245175259 ], [ 109.705631760944286, -7.373595400648001 ], [ 109.704914278861295, -7.374136007513072 ], [ 109.704091239317805, -7.375526319402992 ], [ 109.704362036044188, -7.376549000074539 ], [ 109.703587554037824, -7.377396856936251 ], [ 109.702377834100616, -7.37741142943831 ], [ 109.701664239759154, -7.377101848142821 ], [ 109.701713426534241, -7.377499916898425 ], [ 109.701552156788225, -7.37777983190904 ], [ 109.700797737699773, -7.377560547727303 ], [ 109.699944720159806, -7.377775158420556 ], [ 109.699489970728024, -7.379175570989751 ], [ 109.698162544536089, -7.380229765083604 ], [ 109.698157360168949, -7.381134100913783 ], [ 109.697813316809842, -7.381739072766512 ], [ 109.697162894080719, -7.38141158445735 ], [ 109.697135641972821, -7.381049746658768 ], [ 109.697732474739325, -7.379089076560043 ], [ 109.697237604505702, -7.378318908686341 ], [ 109.697208058231695, -7.377975147576157 ], [ 109.69772938842722, -7.377334616000689 ], [ 109.697464968214604, -7.375516101981852 ], [ 109.696723081714381, -7.374998472378681 ], [ 109.697188641573959, -7.374167812174752 ], [ 109.696985125371, -7.373669835192514 ], [ 109.697563538541232, -7.372767079027973 ], [ 109.697650998405933, -7.371799690755779 ], [ 109.697972901240405, -7.371610752254097 ], [ 109.69783879294063, -7.370136292859853 ] ] ] } },
{ "type": "Feature", "properties": { "DESA": "Petambakan" }, "geometry": { "type": "Polygon", "coordinates": [ [ [ 109.691521817180103, -7.364872598613936 ], [ 109.693088504997093, -7.365229891700774 ], [ 109.694023931720778, -7.365766172158462 ], [ 109.695984235386589, -7.367824714963188 ], [ 109.697334304490255, -7.369745940404718 ], [ 109.69783879294063, -7.370136292859853 ], [ 109.697972901240405, -7.371610752254097 ], [ 109.697650998405933, -7.371799690755779 ], [ 109.697563538541232, -7.372767079027973 ], [ 109.696985125371, -7.373669835192514 ], [ 109.697188641573959, -7.374167812174752 ], [ 109.696723081714381, -7.374998472378681 ], [ 109.697464968214604, -7.375516101981852 ], [ 109.69772938842722, -7.377334616000689 ], [ 109.697208058231695, -7.377975147576157 ], [ 109.697237604505702, -7.378318908686341 ], [ 109.697732474739325, -7.379089076560043 ], [ 109.697135641972821, -7.381049746658768 ], [ 109.697162894080719, -7.38141158445735 ], [ 109.697813316809842, -7.381739072766512 ], [ 109.697448746104513, -7.382108809744443 ], [ 109.696945264728683, -7.382161591246719 ], [ 109.693500074696843, -7.382124401137652 ], [ 109.692652113218927, -7.382546969199264 ], [ 109.69174576746218, -7.383466747012737 ], [ 109.691364002816016, -7.383610295183109 ], [ 109.689583422998581, -7.383089607703991 ], [ 109.687557597088471, -7.383662415214694 ], [ 109.686167981136066, -7.383730661906956 ], [ 109.686149670737137, -7.383025268298037 ], [ 109.684512726890503, -7.381627763438943 ], [ 109.685208996885365, -7.380616876935506 ], [ 109.685631991133846, -7.378981310491868 ], [ 109.686442024306899, -7.378070213663874 ], [ 109.686492987854848, -7.376062752947345 ], [ 109.687780515244327, -7.373543367129394 ], [ 109.688092091873273, -7.373209739698872 ], [ 109.688357815361115, -7.3721614143031 ], [ 109.690060492180052, -7.369995950552251 ], [ 109.691233520735878, -7.369239792393619 ], [ 109.691415770245342, -7.368887609499379 ], [ 109.691631262053761, -7.367694466332244 ], [ 109.691330054927946, -7.366074762706628 ], [ 109.691521817180103, -7.364872598613936 ] ] ] } },
{ "type": "Feature", "properties": { "DESA": "Rakitan" }, "geometry": { "type": "Polygon", "coordinates": [ [ [ 109.706472715102777, -7.353032766033019 ], [ 109.706932596750448, -7.353477228385494 ], [ 109.7137132774631, -7.356101305137879 ], [ 109.714157090379359, -7.356708467447078 ], [ 109.714577439745952, -7.357993875545017 ], [ 109.714886778183697, -7.360192364456896 ], [ 109.714733496105978, -7.360635061620833 ], [ 109.713578259231141, -7.361508976845424 ], [ 109.710181799719919, -7.362982325902179 ], [ 109.70830688721837, -7.364640963371189 ], [ 109.706977458678423, -7.365532438244429 ], [ 109.706252835429495, -7.36581072858341 ], [ 109.703212679887699, -7.365829055850338 ], [ 109.702531677905768, -7.366107375640634 ], [ 109.700860068770865, -7.367350554665868 ], [ 109.699218045831316, -7.369715254977862 ], [ 109.698379982000461, -7.370237326687204 ], [ 109.69783879294063, -7.370136292859853 ], [ 109.697334304490255, -7.369745940404718 ], [ 109.695984235386589, -7.367824714963188 ], [ 109.694023931720778, -7.365766172158462 ], [ 109.693088504997093, -7.365229891700774 ], [ 109.691521817180103, -7.364872598613936 ], [ 109.692184761886708, -7.363518011735649 ], [ 109.69278904392597, -7.360870018995742 ], [ 109.693525151401431, -7.35995877506828 ], [ 109.693994362495189, -7.359815385834903 ], [ 109.6944423878181, -7.359943366025596 ], [ 109.69531891225553, -7.359801162309461 ], [ 109.696564689287882, -7.35885522933168 ], [ 109.696974332830578, -7.358160119257642 ], [ 109.697058749667207, -7.35718358925861 ], [ 109.697344603031809, -7.356904127424447 ], [ 109.69828230516606, -7.356861643765845 ], [ 109.698629148612696, -7.356645559663403 ], [ 109.698302775135005, -7.355758343250762 ], [ 109.698474097835287, -7.355460464319177 ], [ 109.698883275092882, -7.355307852797818 ], [ 109.69972144100349, -7.354252223491788 ], [ 109.700130616855546, -7.354099610554749 ], [ 109.700487935208827, -7.354390071952813 ], [ 109.701300406985055, -7.356210174294025 ], [ 109.701674884299464, -7.356328801720544 ], [ 109.702445695266164, -7.354956420625368 ], [ 109.704235911528158, -7.354572714535619 ], [ 109.706472715102777, -7.353032766033019 ] ] ] } },
{ "type": "Feature", "properties": { "DESA": "Kaliurip" }, "geometry": { "type": "Polygon", "coordinates": [ [ [ 109.707952405600963, -7.345078667609892 ], [ 109.709023545298848, -7.344602446586578 ], [ 109.709406194916454, -7.344630672259034 ], [ 109.7101711026245, -7.345211633815987 ], [ 109.710698659466956, -7.345421200489178 ], [ 109.711312168225405, -7.345404879020053 ], [ 109.712440886874845, -7.343997332102807 ], [ 109.713502160780607, -7.342300160770495 ], [ 109.714048806381882, -7.340909022752182 ], [ 109.714378636284692, -7.34060245644078 ], [ 109.717152892691061, -7.340655598736113 ], [ 109.718181480037458, -7.340269648585483 ], [ 109.719147863434642, -7.340191029631238 ], [ 109.719174914486231, -7.339847428364343 ], [ 109.719918864984635, -7.340211311412794 ], [ 109.723544470921013, -7.341315960185045 ], [ 109.726136406021354, -7.34255318783895 ], [ 109.729898349097624, -7.343902307093516 ], [ 109.733499650796361, -7.345594625457093 ], [ 109.733749304197744, -7.345902842789354 ], [ 109.733635547249563, -7.349673690685286 ], [ 109.733227440294712, -7.352747394504832 ], [ 109.732889145274015, -7.353352422120902 ], [ 109.732029870327054, -7.354290523690227 ], [ 109.730302440184815, -7.355108620843483 ], [ 109.728359266566855, -7.356640491921294 ], [ 109.727817593309837, -7.357470982104034 ], [ 109.726913532108398, -7.357133777054671 ], [ 109.726596906563259, -7.357286588133137 ], [ 109.726609001996948, -7.358100566070863 ], [ 109.723723192459872, -7.359114349441298 ], [ 109.723056055992785, -7.359591753892785 ], [ 109.72240643048255, -7.360449052757423 ], [ 109.722607156888074, -7.361435361549154 ], [ 109.722282089346663, -7.361561019328238 ], [ 109.721704531853533, -7.361378535347008 ], [ 109.720839110832259, -7.360616373397779 ], [ 109.7197030390479, -7.360332741708465 ], [ 109.717625269689023, -7.360100753461102 ], [ 109.714886778183697, -7.360192364456896 ], [ 109.714577439745952, -7.357993875545017 ], [ 109.714157090379359, -7.356708467447078 ], [ 109.7137132774631, -7.356101305137879 ], [ 109.706932596750448, -7.353477228385494 ], [ 109.706472715102777, -7.353032766033019 ], [ 109.706592967963843, -7.352363933700978 ], [ 109.706158690803179, -7.351512576396938 ], [ 109.705964024352852, -7.350200691200392 ], [ 109.706480922829229, -7.349912756084575 ], [ 109.708209125158177, -7.349501725893031 ], [ 109.708765945356646, -7.349123485210774 ], [ 109.708707977655081, -7.34860784818564 ], [ 109.708253359867371, -7.347919185645438 ], [ 109.707510432383543, -7.346090251555323 ], [ 109.707580426581245, -7.345493607412547 ], [ 109.707952405600963, -7.345078667609892 ] ] ] } },
{ "type": "Feature", "properties": { "DESA": "Gununggiana" }, "geometry": { "type": "Polygon", "coordinates": [ [ [ 109.745492127964653, -7.338266772697307 ], [ 109.748549474740599, -7.33819383268734 ], [ 109.747243649857054, -7.342847758289423 ], [ 109.747373638079068, -7.344548356814806 ], [ 109.747627140816348, -7.345299631000194 ], [ 109.748685896610183, -7.347825813139259 ], [ 109.749886861107299, -7.34969215209328 ], [ 109.750467638498137, -7.350354009285771 ], [ 109.752048604991941, -7.351280865314584 ], [ 109.753335592916457, -7.351745672226741 ], [ 109.75341305417534, -7.352387952947201 ], [ 109.753742237508348, -7.35311240097528 ], [ 109.751721590014995, -7.354942645924661 ], [ 109.750003054963827, -7.355525669902155 ], [ 109.746171224850983, -7.358146694945749 ], [ 109.744205798739884, -7.360854293150674 ], [ 109.743914315475763, -7.361522754666412 ], [ 109.743650778835189, -7.363222247567947 ], [ 109.743213967099322, -7.364116346870223 ], [ 109.742246999268133, -7.365017997981741 ], [ 109.740873654653143, -7.364733749215756 ], [ 109.738193060863395, -7.363749501320235 ], [ 109.737981984931196, -7.363504686165209 ], [ 109.738433600969415, -7.362872939268336 ], [ 109.738657569170087, -7.361146215711179 ], [ 109.738605884494248, -7.359002700085745 ], [ 109.738292318640674, -7.358178828127023 ], [ 109.737623510302129, -7.3575348827871 ], [ 109.732327911567296, -7.353920561213579 ], [ 109.733227440294712, -7.352747394504832 ], [ 109.733635547249563, -7.349673690685286 ], [ 109.734718683944806, -7.350156055206297 ], [ 109.735877077607398, -7.350150279708373 ], [ 109.73692552996917, -7.348977612610582 ], [ 109.737031018541188, -7.34730480620995 ], [ 109.737948686717729, -7.346629068666117 ], [ 109.739822831583268, -7.345657634321275 ], [ 109.741670936397895, -7.344089264276334 ], [ 109.742199656526623, -7.342616560178592 ], [ 109.745492127964653, -7.338266772697307 ] ] ] } },
{ "type": "Feature", "properties": { "DESA": "Pakelen" }, "geometry": { "type": "Polygon", "coordinates": [ [ [ 109.724302782811819, -7.324017606715365 ], [ 109.726238984527868, -7.324809819142676 ], [ 109.727844256814421, -7.3257006394133 ], [ 109.727758111365191, -7.32602599195057 ], [ 109.7281534899371, -7.326434082242035 ], [ 109.730975609263695, -7.328657752231567 ], [ 109.732654149812802, -7.330272293811016 ], [ 109.734595433121328, -7.330974072962519 ], [ 109.736097850859693, -7.331801287612056 ], [ 109.737494236047681, -7.333415022569448 ], [ 109.738448720394416, -7.333924136714685 ], [ 109.740516513248352, -7.335865256045891 ], [ 109.741476656403762, -7.337287790374472 ], [ 109.742024013167878, -7.337605879065883 ], [ 109.743417588066947, -7.338025795527238 ], [ 109.745492127964653, -7.338266772697307 ], [ 109.742199656526623, -7.342616560178592 ], [ 109.741670936397895, -7.344089264276334 ], [ 109.739822831583268, -7.345657634321275 ], [ 109.737948686717729, -7.346629068666117 ], [ 109.737031018541188, -7.34730480620995 ], [ 109.73692552996917, -7.348977612610582 ], [ 109.735877077607398, -7.350150279708373 ], [ 109.734718683944806, -7.350156055206297 ], [ 109.733635547249563, -7.349673690685286 ], [ 109.733749304197744, -7.345902842789354 ], [ 109.733157323578624, -7.345331446056366 ], [ 109.728695551196097, -7.343401511729277 ], [ 109.726136406021354, -7.34255318783895 ], [ 109.723544470921013, -7.341315960185045 ], [ 109.719918864984635, -7.340211311412794 ], [ 109.719174914486231, -7.339847428364343 ], [ 109.718000988943501, -7.338767925750682 ], [ 109.717818067425853, -7.338089088926778 ], [ 109.717962963560012, -7.337700615236664 ], [ 109.718849180654587, -7.336843992490901 ], [ 109.719857969802121, -7.336168642867024 ], [ 109.72036013847017, -7.334596439146086 ], [ 109.719940680955304, -7.333283913269192 ], [ 109.720806733732601, -7.331531998531437 ], [ 109.721110193932049, -7.33114397397524 ], [ 109.72147283114505, -7.331036413197312 ], [ 109.722453070358299, -7.331645180945036 ], [ 109.722439655534671, -7.331084460569627 ], [ 109.721985564242914, -7.329997882618938 ], [ 109.721987601018739, -7.329283405134456 ], [ 109.722308787546496, -7.327837357693679 ], [ 109.722278956556877, -7.326589232633144 ], [ 109.722747917853766, -7.326020839904899 ], [ 109.723101611914927, -7.324855179209982 ], [ 109.724302782811819, -7.324017606715365 ] ] ] } },
{ "type": "Feature", "properties": { "DESA": "Jenggawur" }, "geometry": { "type": "Polygon", "coordinates": [ [ [ 109.673775237566318, -7.38030278746263 ], [ 109.674602681521364, -7.380024862622598 ], [ 109.676458557761521, -7.378999438741991 ], [ 109.680706551518682, -7.377980983988436 ], [ 109.681330159252681, -7.37819991451506 ], [ 109.682463965371014, -7.379704443579044 ], [ 109.684512726890503, -7.381627763438943 ], [ 109.684024009196563, -7.381942781554656 ], [ 109.682497814687977, -7.382426621316334 ], [ 109.681718142594548, -7.383220165904488 ], [ 109.680781898682298, -7.386482065366259 ], [ 109.680371914092859, -7.388506631989075 ], [ 109.680384509683947, -7.389221139269451 ], [ 109.680530038786443, -7.390550961322151 ], [ 109.68204682381608, -7.392671550388019 ], [ 109.681619926279723, -7.393999680707687 ], [ 109.680804380466327, -7.395218160674093 ], [ 109.678245026791288, -7.397254439838355 ], [ 109.677315766423519, -7.397269766460675 ], [ 109.676257466693642, -7.396543114431332 ], [ 109.675358342389359, -7.395120638682924 ], [ 109.674174318872673, -7.392494509461065 ], [ 109.673365137411096, -7.391651052783496 ], [ 109.6720308019095, -7.391412000518964 ], [ 109.671519188260106, -7.391808398059308 ], [ 109.671307861676055, -7.392232723893583 ], [ 109.672011316179947, -7.393383373923966 ], [ 109.672023019981182, -7.394016411466114 ], [ 109.671942826021379, -7.39450460004824 ], [ 109.67162777106445, -7.394792992818365 ], [ 109.671025475493536, -7.394836405987764 ], [ 109.670202081807162, -7.394399863882835 ], [ 109.668645235338829, -7.393952089694438 ], [ 109.667861266775077, -7.393398120986805 ], [ 109.667589054516156, -7.392502009667908 ], [ 109.667553069582198, -7.391398647517601 ], [ 109.667161836757373, -7.390809594668005 ], [ 109.665136748868164, -7.389727410682152 ], [ 109.662870898590441, -7.389991872989334 ], [ 109.662257443001522, -7.389402241509129 ], [ 109.662259918811259, -7.388579285156393 ], [ 109.662904262759909, -7.387640711873185 ], [ 109.663127290065901, -7.38595928544813 ], [ 109.666962739165342, -7.384985041642733 ], [ 109.668717342871332, -7.384339191964701 ], [ 109.671101134795549, -7.38249240278255 ], [ 109.673203212160473, -7.381123966078398 ], [ 109.673775237566318, -7.38030278746263 ] ] ] } },
{ "type": "Feature", "properties": { "DESA": "Banjar Kulon" }, "geometry": { "type": "Polygon", "coordinates": [ [ [ 109.669913571762805, -7.369032158912299 ], [ 109.670672309404921, -7.368817415385919 ], [ 109.671735861796975, -7.368910990286085 ], [ 109.674003912057771, -7.368348005577914 ], [ 109.675543152431416, -7.368687104754764 ], [ 109.67641243415828, -7.368147089052722 ], [ 109.679231799837922, -7.368951265255095 ], [ 109.681396868129241, -7.368378895765118 ], [ 109.681764669072749, -7.368153847924725 ], [ 109.682384184445226, -7.368110464429899 ], [ 109.683944280719928, -7.368675728882275 ], [ 109.684831173228901, -7.368696420099614 ], [ 109.685114976913525, -7.368534504374554 ], [ 109.685794604564165, -7.367306563797615 ], [ 109.686805136886505, -7.366965856659396 ], [ 109.687870117065941, -7.367439328171865 ], [ 109.688013355188858, -7.36772908161099 ], [ 109.688005295377025, -7.369402128613402 ], [ 109.688600052207292, -7.370082178666063 ], [ 109.689530129424128, -7.370609411885403 ], [ 109.688357815361115, -7.3721614143031 ], [ 109.688092091873273, -7.373209739698872 ], [ 109.687780515244327, -7.373543367129394 ], [ 109.686492987854848, -7.376062752947345 ], [ 109.686442024306899, -7.378070213663874 ], [ 109.685631991133846, -7.378981310491868 ], [ 109.685208996885365, -7.380616876935506 ], [ 109.684512726890503, -7.381627763438943 ], [ 109.682463965371014, -7.379704443579044 ], [ 109.681330159252681, -7.37819991451506 ], [ 109.680706551518682, -7.377980983988436 ], [ 109.676458557761521, -7.378999438741991 ], [ 109.674602681521364, -7.380024862622598 ], [ 109.673775237566318, -7.38030278746263 ], [ 109.674194985584961, -7.374425715959783 ], [ 109.674052615189908, -7.373294910560197 ], [ 109.673787801492296, -7.372570614916772 ], [ 109.672629947669833, -7.37125587420886 ], [ 109.671857960692549, -7.370475822975114 ], [ 109.669913571762805, -7.369032158912299 ] ] ] } },
{ "type": "Feature", "properties": { "DESA": "Banjarmangu" }, "geometry": { "type": "Polygon", "coordinates": [ [ [ 109.689240073186781, -7.356600112029378 ], [ 109.692157112168488, -7.359647275032419 ], [ 109.693176812611895, -7.360301343214982 ], [ 109.692604347069079, -7.361294529691387 ], [ 109.692184761886708, -7.363518011735649 ], [ 109.691355446106471, -7.365414703676952 ], [ 109.691398795293679, -7.366653812232041 ], [ 109.691631262053761, -7.367694466332244 ], [ 109.691415770245342, -7.368887609499379 ], [ 109.691233520735878, -7.369239792393619 ], [ 109.690060492180052, -7.369995950552251 ], [ 109.689530129424128, -7.370609411885403 ], [ 109.688600052207292, -7.370082178666063 ], [ 109.688005295377025, -7.369402128613402 ], [ 109.688013355188858, -7.36772908161099 ], [ 109.687870117065941, -7.367439328171865 ], [ 109.686805136886505, -7.366965856659396 ], [ 109.685794604564165, -7.367306563797615 ], [ 109.685114976913525, -7.368534504374554 ], [ 109.684513457106803, -7.368731652688904 ], [ 109.683944280719928, -7.368675728882275 ], [ 109.682384184445226, -7.368110464429899 ], [ 109.681764669072749, -7.368153847924725 ], [ 109.681396868129241, -7.368378895765118 ], [ 109.679231799837922, -7.368951265255095 ], [ 109.67641243415828, -7.368147089052722 ], [ 109.675543152431416, -7.368687104754764 ], [ 109.674003912057771, -7.368348005577914 ], [ 109.671735861796975, -7.368910990286085 ], [ 109.670672309404921, -7.368817415385919 ], [ 109.669913571762805, -7.369032158912299 ], [ 109.669431110502117, -7.368379638378095 ], [ 109.669249280363658, -7.368035426253047 ], [ 109.669377166409177, -7.367683093593239 ], [ 109.669774969364354, -7.367367820141254 ], [ 109.670148373719968, -7.367368929984925 ], [ 109.670975923725791, -7.367724011340263 ], [ 109.671665479512541, -7.367337179101346 ], [ 109.671663044578239, -7.366649918882333 ], [ 109.672533713880128, -7.366471579569049 ], [ 109.672627706239695, -7.365911187708952 ], [ 109.67326448103853, -7.36548802922656 ], [ 109.672851465940326, -7.364917092481085 ], [ 109.672317722171712, -7.364779885476923 ], [ 109.671870015208782, -7.364923223209432 ], [ 109.671581069834261, -7.364027065246487 ], [ 109.671101189116939, -7.363862892026509 ], [ 109.670838254532597, -7.363563647896496 ], [ 109.671171502488917, -7.362199082351549 ], [ 109.671679172622291, -7.36178458387248 ], [ 109.672349093671258, -7.361641904608755 ], [ 109.672474811528701, -7.361162981136802 ], [ 109.672963943172078, -7.360802675532301 ], [ 109.673390555301637, -7.360894355566254 ], [ 109.674923973055726, -7.3605190562094 ], [ 109.675446171634917, -7.360719607049099 ], [ 109.676266534303508, -7.360070854087637 ], [ 109.677288609265304, -7.359712117592288 ], [ 109.678367357947749, -7.359561593803118 ], [ 109.679121372664881, -7.359220144977152 ], [ 109.680277213922523, -7.359395433252794 ], [ 109.681504818938805, -7.359046333361089 ], [ 109.682923422561672, -7.358923832710818 ], [ 109.683826860310091, -7.358392939560865 ], [ 109.684774020184989, -7.358106387856363 ], [ 109.685737993405951, -7.358172508229963 ], [ 109.686275089806117, -7.357956992966033 ], [ 109.687244022008088, -7.357200242088092 ], [ 109.68761268692829, -7.357083689824191 ], [ 109.688089837606171, -7.35721176089733 ], [ 109.688638350515404, -7.357050525875006 ], [ 109.689240073186781, -7.356600112029378 ] ] ] } },
{ "type": "Feature", "properties": { "DESA": "Rejasari" }, "geometry": { "type": "Polygon", "coordinates": [ [ [ 109.673869656862621, -7.341280507695539 ], [ 109.678946767091787, -7.341946561989004 ], [ 109.680678310670601, -7.341761778427568 ], [ 109.681882656268982, -7.341304100470317 ], [ 109.681867783948988, -7.341738146850637 ], [ 109.682163610076614, -7.342408188404798 ], [ 109.682214192378538, -7.343493607252633 ], [ 109.681792567709749, -7.345744194124045 ], [ 109.681982537788755, -7.347661945077896 ], [ 109.682917627536142, -7.349943641399239 ], [ 109.683467501016537, -7.350560269530978 ], [ 109.686453771203617, -7.352441013305486 ], [ 109.690230528784411, -7.354206509902521 ], [ 109.691293094228698, -7.35511396278357 ], [ 109.690994931473739, -7.355999358131679 ], [ 109.68972324662073, -7.356330274603325 ], [ 109.688638350515404, -7.357050525875006 ], [ 109.688089837606171, -7.35721176089733 ], [ 109.68761268692829, -7.357083689824191 ], [ 109.687244022008088, -7.357200242088092 ], [ 109.686275089806117, -7.357956992966033 ], [ 109.685737993405951, -7.358172508229963 ], [ 109.684774020184989, -7.358106387856363 ], [ 109.683826860310091, -7.358392939560865 ], [ 109.682923422561672, -7.358923832710818 ], [ 109.681504818938805, -7.359046333361089 ], [ 109.680277213922523, -7.359395433252794 ], [ 109.679121372664881, -7.359220144977152 ], [ 109.678367357947749, -7.359561593803118 ], [ 109.677288609265304, -7.359712117592288 ], [ 109.676266534303508, -7.360070854087637 ], [ 109.675446171634917, -7.360719607049099 ], [ 109.674923973055726, -7.3605190562094 ], [ 109.675394058911067, -7.360258149039782 ], [ 109.675504789632342, -7.359869686436339 ], [ 109.675427604548872, -7.359173071930614 ], [ 109.674905902635473, -7.357824055300635 ], [ 109.673864914608814, -7.356428294035014 ], [ 109.672352247825515, -7.355456181077487 ], [ 109.671686420764999, -7.355255202275035 ], [ 109.672997978312495, -7.348187091133066 ], [ 109.673767427225528, -7.3453045445815 ], [ 109.673869656862621, -7.341280507695539 ] ] ] } },
{ "type": "Feature", "properties": { "DESA": "Kasenent" }, "geometry": { "type": "Polygon", "coordinates": [ [ [ 109.699199402349521, -7.341128464644047 ], [ 109.700631947119049, -7.340662351968136 ], [ 109.701070237320735, -7.341025379366473 ], [ 109.701646568623474, -7.342003733534515 ], [ 109.702203644430355, -7.342385187118353 ], [ 109.703450108192058, -7.342262204061206 ], [ 109.704852602873913, -7.341624107558718 ], [ 109.705412336936988, -7.342068857408544 ], [ 109.707952405600963, -7.345078667609892 ], [ 109.707580426581245, -7.345493607412547 ], [ 109.707510432383543, -7.346090251555323 ], [ 109.708253359867371, -7.347919185645438 ], [ 109.708707977655081, -7.34860784818564 ], [ 109.708765945356646, -7.349123485210774 ], [ 109.708209125158177, -7.349501725893031 ], [ 109.706480922829229, -7.349912756084575 ], [ 109.705964024352852, -7.350200691200392 ], [ 109.706158690803179, -7.351512576396938 ], [ 109.706592967963843, -7.352363933700978 ], [ 109.706472715102777, -7.353032766033019 ], [ 109.705994313439703, -7.353438354200005 ], [ 109.704235911528158, -7.354572714535619 ], [ 109.702445695266164, -7.354956420625368 ], [ 109.701674884299464, -7.356328801720544 ], [ 109.701300406985055, -7.356210174294025 ], [ 109.700487935208827, -7.354390071952813 ], [ 109.700130616855546, -7.354099610554749 ], [ 109.69972144100349, -7.354252223491788 ], [ 109.698883275092882, -7.355307852797818 ], [ 109.698474097835287, -7.355460464319177 ], [ 109.698302775135005, -7.355758343250762 ], [ 109.698629148612696, -7.356645559663403 ], [ 109.69828230516606, -7.356861643765845 ], [ 109.697344603031809, -7.356904127424447 ], [ 109.697058749667207, -7.35718358925861 ], [ 109.696974332830578, -7.358160119257642 ], [ 109.696564689287882, -7.35885522933168 ], [ 109.69531891225553, -7.359801162309461 ], [ 109.6944423878181, -7.359943366025596 ], [ 109.693994362495189, -7.359815385834903 ], [ 109.693525151401431, -7.35995877506828 ], [ 109.693176812611895, -7.360301343214982 ], [ 109.692157112168488, -7.359647275032419 ], [ 109.689240073186781, -7.356600112029378 ], [ 109.690994931473739, -7.355999358131679 ], [ 109.691293094228698, -7.35511396278357 ], [ 109.690230528784411, -7.354206509902521 ], [ 109.686453771203617, -7.352441013305486 ], [ 109.683467501016537, -7.350560269530978 ], [ 109.682580748327098, -7.34936389550022 ], [ 109.681982537788755, -7.347661945077896 ], [ 109.689044537727142, -7.348089601315213 ], [ 109.689118481849363, -7.347682851277233 ], [ 109.6895025343497, -7.347231798631747 ], [ 109.691951928477138, -7.347040028715899 ], [ 109.69475442114674, -7.347608865684419 ], [ 109.695870796000875, -7.347250353358733 ], [ 109.697099230541113, -7.346602828604382 ], [ 109.697722397898204, -7.345962495130087 ], [ 109.698472977079703, -7.343966091753586 ], [ 109.698646458015787, -7.342718566522018 ], [ 109.699199402349521, -7.341128464644047 ] ] ] } },
{ "type": "Feature", "properties": { "DESA": "Gripit" }, "geometry": { "type": "Polygon", "coordinates": [ [ [ 109.687440359951083, -7.341437921939505 ], [ 109.688224380086098, -7.340020397752872 ], [ 109.689024915987872, -7.339516310458574 ], [ 109.689164022507043, -7.33920016705661 ], [ 109.690196364270406, -7.33947451969275 ], [ 109.69063286015853, -7.339783209844867 ], [ 109.691330889128992, -7.340463552052548 ], [ 109.69181731669677, -7.340709094989628 ], [ 109.692017435188504, -7.34118897813318 ], [ 109.693132134886397, -7.342268456965543 ], [ 109.693874640539846, -7.341583267466692 ], [ 109.694450856267167, -7.341340817201971 ], [ 109.697039553367702, -7.341420669834736 ], [ 109.699199402349521, -7.341128464644047 ], [ 109.698646458015787, -7.342718566522018 ], [ 109.698472977079703, -7.343966091753586 ], [ 109.697722397898204, -7.345962495130087 ], [ 109.697099230541113, -7.346602828604382 ], [ 109.695870796000875, -7.347250353358733 ], [ 109.69475442114674, -7.347608865684419 ], [ 109.691951928477138, -7.347040028715899 ], [ 109.6895025343497, -7.347231798631747 ], [ 109.689118481849363, -7.347682851277233 ], [ 109.689044537727142, -7.348089601315213 ], [ 109.681982537788755, -7.347661945077896 ], [ 109.681792567709749, -7.345744194124045 ], [ 109.682214192378538, -7.343493607252633 ], [ 109.68366229329483, -7.343534022487771 ], [ 109.685190930879443, -7.34321291177712 ], [ 109.686578439498788, -7.34239400007283 ], [ 109.687440359951083, -7.341437921939505 ] ] ] } },
{ "type": "Feature", "properties": { "DESA": "Sigeblok" }, "geometry": { "type": "Polygon", "coordinates": [ [ [ 109.671999117287385, -7.292946637629066 ], [ 109.672319141834819, -7.29317370935933 ], [ 109.672917158566094, -7.292913167648776 ], [ 109.676137064569119, -7.295870823701312 ], [ 109.679745075368601, -7.298829508284783 ], [ 109.68654438967161, -7.305089367143032 ], [ 109.68938498000432, -7.308895953931939 ], [ 109.691327676697128, -7.312844591954675 ], [ 109.688193478183933, -7.31340519853873 ], [ 109.676439494528751, -7.317557933037322 ], [ 109.675711646847134, -7.317384002616306 ], [ 109.675466767422392, -7.317021526439196 ], [ 109.674770366712153, -7.314188901493245 ], [ 109.67419277484683, -7.313744071796312 ], [ 109.673389793504583, -7.313850208634444 ], [ 109.672411786772443, -7.314245251186696 ], [ 109.670723954442693, -7.315596791592061 ], [ 109.673248503666372, -7.321048382683543 ], [ 109.674075122688521, -7.323790976608556 ], [ 109.675482202256035, -7.324446298629676 ], [ 109.675745068760648, -7.324763620114149 ], [ 109.676096711709036, -7.326482838383216 ], [ 109.676431739645651, -7.326999378668863 ], [ 109.676684075920832, -7.328202840658308 ], [ 109.677535621451909, -7.329417197067793 ], [ 109.677644268261659, -7.32980639781528 ], [ 109.679577334770968, -7.330743548792665 ], [ 109.681412613138193, -7.332222996128776 ], [ 109.681841638383361, -7.332730677700702 ], [ 109.682275298895519, -7.334278435121467 ], [ 109.682193262138199, -7.334947368044769 ], [ 109.682557349391075, -7.335771407694078 ], [ 109.683658887393278, -7.335928434512086 ], [ 109.681882656268982, -7.341304100470317 ], [ 109.680678310670601, -7.341761778427568 ], [ 109.677965770180521, -7.341916549709902 ], [ 109.673869656862621, -7.341280507695539 ], [ 109.673636560810166, -7.338828994990052 ], [ 109.673051033377817, -7.336213692394114 ], [ 109.672401069444248, -7.334701549505191 ], [ 109.671735355661326, -7.334220285984745 ], [ 109.670004180750468, -7.333536864375973 ], [ 109.669278115313887, -7.332856503809774 ], [ 109.668131603109885, -7.330899667899051 ], [ 109.667420363117998, -7.330309765538523 ], [ 109.664940716416169, -7.329660366632903 ], [ 109.661191026955919, -7.329169925295428 ], [ 109.66266926508348, -7.327049096080479 ], [ 109.663238266272842, -7.325314438575683 ], [ 109.66344682365667, -7.32277382602914 ], [ 109.663059193890746, -7.319788314216331 ], [ 109.662942838964057, -7.316649900591307 ], [ 109.662630805504989, -7.31516588079003 ], [ 109.66145435852836, -7.31177106559709 ], [ 109.659656935261992, -7.309043663663317 ], [ 109.662052947856822, -7.308191645545063 ], [ 109.66290891753188, -7.308546896866706 ], [ 109.663440847612137, -7.308240968539423 ], [ 109.664367682875167, -7.308198506094286 ], [ 109.665056619834445, -7.308842680956881 ], [ 109.665420803488018, -7.308888966864111 ], [ 109.666746161049616, -7.308748221078796 ], [ 109.667152040885483, -7.308459998551672 ], [ 109.667629464774038, -7.307719815454126 ], [ 109.667756607724542, -7.30723185302326 ], [ 109.667813865391722, -7.304618450787485 ], [ 109.668020002303564, -7.303154045002499 ], [ 109.668621523980448, -7.302269559594146 ], [ 109.670362415661359, -7.300863925025046 ], [ 109.670623677204787, -7.299924183580882 ], [ 109.670415790129383, -7.297762168813525 ], [ 109.66947642917664, -7.294087776658619 ], [ 109.669725340062655, -7.293762920253731 ], [ 109.670473291090786, -7.293412407150216 ], [ 109.671999117287385, -7.292946637629066 ] ] ] } },
{ "type": "Feature", "properties": { "DESA": "Paseh" }, "geometry": { "type": "Polygon", "coordinates": [ [ [ 109.658030983841968, -7.332660231282772 ], [ 109.658808186228043, -7.332219422795008 ], [ 109.661191026955919, -7.329169925295428 ], [ 109.664940716416169, -7.329660366632903 ], [ 109.666507905600525, -7.329972430831606 ], [ 109.667901196900857, -7.330618695387496 ], [ 109.669278115313887, -7.332856503809774 ], [ 109.670004180750468, -7.333536864375973 ], [ 109.671735355661326, -7.334220285984745 ], [ 109.672401069444248, -7.334701549505191 ], [ 109.673051033377817, -7.336213692394114 ], [ 109.673636560810166, -7.338828994990052 ], [ 109.673933393660505, -7.342230247957946 ], [ 109.673767427225528, -7.3453045445815 ], [ 109.672997978312495, -7.348187091133066 ], [ 109.671686420764999, -7.355255202275035 ], [ 109.667970841666218, -7.354095710791494 ], [ 109.663864485895985, -7.350538463382583 ], [ 109.660971913132514, -7.346595934789233 ], [ 109.660648328656777, -7.346052383778192 ], [ 109.660278212546785, -7.344785186493471 ], [ 109.660165444780901, -7.343582048442168 ], [ 109.660808350379924, -7.340626736144049 ], [ 109.661017792583067, -7.33807718154338 ], [ 109.660878583404795, -7.337597472157228 ], [ 109.660373342512145, -7.337008082121853 ], [ 109.660067598880715, -7.335695869631182 ], [ 109.659083536081255, -7.334426841874232 ], [ 109.658030983841968, -7.332660231282772 ] ] ] } },
{ "type": "Feature", "properties": { "DESA": "Sipedang" }, "geometry": { "type": "Polygon", "coordinates": [ [ [ 109.655678103095582, -7.306617267314075 ], [ 109.656395495749578, -7.307505660283709 ], [ 109.657640822866142, -7.308377541013219 ], [ 109.658251603690331, -7.308478815914881 ], [ 109.65890145979948, -7.308951001806967 ], [ 109.659656935261992, -7.309043663663317 ], [ 109.66145435852836, -7.31177106559709 ], [ 109.662630805504989, -7.31516588079003 ], [ 109.662942838964057, -7.316649900591307 ], [ 109.663059193890746, -7.319788314216331 ], [ 109.66344682365667, -7.32277382602914 ], [ 109.663238266272842, -7.325314438575683 ], [ 109.66266926508348, -7.327049096080479 ], [ 109.662247654501741, -7.327771260581367 ], [ 109.658808186228043, -7.332219422795008 ], [ 109.658030983841968, -7.332660231282772 ], [ 109.656989550021024, -7.33127348930208 ], [ 109.655030897976189, -7.32944991817906 ], [ 109.654383207607083, -7.328995812129956 ], [ 109.653760125411665, -7.328903531966844 ], [ 109.653008321219801, -7.328250198349609 ], [ 109.650918443865208, -7.327999723005042 ], [ 109.648843458912978, -7.328608410749001 ], [ 109.648599632881243, -7.328101261338121 ], [ 109.647196373083247, -7.327382671354944 ], [ 109.646929624690301, -7.327047241784443 ], [ 109.646799603079984, -7.325780764039927 ], [ 109.647069516231795, -7.324967656225605 ], [ 109.646422657108502, -7.323970961017543 ], [ 109.645686870617652, -7.323263326964276 ], [ 109.645812603223931, -7.32238649536838 ], [ 109.646324605360235, -7.321465617468382 ], [ 109.646503610085787, -7.32040811464649 ], [ 109.64638173136008, -7.32008216244235 ], [ 109.645885453324979, -7.319727959981702 ], [ 109.645413656194265, -7.319627084179159 ], [ 109.643702107457642, -7.319603849654095 ], [ 109.643329623432777, -7.319213851526761 ], [ 109.6434894950673, -7.31840954653892 ], [ 109.644319776474632, -7.317055454716519 ], [ 109.644205265822464, -7.315897613028855 ], [ 109.644994079111243, -7.31523977298001 ], [ 109.644919362492217, -7.313937295797654 ], [ 109.645021316494024, -7.313340770465188 ], [ 109.645257016189234, -7.312997810112902 ], [ 109.648684614980112, -7.311606387457428 ], [ 109.649594324174871, -7.310578195270397 ], [ 109.650565731892669, -7.308799554858529 ], [ 109.651351794402558, -7.30820498225876 ], [ 109.652956010115844, -7.307395944726504 ], [ 109.655678103095582, -7.306617267314075 ] ] ] } },
{ "type": "Feature", "properties": { "DESA": "Pekandangan" }, "geometry": { "type": "Polygon", "coordinates": [ [ [ 109.691327676697128, -7.312844591954675 ], [ 109.692324900523147, -7.318364011411972 ], [ 109.692511772089574, -7.320697765775939 ], [ 109.692488242844121, -7.321954765537022 ], [ 109.692079444117866, -7.324422505157722 ], [ 109.691675074850224, -7.3253437640242 ], [ 109.690771750298097, -7.326426321170873 ], [ 109.690277010484365, -7.327293064754387 ], [ 109.689634914395285, -7.329280819137283 ], [ 109.689228579334795, -7.329695643241571 ], [ 109.687839394146906, -7.330261308819801 ], [ 109.68669635662819, -7.332111878196612 ], [ 109.685600109590169, -7.332750723996627 ], [ 109.685283056153679, -7.333256311472241 ], [ 109.684714728895628, -7.335063344927177 ], [ 109.683658887393278, -7.335928434512086 ], [ 109.682557349391075, -7.335771407694078 ], [ 109.682193262138199, -7.334947368044769 ], [ 109.682275298895519, -7.334278435121467 ], [ 109.681841638383361, -7.332730677700702 ], [ 109.679577334770968, -7.330743548792665 ], [ 109.677644268261659, -7.32980639781528 ], [ 109.677535621451909, -7.329417197067793 ], [ 109.676684075920832, -7.328202840658308 ], [ 109.676431739645651, -7.326999378668863 ], [ 109.676096711709036, -7.326482838383216 ], [ 109.675745068760648, -7.324763620114149 ], [ 109.675482202256035, -7.324446298629676 ], [ 109.674075122688521, -7.323790976608556 ], [ 109.673248503666372, -7.321048382683543 ], [ 109.670723954442693, -7.315596791592061 ], [ 109.672411786772443, -7.314245251186696 ], [ 109.673389793504583, -7.313850208634444 ], [ 109.67419277484683, -7.313744071796312 ], [ 109.674770366712153, -7.314188901493245 ], [ 109.675466767422392, -7.317021526439196 ], [ 109.675711646847134, -7.317384002616306 ], [ 109.676439494528751, -7.317557933037322 ], [ 109.688193478183933, -7.31340519853873 ], [ 109.691327676697128, -7.312844591954675 ] ] ] } },
{ "type": "Feature", "properties": { "DESA": "Kendaga" }, "geometry": { "type": "Polygon", "coordinates": [ [ [ 109.692079444117866, -7.324422505157722 ], [ 109.692540062455194, -7.321267656117652 ], [ 109.696202803241448, -7.320789934243635 ], [ 109.699090180671746, -7.320933911457232 ], [ 109.701024944162882, -7.321500175122073 ], [ 109.703549913557282, -7.323126286380006 ], [ 109.706173406714512, -7.324083399403877 ], [ 109.706972460703795, -7.324673500086447 ], [ 109.707947491832485, -7.326195677120878 ], [ 109.709213473235451, -7.326723823159058 ], [ 109.709145751075724, -7.328532342435557 ], [ 109.708831815768946, -7.329209663668411 ], [ 109.708440895585881, -7.329516051409854 ], [ 109.706837882913291, -7.329719495849408 ], [ 109.704425421361108, -7.329386959554655 ], [ 109.702891121942301, -7.329436787669284 ], [ 109.702457520929741, -7.329598288184587 ], [ 109.702046085351853, -7.330230203197039 ], [ 109.702097224560674, -7.330573936683462 ], [ 109.702484624881805, -7.330891605791323 ], [ 109.704731976237227, -7.331757231281674 ], [ 109.705099963731769, -7.33204771745777 ], [ 109.705379749222203, -7.3322836085475 ], [ 109.705844464348559, -7.333297893307377 ], [ 109.706699081013639, -7.338862112792678 ], [ 109.706474815812498, -7.340064290474491 ], [ 109.705476360827177, -7.341264236597132 ], [ 109.703450108192058, -7.342262204061206 ], [ 109.702203644430355, -7.342385187118353 ], [ 109.701646568623474, -7.342003733534515 ], [ 109.701070237320735, -7.341025379366473 ], [ 109.700631947119049, -7.340662351968136 ], [ 109.698086330258235, -7.34133328885892 ], [ 109.694450856267167, -7.341340817201971 ], [ 109.693874640539846, -7.341583267466692 ], [ 109.693132134886397, -7.342268456965543 ], [ 109.692017435188504, -7.34118897813318 ], [ 109.69181731669677, -7.340709094989628 ], [ 109.691330889128992, -7.340463552052548 ], [ 109.69063286015853, -7.339783209844867 ], [ 109.690196364270406, -7.33947451969275 ], [ 109.689164022507043, -7.33920016705661 ], [ 109.689024915987872, -7.339516310458574 ], [ 109.688224380086098, -7.340020397752872 ], [ 109.686951467756757, -7.342033333684096 ], [ 109.685970136984139, -7.342853435890238 ], [ 109.684520980975648, -7.343400824167128 ], [ 109.682214192378538, -7.343493607252633 ], [ 109.682163610076614, -7.342408188404798 ], [ 109.681867783948988, -7.341738146850637 ], [ 109.681882656268982, -7.341304100470317 ], [ 109.683658887393278, -7.335928434512086 ], [ 109.684714728895628, -7.335063344927177 ], [ 109.685283056153679, -7.333256311472241 ], [ 109.685600109590169, -7.332750723996627 ], [ 109.68669635662819, -7.332111878196612 ], [ 109.687839394146906, -7.330261308819801 ], [ 109.689228579334795, -7.329695643241571 ], [ 109.689634914395285, -7.329280819137283 ], [ 109.690277010484365, -7.327293064754387 ], [ 109.690771750298097, -7.326426321170873 ], [ 109.691675074850224, -7.3253437640242 ], [ 109.692079444117866, -7.324422505157722 ] ] ] } },
{ "type": "Feature", "properties": { "DESA": "Kalilunjar" }, "geometry": { "type": "Polygon", "coordinates": [ [ [ 109.724423274114372, -7.320780255422392 ], [ 109.725501939844619, -7.321099863896666 ], [ 109.723360828238839, -7.322794020286421 ], [ 109.723121180138151, -7.32325456328281 ], [ 109.723478119540459, -7.323572129451405 ], [ 109.724074298404531, -7.323546694390991 ], [ 109.724380688393893, -7.323701273633394 ], [ 109.724089443120533, -7.324288256353992 ], [ 109.723101611914927, -7.324855179209982 ], [ 109.722747917853766, -7.326020839904899 ], [ 109.722278956556877, -7.326589232633144 ], [ 109.722308787546496, -7.327837357693679 ], [ 109.721987601018739, -7.329283405134456 ], [ 109.721985564242914, -7.329997882618938 ], [ 109.722439655534671, -7.331084460569627 ], [ 109.722453070358299, -7.331645180945036 ], [ 109.72147283114505, -7.331036413197312 ], [ 109.721110193932049, -7.33114397397524 ], [ 109.720806733732601, -7.331531998531437 ], [ 109.719940680955304, -7.333283913269192 ], [ 109.72036013847017, -7.334596439146086 ], [ 109.719857969802121, -7.336168642867024 ], [ 109.718169319047107, -7.337420908661699 ], [ 109.717818067425853, -7.338089088926778 ], [ 109.718000988943501, -7.338767925750682 ], [ 109.719005839476267, -7.339575692503421 ], [ 109.719174914486231, -7.339847428364343 ], [ 109.719147863434642, -7.340191029631238 ], [ 109.718181480037458, -7.340269648585483 ], [ 109.717152892691061, -7.340655598736113 ], [ 109.714378636284692, -7.34060245644078 ], [ 109.714048806381882, -7.340909022752182 ], [ 109.713502160780607, -7.342300160770495 ], [ 109.712440886874845, -7.343997332102807 ], [ 109.711312168225405, -7.345404879020053 ], [ 109.710698659466956, -7.345421200489178 ], [ 109.7101711026245, -7.345211633815987 ], [ 109.709406194916454, -7.344630672259034 ], [ 109.709023545298848, -7.344602446586578 ], [ 109.707952405600963, -7.345078667609892 ], [ 109.706831655858693, -7.343646572859866 ], [ 109.704852602873913, -7.341624107558718 ], [ 109.705476360827177, -7.341264236597132 ], [ 109.70623957998383, -7.340461540083449 ], [ 109.706474815812498, -7.340064290474491 ], [ 109.706699081013639, -7.338862112792678 ], [ 109.706498330780605, -7.337043782058454 ], [ 109.705678316441549, -7.332818112022898 ], [ 109.705379749222203, -7.3322836085475 ], [ 109.704731976237227, -7.331757231281674 ], [ 109.702484624881805, -7.330891605791323 ], [ 109.702097224560674, -7.330573936683462 ], [ 109.702046085351853, -7.330230203197039 ], [ 109.702457520929741, -7.329598288184587 ], [ 109.702891121942301, -7.329436787669284 ], [ 109.704425421361108, -7.329386959554655 ], [ 109.706837882913291, -7.329719495849408 ], [ 109.707777498470477, -7.329667855654255 ], [ 109.708440895585881, -7.329516051409854 ], [ 109.708831815768946, -7.329209663668411 ], [ 109.709145751075724, -7.328532342435557 ], [ 109.709213473235451, -7.326723823159058 ], [ 109.710181245113475, -7.326437171732417 ], [ 109.710710257318993, -7.325769506855982 ], [ 109.710776257985799, -7.325362726073629 ], [ 109.71063073076418, -7.324385617594962 ], [ 109.709839116766219, -7.322972472259276 ], [ 109.709677408805618, -7.322402287258797 ], [ 109.709743435347306, -7.321986464956578 ], [ 109.710573378319054, -7.320795058278508 ], [ 109.711422555295698, -7.320291059666056 ], [ 109.714520190290912, -7.319865817155534 ], [ 109.715329966586879, -7.320365516464433 ], [ 109.716152560141339, -7.320458370773424 ], [ 109.717599745359934, -7.320905632723941 ], [ 109.717832021926156, -7.321222756922073 ], [ 109.718093604177184, -7.32103362409558 ], [ 109.7192165708245, -7.321190530343286 ], [ 109.721671353045721, -7.320582573303177 ], [ 109.723226906090133, -7.320930665891616 ], [ 109.724423274114372, -7.320780255422392 ] ] ] } },
{ "type": "Feature", "properties": { "DESA": "Sijeruk" }, "geometry": { "type": "Polygon", "coordinates": [ [ [ 109.698228160394862, -7.311589418519512 ], [ 109.702501885878277, -7.311330395966669 ], [ 109.703080675778054, -7.311241643859877 ], [ 109.703924132891757, -7.310773808063673 ], [ 109.705297836346958, -7.311926238134062 ], [ 109.709973937700326, -7.313169595109319 ], [ 109.711016583437527, -7.312729440778602 ], [ 109.711952893698125, -7.311655965173721 ], [ 109.712584917094361, -7.311965281318693 ], [ 109.71461480696432, -7.312224243650227 ], [ 109.715494565204338, -7.312615638589731 ], [ 109.717132391172953, -7.314166720504357 ], [ 109.718386890806968, -7.314079871773579 ], [ 109.719412793360064, -7.315529837625919 ], [ 109.720143979650686, -7.315694667495741 ], [ 109.720222623022792, -7.316508833894328 ], [ 109.720953561320286, -7.31746952166903 ], [ 109.721361162464532, -7.317488762401282 ], [ 109.722885835507697, -7.318632536427613 ], [ 109.723818887734879, -7.320199776442165 ], [ 109.724388651900568, -7.320400310707158 ], [ 109.72544817537532, -7.320385227231976 ], [ 109.725753597430781, -7.320485642035959 ], [ 109.726007183097963, -7.320902373704532 ], [ 109.725501939844619, -7.321099863896666 ], [ 109.724423274114372, -7.320780255422392 ], [ 109.723226906090133, -7.320930665891616 ], [ 109.721671353045721, -7.320582573303177 ], [ 109.7192165708245, -7.321190530343286 ], [ 109.718093604177184, -7.32103362409558 ], [ 109.717832021926156, -7.321222756922073 ], [ 109.717599745359934, -7.320905632723941 ], [ 109.716152560141339, -7.320458370773424 ], [ 109.715329966586879, -7.320365516464433 ], [ 109.714520190290912, -7.319865817155534 ], [ 109.711422555295698, -7.320291059666056 ], [ 109.710573378319054, -7.320795058278508 ], [ 109.710177196867647, -7.32124610228354 ], [ 109.709868005025655, -7.321679311546762 ], [ 109.709677408805618, -7.322402287258797 ], [ 109.709839116766219, -7.322972472259276 ], [ 109.71063073076418, -7.324385617594962 ], [ 109.710793209890994, -7.324973888277493 ], [ 109.710710257318993, -7.325769506855982 ], [ 109.710181245113475, -7.326437171732417 ], [ 109.709213473235451, -7.326723823159058 ], [ 109.707947491832485, -7.326195677120878 ], [ 109.706666495226841, -7.324374243088118 ], [ 109.705789176058232, -7.323910411050751 ], [ 109.703549913557282, -7.323126286380006 ], [ 109.700413973654236, -7.321245243503323 ], [ 109.699090180671746, -7.320933911457232 ], [ 109.697239137443091, -7.320783801677071 ], [ 109.694345816645978, -7.320938262485159 ], [ 109.692540062455194, -7.321267656117652 ], [ 109.692324900523147, -7.318364011411972 ], [ 109.691327676697128, -7.312844591954675 ], [ 109.698228160394862, -7.311589418519512 ] ] ] } },
{ "type": "Feature", "properties": { "DESA": "Prendengan" }, "geometry": { "type": "Polygon", "coordinates": [ [ [ 109.6936626761415, -7.295370114337374 ], [ 109.695035736186554, -7.294270811226697 ], [ 109.698259933575656, -7.299733360989249 ], [ 109.699298842534247, -7.301843531264729 ], [ 109.699121829685396, -7.302259031389138 ], [ 109.699430118160933, -7.30254925527595 ], [ 109.700299271720468, -7.302669391787544 ], [ 109.70072375754809, -7.302887615633399 ], [ 109.700837301246594, -7.303656671192146 ], [ 109.701875868506818, -7.305296576836068 ], [ 109.702690651407195, -7.305651548293779 ], [ 109.703045921222696, -7.306900601927629 ], [ 109.703596926455319, -7.307924174503854 ], [ 109.703711922397432, -7.308476142055341 ], [ 109.703533745764702, -7.309606029136749 ], [ 109.703924132891757, -7.310773808063673 ], [ 109.703080675778054, -7.311241643859877 ], [ 109.69863115879717, -7.311518248166191 ], [ 109.691327676697128, -7.312844591954675 ], [ 109.68938498000432, -7.308895953931939 ], [ 109.688293671691326, -7.307301081353246 ], [ 109.68654438967161, -7.305089367143032 ], [ 109.682609651762903, -7.301451461013474 ], [ 109.683433772040289, -7.301490031924367 ], [ 109.683749852368365, -7.30112919598266 ], [ 109.685033498411229, -7.300355261323154 ], [ 109.685582443247711, -7.300302519193433 ], [ 109.686394788079156, -7.300485807553131 ], [ 109.686807539749097, -7.299781575436252 ], [ 109.687642325510311, -7.299747835645355 ], [ 109.688904818958108, -7.299335494573953 ], [ 109.690935550643474, -7.297605016662224 ], [ 109.692558473305994, -7.297139457886106 ], [ 109.6936626761415, -7.295370114337374 ] ] ] } },
{ "type": "Feature", "properties": { "DESA": "Majatengah" }, "geometry": { "type": "Polygon", "coordinates": [ [ [ 109.672917158566094, -7.292913167648776 ], [ 109.675107499353771, -7.291870581239432 ], [ 109.67801090562439, -7.28973575543281 ], [ 109.678985867492614, -7.288906590647117 ], [ 109.680998265351107, -7.286669677265006 ], [ 109.682980812097298, -7.284776338719187 ], [ 109.683727207571778, -7.284362502739818 ], [ 109.684503290120361, -7.284165752142059 ], [ 109.686924178180007, -7.28412757530887 ], [ 109.687975125606371, -7.284510465718433 ], [ 109.688906392017373, -7.285164258346027 ], [ 109.691270723635498, -7.287169774413596 ], [ 109.691853252377456, -7.287840636845117 ], [ 109.692558512378312, -7.289018370612842 ], [ 109.695035736186554, -7.294270811226697 ], [ 109.6936626761415, -7.295370114337374 ], [ 109.692558473305994, -7.297139457886106 ], [ 109.690935550643474, -7.297605016662224 ], [ 109.688904818958108, -7.299335494573953 ], [ 109.687642325510311, -7.299747835645355 ], [ 109.686807539749097, -7.299781575436252 ], [ 109.686394788079156, -7.300485807553131 ], [ 109.685582443247711, -7.300302519193433 ], [ 109.685033498411229, -7.300355261323154 ], [ 109.683749852368365, -7.30112919598266 ], [ 109.683433772040289, -7.301490031924367 ], [ 109.682609651762903, -7.301451461013474 ], [ 109.672917158566094, -7.292913167648776 ] ] ] } },
{ "type": "Feature", "properties": { "DESA": "Sijenggung" }, "geometry": { "type": "Polygon", "coordinates": [ [ [ 109.660298791149998, -7.287205680613583 ], [ 109.664444319585769, -7.286060432690309 ], [ 109.666662689888838, -7.28588605372817 ], [ 109.667538940529582, -7.285988093436846 ], [ 109.668313248687113, -7.286596343624024 ], [ 109.669168662634519, -7.288091002041681 ], [ 109.670392006043542, -7.291042807120776 ], [ 109.671573586533682, -7.29261075594596 ], [ 109.671999117287385, -7.292946637629066 ], [ 109.670473291090786, -7.293412407150216 ], [ 109.669725340062655, -7.293762920253731 ], [ 109.66947642917664, -7.294087776658619 ], [ 109.670563406278575, -7.298558448052117 ], [ 109.670529140353878, -7.300475535338989 ], [ 109.670001862343696, -7.301233660339955 ], [ 109.668621523980448, -7.302269559594146 ], [ 109.668020002303564, -7.303154045002499 ], [ 109.667629464774038, -7.307719815454126 ], [ 109.667152040885483, -7.308459998551672 ], [ 109.666268046481804, -7.308864348409581 ], [ 109.665056619834445, -7.308842680956881 ], [ 109.664367682875167, -7.308198506094286 ], [ 109.663844419381974, -7.308151748217783 ], [ 109.66290891753188, -7.308546896866706 ], [ 109.662052947856822, -7.308191645545063 ], [ 109.661513677138856, -7.308479467093957 ], [ 109.660787740550788, -7.308549644891022 ], [ 109.660075764604514, -7.308972575515443 ], [ 109.65890145979948, -7.308951001806967 ], [ 109.658251603690331, -7.308478815914881 ], [ 109.657640822866142, -7.308377541013219 ], [ 109.656395495749578, -7.307505660283709 ], [ 109.655678103095582, -7.306617267314075 ], [ 109.656263020791542, -7.306374796860656 ], [ 109.656664663445042, -7.305905740302733 ], [ 109.65712761611627, -7.302886596356037 ], [ 109.657066047051117, -7.301719867863518 ], [ 109.656539888562293, -7.298091903741674 ], [ 109.655972415288275, -7.29562132065982 ], [ 109.655231063717366, -7.292806640262802 ], [ 109.654003977499698, -7.290017638945081 ], [ 109.660298791149998, -7.287205680613583 ] ] ] } },
{ "type": "Feature", "properties": { "DESA": "Tapen" }, "geometry": { "type": "Polygon", "coordinates": [ [ [ 109.606170057290058, -7.381371980871161 ], [ 109.606912701707245, -7.382061622789836 ], [ 109.609047773775941, -7.385405269354242 ], [ 109.610635420917035, -7.387191727518919 ], [ 109.61121458463532, -7.387636648363923 ], [ 109.608463835965281, -7.389997371870713 ], [ 109.605272487977885, -7.394237659807924 ], [ 109.604857011186283, -7.394570980695229 ], [ 109.602214278121394, -7.394960613418089 ], [ 109.601669929889042, -7.395203113250348 ], [ 109.600807023118207, -7.397189862977765 ], [ 109.599014230877771, -7.398613033635283 ], [ 109.598482726359336, -7.399470469804169 ], [ 109.598524875182207, -7.400103676486956 ], [ 109.598919929161411, -7.400611324080209 ], [ 109.599028237901024, -7.401181359144852 ], [ 109.598674750465079, -7.401514867058368 ], [ 109.597793448154889, -7.40151209379881 ], [ 109.596650358473937, -7.400694594072043 ], [ 109.595614191552073, -7.400790783485954 ], [ 109.594479309369959, -7.396744921710565 ], [ 109.593956596159671, -7.395531465479557 ], [ 109.591781005487604, -7.393028745163816 ], [ 109.589766802034518, -7.391792491947152 ], [ 109.591150562752006, -7.390621223579108 ], [ 109.592618338475745, -7.388934859601253 ], [ 109.594417077476464, -7.387511638985595 ], [ 109.5975072367997, -7.385902690795303 ], [ 109.60306336303357, -7.384482175970636 ], [ 109.604498125629505, -7.383537139123094 ], [ 109.606170057290058, -7.381371980871161 ] ] ] } },
{ "type": "Feature", "properties": { "DESA": "Kasilip" }, "geometry": { "type": "Polygon", "coordinates": [ [ [ 109.598847353286772, -7.375018864185711 ], [ 109.603539960122546, -7.371967893599926 ], [ 109.604692654883024, -7.371419877782402 ], [ 109.606075653758197, -7.374996255221447 ], [ 109.606112719416132, -7.375349074658719 ], [ 109.605497214342265, -7.378096273139828 ], [ 109.605421134299903, -7.379253601859082 ], [ 109.605568504991979, -7.380185503436374 ], [ 109.606170057290058, -7.381371980871161 ], [ 109.604498125629505, -7.383537139123094 ], [ 109.60306336303357, -7.384482175970636 ], [ 109.5975072367997, -7.385902690795303 ], [ 109.594417077476464, -7.387511638985595 ], [ 109.592618338475745, -7.388934859601253 ], [ 109.591150562752006, -7.390621223579108 ], [ 109.589766802034518, -7.391792491947152 ], [ 109.585666963415136, -7.385955745543344 ], [ 109.584238818441264, -7.384621878204942 ], [ 109.584094939808722, -7.384015565484741 ], [ 109.58436312249701, -7.383727004321415 ], [ 109.584727057943994, -7.383746240589392 ], [ 109.586544455646077, -7.38481905084885 ], [ 109.586981577352432, -7.384820434575758 ], [ 109.587589488043591, -7.384505912831424 ], [ 109.588319264381639, -7.382202146847838 ], [ 109.590794732411482, -7.380518968536178 ], [ 109.592649328967511, -7.377884207969855 ], [ 109.594523099890225, -7.377166618493912 ], [ 109.596398273098615, -7.375978784654603 ], [ 109.598847353286772, -7.375018864185711 ] ] ] } },
{ "type": "Feature", "properties": { "DESA": "Karangjambe" }, "geometry": { "type": "Polygon", "coordinates": [ [ [ 109.614689379442055, -7.366676097819416 ], [ 109.615765616444563, -7.366760891129016 ], [ 109.616442071302828, -7.367260351061164 ], [ 109.617254590555376, -7.368420344406521 ], [ 109.617889753022737, -7.368892551004781 ], [ 109.618470931928627, -7.368876263205285 ], [ 109.619025099327715, -7.368633855743488 ], [ 109.620827368956668, -7.367490882456655 ], [ 109.622294421371734, -7.369919048224894 ], [ 109.622561517874658, -7.370769855911392 ], [ 109.623643836999506, -7.372663300072936 ], [ 109.624364987660613, -7.374998662410669 ], [ 109.624272106643957, -7.377403851022015 ], [ 109.623523648119473, -7.383442489411434 ], [ 109.620695104611215, -7.383768384177802 ], [ 109.616234794307502, -7.384957271311812 ], [ 109.613526854833097, -7.38610643937912 ], [ 109.61121458463532, -7.387636648363923 ], [ 109.610635420917035, -7.387191727518919 ], [ 109.608405713359346, -7.384580322354169 ], [ 109.606912701707245, -7.382061622789836 ], [ 109.606170057290058, -7.381371980871161 ], [ 109.605568504991979, -7.380185503436374 ], [ 109.605421134299903, -7.379253601859082 ], [ 109.605497214342265, -7.378096273139828 ], [ 109.606112719416132, -7.375349074658719 ], [ 109.604692654883024, -7.371419877782402 ], [ 109.608360355398474, -7.369740205491365 ], [ 109.610024439057696, -7.369419889295452 ], [ 109.610873984746078, -7.368879863829669 ], [ 109.611949114447413, -7.367689555815608 ], [ 109.6131821522645, -7.36716879705383 ], [ 109.613885985140044, -7.367125770724261 ], [ 109.614689379442055, -7.366676097819416 ] ] ] } },
{ "type": "Feature", "properties": { "DESA": "Wanadadi" }, "geometry": { "type": "Polygon", "coordinates": [ [ [ 109.625164051622619, -7.36575886720654 ], [ 109.627211067643117, -7.36546678246233 ], [ 109.629299205781379, -7.364577896575817 ], [ 109.630152698818492, -7.367438153954227 ], [ 109.630926192948564, -7.368598099921808 ], [ 109.631140109119698, -7.369258871850842 ], [ 109.630400204150106, -7.370902515098186 ], [ 109.627556962022425, -7.375686763176939 ], [ 109.627329645330988, -7.376952048810363 ], [ 109.62561042015345, -7.381115773613275 ], [ 109.625000268693384, -7.38334758299765 ], [ 109.623523648119473, -7.383442489411434 ], [ 109.624272106643957, -7.377403851022015 ], [ 109.624364987660613, -7.374998662410669 ], [ 109.623643836999506, -7.372663300072936 ], [ 109.622561517874658, -7.370769855911392 ], [ 109.622294421371734, -7.369919048224894 ], [ 109.620827368956668, -7.367490882456655 ], [ 109.623446130313695, -7.366296163646664 ], [ 109.625164051622619, -7.36575886720654 ] ] ] } },
{ "type": "Feature", "properties": { "DESA": "Wanakarsa" }, "geometry": { "type": "Polygon", "coordinates": [ [ [ 109.629899161336141, -7.36399185733054 ], [ 109.630817131308177, -7.364293124560963 ], [ 109.632472878064718, -7.364370517363421 ], [ 109.634074073156185, -7.363968448938156 ], [ 109.634749701050396, -7.363988592785363 ], [ 109.635641360780596, -7.363711025082583 ], [ 109.636028087773695, -7.363431826991969 ], [ 109.636524795432663, -7.363460464397336 ], [ 109.63693460444307, -7.363669666484167 ], [ 109.637214872550032, -7.364032269694978 ], [ 109.637757709490145, -7.364169634598603 ], [ 109.639488323676517, -7.363849313053068 ], [ 109.639081341296261, -7.369274058349736 ], [ 109.638967407330853, -7.372755410015871 ], [ 109.639144942756289, -7.374962526697892 ], [ 109.638951164195973, -7.380198044923673 ], [ 109.638572211174932, -7.381471920860297 ], [ 109.637497021356353, -7.38202939511753 ], [ 109.635974113448839, -7.383480695739829 ], [ 109.635475794365263, -7.383678085701145 ], [ 109.634716291615049, -7.383766269217448 ], [ 109.633852655014465, -7.383636956681623 ], [ 109.631630132842233, -7.382626368145282 ], [ 109.630724920068928, -7.382415640000646 ], [ 109.62888154778787, -7.3825546475485 ], [ 109.625000268693384, -7.38334758299765 ], [ 109.62561042015345, -7.381115773613275 ], [ 109.627329645330988, -7.376952048810363 ], [ 109.627556962022425, -7.375686763176939 ], [ 109.631072959530002, -7.369647539795404 ], [ 109.631140109119698, -7.369258871850842 ], [ 109.630926192948564, -7.368598099921808 ], [ 109.630152698818492, -7.367438153954227 ], [ 109.629299205781379, -7.364577896575817 ], [ 109.629899161336141, -7.36399185733054 ] ] ] } },
{ "type": "Feature", "properties": { "DESA": "Karangkemiri" }, "geometry": { "type": "Polygon", "coordinates": [ [ [ 109.63921707144948, -7.36682368347591 ], [ 109.64263036530015, -7.367042094509944 ], [ 109.643829675648846, -7.367362274004405 ], [ 109.646148036316134, -7.368951831484408 ], [ 109.649221638293284, -7.371710289856054 ], [ 109.652563842377134, -7.373348211198422 ], [ 109.651858894079567, -7.374223296401474 ], [ 109.651481869309904, -7.37588616387425 ], [ 109.650481319697406, -7.376199688229541 ], [ 109.650111091899035, -7.376849650947036 ], [ 109.649259648600108, -7.377380619031087 ], [ 109.649203791032548, -7.377769326320871 ], [ 109.649493573283721, -7.378276618219559 ], [ 109.649510246519682, -7.378665544768639 ], [ 109.64601365466514, -7.380210465114899 ], [ 109.645543833238818, -7.380814912709267 ], [ 109.645104872785424, -7.380605536277926 ], [ 109.644034103582214, -7.380548038177791 ], [ 109.642017197557308, -7.380985035278072 ], [ 109.639345802455097, -7.381221116427866 ], [ 109.638572211174932, -7.381471920860297 ], [ 109.638951164195973, -7.380198044923673 ], [ 109.639144942756289, -7.374962526697892 ], [ 109.638967407330853, -7.372755410015871 ], [ 109.63921707144948, -7.36682368347591 ] ] ] } },
{ "type": "Feature", "properties": { "DESA": "Gumingsari" }, "geometry": { "type": "Polygon", "coordinates": [ [ [ 109.673951290259609, -7.378802040141122 ], [ 109.673775237566318, -7.38030278746263 ], [ 109.673455272200258, -7.380889632764916 ], [ 109.67047724778368, -7.382942716428296 ], [ 109.6690869080943, -7.384105121808796 ], [ 109.666962739165342, -7.384985041642733 ], [ 109.663127290065901, -7.38595928544813 ], [ 109.663056212244996, -7.385027609515737 ], [ 109.662729909432016, -7.384610629403764 ], [ 109.662351134223982, -7.384428663265771 ], [ 109.660792292449585, -7.384659070987273 ], [ 109.659746178581315, -7.384221936795003 ], [ 109.659208988716401, -7.384256490200945 ], [ 109.658734778890462, -7.385304067669173 ], [ 109.658311919033991, -7.385745923758342 ], [ 109.655008615778272, -7.383655975437575 ], [ 109.654173608419981, -7.382577334923694 ], [ 109.653800626305198, -7.382359123307049 ], [ 109.654678178678012, -7.381891516872559 ], [ 109.655820241179171, -7.380556534783268 ], [ 109.657210318128364, -7.379312709509713 ], [ 109.657841963611588, -7.378916778885381 ], [ 109.659130374562324, -7.378513686538489 ], [ 109.6698786139373, -7.378165973705409 ], [ 109.671727042498119, -7.378234763314571 ], [ 109.673951290259609, -7.378802040141122 ] ] ] } },
{ "type": "Feature", "properties": { "DESA": "Linggasari" }, "geometry": { "type": "Polygon", "coordinates": [ [ [ 109.660052434909829, -7.364553375884154 ], [ 109.661974570935016, -7.36483046300618 ], [ 109.665074592486704, -7.365581309691191 ], [ 109.668713016862057, -7.367590702124237 ], [ 109.669377166409177, -7.367683093593239 ], [ 109.669249280363658, -7.368035426253047 ], [ 109.669913571762805, -7.369032158912299 ], [ 109.671857960692549, -7.370475822975114 ], [ 109.673787801492296, -7.372570614916772 ], [ 109.674197532191741, -7.373946427283066 ], [ 109.673951290259609, -7.378802040141122 ], [ 109.671727042498119, -7.378234763314571 ], [ 109.6698786139373, -7.378165973705409 ], [ 109.659130374562324, -7.378513686538489 ], [ 109.657841963611588, -7.378916778885381 ], [ 109.657210318128364, -7.379312709509713 ], [ 109.655820241179171, -7.380556534783268 ], [ 109.654678178678012, -7.381891516872559 ], [ 109.653800626305198, -7.382359123307049 ], [ 109.6534415138985, -7.382321874508411 ], [ 109.651777548249314, -7.382759979989147 ], [ 109.648321057951179, -7.382749531351325 ], [ 109.647360639963864, -7.382240207841236 ], [ 109.645543833238818, -7.380814912709267 ], [ 109.64601365466514, -7.380210465114899 ], [ 109.649510246519682, -7.378665544768639 ], [ 109.649493573283721, -7.378276618219559 ], [ 109.649203791032548, -7.377769326320871 ], [ 109.649259648600108, -7.377380619031087 ], [ 109.650111091899035, -7.376849650947036 ], [ 109.650481319697406, -7.376199688229541 ], [ 109.651481869309904, -7.37588616387425 ], [ 109.651858894079567, -7.374223296401474 ], [ 109.652115220724511, -7.373789984930044 ], [ 109.653484503040517, -7.372500898578482 ], [ 109.65451846526571, -7.371780596395206 ], [ 109.654539782881599, -7.371201820516108 ], [ 109.654832981630605, -7.370949539004779 ], [ 109.654594325365849, -7.370677484266671 ], [ 109.654724844884996, -7.370298041290105 ], [ 109.654380049072799, -7.368886251171747 ], [ 109.654745213306498, -7.368028221081446 ], [ 109.658074931690834, -7.366121046266448 ], [ 109.660052434909829, -7.364553375884154 ] ] ] } },
{ "type": "Feature", "properties": { "DESA": "Medayu" }, "geometry": { "type": "Polygon", "coordinates": [ [ [ 109.657552523956099, -7.35242774698075 ], [ 109.657806384290367, -7.351017750959147 ], [ 109.657101571500618, -7.348085540258825 ], [ 109.657256421379998, -7.347434920393609 ], [ 109.657440597879699, -7.34699234422309 ], [ 109.658196913028391, -7.346153559500074 ], [ 109.659207919009816, -7.345541573339278 ], [ 109.660421571019413, -7.345301074912514 ], [ 109.660971913132514, -7.346595934789233 ], [ 109.663864485895985, -7.350538463382583 ], [ 109.667970841666218, -7.354095710791494 ], [ 109.672352247825515, -7.355456181077487 ], [ 109.673864914608814, -7.356428294035014 ], [ 109.674905902635473, -7.357824055300635 ], [ 109.675207842739809, -7.358521334415112 ], [ 109.675504789632342, -7.359869686436339 ], [ 109.675394058911067, -7.360258149039782 ], [ 109.674923973055726, -7.3605190562094 ], [ 109.673390555301637, -7.360894355566254 ], [ 109.672963943172078, -7.360802675532301 ], [ 109.672474811528701, -7.361162981136802 ], [ 109.672349093671258, -7.361641904608755 ], [ 109.671679172622291, -7.36178458387248 ], [ 109.671171502488917, -7.362199082351549 ], [ 109.670857898128233, -7.363238117789443 ], [ 109.670838254532597, -7.363563647896496 ], [ 109.671101189116939, -7.363862892026509 ], [ 109.671581069834261, -7.364027065246487 ], [ 109.671870015208782, -7.364923223209432 ], [ 109.672317722171712, -7.364779885476923 ], [ 109.672851465940326, -7.364917092481085 ], [ 109.67326448103853, -7.36548802922656 ], [ 109.672627706239695, -7.365911187708952 ], [ 109.672533713880128, -7.366471579569049 ], [ 109.671663044578239, -7.366649918882333 ], [ 109.671665479512541, -7.367337179101346 ], [ 109.670975923725791, -7.367724011340263 ], [ 109.670148373719968, -7.367368929984925 ], [ 109.669774969364354, -7.367367820141254 ], [ 109.669377166409177, -7.367683093593239 ], [ 109.668713016862057, -7.367590702124237 ], [ 109.665074592486704, -7.365581309691191 ], [ 109.661974570935016, -7.36483046300618 ], [ 109.660052434909829, -7.364553375884154 ], [ 109.66131150973159, -7.362983637205791 ], [ 109.662790843824467, -7.36061862045046 ], [ 109.662905386217261, -7.359235328779056 ], [ 109.662750055607717, -7.358375733804567 ], [ 109.660509559805874, -7.356641738021652 ], [ 109.660148624078772, -7.356098074047332 ], [ 109.659667476523836, -7.354468880675872 ], [ 109.659142726568376, -7.353581056325256 ], [ 109.658085071085623, -7.352682595490193 ], [ 109.657552523956099, -7.35242774698075 ] ] ] } },
{ "type": "Feature", "properties": { "DESA": "Kandangwangi" }, "geometry": { "type": "Polygon", "coordinates": [ [ [ 109.653890374395615, -7.352254019484004 ], [ 109.655833353522453, -7.351889053891361 ], [ 109.656893312061726, -7.352118269157443 ], [ 109.658085071085623, -7.352682595490193 ], [ 109.659142726568376, -7.353581056325256 ], [ 109.659667476523836, -7.354468880675872 ], [ 109.660148624078772, -7.356098074047332 ], [ 109.660509559805874, -7.356641738021652 ], [ 109.662750055607717, -7.358375733804567 ], [ 109.662883398331445, -7.359967812306431 ], [ 109.662492776769341, -7.361277946790127 ], [ 109.660052434909829, -7.364553375884154 ], [ 109.658074931690834, -7.366121046266448 ], [ 109.654745213306498, -7.368028221081446 ], [ 109.654380049072799, -7.368886251171747 ], [ 109.654724844884996, -7.370298041290105 ], [ 109.654594325365849, -7.370677484266671 ], [ 109.654832981630605, -7.370949539004779 ], [ 109.654539782881599, -7.371201820516108 ], [ 109.65451846526571, -7.371780596395206 ], [ 109.652563842377134, -7.373348211198422 ], [ 109.649221638293284, -7.371710289856054 ], [ 109.646148036316134, -7.368951831484408 ], [ 109.643829675648846, -7.367362274004405 ], [ 109.64263036530015, -7.367042094509944 ], [ 109.63921707144948, -7.36682368347591 ], [ 109.639286090235132, -7.365648317981768 ], [ 109.639488323676517, -7.363849313053068 ], [ 109.640746728642227, -7.364260093523765 ], [ 109.641494450981838, -7.364325653736184 ], [ 109.643183675563805, -7.36334507116337 ], [ 109.64418004651661, -7.361693130515495 ], [ 109.644581729367061, -7.361332595350906 ], [ 109.644675401114938, -7.360962086192377 ], [ 109.647570278646981, -7.358493006252824 ], [ 109.647567664675179, -7.357950325758814 ], [ 109.647286520909319, -7.35730743807744 ], [ 109.646522595461022, -7.356626835925558 ], [ 109.646535425719463, -7.356238089038346 ], [ 109.647291206634151, -7.355390286360646 ], [ 109.648893715552816, -7.352664033690326 ], [ 109.649936657009604, -7.352269257125994 ], [ 109.653890374395615, -7.352254019484004 ] ] ] } },
{ "type": "Feature", "properties": { "DESA": "Lemahjaya" }, "geometry": { "type": "Polygon", "coordinates": [ [ [ 109.648843458912978, -7.328608410749001 ], [ 109.650918443865208, -7.327999723005042 ], [ 109.65241086599768, -7.328130778196453 ], [ 109.653008321219801, -7.328250198349609 ], [ 109.653760125411665, -7.328903531966844 ], [ 109.654383207607083, -7.328995812129956 ], [ 109.655030897976189, -7.32944991817906 ], [ 109.657573844055122, -7.33199874101808 ], [ 109.659083536081255, -7.334426841874232 ], [ 109.659876944638725, -7.335360762548473 ], [ 109.660373342512145, -7.337008082121853 ], [ 109.660878583404795, -7.337597472157228 ], [ 109.661017792583067, -7.33807718154338 ], [ 109.660808350379924, -7.340626736144049 ], [ 109.660165444780901, -7.343582048442168 ], [ 109.660421571019413, -7.345301074912514 ], [ 109.659207919009816, -7.345541573339278 ], [ 109.658196913028391, -7.346153559500074 ], [ 109.657440597879699, -7.34699234422309 ], [ 109.657101571500618, -7.348085540258825 ], [ 109.657308510164839, -7.349316084185985 ], [ 109.657766355522398, -7.350592586986417 ], [ 109.657765962180775, -7.351469798846449 ], [ 109.657552523956099, -7.35242774698075 ], [ 109.655833353522453, -7.351889053891361 ], [ 109.653890374395615, -7.352254019484004 ], [ 109.649936657009604, -7.352269257125994 ], [ 109.648893715552816, -7.352664033690326 ], [ 109.647291206634151, -7.355390286360646 ], [ 109.646535425719463, -7.356238089038346 ], [ 109.646522595461022, -7.356626835925558 ], [ 109.647286520909319, -7.35730743807744 ], [ 109.647567664675179, -7.357950325758814 ], [ 109.647570278646981, -7.358493006252824 ], [ 109.644675401114938, -7.360962086192377 ], [ 109.644581729367061, -7.361332595350906 ], [ 109.64418004651661, -7.361693130515495 ], [ 109.643183675563805, -7.36334507116337 ], [ 109.641494450981838, -7.364325653736184 ], [ 109.640746728642227, -7.364260093523765 ], [ 109.639488323676517, -7.363849313053068 ], [ 109.637757709490145, -7.364169634598603 ], [ 109.637214872550032, -7.364032269694978 ], [ 109.63693460444307, -7.363669666484167 ], [ 109.636524795432663, -7.363460464397336 ], [ 109.636028087773695, -7.363431826991969 ], [ 109.635641360780596, -7.363711025082583 ], [ 109.634749701050396, -7.363988592785363 ], [ 109.634074073156185, -7.363968448938156 ], [ 109.632472878064718, -7.364370517363421 ], [ 109.630817131308177, -7.364293124560963 ], [ 109.629899161336141, -7.36399185733054 ], [ 109.631126806137729, -7.362177916091476 ], [ 109.631284791027738, -7.361518281381094 ], [ 109.631177440228328, -7.358307508427754 ], [ 109.631511311332829, -7.357530871438748 ], [ 109.632331361460146, -7.357144501472351 ], [ 109.63313132024409, -7.357074610580304 ], [ 109.634456559340293, -7.357286605211013 ], [ 109.636058091251641, -7.35666752995838 ], [ 109.636970762859178, -7.356010097201535 ], [ 109.638814706540458, -7.354152791134409 ], [ 109.639424035174159, -7.353349766489179 ], [ 109.640036247048371, -7.351696667088738 ], [ 109.641255061216285, -7.350796030109258 ], [ 109.641420385209685, -7.350516244153357 ], [ 109.641647875371817, -7.349983393652285 ], [ 109.641608793032248, -7.349350188679708 ], [ 109.641137387181402, -7.34891467797113 ], [ 109.640129338645835, -7.349110626773233 ], [ 109.639884867951935, -7.348522006913734 ], [ 109.639849838478625, -7.346532407832013 ], [ 109.640056764021381, -7.346080869252712 ], [ 109.641229918528936, -7.345550883385711 ], [ 109.641703651289333, -7.345145358936722 ], [ 109.642371881145507, -7.343582836889091 ], [ 109.643394447251993, -7.34315184492712 ], [ 109.643663960157781, -7.342872372126446 ], [ 109.643916827659368, -7.34219484101182 ], [ 109.643813442932213, -7.340892278296421 ], [ 109.644118797991922, -7.340640037714075 ], [ 109.644155705315896, -7.340242231678407 ], [ 109.643609167539992, -7.338449998260286 ], [ 109.643651193777899, -7.337545792027603 ], [ 109.643868920091933, -7.337076199636426 ], [ 109.644519752809373, -7.336589740357752 ], [ 109.645149348646186, -7.336555473123362 ], [ 109.645875820043727, -7.337064079258896 ], [ 109.646367805012744, -7.336966104919615 ], [ 109.646624458005519, -7.336713715124088 ], [ 109.646685390511379, -7.336026561191693 ], [ 109.646294431471844, -7.335220506264117 ], [ 109.646945593782291, -7.334598510835937 ], [ 109.647281816081033, -7.333966434456448 ], [ 109.647116422087635, -7.331650850978503 ], [ 109.648324703410523, -7.330478903669349 ], [ 109.648549006158206, -7.330054534855464 ], [ 109.648843458912978, -7.328608410749001 ] ] ] } },
{ "type": "Feature", "properties": { "DESA": "Situwangi" }, "geometry": { "type": "Polygon", "coordinates": [ [ [ 109.506743222314398, -7.4269520332528 ], [ 109.507927246763373, -7.426440588395136 ], [ 109.508506380143331, -7.426957960153231 ], [ 109.510337552787249, -7.42710876396454 ], [ 109.513273122873684, -7.426413316695868 ], [ 109.518219819879718, -7.4268276579807 ], [ 109.517132907874498, -7.431083247320722 ], [ 109.518667538175052, -7.431947450230001 ], [ 109.518586099237211, -7.433511544483202 ], [ 109.517311540494504, -7.433950385697706 ], [ 109.516510030751704, -7.434535551686312 ], [ 109.516462270051107, -7.438903099645087 ], [ 109.514980257161596, -7.440136934113227 ], [ 109.514990937008335, -7.443446696795672 ], [ 109.515864352811761, -7.443521951756138 ], [ 109.515804512931254, -7.444832966897915 ], [ 109.514964102820457, -7.44493864182944 ], [ 109.514054076181168, -7.445396770487434 ], [ 109.51381389946836, -7.445685366597388 ], [ 109.513680800844568, -7.446010485853531 ], [ 109.513719109305057, -7.447168041530688 ], [ 109.513148898667737, -7.447518815927748 ], [ 109.512884389664507, -7.44813280483178 ], [ 109.512613419674608, -7.450573501928083 ], [ 109.512132097049019, -7.450571884087938 ], [ 109.510888586686619, -7.449410186025527 ], [ 109.507749002257256, -7.448025115630457 ], [ 109.508114490240118, -7.440900620370331 ], [ 109.508403191166096, -7.43942764322806 ], [ 109.508356330966876, -7.438704027263507 ], [ 109.508042535537825, -7.438495028967873 ], [ 109.506834197068713, -7.435072753202604 ], [ 109.506686901851666, -7.434249348792945 ], [ 109.506715904226269, -7.431789852240211 ], [ 109.506960570999794, -7.430081571522012 ], [ 109.506743222314398, -7.4269520332528 ] ] ] } },
{ "type": "Feature", "properties": { "DESA": "Gelang" }, "geometry": { "type": "Polygon", "coordinates": [ [ [ 109.518219819879718, -7.4268276579807 ], [ 109.518501074915932, -7.426358373509676 ], [ 109.519518578450359, -7.425936749274291 ], [ 109.519858437397346, -7.425567200552329 ], [ 109.520980369173913, -7.427090102044339 ], [ 109.522191935238141, -7.427790476649773 ], [ 109.523541129214152, -7.428238067164262 ], [ 109.524122391388019, -7.428818716824404 ], [ 109.524268790003148, -7.429316550942259 ], [ 109.524379018070292, -7.433377155717517 ], [ 109.524140686146538, -7.439199962691693 ], [ 109.524692402804874, -7.44194177467048 ], [ 109.524525981092182, -7.442248705989927 ], [ 109.524524258224972, -7.442764129432174 ], [ 109.52470603603652, -7.444880788145839 ], [ 109.524371445963212, -7.446127606816977 ], [ 109.523661283482326, -7.446667791843316 ], [ 109.52165399311653, -7.446923374896835 ], [ 109.519813540426625, -7.446727274791781 ], [ 109.519270211194367, -7.446815868340558 ], [ 109.518509906202766, -7.447536786484125 ], [ 109.518481288323841, -7.449562327851991 ], [ 109.518392472494398, -7.449959834753058 ], [ 109.517932020786972, -7.450238654688 ], [ 109.517385233257016, -7.450110249420939 ], [ 109.515247878610793, -7.448032245594183 ], [ 109.514068871569748, -7.447214420376863 ], [ 109.513719109305057, -7.447168041530688 ], [ 109.513680800844568, -7.446010485853531 ], [ 109.514054076181168, -7.445396770487434 ], [ 109.514964102820457, -7.44493864182944 ], [ 109.515804512931254, -7.444832966897915 ], [ 109.515864352811761, -7.443521951756138 ], [ 109.514990937008335, -7.443446696795672 ], [ 109.514980257161596, -7.440136934113227 ], [ 109.516462270051107, -7.438903099645087 ], [ 109.516510030751704, -7.434535551686312 ], [ 109.517311540494504, -7.433950385697706 ], [ 109.518586099237211, -7.433511544483202 ], [ 109.518667538175052, -7.431947450230001 ], [ 109.517132907874498, -7.431083247320722 ], [ 109.518219819879718, -7.4268276579807 ] ] ] } },
{ "type": "Feature", "properties": { "DESA": "Rakit" }, "geometry": { "type": "Polygon", "coordinates": [ [ [ 109.524765446660027, -7.422002555450975 ], [ 109.525548008468334, -7.423081218339383 ], [ 109.526784749836381, -7.423130527147282 ], [ 109.528019776335654, -7.42443680433025 ], [ 109.529637194087755, -7.425545352145717 ], [ 109.53040704786271, -7.426452187574424 ], [ 109.533311840749676, -7.431182226364315 ], [ 109.535093559898741, -7.434479787303844 ], [ 109.535397841171232, -7.435782888071997 ], [ 109.53542850633751, -7.436515497362416 ], [ 109.534789659396978, -7.436576674294017 ], [ 109.533880465973695, -7.437378504996352 ], [ 109.53181240790272, -7.4383753999902 ], [ 109.530296927810099, -7.439799226498964 ], [ 109.529335020690908, -7.441306162454508 ], [ 109.528300835381302, -7.441881446308419 ], [ 109.526674632845385, -7.442047912151338 ], [ 109.525259273633495, -7.441826128326215 ], [ 109.524692402804874, -7.44194177467048 ], [ 109.524140686146538, -7.439199962691693 ], [ 109.524379018070292, -7.433377155717517 ], [ 109.524268790003148, -7.429316550942259 ], [ 109.524122391388019, -7.428818716824404 ], [ 109.523541129214152, -7.428238067164262 ], [ 109.522191935238141, -7.427790476649773 ], [ 109.520980369173913, -7.427090102044339 ], [ 109.519858437397346, -7.425567200552329 ], [ 109.520367616081359, -7.424736942762916 ], [ 109.5205867003436, -7.423914758808027 ], [ 109.521377107993558, -7.423067353694021 ], [ 109.522147602808374, -7.422925261408524 ], [ 109.523675500204718, -7.421818023571542 ], [ 109.524315488867714, -7.421765903633562 ], [ 109.524765446660027, -7.422002555450975 ] ] ] } },
{ "type": "Feature", "properties": { "DESA": "Adipasir" }, "geometry": { "type": "Polygon", "coordinates": [ [ [ 109.529637194087755, -7.425545352145717 ], [ 109.53018243896291, -7.425456746685823 ], [ 109.531012839634414, -7.424935022491569 ], [ 109.532515966134923, -7.424379355493481 ], [ 109.532706053912136, -7.424072496763293 ], [ 109.53206868581654, -7.419413336120875 ], [ 109.532567853971727, -7.418709600261969 ], [ 109.534298429517534, -7.418896132359175 ], [ 109.537794250744952, -7.419811937568022 ], [ 109.540352138911061, -7.419277790263021 ], [ 109.543471119715136, -7.419170488983402 ], [ 109.544893077867442, -7.418596424923526 ], [ 109.546601635933868, -7.417028497596368 ], [ 109.548042526302112, -7.416373113003975 ], [ 109.547415208670984, -7.418758374277001 ], [ 109.547337913642167, -7.420232096955831 ], [ 109.547602714986439, -7.421580362124056 ], [ 109.548106899504816, -7.422712422725245 ], [ 109.549657443337907, -7.423251005428413 ], [ 109.550569292728753, -7.426364766867951 ], [ 109.551440716969623, -7.427751176795775 ], [ 109.551012668156432, -7.428093433557018 ], [ 109.550711336810991, -7.428725419980786 ], [ 109.550576524431008, -7.43081393470726 ], [ 109.550020620247196, -7.430938694453242 ], [ 109.548570420113634, -7.43036427167146 ], [ 109.548228522928042, -7.430426441189272 ], [ 109.546664496427525, -7.431596938823128 ], [ 109.545004990274009, -7.431473965420493 ], [ 109.544209082305727, -7.431751629221771 ], [ 109.543927739819352, -7.432003947532412 ], [ 109.543785690164484, -7.432491791701621 ], [ 109.544247029973633, -7.434428465379092 ], [ 109.544010661458785, -7.435178282497369 ], [ 109.542138945478015, -7.435542909189355 ], [ 109.541646996195283, -7.43586686169815 ], [ 109.540074000210637, -7.437570723858107 ], [ 109.53949431576406, -7.437722603552179 ], [ 109.538689222518784, -7.437520956185621 ], [ 109.538235503051439, -7.437646126076472 ], [ 109.537399516255306, -7.439171583200852 ], [ 109.536616525277566, -7.439919589298865 ], [ 109.536088731137468, -7.439673646798727 ], [ 109.535738498749538, -7.438912949045686 ], [ 109.535769564322607, -7.437158721076551 ], [ 109.53542850633751, -7.436515497362416 ], [ 109.535093559898741, -7.434479787303844 ], [ 109.531140253863185, -7.427485566276186 ], [ 109.529637194087755, -7.425545352145717 ] ] ] } },
{ "type": "Feature", "properties": { "DESA": "Kincang" }, "geometry": { "type": "Polygon", "coordinates": [ [ [ 109.55398813449743, -7.415777511506651 ], [ 109.556818103222469, -7.414357930543054 ], [ 109.558411217299494, -7.412599707110462 ], [ 109.55935625189494, -7.411888334975147 ], [ 109.559737393924451, -7.41123851374636 ], [ 109.56000933814984, -7.410307971506793 ], [ 109.560400844517744, -7.409893253542069 ], [ 109.560799557963591, -7.410364775362147 ], [ 109.561822054523034, -7.411010186804123 ], [ 109.562036222138019, -7.411562482034227 ], [ 109.562367397537116, -7.41454768755149 ], [ 109.563371594877282, -7.415771765163972 ], [ 109.564050699284095, -7.417709226731116 ], [ 109.564450820067449, -7.419501037551473 ], [ 109.564036623242217, -7.420829026089528 ], [ 109.563413440008702, -7.420926464752073 ], [ 109.562386947831271, -7.421619406474679 ], [ 109.562052690513767, -7.422459335804488 ], [ 109.562230504108982, -7.423418457851763 ], [ 109.563522749273119, -7.42432693878354 ], [ 109.563850960024084, -7.425349926084555 ], [ 109.563301453740891, -7.427509444674043 ], [ 109.562605328182116, -7.428556149566247 ], [ 109.562091990413805, -7.428916224651697 ], [ 109.561127849952641, -7.428967347228578 ], [ 109.560827502155732, -7.428704088879236 ], [ 109.560587511862749, -7.428395910648452 ], [ 109.560229735120672, -7.427255290882392 ], [ 109.559356767982933, -7.427044511915554 ], [ 109.558844314276456, -7.427133260424021 ], [ 109.5579674572069, -7.428116081197857 ], [ 109.557456995729453, -7.429769317469717 ], [ 109.557221007434819, -7.430066908744645 ], [ 109.556664989828946, -7.430318343663197 ], [ 109.555959946692823, -7.43036125577571 ], [ 109.555854525531629, -7.429953970180056 ], [ 109.556798917320165, -7.428492102812442 ], [ 109.556842754706153, -7.428175714230862 ], [ 109.556609275385696, -7.427704724255965 ], [ 109.556118609185617, -7.427549428877043 ], [ 109.555155790064944, -7.428043650282457 ], [ 109.554230041041535, -7.430382746639371 ], [ 109.553609304421926, -7.430778624850955 ], [ 109.553224661342583, -7.430822576663942 ], [ 109.55277704930127, -7.430567964938564 ], [ 109.552671439559106, -7.430242048834525 ], [ 109.553102123270506, -7.429094956257607 ], [ 109.553039908014156, -7.428543152998927 ], [ 109.552252415621908, -7.427735742441597 ], [ 109.551440716969623, -7.427751176795775 ], [ 109.550886809303137, -7.427016946216788 ], [ 109.549657443337907, -7.423251005428413 ], [ 109.548106899504816, -7.422712422725245 ], [ 109.547910861816391, -7.42242237535445 ], [ 109.547337913642167, -7.420232096955831 ], [ 109.547415208670984, -7.418758374277001 ], [ 109.548042526302112, -7.416373113003975 ], [ 109.551984133293942, -7.416096561229396 ], [ 109.55398813449743, -7.415777511506651 ] ] ] } },
{ "type": "Feature", "properties": { "DESA": "Tanjunganom" }, "geometry": { "type": "Polygon", "coordinates": [ [ [ 109.568988525598229, -7.409577297911917 ], [ 109.570002516019031, -7.409598640064677 ], [ 109.571562323818057, -7.408907385064618 ], [ 109.572663051318983, -7.407834739062576 ], [ 109.573545952109328, -7.406110331966657 ], [ 109.574727686627128, -7.40537264476017 ], [ 109.57577425130367, -7.405204119733366 ], [ 109.577282031100893, -7.406194707709436 ], [ 109.577772330213108, -7.406368058119434 ], [ 109.578759387664348, -7.406307921663558 ], [ 109.579912408224033, -7.405624284647707 ], [ 109.580235569880855, -7.40459443067405 ], [ 109.581307853400276, -7.405773484102798 ], [ 109.58165941575065, -7.405883099444195 ], [ 109.581312717715733, -7.40726557956688 ], [ 109.581328151150188, -7.40783531884288 ], [ 109.582194978293444, -7.409890900702448 ], [ 109.582200031341372, -7.410343070566159 ], [ 109.581828305397508, -7.410884452245284 ], [ 109.581853031626935, -7.4121686619507 ], [ 109.582363458639946, -7.414132605396735 ], [ 109.581584665140795, -7.414211583920379 ], [ 109.580232956376207, -7.415138700962814 ], [ 109.57711051944365, -7.416132479340258 ], [ 109.575870699334374, -7.417222680630027 ], [ 109.575531470607487, -7.417782331367263 ], [ 109.575246084447087, -7.419183079741956 ], [ 109.574898396407775, -7.419561787275802 ], [ 109.574560459088161, -7.419533579744955 ], [ 109.574054687961919, -7.419034508557866 ], [ 109.573024091589915, -7.417575291622101 ], [ 109.572453665999475, -7.417483047814159 ], [ 109.57145806426945, -7.418239492957257 ], [ 109.570714957988557, -7.419295107550565 ], [ 109.570158144067022, -7.42162640250171 ], [ 109.569583944908302, -7.422700729888972 ], [ 109.569202952171011, -7.422934574416912 ], [ 109.568484527272545, -7.422914177328309 ], [ 109.566882551363292, -7.421661054437892 ], [ 109.566523704772308, -7.421515237502396 ], [ 109.565846682265246, -7.421721090595649 ], [ 109.565399438020734, -7.421629144225177 ], [ 109.564588344501587, -7.420930261949523 ], [ 109.564036623242217, -7.420829026089528 ], [ 109.564450820067449, -7.419501037551473 ], [ 109.564299200740336, -7.41868665936448 ], [ 109.563371594877282, -7.415771765163972 ], [ 109.562367397537116, -7.41454768755149 ], [ 109.562036222138019, -7.411562482034227 ], [ 109.561822054523034, -7.411010186804123 ], [ 109.562614804056224, -7.409665249487751 ], [ 109.563568175051117, -7.409605039714514 ], [ 109.565719331939377, -7.410525321037658 ], [ 109.567650167440419, -7.411897035242291 ], [ 109.569238485842433, -7.410545692783523 ], [ 109.569275904746434, -7.410084620601817 ], [ 109.568988525598229, -7.409577297911917 ] ] ] } },
{ "type": "Feature", "properties": { "DESA": "Luwung" }, "geometry": { "type": "Polygon", "coordinates": [ [ [ 109.591781005487604, -7.393028745163816 ], [ 109.593956596159671, -7.395531465479557 ], [ 109.594479309369959, -7.396744921710565 ], [ 109.595614191552073, -7.400790783485954 ], [ 109.594732401575541, -7.401131663390584 ], [ 109.594533337138984, -7.401411406643254 ], [ 109.594330766138455, -7.402703946903054 ], [ 109.594109693190617, -7.402974488579691 ], [ 109.592239565712774, -7.404225594308 ], [ 109.591807400591591, -7.40435080614377 ], [ 109.591395200844616, -7.406140042201083 ], [ 109.591139917461547, -7.406573307318829 ], [ 109.590555442392997, -7.406625704977101 ], [ 109.589540772009371, -7.406088964324189 ], [ 109.589184971021012, -7.406160167289584 ], [ 109.588496804341176, -7.406872428844416 ], [ 109.586678714199081, -7.411849402365992 ], [ 109.586057272559202, -7.412833108010615 ], [ 109.584790179406454, -7.413606808820067 ], [ 109.583580707568188, -7.413973741105858 ], [ 109.582363458639946, -7.414132605396735 ], [ 109.581853031626935, -7.4121686619507 ], [ 109.581828305397508, -7.410884452245284 ], [ 109.582200031341372, -7.410343070566159 ], [ 109.582194978293444, -7.409890900702448 ], [ 109.581328151150188, -7.40783531884288 ], [ 109.581312717715733, -7.40726557956688 ], [ 109.58165941575065, -7.405883099444195 ], [ 109.581307853400276, -7.405773484102798 ], [ 109.580235569880855, -7.40459443067405 ], [ 109.58040144459487, -7.403717776251933 ], [ 109.580420089863765, -7.401882097644118 ], [ 109.581108720247741, -7.40102519062311 ], [ 109.582515373702165, -7.401590317884145 ], [ 109.58506430855968, -7.400712195185647 ], [ 109.585284861892845, -7.400441657141212 ], [ 109.585872423430231, -7.399159388809756 ], [ 109.586348849034778, -7.398527829596428 ], [ 109.585525656776241, -7.39763899081501 ], [ 109.585075373121825, -7.396606674454043 ], [ 109.58514215898316, -7.395901485510342 ], [ 109.585589295463464, -7.394989553761178 ], [ 109.585969733380011, -7.394638059902743 ], [ 109.587776161443685, -7.394264050860876 ], [ 109.589133061330273, -7.393110788823894 ], [ 109.58959569178576, -7.39298567398585 ], [ 109.590468085749222, -7.39310596913629 ], [ 109.591781005487604, -7.393028745163816 ] ] ] } },
{ "type": "Feature", "properties": { "DESA": "Lengkong" }, "geometry": { "type": "Polygon", "coordinates": [ [ [ 109.585666963415136, -7.385955745543344 ], [ 109.5893121115501, -7.391275609536373 ], [ 109.590517721183531, -7.392364558168485 ], [ 109.591781005487604, -7.393028745163816 ], [ 109.590468085749222, -7.39310596913629 ], [ 109.58959569178576, -7.39298567398585 ], [ 109.589133061330273, -7.393110788823894 ], [ 109.587776161443685, -7.394264050860876 ], [ 109.585969733380011, -7.394638059902743 ], [ 109.585589295463464, -7.394989553761178 ], [ 109.58514215898316, -7.395901485510342 ], [ 109.585075373121825, -7.396606674454043 ], [ 109.585525656776241, -7.39763899081501 ], [ 109.586348849034778, -7.398527829596428 ], [ 109.58506430855968, -7.400712195185647 ], [ 109.582515373702165, -7.401590317884145 ], [ 109.581108720247741, -7.40102519062311 ], [ 109.580420089863765, -7.401882097644118 ], [ 109.58040144459487, -7.403717776251933 ], [ 109.580235569880855, -7.40459443067405 ], [ 109.579912408224033, -7.405624284647707 ], [ 109.579530577229846, -7.405939601036247 ], [ 109.578759387664348, -7.406307921663558 ], [ 109.577772330213108, -7.406368058119434 ], [ 109.57577425130367, -7.405204119733366 ], [ 109.574727686627128, -7.40537264476017 ], [ 109.573545952109328, -7.406110331966657 ], [ 109.572663051318983, -7.407834739062576 ], [ 109.572164215722779, -7.408457164737357 ], [ 109.570852680905929, -7.409321093403794 ], [ 109.570002516019031, -7.409598640064677 ], [ 109.568334262715993, -7.409403410331874 ], [ 109.565759340458271, -7.407948254668733 ], [ 109.565313076306168, -7.406933930361385 ], [ 109.567300756057932, -7.402102289181871 ], [ 109.567558295463442, -7.401253062515698 ], [ 109.567697926185602, -7.399209835164753 ], [ 109.56807629619027, -7.397836514936844 ], [ 109.569777601063805, -7.395409345964721 ], [ 109.567942269973614, -7.392789999617783 ], [ 109.567636284971314, -7.391360233249834 ], [ 109.567258318456183, -7.387859344825203 ], [ 109.567315856630159, -7.387226553828873 ], [ 109.568917693442486, -7.388072707810906 ], [ 109.571128909862949, -7.388757976394472 ], [ 109.57408783933721, -7.391380903702137 ], [ 109.575149653601599, -7.391827408284064 ], [ 109.575891174617325, -7.391874982725401 ], [ 109.576658744990908, -7.391579071481914 ], [ 109.577031583934797, -7.390965274938618 ], [ 109.577551363482826, -7.39076802505629 ], [ 109.577897322971921, -7.390850499402158 ], [ 109.578316473217029, -7.39124070000564 ], [ 109.578663474316954, -7.390997601370817 ], [ 109.578889233932983, -7.389985518496299 ], [ 109.579832130130896, -7.389029965962682 ], [ 109.580415742425288, -7.388163680537299 ], [ 109.583110948696245, -7.388099916084555 ], [ 109.585543724519425, -7.386516005364252 ], [ 109.585666963415136, -7.385955745543344 ] ] ] } },
{ "type": "Feature", "properties": { "DESA": "Badamita" }, "geometry": { "type": "Polygon", "coordinates": [ [ [ 109.562438353608158, -7.390981773123593 ], [ 109.563862340542272, -7.389837946126227 ], [ 109.565789387744516, -7.387610513602378 ], [ 109.566500713231548, -7.387196812711109 ], [ 109.567315856630159, -7.387226553828873 ], [ 109.567258318456183, -7.387859344825203 ], [ 109.567636284971314, -7.391360233249834 ], [ 109.567942269973614, -7.392789999617783 ], [ 109.569777601063805, -7.395409345964721 ], [ 109.56807629619027, -7.397836514936844 ], [ 109.567697926185602, -7.399209835164753 ], [ 109.567558295463442, -7.401253062515698 ], [ 109.567300756057932, -7.402102289181871 ], [ 109.565313076306168, -7.406933930361385 ], [ 109.565759340458271, -7.407948254668733 ], [ 109.568334262715993, -7.409403410331874 ], [ 109.568988525598229, -7.409577297911917 ], [ 109.569275904746434, -7.410084620601817 ], [ 109.569238485842433, -7.410545692783523 ], [ 109.567650167440419, -7.411897035242291 ], [ 109.565719331939377, -7.410525321037658 ], [ 109.563568175051117, -7.409605039714514 ], [ 109.562614804056224, -7.409665249487751 ], [ 109.561822054523034, -7.411010186804123 ], [ 109.560799557963591, -7.410364775362147 ], [ 109.560400844517744, -7.409893253542069 ], [ 109.56000933814984, -7.410307971506793 ], [ 109.559737393924451, -7.41123851374636 ], [ 109.55935625189494, -7.411888334975147 ], [ 109.558411217299494, -7.412599707110462 ], [ 109.556818103222469, -7.414357930543054 ], [ 109.55398813449743, -7.415777511506651 ], [ 109.55352266142566, -7.414247770987618 ], [ 109.552874036921381, -7.410700805305564 ], [ 109.552787536940542, -7.409624355383821 ], [ 109.553016011497675, -7.407093122770243 ], [ 109.552520227278521, -7.403293412084339 ], [ 109.551566539967894, -7.400685917026898 ], [ 109.551117946334244, -7.398749290251999 ], [ 109.551417884104126, -7.398352364220475 ], [ 109.552030639534209, -7.395623383987646 ], [ 109.553006974890906, -7.393799877950314 ], [ 109.55369950967156, -7.393060568449818 ], [ 109.555044103799773, -7.392748395828065 ], [ 109.555771235377918, -7.392877417975954 ], [ 109.556367357858008, -7.39314154214276 ], [ 109.557352814305247, -7.39418473789236 ], [ 109.557669568435529, -7.394357545023029 ], [ 109.558434346186232, -7.394396183009421 ], [ 109.561300484355058, -7.39313036088044 ], [ 109.561669627188422, -7.392787895817207 ], [ 109.562438353608158, -7.390981773123593 ] ] ] } },
{ "type": "Feature", "properties": { "DESA": "Bandingan" }, "geometry": { "type": "Polygon", "coordinates": [ [ [ 109.548998656147418, -7.39807316908788 ], [ 109.549516298430902, -7.397848825513868 ], [ 109.550614661839916, -7.398648200938406 ], [ 109.551117946334244, -7.398749290251999 ], [ 109.551566539967894, -7.400685917026898 ], [ 109.552520227278521, -7.403293412084339 ], [ 109.553016011497675, -7.407093122770243 ], [ 109.552787536940542, -7.409624355383821 ], [ 109.552874036921381, -7.410700805305564 ], [ 109.55352266142566, -7.414247770987618 ], [ 109.55398813449743, -7.415777511506651 ], [ 109.551984133293942, -7.416096561229396 ], [ 109.548042526302112, -7.416373113003975 ], [ 109.546601635933868, -7.417028497596368 ], [ 109.544893077867442, -7.418596424923526 ], [ 109.543471119715136, -7.419170488983402 ], [ 109.540352138911061, -7.419277790263021 ], [ 109.537794250744952, -7.419811937568022 ], [ 109.534298429517534, -7.418896132359175 ], [ 109.532567853971727, -7.418709600261969 ], [ 109.53206868581654, -7.419413336120875 ], [ 109.532706053912136, -7.424072496763293 ], [ 109.532515966134923, -7.424379355493481 ], [ 109.531012839634414, -7.424935022491569 ], [ 109.53018243896291, -7.425456746685823 ], [ 109.529637194087755, -7.425545352145717 ], [ 109.528019776335654, -7.42443680433025 ], [ 109.526784749836381, -7.423130527147282 ], [ 109.525548008468334, -7.423081218339383 ], [ 109.525183093307405, -7.422654987532336 ], [ 109.526692217490762, -7.417062411207508 ], [ 109.527095208253243, -7.414034451941046 ], [ 109.526725803024888, -7.409611250084965 ], [ 109.529132239704097, -7.409655375316345 ], [ 109.531971144792422, -7.408787585403794 ], [ 109.532281414293919, -7.408345505737246 ], [ 109.532678740903975, -7.406854676634011 ], [ 109.534669728278345, -7.406933654210518 ], [ 109.535136129140071, -7.407233545151739 ], [ 109.536021261395504, -7.408312618096772 ], [ 109.536371611939543, -7.408331852599205 ], [ 109.536957424975185, -7.40796300353152 ], [ 109.537075401827209, -7.407637821546265 ], [ 109.536682541353002, -7.406262012845503 ], [ 109.536940651195749, -7.4059372914096 ], [ 109.53736181310758, -7.405866346531363 ], [ 109.539323302619877, -7.406578173291569 ], [ 109.542173916119111, -7.407048705026741 ], [ 109.542549373375309, -7.406679158373236 ], [ 109.542643979734805, -7.406326774178227 ], [ 109.542859987708837, -7.404582184013017 ], [ 109.542793218185423, -7.403623426238547 ], [ 109.543004873678811, -7.403226219141374 ], [ 109.54364835009477, -7.403219282720658 ], [ 109.544179684079126, -7.403582755254908 ], [ 109.54527250880993, -7.405114548126352 ], [ 109.545637936837011, -7.405296654901878 ], [ 109.546253375503213, -7.405298664823973 ], [ 109.546504037220828, -7.404919665265385 ], [ 109.546457916553678, -7.403789102018899 ], [ 109.54661097328011, -7.402785855031238 ], [ 109.546911709997332, -7.402397977135724 ], [ 109.547244812667628, -7.402254405563601 ], [ 109.548308845012855, -7.402474862098002 ], [ 109.54884279583878, -7.401925002033438 ], [ 109.549066005210236, -7.40059640991791 ], [ 109.548919191543334, -7.399257571369279 ], [ 109.548998656147418, -7.39807316908788 ] ] ] } },
{ "type": "Feature", "properties": { "DESA": "Pingit" }, "geometry": { "type": "Polygon", "coordinates": [ [ [ 109.503284898933373, -7.411621845167068 ], [ 109.504079882308872, -7.410503259131639 ], [ 109.504573166624894, -7.410134147463189 ], [ 109.505161751954432, -7.409946264986393 ], [ 109.506614475104456, -7.409905847826362 ], [ 109.507081047506546, -7.40997079074561 ], [ 109.507832725004022, -7.410552025094961 ], [ 109.50816864423274, -7.411240356310474 ], [ 109.508261911371022, -7.412226406892681 ], [ 109.508600053218771, -7.412254663686649 ], [ 109.509019510788079, -7.412048036888123 ], [ 109.509698514122974, -7.411317902152976 ], [ 109.510165114695099, -7.411464120766831 ], [ 109.510773058615413, -7.412696001919921 ], [ 109.511127263952034, -7.412679105728652 ], [ 109.512820740066545, -7.411997474617411 ], [ 109.51338697684119, -7.411212619620233 ], [ 109.513925995191272, -7.410970313455767 ], [ 109.514813842637167, -7.411289713387533 ], [ 109.515363526061364, -7.412078296502293 ], [ 109.516034951627475, -7.41260500582597 ], [ 109.517079024132187, -7.412671865399757 ], [ 109.517467880024682, -7.412546497041274 ], [ 109.51839408722789, -7.411627218452934 ], [ 109.519606494215708, -7.411839288698294 ], [ 109.522054082475236, -7.411259579310537 ], [ 109.522994874501421, -7.410892021239697 ], [ 109.524543514278449, -7.410607756016125 ], [ 109.526181490271711, -7.409672734933074 ], [ 109.526725803024888, -7.409611250084965 ], [ 109.527095208253243, -7.414034451941046 ], [ 109.526908150301423, -7.41605938940291 ], [ 109.525183093307405, -7.422654987532336 ], [ 109.524765446660027, -7.422002555450975 ], [ 109.524315488867714, -7.421765903633562 ], [ 109.523675500204718, -7.421818023571542 ], [ 109.522147602808374, -7.422925261408524 ], [ 109.521377107993558, -7.423067353694021 ], [ 109.5205867003436, -7.423914758808027 ], [ 109.520367616081359, -7.424736942762916 ], [ 109.519858437397346, -7.425567200552329 ], [ 109.519518578450359, -7.425936749274291 ], [ 109.518501074915932, -7.426358373509676 ], [ 109.518219819879718, -7.4268276579807 ], [ 109.513273122873684, -7.426413316695868 ], [ 109.510337552787249, -7.42710876396454 ], [ 109.508506380143331, -7.426957960153231 ], [ 109.507927246763373, -7.426440588395136 ], [ 109.506743222314398, -7.4269520332528 ], [ 109.505942145831071, -7.426171634451463 ], [ 109.505777103536147, -7.42390134528371 ], [ 109.50590907898696, -7.423133126501384 ], [ 109.506033116160737, -7.422636200229107 ], [ 109.506986298046769, -7.42137339805331 ], [ 109.508231672684971, -7.420274401678112 ], [ 109.508468308383513, -7.419768810999383 ], [ 109.508495451206315, -7.419117771007052 ], [ 109.508132051022159, -7.418004330515776 ], [ 109.507393916570635, -7.416681599205311 ], [ 109.504922097978536, -7.4142045677745 ], [ 109.503284898933373, -7.411621845167068 ] ] ] } },
{ "type": "Feature", "properties": { "DESA": "Sambung" }, "geometry": { "type": "Polygon", "coordinates": [ [ [ 109.547126773160386, -7.370196665767916 ], [ 109.54790485651084, -7.370470426858058 ], [ 109.550250388356801, -7.370649907772949 ], [ 109.552057794286327, -7.370565350752186 ], [ 109.553939376634744, -7.370824590694524 ], [ 109.559382438323865, -7.370688455207257 ], [ 109.560322725066044, -7.37282565747859 ], [ 109.559678888860063, -7.373302857808738 ], [ 109.559515800587349, -7.374098047894411 ], [ 109.559642622940814, -7.374632067777923 ], [ 109.560567183751004, -7.375304184748257 ], [ 109.560686363163086, -7.376100374729068 ], [ 109.560296997246255, -7.377111915456383 ], [ 109.560540246139738, -7.377329778158956 ], [ 109.561518267255877, -7.377432380601735 ], [ 109.562328901955269, -7.378158466347826 ], [ 109.56255128145969, -7.378547953553963 ], [ 109.5639938886153, -7.378634053567262 ], [ 109.564541919292637, -7.378798556368406 ], [ 109.564764650587023, -7.379079639886761 ], [ 109.564350377290467, -7.381492764027687 ], [ 109.564429924501852, -7.382026541502931 ], [ 109.564914562377439, -7.38299568950022 ], [ 109.565092312667474, -7.384578834379259 ], [ 109.564947113883562, -7.385455545934249 ], [ 109.564741348845203, -7.386304938924952 ], [ 109.563581562151498, -7.38867949690548 ], [ 109.562542091308245, -7.390340091872963 ], [ 109.562438353608158, -7.390981773123593 ], [ 109.561669627188422, -7.392787895817207 ], [ 109.560878631352523, -7.3934184082698 ], [ 109.558434346186232, -7.394396183009421 ], [ 109.557669568435529, -7.394357545023029 ], [ 109.557352814305247, -7.39418473789236 ], [ 109.556367357858008, -7.39314154214276 ], [ 109.555771235377918, -7.392877417975954 ], [ 109.555044103799773, -7.392748395828065 ], [ 109.55369950967156, -7.393060568449818 ], [ 109.553006974890906, -7.393799877950314 ], [ 109.552030639534209, -7.395623383987646 ], [ 109.551417884104126, -7.398352364220475 ], [ 109.551117946334244, -7.398749290251999 ], [ 109.550614661839916, -7.398648200938406 ], [ 109.549516298430902, -7.397848825513868 ], [ 109.548998656147418, -7.39807316908788 ], [ 109.548134028150017, -7.396542129100923 ], [ 109.546016837766103, -7.394636228443005 ], [ 109.542764808830526, -7.392111637247097 ], [ 109.541494622666718, -7.390895704449098 ], [ 109.541275413218273, -7.390569507470057 ], [ 109.540704001713337, -7.388288825624663 ], [ 109.540208493617129, -7.387120630034452 ], [ 109.539961194811681, -7.385112241911609 ], [ 109.539323206127207, -7.38336485874784 ], [ 109.538614791287941, -7.381933774321699 ], [ 109.536663916225265, -7.379160266657089 ], [ 109.538134096964157, -7.378577317121249 ], [ 109.541215049416721, -7.376787842015256 ], [ 109.54184944843152, -7.37625630518167 ], [ 109.542346769718534, -7.375751533924645 ], [ 109.543298048181967, -7.37404549988155 ], [ 109.543863922409287, -7.372835650634348 ], [ 109.544350605566507, -7.371263716010186 ], [ 109.544977962812965, -7.370894980362831 ], [ 109.546985724777826, -7.370548902737804 ], [ 109.547126773160386, -7.370196665767916 ] ] ] } },
{ "type": "Feature", "properties": { "DESA": "Tribuana" }, "geometry": { "type": "Polygon", "coordinates": [ [ [ 109.564530316691148, -7.367467527935017 ], [ 109.566238738411485, -7.368594388007707 ], [ 109.566464738016009, -7.369879237008166 ], [ 109.567466219969035, -7.371021820581394 ], [ 109.567483651447333, -7.371501242189062 ], [ 109.569561513552657, -7.372448362014356 ], [ 109.57031145570474, -7.373119902191255 ], [ 109.572138916294918, -7.373333780659182 ], [ 109.573214360262142, -7.373662698620457 ], [ 109.573464679415309, -7.374007155180463 ], [ 109.573758208215182, -7.374993768559728 ], [ 109.57385997640263, -7.375916481400323 ], [ 109.574368009005596, -7.377003323314936 ], [ 109.576358659928488, -7.377696895043519 ], [ 109.580049761526624, -7.377500689859229 ], [ 109.58105859775219, -7.377711843626483 ], [ 109.58230215729823, -7.378430232524222 ], [ 109.577468208622463, -7.386336639748002 ], [ 109.577049488168171, -7.388008299115869 ], [ 109.575946993722496, -7.390889483837659 ], [ 109.575891174617325, -7.391874982725401 ], [ 109.575149653601599, -7.391827408284064 ], [ 109.57408783933721, -7.391380903702137 ], [ 109.571128909862949, -7.388757976394472 ], [ 109.568917693442486, -7.388072707810906 ], [ 109.566921799234606, -7.387143917718682 ], [ 109.566500713231548, -7.387196812711109 ], [ 109.565789387744516, -7.387610513602378 ], [ 109.563862340542272, -7.389837946126227 ], [ 109.562438353608158, -7.390981773123593 ], [ 109.562542091308245, -7.390340091872963 ], [ 109.563581562151498, -7.38867949690548 ], [ 109.564741348845203, -7.386304938924952 ], [ 109.564947113883562, -7.385455545934249 ], [ 109.565092312667474, -7.384578834379259 ], [ 109.564914562377439, -7.38299568950022 ], [ 109.564429924501852, -7.382026541502931 ], [ 109.564350377290467, -7.381492764027687 ], [ 109.564764650587023, -7.379079639886761 ], [ 109.564541919292637, -7.378798556368406 ], [ 109.5639938886153, -7.378634053567262 ], [ 109.56255128145969, -7.378547953553963 ], [ 109.562328901955269, -7.378158466347826 ], [ 109.561518267255877, -7.377432380601735 ], [ 109.560540246139738, -7.377329778158956 ], [ 109.560296997246255, -7.377111915456383 ], [ 109.560686363163086, -7.376100374729068 ], [ 109.560567183751004, -7.375304184748257 ], [ 109.559642622940814, -7.374632067777923 ], [ 109.559515800587349, -7.374098047894411 ], [ 109.559678888860063, -7.373302857808738 ], [ 109.560322725066044, -7.37282565747859 ], [ 109.559382438323865, -7.370688455207257 ], [ 109.559816273971862, -7.370545102770051 ], [ 109.560476482175318, -7.369923294904418 ], [ 109.562020772024155, -7.368996836944163 ], [ 109.563083085241018, -7.368132113266653 ], [ 109.564530316691148, -7.367467527935017 ] ] ] } },
{ "type": "Feature", "properties": { "DESA": "Sawangan" }, "geometry": { "type": "Polygon", "coordinates": [ [ [ 109.578117436686483, -7.357174658223774 ], [ 109.581184001134631, -7.356442903086792 ], [ 109.582056902517891, -7.357720668165898 ], [ 109.583756372839474, -7.361135333686791 ], [ 109.584475659953057, -7.363986157724959 ], [ 109.585598563891054, -7.365599419389396 ], [ 109.586459539590706, -7.367419802218676 ], [ 109.586409592893929, -7.368260666073871 ], [ 109.586568238772841, -7.368686198754902 ], [ 109.586419245033838, -7.369056511685488 ], [ 109.586467536945804, -7.369915768466826 ], [ 109.586112618094404, -7.370330636874741 ], [ 109.586786482004072, -7.37128228365665 ], [ 109.587553963500255, -7.371519781951243 ], [ 109.588115745865068, -7.371919463609183 ], [ 109.588573989278856, -7.372653436674653 ], [ 109.588550778413762, -7.373449179092606 ], [ 109.588798174546753, -7.373730240481525 ], [ 109.590332594787299, -7.374404318881195 ], [ 109.590706634612246, -7.374722034502526 ], [ 109.590678466923478, -7.375409175863168 ], [ 109.591652670344885, -7.376605971226766 ], [ 109.591417380576786, -7.377337666620096 ], [ 109.590798236090407, -7.377995911252573 ], [ 109.590769845295327, -7.37934324836021 ], [ 109.590506034287444, -7.379975398267469 ], [ 109.589532428327601, -7.380994264178818 ], [ 109.589194510069902, -7.381580972199007 ], [ 109.588319264381639, -7.382202146847838 ], [ 109.587589488043591, -7.384505912831424 ], [ 109.586981577352432, -7.384820434575758 ], [ 109.586544455646077, -7.38481905084885 ], [ 109.584727057943994, -7.383746240589392 ], [ 109.58436312249701, -7.383727004321415 ], [ 109.584094939808722, -7.384015565484741 ], [ 109.584238818441264, -7.384621878204942 ], [ 109.585666963415136, -7.385955745543344 ], [ 109.585543724519425, -7.386516005364252 ], [ 109.583110948696245, -7.388099916084555 ], [ 109.580415742425288, -7.388163680537299 ], [ 109.579832130130896, -7.389029965962682 ], [ 109.578889233932983, -7.389985518496299 ], [ 109.578663474316954, -7.390997601370817 ], [ 109.578316473217029, -7.39124070000564 ], [ 109.577897322971921, -7.390850499402158 ], [ 109.577551363482826, -7.39076802505629 ], [ 109.577031583934797, -7.390965274938618 ], [ 109.576658744990908, -7.391579071481914 ], [ 109.575891174617325, -7.391874982725401 ], [ 109.575946993722496, -7.390889483837659 ], [ 109.577049488168171, -7.388008299115869 ], [ 109.577468208622463, -7.386336639748002 ], [ 109.58230215729823, -7.378430232524222 ], [ 109.58105859775219, -7.377711843626483 ], [ 109.580049761526624, -7.377500689859229 ], [ 109.576358659928488, -7.377696895043519 ], [ 109.574368009005596, -7.377003323314936 ], [ 109.57385997640263, -7.375916481400323 ], [ 109.573758208215182, -7.374993768559728 ], [ 109.573464679415309, -7.374007155180463 ], [ 109.573214360262142, -7.373662698620457 ], [ 109.572138916294918, -7.373333780659182 ], [ 109.57031145570474, -7.373119902191255 ], [ 109.569561513552657, -7.372448362014356 ], [ 109.567483651447333, -7.371501242189062 ], [ 109.567466219969035, -7.371021820581394 ], [ 109.566464738016009, -7.369879237008166 ], [ 109.566238738411485, -7.368594388007707 ], [ 109.564530316691148, -7.367467527935017 ], [ 109.566969438736393, -7.367068490807043 ], [ 109.567468550864589, -7.366599764227285 ], [ 109.56785747265458, -7.365461633343536 ], [ 109.567845063336677, -7.364394547756888 ], [ 109.568606072441767, -7.361611649145384 ], [ 109.568321354185912, -7.360281406555518 ], [ 109.568325356162447, -7.359033457939728 ], [ 109.578117436686483, -7.357174658223774 ] ] ] } },
{ "type": "Feature", "properties": { "DESA": "Sidarata" }, "geometry": { "type": "Polygon", "coordinates": [ [ [ 109.581184001134631, -7.356442903086792 ], [ 109.584534024408796, -7.355024610592243 ], [ 109.585764779882766, -7.354675884907098 ], [ 109.588224617050543, -7.354412309540066 ], [ 109.590528491512302, -7.354600386149959 ], [ 109.591280736417801, -7.354901204985757 ], [ 109.593208410256253, -7.354111441517332 ], [ 109.594815411362092, -7.353112712725476 ], [ 109.59760381166565, -7.350969150976662 ], [ 109.598965786617214, -7.350548374038733 ], [ 109.602376024771019, -7.350414352664591 ], [ 109.602161020123916, -7.352195193091291 ], [ 109.602584762341777, -7.353742858678201 ], [ 109.601449814028697, -7.354960174326765 ], [ 109.601471099256955, -7.3552948614989 ], [ 109.602183564221363, -7.356472642085884 ], [ 109.602286074661933, -7.357178368974306 ], [ 109.602143841338574, -7.357494463378533 ], [ 109.600927713490933, -7.358322653437036 ], [ 109.601226361120538, -7.360412501337135 ], [ 109.601826165762006, -7.361599063498413 ], [ 109.601775184172197, -7.362494179707475 ], [ 109.602914512567409, -7.363320680846945 ], [ 109.603373359126849, -7.36396413971284 ], [ 109.603423113900377, -7.364534081720535 ], [ 109.601265221667987, -7.367339748439478 ], [ 109.60147446766355, -7.368760166546126 ], [ 109.601330086828582, -7.369401832220623 ], [ 109.600829664357988, -7.37010558329159 ], [ 109.600966894072371, -7.371742859019023 ], [ 109.600819657432467, -7.373840444013933 ], [ 109.598847353286772, -7.375018864185711 ], [ 109.596398273098615, -7.375978784654603 ], [ 109.594523099890225, -7.377166618493912 ], [ 109.592649328967511, -7.377884207969855 ], [ 109.590794732411482, -7.380518968536178 ], [ 109.589194510069902, -7.381580972199007 ], [ 109.589532428327601, -7.380994264178818 ], [ 109.590506034287444, -7.379975398267469 ], [ 109.590769845295327, -7.37934324836021 ], [ 109.590798236090407, -7.377995911252573 ], [ 109.591417380576786, -7.377337666620096 ], [ 109.591652670344885, -7.376605971226766 ], [ 109.590678466923478, -7.375409175863168 ], [ 109.590706634612246, -7.374722034502526 ], [ 109.590332594787299, -7.374404318881195 ], [ 109.588798174546753, -7.373730240481525 ], [ 109.588550778413762, -7.373449179092606 ], [ 109.588573989278856, -7.372653436674653 ], [ 109.588115745865068, -7.371919463609183 ], [ 109.587553963500255, -7.371519781951243 ], [ 109.586786482004072, -7.37128228365665 ], [ 109.586112618094404, -7.370330636874741 ], [ 109.586467536945804, -7.369915768466826 ], [ 109.586419245033838, -7.369056511685488 ], [ 109.586568238772841, -7.368686198754902 ], [ 109.586409592893929, -7.368260666073871 ], [ 109.586459539590706, -7.367419802218676 ], [ 109.585598563891054, -7.365599419389396 ], [ 109.584475659953057, -7.363986157724959 ], [ 109.583756372839474, -7.361135333686791 ], [ 109.582056902517891, -7.357720668165898 ], [ 109.581184001134631, -7.356442903086792 ] ] ] } },
{ "type": "Feature", "properties": { "DESA": "Badakarya" }, "geometry": { "type": "Polygon", "coordinates": [ [ [ 109.602376024771019, -7.350414352664591 ], [ 109.607091192012703, -7.35028426918847 ], [ 109.60881335898128, -7.349828413152793 ], [ 109.608702209864703, -7.349158915126814 ], [ 109.608841911491822, -7.34838160799108 ], [ 109.609535601564673, -7.346041585546121 ], [ 109.612041006180959, -7.346221128272652 ], [ 109.614058479608786, -7.34685140198594 ], [ 109.615560135594535, -7.346928369077737 ], [ 109.615647851571197, -7.347498339369982 ], [ 109.616418259029231, -7.347437425861282 ], [ 109.617007275490522, -7.348452061871654 ], [ 109.61732434933036, -7.348715330911764 ], [ 109.617994112758382, -7.34861793912193 ], [ 109.618431216312743, -7.348881486866072 ], [ 109.618306612855264, -7.350264712436175 ], [ 109.619169232455462, -7.350240244793324 ], [ 109.621031897267798, -7.35111413424189 ], [ 109.621386344907421, -7.351757346817442 ], [ 109.621468970369989, -7.352309218865549 ], [ 109.621110634863697, -7.352950149307872 ], [ 109.621109462796198, -7.353329976368603 ], [ 109.621343008968381, -7.353602028099148 ], [ 109.622038051774297, -7.354029203007266 ], [ 109.627010490481297, -7.354568955144353 ], [ 109.627619169449886, -7.355004899534089 ], [ 109.627895248294166, -7.355973361672772 ], [ 109.627939255675031, -7.356868781626329 ], [ 109.627283064977178, -7.358621175997141 ], [ 109.625582391641913, -7.360723071365551 ], [ 109.624611041217449, -7.361217459359287 ], [ 109.623840365105295, -7.361260299076726 ], [ 109.622622580551891, -7.360985221831207 ], [ 109.62240885831045, -7.361283022300733 ], [ 109.622401633084323, -7.363163980396639 ], [ 109.621299474470135, -7.363395755510244 ], [ 109.620492584162378, -7.362877818213242 ], [ 109.620119975762151, -7.362912835766413 ], [ 109.619245269215796, -7.363262845159953 ], [ 109.618809480170157, -7.363776952479563 ], [ 109.617268989948997, -7.363943984152282 ], [ 109.615589007780784, -7.36592835435487 ], [ 109.614689379442055, -7.366676097819416 ], [ 109.613885985140044, -7.367125770724261 ], [ 109.6131821522645, -7.36716879705383 ], [ 109.611949114447413, -7.367689555815608 ], [ 109.610873984746078, -7.368879863829669 ], [ 109.610024439057696, -7.369419889295452 ], [ 109.608360355398474, -7.369740205491365 ], [ 109.603539960122546, -7.371967893599926 ], [ 109.600819657432467, -7.373840444013933 ], [ 109.600966894072371, -7.371742859019023 ], [ 109.600829664357988, -7.37010558329159 ], [ 109.601330086828582, -7.369401832220623 ], [ 109.60147446766355, -7.368760166546126 ], [ 109.601265221667987, -7.367339748439478 ], [ 109.603423113900377, -7.364534081720535 ], [ 109.603373359126849, -7.36396413971284 ], [ 109.602914512567409, -7.363320680846945 ], [ 109.601775184172197, -7.362494179707475 ], [ 109.601826165762006, -7.361599063498413 ], [ 109.601226361120538, -7.360412501337135 ], [ 109.600927713490933, -7.358322653437036 ], [ 109.602143841338574, -7.357494463378533 ], [ 109.602286074661933, -7.357178368974306 ], [ 109.602183564221363, -7.356472642085884 ], [ 109.601471099256955, -7.3552948614989 ], [ 109.601449814028697, -7.354960174326765 ], [ 109.602584762341777, -7.353742858678201 ], [ 109.602161020123916, -7.352195193091291 ], [ 109.602376024771019, -7.350414352664591 ] ] ] } },
{ "type": "Feature", "properties": { "DESA": "Bandolharjo" }, "geometry": { "type": "Polygon", "coordinates": [ [ [ 109.624077887039647, -7.336699485780381 ], [ 109.625446309322754, -7.337128713083499 ], [ 109.625068661119997, -7.338520212850404 ], [ 109.625160585503821, -7.342879379287329 ], [ 109.625000572560324, -7.345682281928755 ], [ 109.625079315164669, -7.346478351776473 ], [ 109.62581478860875, -7.347285474961865 ], [ 109.627271863693224, -7.347995259481872 ], [ 109.629689633391038, -7.348680941737629 ], [ 109.631831488754585, -7.349003930926694 ], [ 109.638955560479772, -7.349351187404459 ], [ 109.641137387181402, -7.34891467797113 ], [ 109.641608793032248, -7.349350188679708 ], [ 109.641647875371817, -7.349983393652285 ], [ 109.641255061216285, -7.350796030109258 ], [ 109.640036247048371, -7.351696667088738 ], [ 109.639254749709721, -7.35362962965144 ], [ 109.636970762859178, -7.356010097201535 ], [ 109.636058091251641, -7.35666752995838 ], [ 109.634768698554453, -7.357215224486936 ], [ 109.632331361460146, -7.357144501472351 ], [ 109.631511311332829, -7.357530871438748 ], [ 109.631177440228328, -7.358307508427754 ], [ 109.631284791027738, -7.361518281381094 ], [ 109.631126806137729, -7.362177916091476 ], [ 109.629899161336141, -7.36399185733054 ], [ 109.629299205781379, -7.364577896575817 ], [ 109.627211067643117, -7.36546678246233 ], [ 109.625164051622619, -7.36575886720654 ], [ 109.623446130313695, -7.366296163646664 ], [ 109.620827368956668, -7.367490882456655 ], [ 109.619025099327715, -7.368633855743488 ], [ 109.618470931928627, -7.368876263205285 ], [ 109.617889753022737, -7.368892551004781 ], [ 109.617254590555376, -7.368420344406521 ], [ 109.616442071302828, -7.367260351061164 ], [ 109.615765616444563, -7.366760891129016 ], [ 109.614689379442055, -7.366676097819416 ], [ 109.615589007780784, -7.36592835435487 ], [ 109.617268989948997, -7.363943984152282 ], [ 109.618809480170157, -7.363776952479563 ], [ 109.619245269215796, -7.363262845159953 ], [ 109.620119975762151, -7.362912835766413 ], [ 109.620492584162378, -7.362877818213242 ], [ 109.621299474470135, -7.363395755510244 ], [ 109.622401633084323, -7.363163980396639 ], [ 109.62240885831045, -7.361283022300733 ], [ 109.622622580551891, -7.360985221831207 ], [ 109.623840365105295, -7.361260299076726 ], [ 109.624611041217449, -7.361217459359287 ], [ 109.625856810941386, -7.360506828204946 ], [ 109.627283064977178, -7.358621175997141 ], [ 109.627623573271563, -7.357898721851491 ], [ 109.627939255675031, -7.356868781626329 ], [ 109.627895248294166, -7.355973361672772 ], [ 109.627619169449886, -7.355004899534089 ], [ 109.627010490481297, -7.354568955144353 ], [ 109.622038051774297, -7.354029203007266 ], [ 109.621343008968381, -7.353602028099148 ], [ 109.621109462796198, -7.353329976368603 ], [ 109.621110634863697, -7.352950149307872 ], [ 109.621468970369989, -7.352309218865549 ], [ 109.621386344907421, -7.351757346817442 ], [ 109.621031897267798, -7.35111413424189 ], [ 109.619169232455462, -7.350240244793324 ], [ 109.618306612855264, -7.350264712436175 ], [ 109.618431216312743, -7.348881486866072 ], [ 109.617994112758382, -7.34861793912193 ], [ 109.61732434933036, -7.348715330911764 ], [ 109.617007275490522, -7.348452061871654 ], [ 109.616418259029231, -7.347437425861282 ], [ 109.615647851571197, -7.347498339369982 ], [ 109.615560135594535, -7.346928369077737 ], [ 109.614058479608786, -7.34685140198594 ], [ 109.612041006180959, -7.346221128272652 ], [ 109.609535601564673, -7.346041585546121 ], [ 109.608841911491822, -7.34838160799108 ], [ 109.608496643061187, -7.34781988060037 ], [ 109.608074885927422, -7.346444010015732 ], [ 109.607930525454037, -7.344734378125649 ], [ 109.606344265995304, -7.340433894076251 ], [ 109.608204070122525, -7.339490134847209 ], [ 109.610448542666191, -7.338827930347374 ], [ 109.613423293510934, -7.338538665937602 ], [ 109.61604852478132, -7.338022268895203 ], [ 109.617561729084201, -7.338026928092271 ], [ 109.620891401140113, -7.337666372863129 ], [ 109.622076836781304, -7.336928431079913 ], [ 109.623007664826076, -7.336696207174616 ], [ 109.624077887039647, -7.336699485780381 ] ] ] } },
{ "type": "Feature", "properties": { "DESA": "Punggelan" }, "geometry": { "type": "Polygon", "coordinates": [ [ [ 109.568892716151879, -7.312843192366523 ], [ 109.570093405832736, -7.313362535497711 ], [ 109.571294550369842, -7.312941314909568 ], [ 109.572429482685365, -7.313496518586991 ], [ 109.575482006699815, -7.3138679185311 ], [ 109.576542061306057, -7.314911196163974 ], [ 109.57711953223513, -7.315781164024028 ], [ 109.577722338969465, -7.315891562721067 ], [ 109.580565663668239, -7.315493580586593 ], [ 109.582582248513901, -7.316223413960761 ], [ 109.584482496902694, -7.316355966629141 ], [ 109.587952544160913, -7.31573387271645 ], [ 109.590026762711631, -7.319402831068625 ], [ 109.590698702832938, -7.321023694630008 ], [ 109.590864377495308, -7.322254105744276 ], [ 109.590409351089406, -7.323383028412343 ], [ 109.588871793022179, -7.325467208720321 ], [ 109.587597580450662, -7.328139983927287 ], [ 109.585394281833672, -7.331578522563241 ], [ 109.585942120342366, -7.333045209447223 ], [ 109.587167293565258, -7.333546424502046 ], [ 109.588504923458132, -7.333487337646509 ], [ 109.588607218677495, -7.333994063203728 ], [ 109.58951032683818, -7.334666046525069 ], [ 109.591277679432778, -7.334572135089906 ], [ 109.591694203450061, -7.334790522834007 ], [ 109.591832086632522, -7.335595814247704 ], [ 109.592349198347222, -7.335606475718553 ], [ 109.593262819697117, -7.335193344764652 ], [ 109.593963221573247, -7.33596414096312 ], [ 109.595491700065693, -7.336855153686751 ], [ 109.596269435576289, -7.336712922649174 ], [ 109.596789866891285, -7.336117728764202 ], [ 109.59730839687019, -7.335938430275625 ], [ 109.597701587128824, -7.336120574964782 ], [ 109.597854771267279, -7.336455583096861 ], [ 109.599687700622752, -7.33705820979953 ], [ 109.600482229517297, -7.337684629946056 ], [ 109.600878947385723, -7.337360286084238 ], [ 109.601326653536859, -7.337569721965218 ], [ 109.602518123155306, -7.338830451602931 ], [ 109.602917371302723, -7.340495577230501 ], [ 109.603833667377614, -7.340950676447618 ], [ 109.604692851581675, -7.340727222070392 ], [ 109.605385284722104, -7.340349544600199 ], [ 109.606344265995304, -7.340433894076251 ], [ 109.607930525454037, -7.344734378125649 ], [ 109.608074885927422, -7.346444010015732 ], [ 109.608496643061187, -7.34781988060037 ], [ 109.608841911491822, -7.34838160799108 ], [ 109.608702209864703, -7.349158915126814 ], [ 109.60881335898128, -7.349828413152793 ], [ 109.607091192012703, -7.35028426918847 ], [ 109.603994505556827, -7.350274641045243 ], [ 109.598965786617214, -7.350548374038733 ], [ 109.59760381166565, -7.350969150976662 ], [ 109.594815411362092, -7.353112712725476 ], [ 109.593208410256253, -7.354111441517332 ], [ 109.591280736417801, -7.354901204985757 ], [ 109.590528491512302, -7.354600386149959 ], [ 109.588224617050543, -7.354412309540066 ], [ 109.585764779882766, -7.354675884907098 ], [ 109.584534024408796, -7.355024610592243 ], [ 109.580355980208452, -7.356720560410382 ], [ 109.578117436686483, -7.357174658223774 ], [ 109.578062568468653, -7.355311620493197 ], [ 109.579338000528367, -7.351671306943162 ], [ 109.579292652733827, -7.351345586843008 ], [ 109.578917891855724, -7.351145491286886 ], [ 109.578262398977913, -7.349714530553562 ], [ 109.577956111122802, -7.348628425882824 ], [ 109.578155834472895, -7.347688585530136 ], [ 109.577983125691617, -7.344595289150398 ], [ 109.577628440860934, -7.340054540965422 ], [ 109.577418676731256, -7.339267104774832 ], [ 109.577032838807696, -7.338560482339427 ], [ 109.576299501569366, -7.337916137951495 ], [ 109.575801663401023, -7.337200118771688 ], [ 109.575090046619195, -7.336655295919905 ], [ 109.574749453852007, -7.335532917767057 ], [ 109.573834601265659, -7.334734203250675 ], [ 109.573661628057295, -7.334380954645478 ], [ 109.574151746470591, -7.333812819687264 ], [ 109.573822078701753, -7.332708468320464 ], [ 109.573018103086866, -7.332579339331572 ], [ 109.572274433718491, -7.331971123398324 ], [ 109.571512367616378, -7.331652168344814 ], [ 109.57121957339406, -7.331072507260766 ], [ 109.570375144632095, -7.331006444038426 ], [ 109.570439241853649, -7.330626915239406 ], [ 109.570203363217757, -7.329414366347295 ], [ 109.56947519001595, -7.328118880913082 ], [ 109.568044608529263, -7.327707382674927 ], [ 109.567410804542703, -7.327804818341227 ], [ 109.566134380248556, -7.32839765396334 ], [ 109.565600358750501, -7.328377778425415 ], [ 109.565286685553787, -7.328024169928758 ], [ 109.565937637858525, -7.324689306108925 ], [ 109.565655445131043, -7.323974058706635 ], [ 109.564493745759762, -7.322677187499655 ], [ 109.564996307337083, -7.320761596083925 ], [ 109.565625644731711, -7.319651348327981 ], [ 109.565651908821536, -7.318186480161216 ], [ 109.565437260750713, -7.317860221593778 ], [ 109.564833204939561, -7.317767885013448 ], [ 109.564508321674722, -7.31811945790357 ], [ 109.564354008702097, -7.319104731745862 ], [ 109.563964422769104, -7.319510435496135 ], [ 109.56312360955414, -7.319209302569059 ], [ 109.562413888202272, -7.318366022786584 ], [ 109.562436844883806, -7.317913944342087 ], [ 109.562848035475952, -7.317571599410844 ], [ 109.564578032658801, -7.316591440178545 ], [ 109.566823146779996, -7.316399680626357 ], [ 109.567082757103947, -7.316210549858154 ], [ 109.56732294672814, -7.315343173293135 ], [ 109.568675945838393, -7.313909643020971 ], [ 109.568890670993113, -7.313485295646074 ], [ 109.568892716151879, -7.312843192366523 ] ] ] } },
{ "type": "Feature", "properties": { "DESA": "Karangsari" }, "geometry": { "type": "Polygon", "coordinates": [ [ [ 109.550188041169889, -7.331059432788001 ], [ 109.551603509125727, -7.331335229952693 ], [ 109.554164783889235, -7.331415802947423 ], [ 109.555020049901287, -7.330921196405093 ], [ 109.556088162475888, -7.330707638874501 ], [ 109.55665687926323, -7.330854123909783 ], [ 109.558290434918874, -7.331781748247925 ], [ 109.560424199009404, -7.332005664984911 ], [ 109.560851729090231, -7.331789954172095 ], [ 109.561135811417486, -7.332007943015459 ], [ 109.562557764473667, -7.332292769491864 ], [ 109.562985961015443, -7.331869110507646 ], [ 109.563487076359721, -7.330948326131814 ], [ 109.563560392306769, -7.330234213106227 ], [ 109.562957423432934, -7.3285864222585 ], [ 109.563156204876364, -7.328107781966932 ], [ 109.564067778019307, -7.327984115656949 ], [ 109.565046046785952, -7.328303680550561 ], [ 109.565286685553787, -7.328024169928758 ], [ 109.565600358750501, -7.328377778425415 ], [ 109.566134380248556, -7.32839765396334 ], [ 109.567410804542703, -7.327804818341227 ], [ 109.568044608529263, -7.327707382674927 ], [ 109.56947519001595, -7.328118880913082 ], [ 109.570203363217757, -7.329414366347295 ], [ 109.570439241853649, -7.330626915239406 ], [ 109.570375144632095, -7.331006444038426 ], [ 109.57121957339406, -7.331072507260766 ], [ 109.571512367616378, -7.331652168344814 ], [ 109.572274433718491, -7.331971123398324 ], [ 109.573018103086866, -7.332579339331572 ], [ 109.573822078701753, -7.332708468320464 ], [ 109.574151746470591, -7.333812819687264 ], [ 109.573661628057295, -7.334380954645478 ], [ 109.573834601265659, -7.334734203250675 ], [ 109.574749453852007, -7.335532917767057 ], [ 109.575090046619195, -7.336655295919905 ], [ 109.575801663401023, -7.337200118771688 ], [ 109.576299501569366, -7.337916137951495 ], [ 109.577032838807696, -7.338560482339427 ], [ 109.577418676731256, -7.339267104774832 ], [ 109.577628440860934, -7.340054540965422 ], [ 109.577983125691617, -7.344595289150398 ], [ 109.578155834472895, -7.347688585530136 ], [ 109.577956111122802, -7.348628425882824 ], [ 109.578262398977913, -7.349714530553562 ], [ 109.578917891855724, -7.351145491286886 ], [ 109.579292652733827, -7.351345586843008 ], [ 109.579338000528367, -7.351671306943162 ], [ 109.578062568468653, -7.355311620493197 ], [ 109.578117436686483, -7.357174658223774 ], [ 109.568325356162447, -7.359033457939728 ], [ 109.568056743194816, -7.357712308203173 ], [ 109.56903818775281, -7.356268574639979 ], [ 109.569303771081621, -7.353592673489192 ], [ 109.569870003891197, -7.350908688914081 ], [ 109.569449453209572, -7.347443828822439 ], [ 109.569114012764317, -7.346909235527971 ], [ 109.568330714986644, -7.345866813693005 ], [ 109.562879272052513, -7.342539579722642 ], [ 109.561394101743744, -7.342091713325352 ], [ 109.558886682905268, -7.341848600862782 ], [ 109.556502809273027, -7.339218454203928 ], [ 109.555212572576892, -7.339078687896434 ], [ 109.554208687986772, -7.338523764435856 ], [ 109.553983520789288, -7.33812522747162 ], [ 109.554488157494632, -7.335242079624291 ], [ 109.554396489194986, -7.334880046796449 ], [ 109.554189056692536, -7.334517641578208 ], [ 109.552552279128676, -7.333617115312143 ], [ 109.550232200707498, -7.332877212717615 ], [ 109.550159855204598, -7.332153504718463 ], [ 109.550434818664215, -7.331494295221941 ], [ 109.550188041169889, -7.331059432788001 ] ] ] } },
{ "type": "Feature", "properties": { "DESA": "Kacepit" }, "geometry": { "type": "Polygon", "coordinates": [ [ [ 109.550232200707498, -7.332877212717615 ], [ 109.552552279128676, -7.333617115312143 ], [ 109.554189056692536, -7.334517641578208 ], [ 109.554488157494632, -7.335242079624291 ], [ 109.553983520789288, -7.33812522747162 ], [ 109.554208687986772, -7.338523764435856 ], [ 109.555212572576892, -7.339078687896434 ], [ 109.556502809273027, -7.339218454203928 ], [ 109.558886682905268, -7.341848600862782 ], [ 109.561394101743744, -7.342091713325352 ], [ 109.562879272052513, -7.342539579722642 ], [ 109.564951002616525, -7.343748960985324 ], [ 109.568330714986644, -7.345866813693005 ], [ 109.569449453209572, -7.347443828822439 ], [ 109.569870003891197, -7.350908688914081 ], [ 109.569303771081621, -7.353592673489192 ], [ 109.56903818775281, -7.356268574639979 ], [ 109.568056743194816, -7.357712308203173 ], [ 109.568325356162447, -7.359033457939728 ], [ 109.568384051735549, -7.360760882723153 ], [ 109.568606072441767, -7.361611649145384 ], [ 109.567845063336677, -7.364394547756888 ], [ 109.56785747265458, -7.365461633343536 ], [ 109.567468550864589, -7.366599764227285 ], [ 109.566969438736393, -7.367068490807043 ], [ 109.565172909564183, -7.367279723316381 ], [ 109.563083085241018, -7.368132113266653 ], [ 109.562020772024155, -7.368996836944163 ], [ 109.560476482175318, -7.369923294904418 ], [ 109.559816273971862, -7.370545102770051 ], [ 109.559382438323865, -7.370688455207257 ], [ 109.553939376634744, -7.370824590694524 ], [ 109.552057794286327, -7.370565350752186 ], [ 109.550250388356801, -7.370649907772949 ], [ 109.54790485651084, -7.370470426858058 ], [ 109.547126773160386, -7.370196665767916 ], [ 109.547203214950812, -7.365051415664997 ], [ 109.547425410440624, -7.364184005521629 ], [ 109.547314916414607, -7.363342639175376 ], [ 109.547548425079597, -7.361706677088975 ], [ 109.547412524332103, -7.360937557570155 ], [ 109.547719804015657, -7.357746394023924 ], [ 109.54777430661089, -7.354491031601572 ], [ 109.546861254612423, -7.352182126585012 ], [ 109.546759038088979, -7.350816310000051 ], [ 109.548010294975029, -7.34797185562046 ], [ 109.54756566814703, -7.347075160953345 ], [ 109.546316670447737, -7.345732754188047 ], [ 109.546051006258097, -7.344927050157236 ], [ 109.546142729660943, -7.344212915385709 ], [ 109.54650195910196, -7.343852342213504 ], [ 109.548301838285184, -7.340919246618015 ], [ 109.549653271888388, -7.338237844021155 ], [ 109.550198059690942, -7.335834108516421 ], [ 109.550232200707498, -7.332877212717615 ] ] ] } },
{ "type": "Feature", "properties": { "DESA": "Danakerta" }, "geometry": { "type": "Polygon", "coordinates": [ [ [ 109.51829115066991, -7.34301865038239 ], [ 109.522717444963931, -7.344760442365441 ], [ 109.525482185347073, -7.344009903168756 ], [ 109.526400187729621, -7.343144793787952 ], [ 109.529065250206727, -7.343108328771249 ], [ 109.530348234786601, -7.343474264889583 ], [ 109.533487903743804, -7.344840969769067 ], [ 109.538070769616709, -7.347704416569865 ], [ 109.541724602891478, -7.349570102096561 ], [ 109.543950900694583, -7.35096090076533 ], [ 109.545462944452325, -7.351137679830434 ], [ 109.546759038088979, -7.350816310000051 ], [ 109.546861254612423, -7.352182126585012 ], [ 109.54777430661089, -7.354491031601572 ], [ 109.547719804015657, -7.357746394023924 ], [ 109.547412524332103, -7.360937557570155 ], [ 109.547548425079597, -7.361706677088975 ], [ 109.547314916414607, -7.363342639175376 ], [ 109.547425410440624, -7.364184005521629 ], [ 109.547203214950812, -7.365051415664997 ], [ 109.547126773160386, -7.370196665767916 ], [ 109.546985724777826, -7.370548902737804 ], [ 109.544977962812965, -7.370894980362831 ], [ 109.544350605566507, -7.371263716010186 ], [ 109.543863922409287, -7.372835650634348 ], [ 109.542346769718534, -7.375751533924645 ], [ 109.541215049416721, -7.376787842015256 ], [ 109.538134096964157, -7.378577317121249 ], [ 109.536663916225265, -7.379160266657089 ], [ 109.536032304921733, -7.378045870856436 ], [ 109.536099253563819, -7.377675405048127 ], [ 109.535745942148694, -7.376905573152104 ], [ 109.535092491257288, -7.373666085677624 ], [ 109.534549805657988, -7.372723852358306 ], [ 109.534584628492155, -7.37185584032127 ], [ 109.534012234641807, -7.366364843565741 ], [ 109.534083139334768, -7.363471381973513 ], [ 109.534226221545239, -7.362911121468405 ], [ 109.534051471326819, -7.361924888744406 ], [ 109.53418210540427, -7.358262947480613 ], [ 109.534116451132462, -7.357466934968363 ], [ 109.533698841865174, -7.356561277735768 ], [ 109.532832915437297, -7.355527577621496 ], [ 109.528614131171821, -7.352619968276368 ], [ 109.524771893061711, -7.349469459393026 ], [ 109.524572444525745, -7.349161407105324 ], [ 109.523445745113122, -7.349031034355494 ], [ 109.52294653027343, -7.34857724736321 ], [ 109.522340916510103, -7.347526309309571 ], [ 109.521453464016673, -7.346691427679082 ], [ 109.520949368969966, -7.346337074831607 ], [ 109.519467423002226, -7.345880044896279 ], [ 109.519103742885591, -7.345526153669652 ], [ 109.518928592525825, -7.344648413408807 ], [ 109.51829115066991, -7.34301865038239 ] ] ] } },
{ "type": "Feature", "properties": { "DESA": "Klapa" }, "geometry": { "type": "Polygon", "coordinates": [ [ [ 109.544558555563199, -7.326935658512205 ], [ 109.545721562404026, -7.327120333058256 ], [ 109.546504938713596, -7.327421223046228 ], [ 109.547561768464533, -7.329350856545595 ], [ 109.549338501488847, -7.329691204724846 ], [ 109.549720602228462, -7.330036001651989 ], [ 109.550434818664215, -7.331494295221941 ], [ 109.550159855204598, -7.332153504718463 ], [ 109.550294687909698, -7.33360079852137 ], [ 109.550198059690942, -7.335834108516421 ], [ 109.549653271888388, -7.338237844021155 ], [ 109.548301838285184, -7.340919246618015 ], [ 109.54650195910196, -7.343852342213504 ], [ 109.546142729660943, -7.344212915385709 ], [ 109.546051006258097, -7.344927050157236 ], [ 109.546316670447737, -7.345732754188047 ], [ 109.54756566814703, -7.347075160953345 ], [ 109.548010294975029, -7.34797185562046 ], [ 109.546759038088979, -7.350816310000051 ], [ 109.545462944452325, -7.351137679830434 ], [ 109.543950900694583, -7.35096090076533 ], [ 109.541724602891478, -7.349570102096561 ], [ 109.538070769616709, -7.347704416569865 ], [ 109.533487903743804, -7.344840969769067 ], [ 109.530348234786601, -7.343474264889583 ], [ 109.529065250206727, -7.343108328771249 ], [ 109.526400187729621, -7.343144793787952 ], [ 109.525482185347073, -7.344009903168756 ], [ 109.522717444963931, -7.344760442365441 ], [ 109.51829115066991, -7.34301865038239 ], [ 109.518575740108162, -7.34264881635327 ], [ 109.520706291641744, -7.337673226161434 ], [ 109.521909233903784, -7.334494099412797 ], [ 109.523655320100417, -7.330801227636126 ], [ 109.525057801509334, -7.32659187507965 ], [ 109.52602769035208, -7.324469947553408 ], [ 109.527176386961301, -7.323569418927028 ], [ 109.527661292282488, -7.323462512368704 ], [ 109.528255555515358, -7.323600072283962 ], [ 109.530078859503334, -7.325233789862135 ], [ 109.532716926126184, -7.326842946834015 ], [ 109.533308758607376, -7.327794373944444 ], [ 109.533967574898668, -7.328429580170334 ], [ 109.536194656830062, -7.327803774222381 ], [ 109.538885436068313, -7.325832152873369 ], [ 109.540585837374294, -7.325430729683211 ], [ 109.541230664955023, -7.325432820599447 ], [ 109.544558555563199, -7.326935658512205 ] ] ] } },
{ "type": "Feature", "properties": { "DESA": "Jembangan" }, "geometry": { "type": "Polygon", "coordinates": [ [ [ 109.584516835665255, -7.293196563740674 ], [ 109.586192005016954, -7.292867187953912 ], [ 109.587854458285065, -7.293044261215758 ], [ 109.591995474798253, -7.29249652746977 ], [ 109.592923986386211, -7.293430859140581 ], [ 109.593829492937346, -7.293506008452929 ], [ 109.594712829978164, -7.293960914529555 ], [ 109.595337485851019, -7.295129373005336 ], [ 109.594753037309133, -7.295579713909965 ], [ 109.594834459930084, -7.296339622059899 ], [ 109.594422839794206, -7.298364057286266 ], [ 109.594254361831048, -7.300371075250665 ], [ 109.593358388011708, -7.303334480467834 ], [ 109.592777973445067, -7.304209862592478 ], [ 109.592846705489961, -7.304942606875823 ], [ 109.592666215476228, -7.305819235382753 ], [ 109.591381388733552, -7.30785893043348 ], [ 109.590742888423776, -7.308462795976518 ], [ 109.589557528608893, -7.312166850624027 ], [ 109.58811175862769, -7.313790034607643 ], [ 109.587952544160913, -7.31573387271645 ], [ 109.584482496902694, -7.316355966629141 ], [ 109.582582248513901, -7.316223413960761 ], [ 109.580565663668239, -7.315493580586593 ], [ 109.577722338969465, -7.315891562721067 ], [ 109.57711953223513, -7.315781164024028 ], [ 109.576542061306057, -7.314911196163974 ], [ 109.575482006699815, -7.3138679185311 ], [ 109.572429482685365, -7.313496518586991 ], [ 109.571294550369842, -7.312941314909568 ], [ 109.570093405832736, -7.313362535497711 ], [ 109.568892716151879, -7.312843192366523 ], [ 109.568048292925241, -7.30985635545049 ], [ 109.567060448452736, -7.307303043067356 ], [ 109.567278183729215, -7.305956317359776 ], [ 109.566782322498824, -7.305312723399797 ], [ 109.566570472421333, -7.304742271023814 ], [ 109.566718232762327, -7.303042624138532 ], [ 109.567343531824378, -7.300702473372431 ], [ 109.567845623377977, -7.300279037058556 ], [ 109.568221012472279, -7.300244062623994 ], [ 109.569041437551775, -7.30088877373823 ], [ 109.569470431693446, -7.300835795316429 ], [ 109.569668016353361, -7.300538059756184 ], [ 109.569742767804129, -7.299552618297771 ], [ 109.570029308828069, -7.29934548638232 ], [ 109.571942214166739, -7.299369622630832 ], [ 109.572783090406077, -7.299101042979241 ], [ 109.573229353342526, -7.29930136125125 ], [ 109.573584343816293, -7.300188708622199 ], [ 109.574048783465301, -7.300262505890984 ], [ 109.57453183412008, -7.300119370767677 ], [ 109.574997293542197, -7.299894717606131 ], [ 109.575374326733694, -7.299434711539421 ], [ 109.575304910594355, -7.298738223351085 ], [ 109.574611511687607, -7.297668892939493 ], [ 109.574671464325377, -7.297225968967748 ], [ 109.57519868822159, -7.296621775992905 ], [ 109.578380293772867, -7.294985922695162 ], [ 109.579420878392895, -7.294663618427349 ], [ 109.581437259599383, -7.29542960410106 ], [ 109.582070551718914, -7.295124187571543 ], [ 109.583299437362044, -7.293771483669234 ], [ 109.584516835665255, -7.293196563740674 ] ] ] } },
{ "type": "Feature", "properties": { "DESA": "Purwasana" }, "geometry": { "type": "Polygon", "coordinates": [ [ [ 109.595337485851019, -7.295129373005336 ], [ 109.596150794367546, -7.296081515178459 ], [ 109.598122136749467, -7.297344568197865 ], [ 109.598694317887919, -7.298196413501398 ], [ 109.599393248399068, -7.298876865492868 ], [ 109.600040121617525, -7.299294865057505 ], [ 109.60140816784579, -7.299606511273256 ], [ 109.601822204243646, -7.299897208173675 ], [ 109.602086067627198, -7.300856592658515 ], [ 109.601765760180598, -7.302103582702256 ], [ 109.598930469241026, -7.306254635219871 ], [ 109.598848136234025, -7.306959787133237 ], [ 109.599546677048295, -7.308680178526621 ], [ 109.599716225339179, -7.309874437247168 ], [ 109.601051469742075, -7.310728651893172 ], [ 109.603952921884499, -7.312094124337445 ], [ 109.604814721816695, -7.313751637876822 ], [ 109.604892022334511, -7.314665238275487 ], [ 109.606897709705535, -7.316181717977814 ], [ 109.60750391859203, -7.316934118436806 ], [ 109.608491688824571, -7.317425587074684 ], [ 109.60871863891991, -7.317986945406355 ], [ 109.608562769132988, -7.318420541602335 ], [ 109.607525388114212, -7.319692443846153 ], [ 109.607317392234876, -7.320605162447815 ], [ 109.607421591080779, -7.321853378156311 ], [ 109.607758478277205, -7.322559829868073 ], [ 109.607699982043869, -7.323816674237371 ], [ 109.608401000850293, -7.325500903948338 ], [ 109.608391973467391, -7.327110516015669 ], [ 109.607445826826037, -7.328265157940562 ], [ 109.606951807502654, -7.329213155162736 ], [ 109.604901348130326, -7.331051603319016 ], [ 109.603549690991031, -7.333335328044554 ], [ 109.602328887530632, -7.334968383783443 ], [ 109.601638472578088, -7.336711581851629 ], [ 109.600482229517297, -7.337684629946056 ], [ 109.599687700622752, -7.33705820979953 ], [ 109.597854771267279, -7.336455583096861 ], [ 109.597701587128824, -7.336120574964782 ], [ 109.59730839687019, -7.335938430275625 ], [ 109.596789866891285, -7.336117728764202 ], [ 109.596269435576289, -7.336712922649174 ], [ 109.595491700065693, -7.336855153686751 ], [ 109.593963221573247, -7.33596414096312 ], [ 109.593262819697117, -7.335193344764652 ], [ 109.592349198347222, -7.335606475718553 ], [ 109.591832086632522, -7.335595814247704 ], [ 109.591694203450061, -7.334790522834007 ], [ 109.591277679432778, -7.334572135089906 ], [ 109.58951032683818, -7.334666046525069 ], [ 109.588607218677495, -7.333994063203728 ], [ 109.588504923458132, -7.333487337646509 ], [ 109.587167293565258, -7.333546424502046 ], [ 109.585942120342366, -7.333045209447223 ], [ 109.585394281833672, -7.331578522563241 ], [ 109.587597580450662, -7.328139983927287 ], [ 109.588871793022179, -7.325467208720321 ], [ 109.590409351089406, -7.323383028412343 ], [ 109.590864377495308, -7.322254105744276 ], [ 109.590698702832938, -7.321023694630008 ], [ 109.590026762711631, -7.319402831068625 ], [ 109.587952544160913, -7.31573387271645 ], [ 109.58811175862769, -7.313790034607643 ], [ 109.589557528608893, -7.312166850624027 ], [ 109.590742888423776, -7.308462795976518 ], [ 109.591381388733552, -7.30785893043348 ], [ 109.592666215476228, -7.305819235382753 ], [ 109.592846705489961, -7.304942606875823 ], [ 109.592777973445067, -7.304209862592478 ], [ 109.593358388011708, -7.303334480467834 ], [ 109.594254361831048, -7.300371075250665 ], [ 109.594422839794206, -7.298364057286266 ], [ 109.594834459930084, -7.296339622059899 ], [ 109.594753037309133, -7.295579713909965 ], [ 109.595337485851019, -7.295129373005336 ] ] ] } },
{ "type": "Feature", "properties": { "DESA": "Petuguran" }, "geometry": { "type": "Polygon", "coordinates": [ [ [ 109.602086067627198, -7.300856592658515 ], [ 109.603493289925609, -7.299857172782597 ], [ 109.604602513246647, -7.29931802807763 ], [ 109.6065439778273, -7.299631430996052 ], [ 109.608325735848709, -7.299618843182365 ], [ 109.610122146731385, -7.300085578763695 ], [ 109.615286989180674, -7.300707404816255 ], [ 109.617561048145944, -7.302866688786568 ], [ 109.61798037402724, -7.303482881414106 ], [ 109.618100054470645, -7.304224826963718 ], [ 109.617927924828578, -7.304875373995526 ], [ 109.616729201166322, -7.305179200046059 ], [ 109.615343171422055, -7.306088314113565 ], [ 109.615217672255, -7.306485842270614 ], [ 109.615450463988353, -7.307092423085877 ], [ 109.615904670109927, -7.307392274659478 ], [ 109.618087792333114, -7.307851130630079 ], [ 109.620981105418736, -7.307724364118074 ], [ 109.622452223725432, -7.308976761233417 ], [ 109.6237568317773, -7.308682376161613 ], [ 109.624158947388537, -7.308801142078623 ], [ 109.625759895589965, -7.310171556232623 ], [ 109.627107359101004, -7.311667775156484 ], [ 109.628284940224191, -7.312105441058486 ], [ 109.627378620928354, -7.31626266375445 ], [ 109.627323944118515, -7.318414819349567 ], [ 109.628366920265918, -7.321112898460372 ], [ 109.631415517628866, -7.326548150535649 ], [ 109.631666789427314, -7.327227116461217 ], [ 109.631758983511759, -7.330130345827917 ], [ 109.631564583951274, -7.332155498229931 ], [ 109.630867278169291, -7.334332733115375 ], [ 109.630395252604075, -7.335036710916921 ], [ 109.629177403090026, -7.335901159855733 ], [ 109.625863618401127, -7.336831531076969 ], [ 109.625446309322754, -7.337128713083499 ], [ 109.624077887039647, -7.336699485780381 ], [ 109.623007664826076, -7.336696207174616 ], [ 109.622076836781304, -7.336928431079913 ], [ 109.620891401140113, -7.337666372863129 ], [ 109.617561729084201, -7.338026928092271 ], [ 109.61604852478132, -7.338022268895203 ], [ 109.613423293510934, -7.338538665937602 ], [ 109.610448542666191, -7.338827930347374 ], [ 109.608204070122525, -7.339490134847209 ], [ 109.606344265995304, -7.340433894076251 ], [ 109.605385284722104, -7.340349544600199 ], [ 109.604692851581675, -7.340727222070392 ], [ 109.603833667377614, -7.340950676447618 ], [ 109.602917371302723, -7.340495577230501 ], [ 109.602518123155306, -7.338830451602931 ], [ 109.601326653536859, -7.337569721965218 ], [ 109.600878947385723, -7.337360286084238 ], [ 109.601638472578088, -7.336711581851629 ], [ 109.602328887530632, -7.334968383783443 ], [ 109.603549690991031, -7.333335328044554 ], [ 109.604901348130326, -7.331051603319016 ], [ 109.606951807502654, -7.329213155162736 ], [ 109.607445826826037, -7.328265157940562 ], [ 109.608391973467391, -7.327110516015669 ], [ 109.608401000850293, -7.325500903948338 ], [ 109.607699982043869, -7.323816674237371 ], [ 109.607758478277205, -7.322559829868073 ], [ 109.607421591080779, -7.321853378156311 ], [ 109.607317392234876, -7.320605162447815 ], [ 109.607525388114212, -7.319692443846153 ], [ 109.608562769132988, -7.318420541602335 ], [ 109.60871863891991, -7.317986945406355 ], [ 109.608491688824571, -7.317425587074684 ], [ 109.60750391859203, -7.316934118436806 ], [ 109.606897709705535, -7.316181717977814 ], [ 109.604892022334511, -7.314665238275487 ], [ 109.604814721816695, -7.313751637876822 ], [ 109.603952921884499, -7.312094124337445 ], [ 109.601051469742075, -7.310728651893172 ], [ 109.599716225339179, -7.309874437247168 ], [ 109.599546677048295, -7.308680178526621 ], [ 109.598848136234025, -7.306959787133237 ], [ 109.598930469241026, -7.306254635219871 ], [ 109.601765760180598, -7.302103582702256 ], [ 109.602086067627198, -7.300856592658515 ] ] ] } },
{ "type": "Feature", "properties": { "DESA": "Tanjungtirta" }, "geometry": { "type": "Polygon", "coordinates": [ [ [ 109.628284940224191, -7.312105441058486 ], [ 109.630503122401279, -7.312862809390269 ], [ 109.632049796167664, -7.313084592172973 ], [ 109.633579687222294, -7.312808855951078 ], [ 109.635259173969644, -7.312090443112514 ], [ 109.639333249893255, -7.311641550905413 ], [ 109.64229824898554, -7.312744786258671 ], [ 109.643398502930964, -7.313471511897408 ], [ 109.644919362492217, -7.313937295797654 ], [ 109.644994079111243, -7.31523977298001 ], [ 109.644205265822464, -7.315897613028855 ], [ 109.644319776474632, -7.317055454716519 ], [ 109.6434894950673, -7.31840954653892 ], [ 109.643329623432777, -7.319213851526761 ], [ 109.643702107457642, -7.319603849654095 ], [ 109.645413656194265, -7.319627084179159 ], [ 109.645885453324979, -7.319727959981702 ], [ 109.64638173136008, -7.32008216244235 ], [ 109.646503610085787, -7.32040811464649 ], [ 109.646324605360235, -7.321465617468382 ], [ 109.645812603223931, -7.32238649536838 ], [ 109.645686870617652, -7.323263326964276 ], [ 109.646422657108502, -7.323970961017543 ], [ 109.647069516231795, -7.324967656225605 ], [ 109.646799603079984, -7.325780764039927 ], [ 109.646929624690301, -7.327047241784443 ], [ 109.647196373083247, -7.327382671354944 ], [ 109.648599632881243, -7.328101261338121 ], [ 109.648843458912978, -7.328608410749001 ], [ 109.648549006158206, -7.330054534855464 ], [ 109.648324703410523, -7.330478903669349 ], [ 109.647116422087635, -7.331650850978503 ], [ 109.647281816081033, -7.333966434456448 ], [ 109.646945593782291, -7.334598510835937 ], [ 109.646294431471844, -7.335220506264117 ], [ 109.646685390511379, -7.336026561191693 ], [ 109.646624458005519, -7.336713715124088 ], [ 109.646367805012744, -7.336966104919615 ], [ 109.645875820043727, -7.337064079258896 ], [ 109.645149348646186, -7.336555473123362 ], [ 109.644519752809373, -7.336589740357752 ], [ 109.643868920091933, -7.337076199636426 ], [ 109.643651193777899, -7.337545792027603 ], [ 109.643609167539992, -7.338449998260286 ], [ 109.644155705315896, -7.340242231678407 ], [ 109.644118797991922, -7.340640037714075 ], [ 109.643813442932213, -7.340892278296421 ], [ 109.643916827659368, -7.34219484101182 ], [ 109.643808373309184, -7.342565306243896 ], [ 109.643394447251993, -7.34315184492712 ], [ 109.642371881145507, -7.343582836889091 ], [ 109.641703651289333, -7.345145358936722 ], [ 109.641229918528936, -7.345550883385711 ], [ 109.640056764021381, -7.346080869252712 ], [ 109.639849838478625, -7.346532407832013 ], [ 109.639845025386933, -7.348114927965272 ], [ 109.640129338645835, -7.349110626773233 ], [ 109.639734517814617, -7.349281218262099 ], [ 109.637900341926553, -7.349338942844475 ], [ 109.633094788941364, -7.349116370417262 ], [ 109.629689633391038, -7.348680941737629 ], [ 109.626548509693038, -7.34773988481027 ], [ 109.625389311954578, -7.346931464568996 ], [ 109.625079315164669, -7.346478351776473 ], [ 109.625068661119997, -7.338520212850404 ], [ 109.625446309322754, -7.337128713083499 ], [ 109.625863618401127, -7.336831531076969 ], [ 109.629177403090026, -7.335901159855733 ], [ 109.630395252604075, -7.335036710916921 ], [ 109.630867278169291, -7.334332733115375 ], [ 109.631215494296697, -7.333375216106906 ], [ 109.631712190972692, -7.331170154733215 ], [ 109.631666789427314, -7.327227116461217 ], [ 109.631415517628866, -7.326548150535649 ], [ 109.628366920265918, -7.321112898460372 ], [ 109.627323944118515, -7.318414819349567 ], [ 109.627378620928354, -7.31626266375445 ], [ 109.628284940224191, -7.312105441058486 ] ] ] } },
{ "type": "Feature", "properties": { "DESA": "Mlaya" }, "geometry": { "type": "Polygon", "coordinates": [ [ [ 109.622511760741034, -7.263615732599994 ], [ 109.6230698188905, -7.263373306628183 ], [ 109.623510574806858, -7.263419851307576 ], [ 109.624726925197066, -7.264083658197473 ], [ 109.624991821829923, -7.264373878929559 ], [ 109.625000523668973, -7.265884104056092 ], [ 109.625285458252321, -7.266093012221003 ], [ 109.626677498561563, -7.265834935516243 ], [ 109.628628370578895, -7.264882258491363 ], [ 109.629480406024669, -7.264920999333845 ], [ 109.630226618645068, -7.265429667571468 ], [ 109.63618218927644, -7.271307784176191 ], [ 109.638800112664072, -7.273205695082192 ], [ 109.63956122651949, -7.273560690909289 ], [ 109.640446664042358, -7.273698971454348 ], [ 109.641939753227149, -7.274390696429219 ], [ 109.641675038722923, -7.275077240737998 ], [ 109.641318061824421, -7.275401756071872 ], [ 109.641280265622171, -7.275727138076878 ], [ 109.641658813999726, -7.276325195752591 ], [ 109.641375449486503, -7.2767313055271 ], [ 109.640638732240532, -7.276828551954512 ], [ 109.639817018828339, -7.27658187324221 ], [ 109.639448336784326, -7.276725520853718 ], [ 109.639250784420923, -7.277104762066521 ], [ 109.639322023703485, -7.278271514291553 ], [ 109.638792877663718, -7.278604550967062 ], [ 109.638382347718334, -7.279127815629898 ], [ 109.638191837967042, -7.280167198908972 ], [ 109.638695775913789, -7.282547178393669 ], [ 109.639086957001339, -7.282819600664062 ], [ 109.638961622968552, -7.283271390499553 ], [ 109.638578570291642, -7.283324577843207 ], [ 109.638060202768642, -7.283820392254187 ], [ 109.637712935974321, -7.284660389261543 ], [ 109.637711270069317, -7.285212007463433 ], [ 109.63845569390125, -7.285955743773914 ], [ 109.638588210672907, -7.286489773351709 ], [ 109.638489294853471, -7.287565597750024 ], [ 109.638736468472501, -7.28811796514275 ], [ 109.639521629500365, -7.289124208517791 ], [ 109.639989107980355, -7.289333569924937 ], [ 109.640093588319445, -7.289804134051402 ], [ 109.639925783834968, -7.290346211378793 ], [ 109.640090914546633, -7.290690376588732 ], [ 109.641041757817362, -7.290919364494317 ], [ 109.641251819925529, -7.291372162917988 ], [ 109.641171278696916, -7.293017750756204 ], [ 109.640888887392421, -7.293740404837063 ], [ 109.64126023232501, -7.294600647778919 ], [ 109.640556734371458, -7.295484782337233 ], [ 109.640695775113969, -7.295837910702064 ], [ 109.641511653114037, -7.296346780942225 ], [ 109.642959280405449, -7.296658634588067 ], [ 109.643401658669546, -7.297121172167355 ], [ 109.64377134966989, -7.298433576669789 ], [ 109.643929762575027, -7.301083765623286 ], [ 109.645322362696035, -7.302760903161897 ], [ 109.645644509382578, -7.30379287711199 ], [ 109.646771174382181, -7.304772924800512 ], [ 109.648068504641969, -7.306323190081295 ], [ 109.648247217678104, -7.306848226000415 ], [ 109.648100621279156, -7.307788379224922 ], [ 109.647681537110302, -7.308962705127414 ], [ 109.647206780585748, -7.309277825822615 ], [ 109.645704411086399, -7.309074312202813 ], [ 109.643218812273773, -7.305476629062844 ], [ 109.641587427173931, -7.303880140179959 ], [ 109.639727871715536, -7.302735035946568 ], [ 109.634577332669068, -7.300612452186156 ], [ 109.630166209350278, -7.300996915561541 ], [ 109.629382107583297, -7.300822747528043 ], [ 109.628107195434083, -7.299860297489043 ], [ 109.627201229221129, -7.298627631790143 ], [ 109.6264362213157, -7.296382567717148 ], [ 109.626056907904911, -7.294373845186554 ], [ 109.625543202375582, -7.28990480020955 ], [ 109.625337126089121, -7.289081309135889 ], [ 109.624962253733599, -7.288483251291622 ], [ 109.62339680941966, -7.286905001988498 ], [ 109.622080983393644, -7.285906163189443 ], [ 109.621429803829258, -7.284963686444623 ], [ 109.617839552056424, -7.282583421007159 ], [ 109.616829667608485, -7.28213721446768 ], [ 109.616945810889476, -7.280889578581513 ], [ 109.617703726297776, -7.279797697377688 ], [ 109.61780304262048, -7.278776045483804 ], [ 109.618724792554829, -7.277784117430776 ], [ 109.619428456797664, -7.27332792037555 ], [ 109.620107369475875, -7.270734546386559 ], [ 109.620134689247834, -7.270029305089722 ], [ 109.621251586669871, -7.267310679269734 ], [ 109.622443155499383, -7.26515293637121 ], [ 109.62259243686934, -7.264637935275413 ], [ 109.622511760741034, -7.263615732599994 ] ] ] } },
{ "type": "Feature", "properties": { "DESA": "Tlaga" }, "geometry": { "type": "Polygon", "coordinates": [ [ [ 109.641939753227149, -7.274390696429219 ], [ 109.644403798689126, -7.275221037336256 ], [ 109.645437158209745, -7.275965716467292 ], [ 109.645949261382654, -7.276582163663956 ], [ 109.64805676113906, -7.280992603543086 ], [ 109.648900543342535, -7.282279296001421 ], [ 109.649792494374481, -7.284416219419639 ], [ 109.652557736166358, -7.287444981658464 ], [ 109.654003977499698, -7.290017638945081 ], [ 109.655231063717366, -7.292806640262802 ], [ 109.656539888562293, -7.298091903741674 ], [ 109.65712761611627, -7.302886596356037 ], [ 109.656664663445042, -7.305905740302733 ], [ 109.656263020791542, -7.306374796860656 ], [ 109.652956010115844, -7.307395944726504 ], [ 109.651351794402558, -7.30820498225876 ], [ 109.650565731892669, -7.308799554858529 ], [ 109.649594324174871, -7.310578195270397 ], [ 109.648684614980112, -7.311606387457428 ], [ 109.645257016189234, -7.312997810112902 ], [ 109.645021316494024, -7.313340770465188 ], [ 109.644919362492217, -7.313937295797654 ], [ 109.643398502930964, -7.313471511897408 ], [ 109.64229824898554, -7.312744786258671 ], [ 109.639333249893255, -7.311641550905413 ], [ 109.635259173969644, -7.312090443112514 ], [ 109.633579687222294, -7.312808855951078 ], [ 109.631319025390397, -7.313073332234818 ], [ 109.627107359101004, -7.311667775156484 ], [ 109.625759895589965, -7.310171556232623 ], [ 109.624158947388537, -7.308801142078623 ], [ 109.6237568317773, -7.308682376161613 ], [ 109.622452223725432, -7.308976761233417 ], [ 109.620981105418736, -7.307724364118074 ], [ 109.618087792333114, -7.307851130630079 ], [ 109.615904670109927, -7.307392274659478 ], [ 109.615450463988353, -7.307092423085877 ], [ 109.615217672255, -7.306485842270614 ], [ 109.615343171422055, -7.306088314113565 ], [ 109.616729201166322, -7.305179200046059 ], [ 109.617927924828578, -7.304875373995526 ], [ 109.618100054470645, -7.304224826963718 ], [ 109.61798037402724, -7.303482881414106 ], [ 109.617561048145944, -7.302866688786568 ], [ 109.615286989180674, -7.300707404816255 ], [ 109.615884103006223, -7.299633033786448 ], [ 109.617026663059875, -7.298741251277425 ], [ 109.617359291362106, -7.294926057999351 ], [ 109.616848551670998, -7.293242425096389 ], [ 109.616707862929061, -7.291948797170494 ], [ 109.616790579648779, -7.291180346923523 ], [ 109.617950381483794, -7.289917910904594 ], [ 109.617979828600411, -7.288254012987268 ], [ 109.61737939587023, -7.286814316589497 ], [ 109.617222594639273, -7.285611053780772 ], [ 109.616650548707725, -7.283683115707337 ], [ 109.616829667608485, -7.28213721446768 ], [ 109.617839552056424, -7.282583421007159 ], [ 109.621429803829258, -7.284963686444623 ], [ 109.622080983393644, -7.285906163189443 ], [ 109.62339680941966, -7.286905001988498 ], [ 109.624962253733599, -7.288483251291622 ], [ 109.625337126089121, -7.289081309135889 ], [ 109.625543202375582, -7.28990480020955 ], [ 109.626056907904911, -7.294373845186554 ], [ 109.6264362213157, -7.296382567717148 ], [ 109.627201229221129, -7.298627631790143 ], [ 109.628107195434083, -7.299860297489043 ], [ 109.629382107583297, -7.300822747528043 ], [ 109.630166209350278, -7.300996915561541 ], [ 109.634577332669068, -7.300612452186156 ], [ 109.639727871715536, -7.302735035946568 ], [ 109.641587427173931, -7.303880140179959 ], [ 109.643218812273773, -7.305476629062844 ], [ 109.645704411086399, -7.309074312202813 ], [ 109.647206780585748, -7.309277825822615 ], [ 109.647681537110302, -7.308962705127414 ], [ 109.648213594050915, -7.307399840702532 ], [ 109.648247217678104, -7.306848226000415 ], [ 109.648068504641969, -7.306323190081295 ], [ 109.646771174382181, -7.304772924800512 ], [ 109.645644509382578, -7.30379287711199 ], [ 109.645322362696035, -7.302760903161897 ], [ 109.643929762575027, -7.301083765623286 ], [ 109.64377134966989, -7.298433576669789 ], [ 109.643401658669546, -7.297121172167355 ], [ 109.642959280405449, -7.296658634588067 ], [ 109.641511653114037, -7.296346780942225 ], [ 109.640695775113969, -7.295837910702064 ], [ 109.640556734371458, -7.295484782337233 ], [ 109.64126023232501, -7.294600647778919 ], [ 109.640888887392421, -7.293740404837063 ], [ 109.641171278696916, -7.293017750756204 ], [ 109.641251819925529, -7.291372162917988 ], [ 109.641041757817362, -7.290919364494317 ], [ 109.640090914546633, -7.290690376588732 ], [ 109.639925783834968, -7.290346211378793 ], [ 109.640093588319445, -7.289804134051402 ], [ 109.639989107980355, -7.289333569924937 ], [ 109.639521629500365, -7.289124208517791 ], [ 109.638736468472501, -7.28811796514275 ], [ 109.638489294853471, -7.287565597750024 ], [ 109.638588210672907, -7.286489773351709 ], [ 109.63845569390125, -7.285955743773914 ], [ 109.637711270069317, -7.285212007463433 ], [ 109.637712935974321, -7.284660389261543 ], [ 109.638060202768642, -7.283820392254187 ], [ 109.638578570291642, -7.283324577843207 ], [ 109.638961622968552, -7.283271390499553 ], [ 109.639086957001339, -7.282819600664062 ], [ 109.638695775913789, -7.282547178393669 ], [ 109.638191837967042, -7.280167198908972 ], [ 109.638382347718334, -7.279127815629898 ], [ 109.638792877663718, -7.278604550967062 ], [ 109.639322023703485, -7.278271514291553 ], [ 109.639250784420923, -7.277104762066521 ], [ 109.639448336784326, -7.276725520853718 ], [ 109.639817018828339, -7.27658187324221 ], [ 109.640638732240532, -7.276828551954512 ], [ 109.641375449486503, -7.2767313055271 ], [ 109.641658813999726, -7.276325195752591 ], [ 109.641280265622171, -7.275727138076878 ], [ 109.641318061824421, -7.275401756071872 ], [ 109.641675038722923, -7.275077240737998 ], [ 109.641939753227149, -7.274390696429219 ] ] ] } },
{ "type": "Feature", "properties": { "DESA": "Slatri" }, "geometry": { "type": "Polygon", "coordinates": [ [ [ 109.706675971757832, -7.276940558242684 ], [ 109.707414871292286, -7.276969792856864 ], [ 109.709162336300253, -7.276667265573926 ], [ 109.710315379466948, -7.276869559763881 ], [ 109.710975613416011, -7.277404994962213 ], [ 109.71174945265453, -7.27856472637378 ], [ 109.712161321418691, -7.278855325552001 ], [ 109.714222887171346, -7.27877076615701 ], [ 109.715345905834155, -7.280971562825527 ], [ 109.71596364482491, -7.282718744610063 ], [ 109.716214315752737, -7.284229707699569 ], [ 109.716851438975795, -7.292786776538992 ], [ 109.715049322051172, -7.293270003941005 ], [ 109.714046719561409, -7.294090135901431 ], [ 109.713007300216802, -7.295326172651581 ], [ 109.71173086254494, -7.297357387580988 ], [ 109.710298272331116, -7.300473344509126 ], [ 109.709074921259315, -7.301952969807381 ], [ 109.706155850136952, -7.304115086697094 ], [ 109.702904145818053, -7.306104339829353 ], [ 109.702690651407195, -7.305651548293779 ], [ 109.701875868506818, -7.305296576836068 ], [ 109.701548878321063, -7.304834416728282 ], [ 109.700837301246594, -7.303656671192146 ], [ 109.70072375754809, -7.302887615633399 ], [ 109.700299271720468, -7.302669391787544 ], [ 109.699430118160933, -7.30254925527595 ], [ 109.699121829685396, -7.302259031389138 ], [ 109.699298842534247, -7.301843531264729 ], [ 109.700186309639406, -7.301104484135307 ], [ 109.700456233468117, -7.300662125545328 ], [ 109.700316509047468, -7.299829702506003 ], [ 109.699057546882997, -7.298840347069215 ], [ 109.698958207606367, -7.298351716774818 ], [ 109.699766202694249, -7.297793365521966 ], [ 109.699754321370932, -7.296916101863716 ], [ 109.700043996075721, -7.296383382531372 ], [ 109.699801215446641, -7.295677247360648 ], [ 109.700092533312372, -7.294574722065275 ], [ 109.70096828019723, -7.292895204941121 ], [ 109.702169046868065, -7.293160865314516 ], [ 109.70305383442404, -7.292955444975485 ], [ 109.70307243793458, -7.292304311402664 ], [ 109.703592325667529, -7.291419530127054 ], [ 109.703727639531039, -7.290723612646028 ], [ 109.703315201698757, -7.289175928356301 ], [ 109.702710375982235, -7.288667765037807 ], [ 109.702384969006715, -7.288151361195533 ], [ 109.70238744137022, -7.287292221092843 ], [ 109.703061787812587, -7.28624513095003 ], [ 109.704044542998687, -7.285651010628209 ], [ 109.704167939442982, -7.284656589842838 ], [ 109.704892769948984, -7.283971400885987 ], [ 109.704833820861978, -7.283121125769678 ], [ 109.705393915139254, -7.281856610201195 ], [ 109.70527724287642, -7.281367930833643 ], [ 109.705379585422875, -7.280916044926257 ], [ 109.705770137370834, -7.279940470147629 ], [ 109.70634533678016, -7.279318051227968 ], [ 109.706503361439019, -7.278902490913373 ], [ 109.706723415554507, -7.277872176875083 ], [ 109.706675971757832, -7.276940558242684 ] ] ] } },
{ "type": "Feature", "properties": { "DESA": "Pawedan" }, "geometry": { "type": "Polygon", "coordinates": [ [ [ 109.715049322051172, -7.293270003941005 ], [ 109.719036445985338, -7.292205166667974 ], [ 109.719744684013662, -7.292180047805769 ], [ 109.72048149115669, -7.292561980650152 ], [ 109.720905159662138, -7.292490845308353 ], [ 109.720963008076069, -7.293160193627062 ], [ 109.721661809130595, -7.294355961640418 ], [ 109.721763181903313, -7.295531865249738 ], [ 109.722168413951849, -7.295958067340718 ], [ 109.721989463286675, -7.296301240567559 ], [ 109.722276104499386, -7.296618605378618 ], [ 109.722467881999307, -7.298572541881306 ], [ 109.722785626576609, -7.298799576455938 ], [ 109.723116989289522, -7.298728178934281 ], [ 109.722827054353772, -7.300255697462235 ], [ 109.722947689558836, -7.300644927243808 ], [ 109.723598150617363, -7.301325083900781 ], [ 109.723679906114413, -7.301940249183109 ], [ 109.72317601640944, -7.30287935406561 ], [ 109.723165278310574, -7.303268212244062 ], [ 109.723698789512895, -7.303577233500048 ], [ 109.724353436737374, -7.304573865463759 ], [ 109.725498645550758, -7.305092575789487 ], [ 109.727404832743616, -7.306752972523489 ], [ 109.728248737491512, -7.307596423638729 ], [ 109.728160639898164, -7.308138775611368 ], [ 109.728796798507247, -7.308891222078285 ], [ 109.728904560278735, -7.309397958956486 ], [ 109.728564407106148, -7.310382740703741 ], [ 109.728521828369651, -7.311124231745355 ], [ 109.728059688805317, -7.311692653977252 ], [ 109.727716078175732, -7.314793664619608 ], [ 109.727294024548712, -7.316185185387518 ], [ 109.727320854094913, -7.316601275600857 ], [ 109.726594142993406, -7.317042361947466 ], [ 109.726641198948855, -7.319122566410025 ], [ 109.727049514976812, -7.319865240659429 ], [ 109.726622715936728, -7.320135379128254 ], [ 109.726007183097963, -7.320902373704532 ], [ 109.725753597430781, -7.320485642035959 ], [ 109.72544817537532, -7.320385227231976 ], [ 109.724388651900568, -7.320400310707158 ], [ 109.723818887734879, -7.320199776442165 ], [ 109.722885835507697, -7.318632536427613 ], [ 109.721361162464532, -7.317488762401282 ], [ 109.720953561320286, -7.31746952166903 ], [ 109.720222623022792, -7.316508833894328 ], [ 109.720143979650686, -7.315694667495741 ], [ 109.719412793360064, -7.315529837625919 ], [ 109.718386890806968, -7.314079871773579 ], [ 109.717132391172953, -7.314166720504357 ], [ 109.715166805341326, -7.312415785198771 ], [ 109.712584917094361, -7.311965281318693 ], [ 109.711952893698125, -7.311655965173721 ], [ 109.710718478565397, -7.312945681141869 ], [ 109.710298411379839, -7.313134356574877 ], [ 109.709554593968249, -7.313132227667877 ], [ 109.705297836346958, -7.311926238134062 ], [ 109.703924132891757, -7.310773808063673 ], [ 109.703691979615897, -7.310393296873912 ], [ 109.703533745764702, -7.309606029136749 ], [ 109.703711922397432, -7.308476142055341 ], [ 109.703596926455319, -7.307924174503854 ], [ 109.703045921222696, -7.306900601927629 ], [ 109.702904145818053, -7.306104339829353 ], [ 109.706155850136952, -7.304115086697094 ], [ 109.709074921259315, -7.301952969807381 ], [ 109.710298272331116, -7.300473344509126 ], [ 109.71173086254494, -7.297357387580988 ], [ 109.713007300216802, -7.295326172651581 ], [ 109.714046719561409, -7.294090135901431 ], [ 109.715049322051172, -7.293270003941005 ] ] ] } },
{ "type": "Feature", "properties": { "DESA": "Gumelar" }, "geometry": { "type": "Polygon", "coordinates": [ [ [ 109.730572711996274, -7.285771435392554 ], [ 109.736834249562349, -7.288447814228545 ], [ 109.739524795217491, -7.290074179221796 ], [ 109.739109651321442, -7.29107685077636 ], [ 109.738617863605882, -7.291310658005006 ], [ 109.738534396119348, -7.291726441715401 ], [ 109.738751961210369, -7.292658542703514 ], [ 109.738425424870428, -7.293435413294407 ], [ 109.737983231230402, -7.294067200087838 ], [ 109.737029253331301, -7.294923693141685 ], [ 109.736612938027022, -7.296206745484128 ], [ 109.737157217314831, -7.296832246532035 ], [ 109.737773711740587, -7.297114357944738 ], [ 109.738009328630255, -7.297974174744897 ], [ 109.737777364918855, -7.29823574074273 ], [ 109.737300311021556, -7.298379167538269 ], [ 109.736981757620853, -7.299635367393896 ], [ 109.736874417593896, -7.300864941615623 ], [ 109.736470175811377, -7.301089947475071 ], [ 109.736400644113161, -7.302871361490756 ], [ 109.736149943251718, -7.303340926786361 ], [ 109.733291977809813, -7.305557662156958 ], [ 109.733109299681587, -7.306615226542325 ], [ 109.732379771002144, -7.307454249880041 ], [ 109.731790796620345, -7.307633521694056 ], [ 109.730444447896232, -7.306978541022009 ], [ 109.728248737491512, -7.307596423638729 ], [ 109.725498645550758, -7.305092575789487 ], [ 109.724353436737374, -7.304573865463759 ], [ 109.723698789512895, -7.303577233500048 ], [ 109.723165278310574, -7.303268212244062 ], [ 109.72317601640944, -7.30287935406561 ], [ 109.723679906114413, -7.301940249183109 ], [ 109.723598150617363, -7.301325083900781 ], [ 109.722947689558836, -7.300644927243808 ], [ 109.722827054353772, -7.300255697462235 ], [ 109.723116989289522, -7.298728178934281 ], [ 109.722785626576609, -7.298799576455938 ], [ 109.722467881999307, -7.298572541881306 ], [ 109.722276104499386, -7.296618605378618 ], [ 109.721989463286675, -7.296301240567559 ], [ 109.722168413951849, -7.295958067340718 ], [ 109.721763181903313, -7.295531865249738 ], [ 109.721661809130595, -7.294355961640418 ], [ 109.720963008076069, -7.293160193627062 ], [ 109.721747275087338, -7.29316241247166 ], [ 109.722783477979561, -7.292577533306798 ], [ 109.726089534168835, -7.289530091468162 ], [ 109.730572711996274, -7.285771435392554 ] ] ] } },
{ "type": "Feature", "properties": { "DESA": "Purwadadi" }, "geometry": { "type": "Polygon", "coordinates": [ [ [ 109.730605086744021, -7.275561196766684 ], [ 109.731775814773556, -7.275428847886172 ], [ 109.736091797036011, -7.27410244143065 ], [ 109.739047628776618, -7.273956964874926 ], [ 109.74278273629912, -7.274202432987722 ], [ 109.744508277403156, -7.274125840446111 ], [ 109.746008621709436, -7.278416762308884 ], [ 109.746117087382132, -7.279402811054453 ], [ 109.746016343356487, -7.280234568022584 ], [ 109.745558007528487, -7.281282339723774 ], [ 109.74342945056911, -7.282750626457525 ], [ 109.742247752956558, -7.284158150002273 ], [ 109.742285147898173, -7.285478641008156 ], [ 109.741522107192367, -7.286570768161442 ], [ 109.741332227086801, -7.288695534881416 ], [ 109.740984231181542, -7.289056331912259 ], [ 109.740216763970722, -7.289189822674452 ], [ 109.73975071414057, -7.289568373365346 ], [ 109.739524795217491, -7.290074179221796 ], [ 109.736834249562349, -7.288447814228545 ], [ 109.730572711996274, -7.285771435392554 ], [ 109.73353206809152, -7.282587320296819 ], [ 109.733682784593228, -7.282027056222104 ], [ 109.733360771604822, -7.280687688642045 ], [ 109.730605086744021, -7.275561196766684 ] ] ] } },
{ "type": "Feature", "properties": { "DESA": "Sampang" }, "geometry": { "type": "Polygon", "coordinates": [ [ [ 109.726263689086011, -7.273948334307834 ], [ 109.729016793319815, -7.27514081844715 ], [ 109.730605086744021, -7.275561196766684 ], [ 109.733570308343459, -7.28114950019574 ], [ 109.733682784593228, -7.282027056222104 ], [ 109.73353206809152, -7.282587320296819 ], [ 109.730572711996274, -7.285771435392554 ], [ 109.726089534168835, -7.289530091468162 ], [ 109.722783477979561, -7.292577533306798 ], [ 109.721747275087338, -7.29316241247166 ], [ 109.720963008076069, -7.293160193627062 ], [ 109.720905159662138, -7.292490845308353 ], [ 109.72048149115669, -7.292561980650152 ], [ 109.719744684013662, -7.292180047805769 ], [ 109.718396411118249, -7.292329937647136 ], [ 109.716851438975795, -7.292786776538992 ], [ 109.716214315752737, -7.284229707699569 ], [ 109.71596364482491, -7.282718744610063 ], [ 109.715345905834155, -7.280971562825527 ], [ 109.714222887171346, -7.27877076615701 ], [ 109.715319127769575, -7.277941851202592 ], [ 109.716332386552594, -7.277456376639525 ], [ 109.717159014290331, -7.276102176596559 ], [ 109.718180475322427, -7.275408667976276 ], [ 109.720657109338276, -7.275352376033826 ], [ 109.722560835453024, -7.275936515364783 ], [ 109.723747979282209, -7.275994202946045 ], [ 109.72502952779459, -7.2749125204308 ], [ 109.726138875469431, -7.274246454513283 ], [ 109.726263689086011, -7.273948334307834 ] ] ] } },
{ "type": "Feature", "properties": { "DESA": "Ambal" }, "geometry": { "type": "Polygon", "coordinates": [ [ [ 109.708488789213092, -7.264456502811838 ], [ 109.708887266361046, -7.264358086944385 ], [ 109.710328930814399, -7.263403576940237 ], [ 109.711037886430816, -7.263188588417645 ], [ 109.712071605908079, -7.263164398206563 ], [ 109.713303040586666, -7.263547737633784 ], [ 109.715388073902645, -7.264747344507276 ], [ 109.716739065777645, -7.265004429009088 ], [ 109.722019005909331, -7.263364317413333 ], [ 109.724671732138304, -7.266889778675079 ], [ 109.725508983723259, -7.268691819720186 ], [ 109.726189751961172, -7.271352576150356 ], [ 109.72628608562367, -7.272944572294314 ], [ 109.726138875469431, -7.274246454513283 ], [ 109.72502952779459, -7.2749125204308 ], [ 109.723747979282209, -7.275994202946045 ], [ 109.722560835453024, -7.275936515364783 ], [ 109.720657109338276, -7.275352376033826 ], [ 109.718180475322427, -7.275408667976276 ], [ 109.717159014290331, -7.276102176596559 ], [ 109.716332386552594, -7.277456376639525 ], [ 109.715319127769575, -7.277941851202592 ], [ 109.714222887171346, -7.27877076615701 ], [ 109.712161321418691, -7.278855325552001 ], [ 109.71174945265453, -7.27856472637378 ], [ 109.710975613416011, -7.277404994962213 ], [ 109.710315379466948, -7.276869559763881 ], [ 109.709162336300253, -7.276667265573926 ], [ 109.707414871292286, -7.276969792856864 ], [ 109.706675971757832, -7.276940558242684 ], [ 109.707128998857939, -7.275974201186672 ], [ 109.706667193026462, -7.274164076659751 ], [ 109.706655492932811, -7.27371186428369 ], [ 109.706914135064594, -7.273522725226341 ], [ 109.706916309180883, -7.272763041710749 ], [ 109.707659914095302, -7.271562425887252 ], [ 109.708095364340522, -7.269818242525979 ], [ 109.708785479224545, -7.269196144873256 ], [ 109.709062195414432, -7.26871762799562 ], [ 109.709022332002533, -7.268319585698108 ], [ 109.707930665708844, -7.267240324022369 ], [ 109.708251238290018, -7.26657196469816 ], [ 109.707974223098276, -7.266345131206881 ], [ 109.70792591321964, -7.266028440924721 ], [ 109.709146287457258, -7.265525485275371 ], [ 109.708982001424133, -7.265181339593886 ], [ 109.708517752159452, -7.264827298287975 ], [ 109.708488789213092, -7.264456502811838 ] ] ] } },
{ "type": "Feature", "properties": { "DESA": "Pagerpelah" }, "geometry": { "type": "Polygon", "coordinates": [ [ [ 109.688080326821236, -7.270330484037745 ], [ 109.692300408783566, -7.270351718860049 ], [ 109.696729494609102, -7.270825692655905 ], [ 109.699199766918227, -7.270733328904787 ], [ 109.699688972152799, -7.271756630810543 ], [ 109.700137710694847, -7.272309555093066 ], [ 109.704519607861229, -7.276726344737831 ], [ 109.705482774414449, -7.27829368566051 ], [ 109.706503361439019, -7.278902490913373 ], [ 109.70634533678016, -7.279318051227968 ], [ 109.705770137370834, -7.279940470147629 ], [ 109.705379585422875, -7.280916044926257 ], [ 109.70527724287642, -7.281367930833643 ], [ 109.705393915139254, -7.281856610201195 ], [ 109.704833820861978, -7.283121125769678 ], [ 109.704892769948984, -7.283971400885987 ], [ 109.704167939442982, -7.284656589842838 ], [ 109.704044542998687, -7.285651010628209 ], [ 109.703061787812587, -7.28624513095003 ], [ 109.70238744137022, -7.287292221092843 ], [ 109.702384969006715, -7.288151361195533 ], [ 109.702710375982235, -7.288667765037807 ], [ 109.703315201698757, -7.289175928356301 ], [ 109.703727639531039, -7.290723612646028 ], [ 109.703592325667529, -7.291419530127054 ], [ 109.70307243793458, -7.292304311402664 ], [ 109.70305383442404, -7.292955444975485 ], [ 109.702169046868065, -7.293160865314516 ], [ 109.70096828019723, -7.292895204941121 ], [ 109.700092533312372, -7.294574722065275 ], [ 109.699801215446641, -7.295677247360648 ], [ 109.700043996075721, -7.296383382531372 ], [ 109.699754321370932, -7.296916101863716 ], [ 109.699766202694249, -7.297793365521966 ], [ 109.698958207606367, -7.298351716774818 ], [ 109.699057546882997, -7.298840347069215 ], [ 109.700316509047468, -7.299829702506003 ], [ 109.700456233468117, -7.300662125545328 ], [ 109.700186309639406, -7.301104484135307 ], [ 109.699298842534247, -7.301843531264729 ], [ 109.698259933575656, -7.299733360989249 ], [ 109.69483490841526, -7.293935597070109 ], [ 109.692558512378312, -7.289018370612842 ], [ 109.691270723635498, -7.287169774413596 ], [ 109.68983919489601, -7.285881436333765 ], [ 109.687975125606371, -7.284510465718433 ], [ 109.686924178180007, -7.28412757530887 ], [ 109.686124535449409, -7.284080045652759 ], [ 109.685356404753932, -7.284059731243912 ], [ 109.683727207571778, -7.284362502739818 ], [ 109.688080326821236, -7.270330484037745 ] ] ] } },
{ "type": "Feature", "properties": { "DESA": "Pasuruhan" }, "geometry": { "type": "Polygon", "coordinates": [ [ [ 109.670414276358542, -7.264635852499975 ], [ 109.672542608305477, -7.263755821985488 ], [ 109.67536087150512, -7.261837822089794 ], [ 109.683589968001556, -7.258714622672943 ], [ 109.688588727499152, -7.256323449710688 ], [ 109.689746704429766, -7.257945621033032 ], [ 109.690143545313418, -7.259004827929328 ], [ 109.690471593842886, -7.261230489411669 ], [ 109.690295194354434, -7.263219610591412 ], [ 109.689819212113918, -7.265144483703158 ], [ 109.686540796874141, -7.27515528917058 ], [ 109.683727207571778, -7.284362502739818 ], [ 109.682980812097298, -7.284776338719187 ], [ 109.680998265351107, -7.286669677265006 ], [ 109.678985867492614, -7.288906590647117 ], [ 109.67801090562439, -7.28973575543281 ], [ 109.675107499353771, -7.291870581239432 ], [ 109.672319141834819, -7.29317370935933 ], [ 109.671573586533682, -7.29261075594596 ], [ 109.670392006043542, -7.291042807120776 ], [ 109.669168662634519, -7.288091002041681 ], [ 109.668313248687113, -7.286596343624024 ], [ 109.669006730630016, -7.284554523290476 ], [ 109.670112976482699, -7.282866628007995 ], [ 109.67334724820121, -7.279665701396988 ], [ 109.675253531488963, -7.276831659565061 ], [ 109.676370888618365, -7.273579203746186 ], [ 109.676660912824374, -7.271653814229555 ], [ 109.676595446436679, -7.271210491004336 ], [ 109.67611214108733, -7.27079307265719 ], [ 109.673334152725687, -7.268713959671565 ], [ 109.670055456520799, -7.266561123340435 ], [ 109.669927170100507, -7.266099532855541 ], [ 109.67001559093562, -7.265566154223698 ], [ 109.670414276358542, -7.264635852499975 ] ] ] } },
{ "type": "Feature", "properties": { "DESA": "Karanggondang" }, "geometry": { "type": "Polygon", "coordinates": [ [ [ 109.690583010786227, -7.255008840935848 ], [ 109.692300992134648, -7.253015206040769 ], [ 109.693799002932437, -7.251834776263602 ], [ 109.696162898832839, -7.251172384942246 ], [ 109.697874941450692, -7.251258668810946 ], [ 109.700420680518732, -7.251817592809682 ], [ 109.70537067194833, -7.252202523973348 ], [ 109.70439921692082, -7.253339289863239 ], [ 109.703312224185538, -7.255208196541694 ], [ 109.702997146142479, -7.256202072061605 ], [ 109.702968961263025, -7.257151557727779 ], [ 109.703233084334684, -7.257731165824937 ], [ 109.703795889122475, -7.258166867910593 ], [ 109.705200075019476, -7.258614011374905 ], [ 109.70280357034973, -7.260271126693789 ], [ 109.701093743437752, -7.261767530771376 ], [ 109.700093259689481, -7.26285889926451 ], [ 109.699859805026264, -7.263328491961995 ], [ 109.69937481686226, -7.267541461333531 ], [ 109.699031008431561, -7.268987425918433 ], [ 109.699199766918227, -7.270733328904787 ], [ 109.696729494609102, -7.270825692655905 ], [ 109.692300408783566, -7.270351718860049 ], [ 109.688080326821236, -7.270330484037745 ], [ 109.689819212113918, -7.265144483703158 ], [ 109.690295194354434, -7.263219610591412 ], [ 109.690471593842886, -7.261230489411669 ], [ 109.690143545313418, -7.259004827929328 ], [ 109.689746704429766, -7.257945621033032 ], [ 109.688588727499152, -7.256323449710688 ], [ 109.690583010786227, -7.255008840935848 ] ] ] } },
{ "type": "Feature", "properties": { "DESA": "Jlegong" }, "geometry": { "type": "Polygon", "coordinates": [ [ [ 109.705200075019476, -7.258614011374905 ], [ 109.705483854393322, -7.258849906628705 ], [ 109.706211953726978, -7.261158086659576 ], [ 109.706720324523701, -7.261828807718247 ], [ 109.707880864813717, -7.262582671416341 ], [ 109.708110579955104, -7.263786153462483 ], [ 109.708488789213092, -7.264456502811838 ], [ 109.708517752159452, -7.264827298287975 ], [ 109.708982001424133, -7.265181339593886 ], [ 109.709146287457258, -7.265525485275371 ], [ 109.70792591321964, -7.266028440924721 ], [ 109.707974223098276, -7.266345131206881 ], [ 109.708251238290018, -7.26657196469816 ], [ 109.707930665708844, -7.267240324022369 ], [ 109.709022332002533, -7.268319585698108 ], [ 109.709062195414432, -7.26871762799562 ], [ 109.708785479224545, -7.269196144873256 ], [ 109.708095364340522, -7.269818242525979 ], [ 109.707659914095302, -7.271562425887252 ], [ 109.706916309180883, -7.272763041710749 ], [ 109.706914135064594, -7.273522725226341 ], [ 109.706655492932811, -7.27371186428369 ], [ 109.70683116044475, -7.275141327243293 ], [ 109.707128998857939, -7.275974201186672 ], [ 109.706675971757832, -7.276940558242684 ], [ 109.706723415554507, -7.277872176875083 ], [ 109.706503361439019, -7.278902490913373 ], [ 109.705482774414449, -7.27829368566051 ], [ 109.704519607861229, -7.276726344737831 ], [ 109.700137710694847, -7.272309555093066 ], [ 109.699688972152799, -7.271756630810543 ], [ 109.699050227089074, -7.27017222109098 ], [ 109.699031008431561, -7.268987425918433 ], [ 109.699455795239402, -7.266935715571796 ], [ 109.699720072569079, -7.263798353039686 ], [ 109.700093259689481, -7.26285889926451 ], [ 109.70280357034973, -7.260271126693789 ], [ 109.705200075019476, -7.258614011374905 ] ] ] } },
{ "type": "Feature", "properties": { "DESA": "Binangun" }, "geometry": { "type": "Polygon", "coordinates": [ [ [ 109.711058489755487, -7.249704530492419 ], [ 109.714818843719584, -7.248620937200534 ], [ 109.717499890139479, -7.248293870042674 ], [ 109.718074108730065, -7.248313572990535 ], [ 109.720800337650047, -7.249017652848655 ], [ 109.724964293536189, -7.249029349753877 ], [ 109.726771138372229, -7.249215250469152 ], [ 109.726557421746946, -7.250327070556532 ], [ 109.726803452284614, -7.251801852429255 ], [ 109.725462975737926, -7.253471197929316 ], [ 109.725003234526156, -7.253795504817213 ], [ 109.724558106040263, -7.254499609440574 ], [ 109.724221680936623, -7.257175591559339 ], [ 109.724421699635101, -7.259816912712215 ], [ 109.724084945297065, -7.261308140638857 ], [ 109.722831413874388, -7.262824004485696 ], [ 109.721344599317774, -7.263642804517397 ], [ 109.719512016826414, -7.264062692500906 ], [ 109.716739065777645, -7.265004429009088 ], [ 109.715388073902645, -7.264747344507276 ], [ 109.713303040586666, -7.263547737633784 ], [ 109.712071605908079, -7.263164398206563 ], [ 109.711037886430816, -7.263188588417645 ], [ 109.710328930814399, -7.263403576940237 ], [ 109.708887266361046, -7.264358086944385 ], [ 109.708488789213092, -7.264456502811838 ], [ 109.708110579955104, -7.263786153462483 ], [ 109.707880864813717, -7.262582671416341 ], [ 109.706720324523701, -7.261828807718247 ], [ 109.706211953726978, -7.261158086659576 ], [ 109.705483854393322, -7.258849906628705 ], [ 109.705200075019476, -7.258614011374905 ], [ 109.703795889122475, -7.258166867910593 ], [ 109.703233084334684, -7.257731165824937 ], [ 109.702968961263025, -7.257151557727779 ], [ 109.702997146142479, -7.256202072061605 ], [ 109.703312224185538, -7.255208196541694 ], [ 109.70439921692082, -7.253339289863239 ], [ 109.70537067194833, -7.252202523973348 ], [ 109.707626183838727, -7.250761987420167 ], [ 109.708305805879391, -7.249931894161147 ], [ 109.709239794563956, -7.249699370196796 ], [ 109.711058489755487, -7.249704530492419 ] ] ] } },
{ "type": "Feature", "properties": { "DESA": "Karangkobar" }, "geometry": { "type": "Polygon", "coordinates": [ [ [ 109.725003234526156, -7.253795504817213 ], [ 109.726446509485982, -7.252325369894913 ], [ 109.726960275176978, -7.252706657515631 ], [ 109.729316130986547, -7.253708036461112 ], [ 109.730358278304848, -7.254588191115711 ], [ 109.731525588350692, -7.256056595542407 ], [ 109.732998206378838, -7.258375876078929 ], [ 109.733724948961225, -7.262022500084871 ], [ 109.733428095255263, -7.263622443939899 ], [ 109.732861662163714, -7.264281009030581 ], [ 109.732503456775888, -7.265039705847332 ], [ 109.732508990739902, -7.265889837295689 ], [ 109.732573620059028, -7.266278908421111 ], [ 109.732958749405938, -7.26678641923256 ], [ 109.734140483445145, -7.26716956786485 ], [ 109.734360948653759, -7.267568025389054 ], [ 109.733871595122622, -7.269502071020749 ], [ 109.733939222703611, -7.270207615877978 ], [ 109.734247682104524, -7.270733086354443 ], [ 109.736103840281686, -7.271425538179177 ], [ 109.738726950175419, -7.271839819976368 ], [ 109.739211402691311, -7.270746919053158 ], [ 109.741569904341929, -7.270762514478151 ], [ 109.743862054735672, -7.271193931596528 ], [ 109.744528395681527, -7.271078142521115 ], [ 109.744079723533474, -7.272306869296767 ], [ 109.744559969752274, -7.273664756309751 ], [ 109.744508277403156, -7.274125840446111 ], [ 109.74278273629912, -7.274202432987722 ], [ 109.739047628776618, -7.273956964874926 ], [ 109.736091797036011, -7.27410244143065 ], [ 109.731775814773556, -7.275428847886172 ], [ 109.730605086744021, -7.275561196766684 ], [ 109.729016793319815, -7.27514081844715 ], [ 109.726263689086011, -7.273948334307834 ], [ 109.726100552127463, -7.270674097099266 ], [ 109.725271463042603, -7.26809430035501 ], [ 109.724336623776182, -7.26639144491572 ], [ 109.722019005909331, -7.263364317413333 ], [ 109.722831413874388, -7.262824004485696 ], [ 109.724084945297065, -7.261308140638857 ], [ 109.724421699635101, -7.259816912712215 ], [ 109.724221680936623, -7.257175591559339 ], [ 109.724558106040263, -7.254499609440574 ], [ 109.725003234526156, -7.253795504817213 ] ] ] } },
{ "type": "Feature", "properties": { "DESA": "Leksana" }, "geometry": { "type": "Polygon", "coordinates": [ [ [ 109.726771138372229, -7.249215250469152 ], [ 109.731304216687988, -7.249716274356469 ], [ 109.735588586168248, -7.249484080300145 ], [ 109.736387187304729, -7.249703305927556 ], [ 109.737219900913814, -7.250411067673459 ], [ 109.737815684846495, -7.251190505512689 ], [ 109.738526670467436, -7.252919751406918 ], [ 109.738919175393391, -7.254747754641582 ], [ 109.739006072667465, -7.256475267923975 ], [ 109.739209082770898, -7.257054693269633 ], [ 109.741931657523054, -7.258735356256558 ], [ 109.744101017779428, -7.260658607414244 ], [ 109.745194483958628, -7.262036272671764 ], [ 109.745188907987796, -7.263239102182244 ], [ 109.745570529918908, -7.264316325228225 ], [ 109.745497397203806, -7.265292829870143 ], [ 109.745270252887877, -7.265952441680137 ], [ 109.74548629746613, -7.266332889747887 ], [ 109.745239674493661, -7.267498794264234 ], [ 109.745628281325025, -7.26912777415354 ], [ 109.744528395681527, -7.271078142521115 ], [ 109.743862054735672, -7.271193931596528 ], [ 109.741569904341929, -7.270762514478151 ], [ 109.739211402691311, -7.270746919053158 ], [ 109.738726950175419, -7.271839819976368 ], [ 109.736103840281686, -7.271425538179177 ], [ 109.734247682104524, -7.270733086354443 ], [ 109.733939222703611, -7.270207615877978 ], [ 109.733871595122622, -7.269502071020749 ], [ 109.734360948653759, -7.267568025389054 ], [ 109.734140483445145, -7.26716956786485 ], [ 109.732958749405938, -7.26678641923256 ], [ 109.732573620059028, -7.266278908421111 ], [ 109.732508990739902, -7.265889837295689 ], [ 109.732650424279058, -7.264615058414768 ], [ 109.733428095255263, -7.263622443939899 ], [ 109.733686687913846, -7.262564995859108 ], [ 109.733724948961225, -7.262022500084871 ], [ 109.733210766788361, -7.258982364737042 ], [ 109.732013959393413, -7.256709063862752 ], [ 109.730358278304848, -7.254588191115711 ], [ 109.728816074251881, -7.253390172747146 ], [ 109.726960275176978, -7.252706657515631 ], [ 109.726446509485982, -7.252325369894913 ], [ 109.726803452284614, -7.251801852429255 ], [ 109.726557421746946, -7.250327070556532 ], [ 109.726771138372229, -7.249215250469152 ] ] ] } },
{ "type": "Feature", "properties": { "DESA": "Nagasari" }, "geometry": { "type": "Polygon", "coordinates": [ [ [ 109.726007183097963, -7.320902373704532 ], [ 109.726622715936728, -7.320135379128254 ], [ 109.727049514976812, -7.319865240659429 ], [ 109.727509350957092, -7.319902707534994 ], [ 109.728467136058001, -7.320339511100946 ], [ 109.729617893381942, -7.322106278001509 ], [ 109.730227983705461, -7.322469762927939 ], [ 109.733149945464731, -7.322713173482755 ], [ 109.734322238364157, -7.322653087666602 ], [ 109.734879963342863, -7.32283558281405 ], [ 109.735664124722746, -7.323796403091131 ], [ 109.737355931307633, -7.323936780087424 ], [ 109.738967725941535, -7.324429649799018 ], [ 109.739834129182114, -7.324142736844065 ], [ 109.740070862902712, -7.323890136920859 ], [ 109.74018978658782, -7.323592088185116 ], [ 109.739918949684025, -7.321945348654918 ], [ 109.739969552120655, -7.321267169398078 ], [ 109.740692008242405, -7.320744671737424 ], [ 109.74509909731033, -7.320304790817878 ], [ 109.746353610345949, -7.320516338953509 ], [ 109.74681400107491, -7.32115968511929 ], [ 109.747239381238529, -7.322625926569149 ], [ 109.747634327827896, -7.323088252418799 ], [ 109.748211454943302, -7.323306953588589 ], [ 109.749998349619773, -7.323556050613758 ], [ 109.749804282707572, -7.327073533692891 ], [ 109.750000638874852, -7.331550723044976 ], [ 109.750265001760397, -7.332184571603884 ], [ 109.750672507920982, -7.332619805734505 ], [ 109.752009035753161, -7.333193248204141 ], [ 109.751344621077493, -7.333923978005119 ], [ 109.751342327394809, -7.334746965435002 ], [ 109.750037675964677, -7.336561121658655 ], [ 109.750000560803713, -7.337682394244777 ], [ 109.748549474740599, -7.33819383268734 ], [ 109.746223198366081, -7.338304981187398 ], [ 109.743417588066947, -7.338025795527238 ], [ 109.742024013167878, -7.337605879065883 ], [ 109.741476656403762, -7.337287790374472 ], [ 109.740516513248352, -7.335865256045891 ], [ 109.738448720394416, -7.333924136714685 ], [ 109.737494236047681, -7.333415022569448 ], [ 109.736097850859693, -7.331801287612056 ], [ 109.734595433121328, -7.330974072962519 ], [ 109.732654149812802, -7.330272293811016 ], [ 109.730975609263695, -7.328657752231567 ], [ 109.7281534899371, -7.326434082242035 ], [ 109.727758111365191, -7.32602599195057 ], [ 109.727844256814421, -7.3257006394133 ], [ 109.726238984527868, -7.324809819142676 ], [ 109.724302782811819, -7.324017606715365 ], [ 109.724380688393893, -7.323701273633394 ], [ 109.724074298404531, -7.323546694390991 ], [ 109.723478119540459, -7.323572129451405 ], [ 109.723121180138151, -7.32325456328281 ], [ 109.723360828238839, -7.322794020286421 ], [ 109.725119955048996, -7.321343001970726 ], [ 109.726007183097963, -7.320902373704532 ] ] ] } },
{ "type": "Feature", "properties": { "DESA": "Aribaya" }, "geometry": { "type": "Polygon", "coordinates": [ [ [ 109.752009035753161, -7.333193248204141 ], [ 109.752679946812663, -7.333267445510798 ], [ 109.754309396271964, -7.333045916020181 ], [ 109.755704993656039, -7.333411548096071 ], [ 109.756638700591409, -7.333477425082015 ], [ 109.757536362075925, -7.333262810550523 ], [ 109.763310553677698, -7.330656027177642 ], [ 109.766658865696058, -7.32958000763694 ], [ 109.768018935681297, -7.328986875574194 ], [ 109.77127640621346, -7.328100359806559 ], [ 109.772456840170904, -7.327967952942302 ], [ 109.773047309433778, -7.328096151459706 ], [ 109.775436442620389, -7.331593590022213 ], [ 109.773347776730205, -7.334545255298969 ], [ 109.771324857119808, -7.33696342897722 ], [ 109.769623475039026, -7.339870917257791 ], [ 109.769558819161276, -7.340838410583578 ], [ 109.768967819000324, -7.343179109711822 ], [ 109.769046174681776, -7.343722022767228 ], [ 109.770266021550015, -7.345136183033611 ], [ 109.77117293133864, -7.347245896217498 ], [ 109.771137206571453, -7.348068707283892 ], [ 109.769917135706962, -7.35167391824185 ], [ 109.769651167818523, -7.353997422999161 ], [ 109.769171293083033, -7.35381517625507 ], [ 109.768661441301049, -7.353289252588589 ], [ 109.76846105728707, -7.352764178650555 ], [ 109.767821310859517, -7.35223789756027 ], [ 109.767791460613395, -7.351360565664866 ], [ 109.767436608164871, -7.350590844090413 ], [ 109.766889088433913, -7.350399458191219 ], [ 109.765637418381885, -7.349446430380133 ], [ 109.764922790507427, -7.348368201141025 ], [ 109.76392962518004, -7.347479175156663 ], [ 109.763465096184859, -7.345235042842975 ], [ 109.762050505199852, -7.343078711214611 ], [ 109.761076943080553, -7.341077397350296 ], [ 109.760986974214603, -7.340227026824813 ], [ 109.76112753125831, -7.339666724414302 ], [ 109.760879208067436, -7.339060049217564 ], [ 109.760624829312334, -7.338833299171693 ], [ 109.759402295177452, -7.338703247068576 ], [ 109.756618908695202, -7.3398803137547 ], [ 109.75517024344731, -7.340057139193884 ], [ 109.75313802068186, -7.339445603918135 ], [ 109.75069081604569, -7.337946619650965 ], [ 109.750000560803713, -7.337682394244777 ], [ 109.750037675964677, -7.336561121658655 ], [ 109.751342327394809, -7.334746965435002 ], [ 109.751344621077493, -7.333923978005119 ], [ 109.752009035753161, -7.333193248204141 ] ] ] } },
{ "type": "Feature", "properties": { "DESA": "Larangan" }, "geometry": { "type": "Polygon", "coordinates": [ [ [ 109.782124954776904, -7.347601268212789 ], [ 109.785628110230022, -7.347502259255206 ], [ 109.786393216883056, -7.348055982484919 ], [ 109.78570194605598, -7.349799581404322 ], [ 109.785700766957063, -7.350233685025991 ], [ 109.786122169614586, -7.351320138080358 ], [ 109.786303554892697, -7.35323789666572 ], [ 109.787014166689929, -7.355075709670417 ], [ 109.786760560655466, -7.356838576810431 ], [ 109.78581954109201, -7.35883476348882 ], [ 109.785260048108128, -7.359384899439237 ], [ 109.783422823211424, -7.35999486004546 ], [ 109.783235020870123, -7.360464624170898 ], [ 109.783425497193335, -7.362138272586632 ], [ 109.783336316265547, -7.362463632567164 ], [ 109.779794195463069, -7.364859614297406 ], [ 109.779329697523579, -7.365030235998763 ], [ 109.778159043655691, -7.364855154212876 ], [ 109.777166465655156, -7.36416516341763 ], [ 109.776699625433238, -7.364154846063679 ], [ 109.775950867534149, -7.363519680676469 ], [ 109.774672752489863, -7.363091121740772 ], [ 109.774037815025324, -7.362573901288361 ], [ 109.773236468839073, -7.360392141440856 ], [ 109.772862977761221, -7.359794258425753 ], [ 109.771040479990859, -7.357220803807405 ], [ 109.769890370205161, -7.356349439665076 ], [ 109.769661449595574, -7.356014168569483 ], [ 109.769760149443712, -7.355218657158329 ], [ 109.769553912623536, -7.354566889568857 ], [ 109.769917135706962, -7.35167391824185 ], [ 109.771137206571453, -7.348068707283892 ], [ 109.77117293133864, -7.347245896217498 ], [ 109.771798585092441, -7.34795297280533 ], [ 109.773007265739452, -7.348706944076488 ], [ 109.77369932396951, -7.348925843648849 ], [ 109.77639805946383, -7.348996506712679 ], [ 109.779510747945963, -7.34841716651755 ], [ 109.782124954776904, -7.347601268212789 ] ] ] } },
{ "type": "Feature", "properties": { "DESA": "Karangnangka" }, "geometry": { "type": "Polygon", "coordinates": [ [ [ 109.775436442620389, -7.331593590022213 ], [ 109.777273724536116, -7.333000369341259 ], [ 109.778207366689372, -7.334024923900962 ], [ 109.780490291742396, -7.334664153715134 ], [ 109.781417290163773, -7.334702836007162 ], [ 109.784133285620655, -7.334330336813657 ], [ 109.784668769543032, -7.334467505612739 ], [ 109.785574606592036, -7.33569993914055 ], [ 109.78672286119162, -7.338190047346573 ], [ 109.786784238007897, -7.338832377090629 ], [ 109.786649921273451, -7.339609718053226 ], [ 109.78641917896401, -7.339943739623296 ], [ 109.786177805481287, -7.342104580617021 ], [ 109.787064430725991, -7.343762027086981 ], [ 109.78718216626649, -7.344720979644761 ], [ 109.786503931599611, -7.34656407873893 ], [ 109.786393216883056, -7.348055982484919 ], [ 109.785628110230022, -7.347502259255206 ], [ 109.782574621691921, -7.347548236551515 ], [ 109.777528504046458, -7.348863958998673 ], [ 109.77639805946383, -7.348996506712679 ], [ 109.77369932396951, -7.348925843648849 ], [ 109.772388409656756, -7.348406775753056 ], [ 109.77117293133864, -7.347245896217498 ], [ 109.770266021550015, -7.345136183033611 ], [ 109.769046174681776, -7.343722022767228 ], [ 109.768967819000324, -7.343179109711822 ], [ 109.769558819161276, -7.340838410583578 ], [ 109.769623475039026, -7.339870917257791 ], [ 109.771324857119808, -7.33696342897722 ], [ 109.773347776730205, -7.334545255298969 ], [ 109.775436442620389, -7.331593590022213 ] ] ] } },
{ "type": "Feature", "properties": { "DESA": "Sokaraja" }, "geometry": { "type": "Polygon", "coordinates": [ [ [ 109.783431340806274, -7.324271734471175 ], [ 109.7868663299936, -7.323874024830694 ], [ 109.787994263911798, -7.323596670264293 ], [ 109.79047004231694, -7.321677014880613 ], [ 109.790942557692077, -7.323640767458231 ], [ 109.791493204853737, -7.324356747983314 ], [ 109.79191207371403, -7.32469251834275 ], [ 109.792471876094424, -7.324838693327403 ], [ 109.793590012622033, -7.324733187532046 ], [ 109.795046457264291, -7.324284896507975 ], [ 109.800485203804797, -7.32180327150832 ], [ 109.802422235329644, -7.320560350687637 ], [ 109.803646591776854, -7.320084284667502 ], [ 109.805984672312618, -7.319584042777348 ], [ 109.808639440241862, -7.319310678055203 ], [ 109.80871146601406, -7.321300581328098 ], [ 109.807149828329358, -7.323394663388211 ], [ 109.805591394770474, -7.324195366602396 ], [ 109.805239699377296, -7.324547164740122 ], [ 109.804757006982015, -7.324781067587052 ], [ 109.804011724340256, -7.324779087639087 ], [ 109.802278801149924, -7.325299009678016 ], [ 109.801489937285311, -7.325170320458441 ], [ 109.800373442729196, -7.324660899531651 ], [ 109.799650026406454, -7.324722265116503 ], [ 109.798386692832622, -7.325243423690552 ], [ 109.798159150904013, -7.325866808485072 ], [ 109.796522370917288, -7.327770759007664 ], [ 109.794855210696994, -7.331745609846048 ], [ 109.793295803547252, -7.332862821205802 ], [ 109.792785903411797, -7.333847215193118 ], [ 109.792551567895146, -7.334769054346951 ], [ 109.792026802127481, -7.335807749465634 ], [ 109.792083034790366, -7.336477101574498 ], [ 109.792660103551398, -7.337455373173445 ], [ 109.792427154785173, -7.337861729110224 ], [ 109.791991821632749, -7.338059573918292 ], [ 109.791671459407823, -7.338556114553936 ], [ 109.790131087337585, -7.340080342342818 ], [ 109.788128507823444, -7.340852737847621 ], [ 109.787663773629049, -7.341231338676721 ], [ 109.787514798578584, -7.342732182575006 ], [ 109.787064430725991, -7.343762027086981 ], [ 109.786177805481287, -7.342104580617021 ], [ 109.78641917896401, -7.339943739623296 ], [ 109.786649921273451, -7.339609718053226 ], [ 109.786784238007897, -7.338832377090629 ], [ 109.78672286119162, -7.338190047346573 ], [ 109.785855301333314, -7.336170972750947 ], [ 109.784795513553334, -7.334802402717438 ], [ 109.784125498780384, -7.332603020691035 ], [ 109.784186018734914, -7.328768558054649 ], [ 109.783431340806274, -7.324271734471175 ] ] ] } },
{ "type": "Feature", "properties": { "DESA": "Gumingsir" }, "geometry": { "type": "Polygon", "coordinates": [ [ [ 109.749998349619773, -7.323556050613758 ], [ 109.751912051118708, -7.323678996234783 ], [ 109.753120242047601, -7.324062195426796 ], [ 109.753975043463683, -7.324589084080124 ], [ 109.754495289370865, -7.324717110948753 ], [ 109.755032894389089, -7.324592011617789 ], [ 109.755453913206281, -7.324140989737843 ], [ 109.755843725926084, -7.322903053182666 ], [ 109.756198045703002, -7.322316217014667 ], [ 109.75692176188241, -7.32163084887301 ], [ 109.757762610983832, -7.321262360220566 ], [ 109.758573241686278, -7.320287886714096 ], [ 109.759457406947405, -7.320000891039148 ], [ 109.759907691027266, -7.320038298968623 ], [ 109.761326509409386, -7.320612026828598 ], [ 109.76227938862985, -7.320596563127851 ], [ 109.762574218602524, -7.320425486082789 ], [ 109.762853140161667, -7.319874603430975 ], [ 109.762836634649219, -7.319494705993766 ], [ 109.762647345301588, -7.319041998339801 ], [ 109.761610571946903, -7.318089564175104 ], [ 109.761403906015587, -7.317709144027901 ], [ 109.761387575703424, -7.317347331081332 ], [ 109.761666047596279, -7.316877825258532 ], [ 109.762341694169749, -7.316879681892568 ], [ 109.763587973385697, -7.3172087044831 ], [ 109.765424754267471, -7.316996734957941 ], [ 109.768450185462441, -7.315006289364603 ], [ 109.768742027228271, -7.313252583714172 ], [ 109.769174569930044, -7.312512142829784 ], [ 109.769954771973914, -7.312188761478896 ], [ 109.774773984010253, -7.311812989426115 ], [ 109.775430674572377, -7.311615759479081 ], [ 109.775800627946666, -7.3113093365196 ], [ 109.777823801299306, -7.31530315970559 ], [ 109.780137423739504, -7.319125877322915 ], [ 109.781661500884596, -7.3225395623869 ], [ 109.782652832103224, -7.323772228594438 ], [ 109.783431340806274, -7.324271734471175 ], [ 109.784186018734914, -7.328768558054649 ], [ 109.784125498780384, -7.332603020691035 ], [ 109.784668769543032, -7.334467505612739 ], [ 109.78358864435269, -7.334319821169392 ], [ 109.781417290163773, -7.334702836007162 ], [ 109.780490291742396, -7.334664153715134 ], [ 109.778207366689372, -7.334024923900962 ], [ 109.777273724536116, -7.333000369341259 ], [ 109.775436442620389, -7.331593590022213 ], [ 109.773047309433778, -7.328096151459706 ], [ 109.772456840170904, -7.327967952942302 ], [ 109.770416153171467, -7.328297022937391 ], [ 109.768018935681297, -7.328986875574194 ], [ 109.766658865696058, -7.32958000763694 ], [ 109.763310553677698, -7.330656027177642 ], [ 109.760077025204225, -7.332193654933465 ], [ 109.757536362075925, -7.333262810550523 ], [ 109.756638700591409, -7.333477425082015 ], [ 109.755704993656039, -7.333411548096071 ], [ 109.754309396271964, -7.333045916020181 ], [ 109.752679946812663, -7.333267445510798 ], [ 109.751209958178592, -7.332955939700524 ], [ 109.750265001760397, -7.332184571603884 ], [ 109.750000638874852, -7.331550723044976 ], [ 109.749804282707572, -7.327073533692891 ], [ 109.749998349619773, -7.323556050613758 ] ] ] } },
{ "type": "Feature", "properties": { "DESA": "Kayuares" }, "geometry": { "type": "Polygon", "coordinates": [ [ [ 109.775800627946666, -7.3113093365196 ], [ 109.775987033059636, -7.310631512430008 ], [ 109.775905885272067, -7.310287606047689 ], [ 109.775090616134023, -7.309064542774562 ], [ 109.775530119826698, -7.308477826033542 ], [ 109.776185357734548, -7.308181218661212 ], [ 109.778074630494871, -7.308538978821188 ], [ 109.778671839109492, -7.309065213300559 ], [ 109.779382382586959, -7.311038655266144 ], [ 109.77993141325409, -7.312007816566122 ], [ 109.780461920873151, -7.312289644596563 ], [ 109.781606381510969, -7.312600257979193 ], [ 109.784409927457233, -7.312255097733 ], [ 109.785913458875655, -7.312693257065933 ], [ 109.787424772989198, -7.312878165579349 ], [ 109.790674477432987, -7.312633718666065 ], [ 109.792346645516389, -7.312692453847026 ], [ 109.791857283883346, -7.314771173917147 ], [ 109.791161398363599, -7.316487656899232 ], [ 109.789838720096185, -7.318139160076 ], [ 109.789549154163325, -7.318771414756534 ], [ 109.789675471587856, -7.319902279583471 ], [ 109.79047004231694, -7.321677014880613 ], [ 109.787994263911798, -7.323596670264293 ], [ 109.7868663299936, -7.323874024830694 ], [ 109.783431340806274, -7.324271734471175 ], [ 109.782976781678471, -7.324044364904594 ], [ 109.781661500884596, -7.3225395623869 ], [ 109.780137423739504, -7.319125877322915 ], [ 109.777823801299306, -7.31530315970559 ], [ 109.775800627946666, -7.3113093365196 ] ] ] } },
{ "type": "Feature", "properties": { "DESA": "Metawana" }, "geometry": { "type": "Polygon", "coordinates": [ [ [ 109.796645778791657, -7.309203950939077 ], [ 109.797800487429313, -7.309261282925185 ], [ 109.799033726823723, -7.309698678367328 ], [ 109.800036843198072, -7.310361510238325 ], [ 109.800908531456756, -7.310427214036087 ], [ 109.802126838076944, -7.310837345624978 ], [ 109.803029534253483, -7.310731237965848 ], [ 109.804440884555291, -7.31104250368611 ], [ 109.805616780106092, -7.311787252211937 ], [ 109.806308784433241, -7.312015137240776 ], [ 109.807320297377245, -7.312813699408633 ], [ 109.807579389032611, -7.313212327373915 ], [ 109.809472003717076, -7.313940788542596 ], [ 109.810067823264305, -7.314277010150378 ], [ 109.810352435790264, -7.314657620200054 ], [ 109.809841997243268, -7.316826828370166 ], [ 109.809680119127719, -7.317341890724768 ], [ 109.808658371255802, -7.318903833895633 ], [ 109.808639440241862, -7.319310678055203 ], [ 109.805984672312618, -7.319584042777348 ], [ 109.803646591776854, -7.320084284667502 ], [ 109.802422235329644, -7.320560350687637 ], [ 109.800485203804797, -7.32180327150832 ], [ 109.795046457264291, -7.324284896507975 ], [ 109.793590012622033, -7.324733187532046 ], [ 109.792471876094424, -7.324838693327403 ], [ 109.79191207371403, -7.32469251834275 ], [ 109.790942557692077, -7.323640767458231 ], [ 109.79047004231694, -7.321677014880613 ], [ 109.789675471587856, -7.319902279583471 ], [ 109.789549154163325, -7.318771414756534 ], [ 109.789838720096185, -7.318139160076 ], [ 109.791161398363599, -7.316487656899232 ], [ 109.791857283883346, -7.314771173917147 ], [ 109.792346645516389, -7.312692453847026 ], [ 109.794095579851913, -7.312507162498087 ], [ 109.795315067669648, -7.311750800173079 ], [ 109.796160758453283, -7.310731035483923 ], [ 109.796645778791657, -7.309203950939077 ] ] ] } },
{ "type": "Feature", "properties": { "DESA": "Kalitlaga" }, "geometry": { "type": "Polygon", "coordinates": [ [ [ 109.776630974512841, -7.304302597766934 ], [ 109.777870550781074, -7.303546247564609 ], [ 109.779963736394578, -7.303425322689807 ], [ 109.780646807032767, -7.30217005802366 ], [ 109.781270417809608, -7.301936649789345 ], [ 109.781532808305741, -7.301629839239094 ], [ 109.781772146173338, -7.300816523058359 ], [ 109.782275620432728, -7.30034760602206 ], [ 109.78345062168583, -7.299572978855275 ], [ 109.784306528432339, -7.299276897158182 ], [ 109.785210697789836, -7.299252113840368 ], [ 109.78573571200468, -7.298964180963507 ], [ 109.786284139768611, -7.298884276970595 ], [ 109.78662517213165, -7.299020823843418 ], [ 109.78734971297807, -7.300189463488317 ], [ 109.787774808241352, -7.300534202238219 ], [ 109.788990033609906, -7.300935403368377 ], [ 109.789467016821362, -7.300927640484357 ], [ 109.789995769208446, -7.300693964815383 ], [ 109.790966697169253, -7.301537656770857 ], [ 109.792402447257629, -7.302120281127919 ], [ 109.792999602321927, -7.303116684562264 ], [ 109.793884555130148, -7.3036887899604 ], [ 109.796146960543084, -7.306371822494709 ], [ 109.797093569360996, -7.308246506243793 ], [ 109.796160758453283, -7.310731035483923 ], [ 109.795764272961335, -7.311326933255948 ], [ 109.794623299669055, -7.312273480560962 ], [ 109.794095579851913, -7.312507162498087 ], [ 109.793603230778345, -7.312641566280949 ], [ 109.790674477432987, -7.312633718666065 ], [ 109.787424772989198, -7.312878165579349 ], [ 109.785913458875655, -7.312693257065933 ], [ 109.784409927457233, -7.312255097733 ], [ 109.781606381510969, -7.312600257979193 ], [ 109.77993141325409, -7.312007816566122 ], [ 109.779382382586959, -7.311038655266144 ], [ 109.778671839109492, -7.309065213300559 ], [ 109.778074630494871, -7.308538978821188 ], [ 109.776185357734548, -7.308181218661212 ], [ 109.777308226109213, -7.30651113278909 ], [ 109.777309258738256, -7.306131281273015 ], [ 109.776547869014109, -7.304980612561629 ], [ 109.776467268246009, -7.304627756202518 ], [ 109.776630974512841, -7.304302597766934 ] ] ] } },
{ "type": "Feature", "properties": { "DESA": "Plumbungan" }, "geometry": { "type": "Polygon", "coordinates": [ [ [ 109.780507854553889, -7.29095532765376 ], [ 109.783279144538014, -7.290555813182736 ], [ 109.78589334785184, -7.28941423165927 ], [ 109.78686500114253, -7.288783806613718 ], [ 109.791475470923601, -7.2876475395806 ], [ 109.792596787669936, -7.287713828750368 ], [ 109.794056967282373, -7.28855881676215 ], [ 109.794894644468599, -7.288506797396039 ], [ 109.796522575990465, -7.287841929142142 ], [ 109.797498000212002, -7.287808355340061 ], [ 109.799491901748922, -7.288935050566341 ], [ 109.799855687326414, -7.288800385016928 ], [ 109.800075657648449, -7.2895516420608 ], [ 109.80147393312059, -7.291861533472697 ], [ 109.802622457679277, -7.29276896656181 ], [ 109.804488425349433, -7.292837200639137 ], [ 109.806993248750942, -7.293648746782074 ], [ 109.809101381788082, -7.293229237589612 ], [ 109.809265048878288, -7.294378197097921 ], [ 109.808534093375087, -7.296573953483162 ], [ 109.808551840212331, -7.297234254598891 ], [ 109.809021132561469, -7.298637289470278 ], [ 109.808862359055311, -7.299930162644741 ], [ 109.807478699418013, -7.301328306927657 ], [ 109.806538544625184, -7.301597175806571 ], [ 109.806049802462312, -7.301559715111766 ], [ 109.8042869146865, -7.300940006580786 ], [ 109.803076122357069, -7.300774040796887 ], [ 109.802048483485919, -7.301051619810049 ], [ 109.801424051324645, -7.301484072664395 ], [ 109.800953021188604, -7.302115948028863 ], [ 109.800445482491554, -7.303498308206219 ], [ 109.799873044156712, -7.304401174421173 ], [ 109.797927266335478, -7.306204770278421 ], [ 109.797093569360996, -7.308246506243793 ], [ 109.796454412976772, -7.306779625896427 ], [ 109.793884555130148, -7.3036887899604 ], [ 109.792999602321927, -7.303116684562264 ], [ 109.792402447257629, -7.302120281127919 ], [ 109.790966697169253, -7.301537656770857 ], [ 109.789995769208446, -7.300693964815383 ], [ 109.789467016821362, -7.300927640484357 ], [ 109.788990033609906, -7.300935403368377 ], [ 109.787774808241352, -7.300534202238219 ], [ 109.78734971297807, -7.300189463488317 ], [ 109.78662517213165, -7.299020823843418 ], [ 109.786284139768611, -7.298884276970595 ], [ 109.78573571200468, -7.298964180963507 ], [ 109.785210697789836, -7.299252113840368 ], [ 109.784306528432339, -7.299276897158182 ], [ 109.78345062168583, -7.299572978855275 ], [ 109.782763591069724, -7.300032360753343 ], [ 109.782696295232554, -7.299480525839035 ], [ 109.781663551092251, -7.297641850012968 ], [ 109.781295411289292, -7.296456081761796 ], [ 109.781310766432355, -7.294755862743305 ], [ 109.781143385222904, -7.294068127744121 ], [ 109.781329898744261, -7.293453592877023 ], [ 109.780507854553889, -7.29095532765376 ] ] ] } },
{ "type": "Feature", "properties": { "DESA": "Karekan" }, "geometry": { "type": "Polygon", "coordinates": [ [ [ 109.781341234411201, -7.273412439492968 ], [ 109.782458887025868, -7.273243645287574 ], [ 109.782765899385879, -7.273054587462705 ], [ 109.784527171415576, -7.272860299668603 ], [ 109.785530526263486, -7.272980536089366 ], [ 109.785847572265965, -7.273587383010285 ], [ 109.785946769190261, -7.274609579923652 ], [ 109.78648260944982, -7.276257028241601 ], [ 109.786574204518743, -7.277885111879541 ], [ 109.787755549399463, -7.278449063033125 ], [ 109.789453447175703, -7.280144739147727 ], [ 109.792533450732449, -7.280180180561239 ], [ 109.794115006532024, -7.281152077291846 ], [ 109.794603699583959, -7.281198589153049 ], [ 109.795235759543004, -7.281200271756374 ], [ 109.797543034119258, -7.280383396958244 ], [ 109.798076885463644, -7.28069233552334 ], [ 109.799394019287561, -7.28244131339685 ], [ 109.799929558243448, -7.282650701519839 ], [ 109.801400441006123, -7.282672683405575 ], [ 109.801408495609209, -7.283070646885883 ], [ 109.801125225492498, -7.283458796597515 ], [ 109.800927492127101, -7.285131419695298 ], [ 109.800541943508264, -7.285446870579123 ], [ 109.800674027722025, -7.286134599756868 ], [ 109.800232517508704, -7.286766465030135 ], [ 109.800181666575256, -7.287688803066337 ], [ 109.799855687326414, -7.288800385016928 ], [ 109.799491901748922, -7.288935050566341 ], [ 109.797908217889713, -7.28799028725352 ], [ 109.797172040616914, -7.287762278229655 ], [ 109.796522575990465, -7.287841929142142 ], [ 109.794894644468599, -7.288506797396039 ], [ 109.794056967282373, -7.28855881676215 ], [ 109.792596787669936, -7.287713828750368 ], [ 109.791887509963914, -7.287594388055566 ], [ 109.78686500114253, -7.288783806613718 ], [ 109.78589334785184, -7.28941423165927 ], [ 109.783279144538014, -7.290555813182736 ], [ 109.780507854553889, -7.29095532765376 ], [ 109.779951803923581, -7.290709602635383 ], [ 109.777705271150637, -7.290803087004355 ], [ 109.776910268864938, -7.290348655974118 ], [ 109.775940159137875, -7.289360271820581 ], [ 109.774763128117186, -7.289185286150419 ], [ 109.774191963353019, -7.288677296119428 ], [ 109.773233678915673, -7.287381421579074 ], [ 109.773272133106872, -7.286341425577265 ], [ 109.772803892388637, -7.285146431970194 ], [ 109.772908959364131, -7.284685484971688 ], [ 109.77351987180954, -7.283619914864224 ], [ 109.773909116539031, -7.282553833382646 ], [ 109.775223507938193, -7.281643969353969 ], [ 109.775381551330767, -7.281282626511707 ], [ 109.776273024353145, -7.280995602797208 ], [ 109.776955117088818, -7.280391541305137 ], [ 109.777535325345511, -7.278937073754237 ], [ 109.77743764461718, -7.278520787228556 ], [ 109.776208189523572, -7.27840896228034 ], [ 109.776622475201094, -7.278129689064693 ], [ 109.776652005566021, -7.277677578109421 ], [ 109.776442069877135, -7.277125358220796 ], [ 109.776636831343055, -7.27680028166364 ], [ 109.7770722076434, -7.276674869249557 ], [ 109.777107060786719, -7.276132262014374 ], [ 109.777288702424713, -7.275825324035447 ], [ 109.778356712700045, -7.27495999138774 ], [ 109.779151799520662, -7.273578434919233 ], [ 109.780100064876862, -7.273770871121659 ], [ 109.781001117924944, -7.273719043866249 ], [ 109.781341234411201, -7.273412439492968 ] ] ] } },
{ "type": "Feature", "properties": { "DESA": "Kasmaran" }, "geometry": { "type": "Polygon", "coordinates": [ [ [ 109.801400441006123, -7.282672683405575 ], [ 109.802098027986219, -7.282412219339965 ], [ 109.803345137561962, -7.28153825460305 ], [ 109.803924332044133, -7.280662611898939 ], [ 109.804911823618113, -7.278096721615103 ], [ 109.805812694966818, -7.277384591233332 ], [ 109.807139490051341, -7.276673670869388 ], [ 109.807402968140792, -7.276366842621147 ], [ 109.808020501508778, -7.27519272265343 ], [ 109.808817056750911, -7.272798205951956 ], [ 109.809732809757662, -7.271136501054377 ], [ 109.812312212256742, -7.2737117723713 ], [ 109.814557593363176, -7.275426976254746 ], [ 109.815626233194976, -7.276777320321862 ], [ 109.816995375221879, -7.279539292381816 ], [ 109.817534056720461, -7.280291377738009 ], [ 109.818188878141356, -7.280871874861826 ], [ 109.819629349810967, -7.28130070418085 ], [ 109.820339233091531, -7.282161739340284 ], [ 109.820250830063131, -7.282523285155071 ], [ 109.819887739268609, -7.282395658146988 ], [ 109.819565358260931, -7.282494371467856 ], [ 109.819291381964035, -7.28301819148143 ], [ 109.819297678399721, -7.283551784690089 ], [ 109.819540884611754, -7.283941321702402 ], [ 109.819491139083752, -7.28445668444475 ], [ 109.818771545648005, -7.284708076825126 ], [ 109.818389225804481, -7.285448624321186 ], [ 109.818636964106517, -7.285847215802002 ], [ 109.818528303546657, -7.286471020418412 ], [ 109.818892409722906, -7.287095969253524 ], [ 109.818606561629565, -7.287303191934384 ], [ 109.817075349906276, -7.287036968118994 ], [ 109.816182073779188, -7.287043673283971 ], [ 109.815292566452243, -7.287520667599882 ], [ 109.815169700029557, -7.287864037003503 ], [ 109.815331682278469, -7.288153809391996 ], [ 109.816790919614206, -7.288980644245963 ], [ 109.817386650233573, -7.289769049022898 ], [ 109.818173869297766, -7.290277557288305 ], [ 109.817963702661288, -7.290873879197325 ], [ 109.818033364706992, -7.292049810086866 ], [ 109.817661358934387, -7.292727178024203 ], [ 109.817281241248367, -7.293250717573978 ], [ 109.81612169131806, -7.293853594624528 ], [ 109.816004451733463, -7.294215062985245 ], [ 109.816085104254725, -7.294531839169787 ], [ 109.817209341938437, -7.29520399137449 ], [ 109.817296507125008, -7.295629290108708 ], [ 109.817151901229764, -7.295945476524561 ], [ 109.81669086161844, -7.296025648378602 ], [ 109.816280450255348, -7.295825646445037 ], [ 109.815728195958073, -7.296140673577564 ], [ 109.815701096849537, -7.296647051977295 ], [ 109.816490775007892, -7.29784295359902 ], [ 109.817041191832473, -7.298341803016913 ], [ 109.817129932290698, -7.298821358697455 ], [ 109.816666546580549, -7.299480400894359 ], [ 109.816134582259053, -7.299831739902504 ], [ 109.815557472207104, -7.299911605600394 ], [ 109.81481664961116, -7.299620223465731 ], [ 109.814297570363223, -7.298425029709308 ], [ 109.81400783383161, -7.297212444124818 ], [ 109.813209171273186, -7.296396375099425 ], [ 109.813141707068908, -7.296007296402389 ], [ 109.812348451764194, -7.296059464477633 ], [ 109.811994558270072, -7.294792366813939 ], [ 109.811205303767565, -7.293668888346756 ], [ 109.810838213554362, -7.293441779371202 ], [ 109.809500929890376, -7.293185079691909 ], [ 109.806993248750942, -7.293648746782074 ], [ 109.804488425349433, -7.292837200639137 ], [ 109.802622457679277, -7.29276896656181 ], [ 109.801742338454872, -7.29217871792526 ], [ 109.800075657648449, -7.2895516420608 ], [ 109.799855687326414, -7.288800385016928 ], [ 109.800181666575256, -7.287688803066337 ], [ 109.800232517508704, -7.286766465030135 ], [ 109.800674027722025, -7.286134599756868 ], [ 109.800541943508264, -7.285446870579123 ], [ 109.800927492127101, -7.285131419695298 ], [ 109.801125225492498, -7.283458796597515 ], [ 109.801408495609209, -7.283070646885883 ], [ 109.801400441006123, -7.282672683405575 ] ] ] } },
{ "type": "Feature", "properties": { "DESA": "Pagentan" }, "geometry": { "type": "Polygon", "coordinates": [ [ [ 109.809101381788082, -7.293229237589612 ], [ 109.810076895917135, -7.293195638590552 ], [ 109.811205303767565, -7.293668888346756 ], [ 109.811994558270072, -7.294792366813939 ], [ 109.812348451764194, -7.296059464477633 ], [ 109.813141707068908, -7.296007296402389 ], [ 109.813209171273186, -7.296396375099425 ], [ 109.81400783383161, -7.297212444124818 ], [ 109.814297570363223, -7.298425029709308 ], [ 109.81481664961116, -7.299620223465731 ], [ 109.815557472207104, -7.299911605600394 ], [ 109.816134582259053, -7.299831739902504 ], [ 109.816666546580549, -7.299480400894359 ], [ 109.815880036260751, -7.302019718615309 ], [ 109.815004152892897, -7.302813217289942 ], [ 109.814980806393109, -7.303283436682057 ], [ 109.816014249705887, -7.303837899214734 ], [ 109.816081231768507, -7.304950436957616 ], [ 109.816364125023469, -7.305104895199173 ], [ 109.817236391819563, -7.304835918597008 ], [ 109.817288073087482, -7.305206871683936 ], [ 109.818360903226917, -7.306493936135338 ], [ 109.817424217782872, -7.307911366972676 ], [ 109.816514827591917, -7.308831459289809 ], [ 109.8155555953022, -7.310637726796953 ], [ 109.815262920462487, -7.313087823968288 ], [ 109.81509502906539, -7.313422031406052 ], [ 109.813222560847976, -7.314393833891798 ], [ 109.811773676724926, -7.315529592737695 ], [ 109.810056922826845, -7.315516020363553 ], [ 109.810352435790264, -7.314657620200054 ], [ 109.810067823264305, -7.314277010150378 ], [ 109.807579389032611, -7.313212327373915 ], [ 109.807320297377245, -7.312813699408633 ], [ 109.806308784433241, -7.312015137240776 ], [ 109.805616780106092, -7.311787252211937 ], [ 109.804440884555291, -7.31104250368611 ], [ 109.803029534253483, -7.310731237965848 ], [ 109.802126838076944, -7.310837345624978 ], [ 109.800908531456756, -7.310427214036087 ], [ 109.800036843198072, -7.310361510238325 ], [ 109.799033726823723, -7.309698678367328 ], [ 109.797800487429313, -7.309261282925185 ], [ 109.796645778791657, -7.309203950939077 ], [ 109.797927266335478, -7.306204770278421 ], [ 109.799873044156712, -7.304401174421173 ], [ 109.800445482491554, -7.303498308206219 ], [ 109.800953021188604, -7.302115948028863 ], [ 109.801424051324645, -7.301484072664395 ], [ 109.802048483485919, -7.301051619810049 ], [ 109.803076122357069, -7.300774040796887 ], [ 109.8042869146865, -7.300940006580786 ], [ 109.806049802462312, -7.301559715111766 ], [ 109.806538544625184, -7.301597175806571 ], [ 109.807478699418013, -7.301328306927657 ], [ 109.808384890281516, -7.300543856129029 ], [ 109.808862359055311, -7.299930162644741 ], [ 109.809035698595181, -7.299116649766908 ], [ 109.808945432424565, -7.29825723108973 ], [ 109.808551840212331, -7.297234254598891 ], [ 109.808534093375087, -7.296573953483162 ], [ 109.809265048878288, -7.294378197097921 ], [ 109.809101381788082, -7.293229237589612 ] ] ] } },
{ "type": "Feature", "properties": { "DESA": "Babadan" }, "geometry": { "type": "Polygon", "coordinates": [ [ [ 109.840750923299822, -7.266577327218943 ], [ 109.841487359350779, -7.267375014368619 ], [ 109.842081200500999, -7.268561332876335 ], [ 109.842589560067921, -7.269123338789062 ], [ 109.842247829205235, -7.270162592799433 ], [ 109.842289967484007, -7.270506304721729 ], [ 109.842884126782906, -7.271249464586291 ], [ 109.842560454865691, -7.272089745460801 ], [ 109.84174605748899, -7.272566992896505 ], [ 109.841613099995286, -7.272865136626905 ], [ 109.842329123750687, -7.273879875489879 ], [ 109.843537406114862, -7.274660772689023 ], [ 109.843725745615075, -7.274959646683034 ], [ 109.843622001506091, -7.275574433781888 ], [ 109.842094263996458, -7.275850840284408 ], [ 109.841864512957912, -7.276148736506815 ], [ 109.843076504699184, -7.27991421011296 ], [ 109.843279301116112, -7.280167910370423 ], [ 109.843251886191069, -7.280927567475535 ], [ 109.842767397945224, -7.281333319400696 ], [ 109.841723410420215, -7.281484366952551 ], [ 109.841504754608209, -7.283771939073816 ], [ 109.84050038246157, -7.284809491902323 ], [ 109.840325577819428, -7.285288371308429 ], [ 109.840420524171861, -7.285804110893665 ], [ 109.840168996858353, -7.286318962300705 ], [ 109.839744555875512, -7.286489675780507 ], [ 109.839129479663583, -7.285918348568049 ], [ 109.838647814009562, -7.286007534358023 ], [ 109.837836342433519, -7.286873682408507 ], [ 109.836987103350424, -7.287468465501049 ], [ 109.836023021519054, -7.287791504464287 ], [ 109.835597036515011, -7.288559175062189 ], [ 109.83600569208231, -7.289672687953181 ], [ 109.835411448260288, -7.291706012186627 ], [ 109.833480683347233, -7.292713939265075 ], [ 109.83372724203582, -7.294007879012461 ], [ 109.833654837706121, -7.294423722975795 ], [ 109.833203910866516, -7.294983354948235 ], [ 109.832787899394148, -7.295154081916979 ], [ 109.831800861507176, -7.294961645363553 ], [ 109.831729171190844, -7.295965322418189 ], [ 109.831346806758987, -7.296380363970647 ], [ 109.830462497657919, -7.296721768467871 ], [ 109.830254154471191, -7.296965367650537 ], [ 109.830668373017815, -7.297572356035499 ], [ 109.830701751980726, -7.298006557128999 ], [ 109.830302853132906, -7.298258795462618 ], [ 109.82995646540985, -7.298221729566094 ], [ 109.828693480682318, -7.297585323484594 ], [ 109.828260447548345, -7.297665670255161 ], [ 109.827460818758425, -7.2987578776117 ], [ 109.826940473635801, -7.299009797239526 ], [ 109.825821869779062, -7.299088269645042 ], [ 109.825479149890441, -7.29927726368714 ], [ 109.825090804222611, -7.300578594875943 ], [ 109.825153691386433, -7.301094251686998 ], [ 109.825622318030895, -7.301800939828317 ], [ 109.825172522640841, -7.302034865475 ], [ 109.824210311801195, -7.30194193878692 ], [ 109.823760932436585, -7.302130743649416 ], [ 109.823481505004764, -7.302564128976299 ], [ 109.823479447961645, -7.303350880861352 ], [ 109.823243257138188, -7.30373012568858 ], [ 109.822302439729157, -7.303709587357211 ], [ 109.820996841876834, -7.304086038840569 ], [ 109.820609909500334, -7.304727200447954 ], [ 109.819646417630608, -7.305149752019586 ], [ 109.819453087894559, -7.305474763073746 ], [ 109.819665958738526, -7.305900390709915 ], [ 109.818360903226917, -7.306493936135338 ], [ 109.817288073087482, -7.305206871683936 ], [ 109.817236391819563, -7.304835918597008 ], [ 109.816364125023469, -7.305104895199173 ], [ 109.816081231768507, -7.304950436957616 ], [ 109.816014249705887, -7.303837899214734 ], [ 109.814980806393109, -7.303283436682057 ], [ 109.815004152892897, -7.302813217289942 ], [ 109.815880036260751, -7.302019718615309 ], [ 109.816666546580549, -7.299480400894359 ], [ 109.817340557964158, -7.299246980826475 ], [ 109.818434788933686, -7.298408745951008 ], [ 109.818867306940092, -7.299151513148586 ], [ 109.819302221818603, -7.298980849867609 ], [ 109.819497470109852, -7.298691921505495 ], [ 109.819553213949732, -7.297941389016663 ], [ 109.819114101742045, -7.296466101771216 ], [ 109.819030564927601, -7.295624783910408 ], [ 109.819038651310734, -7.295018891494464 ], [ 109.819365055012582, -7.294015795937933 ], [ 109.822302527823794, -7.290252161719516 ], [ 109.823024849381923, -7.290046073139802 ], [ 109.824454687615642, -7.290212551660365 ], [ 109.824890295770857, -7.290087093826251 ], [ 109.825039330786268, -7.288956940189676 ], [ 109.825833314437261, -7.287846635882779 ], [ 109.826862865848057, -7.286962994612175 ], [ 109.827371966840261, -7.285888025667493 ], [ 109.827597450796617, -7.284622435401353 ], [ 109.82896506006324, -7.283034283377448 ], [ 109.829151534474832, -7.282609693290147 ], [ 109.830982815538789, -7.281529094257127 ], [ 109.832160758098482, -7.279831842648198 ], [ 109.832582449624908, -7.279624959879736 ], [ 109.833556308333655, -7.28054091157377 ], [ 109.8341207156286, -7.280424816949663 ], [ 109.834330765951989, -7.280181128266556 ], [ 109.834163788749706, -7.278986948411413 ], [ 109.834679163107083, -7.278219507849666 ], [ 109.83552320499453, -7.276042057823507 ], [ 109.837012640129515, -7.273585862991738 ], [ 109.837558829017766, -7.271199670652436 ], [ 109.838146898589329, -7.270124974998977 ], [ 109.839808432566059, -7.268546481367121 ], [ 109.840364680590241, -7.267091836527912 ], [ 109.840750923299822, -7.266577327218943 ] ] ] } },
{ "type": "Feature", "properties": { "DESA": "Majasari" }, "geometry": { "type": "Polygon", "coordinates": [ [ [ 109.808380614359905, -7.267551548609871 ], [ 109.813594911036333, -7.265521245843832 ], [ 109.814993050488155, -7.265325973287319 ], [ 109.816155256419236, -7.264876810307112 ], [ 109.816938287653244, -7.264915021465669 ], [ 109.817259136021477, -7.266254366313786 ], [ 109.818877220294794, -7.26800407852484 ], [ 109.819308927246993, -7.268963851178796 ], [ 109.820041153082158, -7.269499334478114 ], [ 109.820691645545637, -7.26947390045512 ], [ 109.821301199544109, -7.269710671927768 ], [ 109.82176510892603, -7.270037485741232 ], [ 109.822288559402097, -7.270988453047112 ], [ 109.822611274237488, -7.271188218811663 ], [ 109.824675768525893, -7.271510142577243 ], [ 109.824527975949962, -7.272052379512155 ], [ 109.824646435964311, -7.272450632306206 ], [ 109.82549249768482, -7.272525162978784 ], [ 109.82580047870762, -7.272734021258478 ], [ 109.825740913236558, -7.273755812516097 ], [ 109.825528328836739, -7.274198418080403 ], [ 109.824799245190036, -7.274947208020222 ], [ 109.824650271335457, -7.275426146566916 ], [ 109.824712525780086, -7.275869464421614 ], [ 109.825057860346803, -7.276304474456264 ], [ 109.826148122432045, -7.276849921433292 ], [ 109.827363501873762, -7.277820762523269 ], [ 109.82784096314812, -7.278599806044383 ], [ 109.827562172437311, -7.278825138563176 ], [ 109.827043959301534, -7.27869720619052 ], [ 109.827099718435363, -7.279140507271081 ], [ 109.828005710431398, -7.279812064178713 ], [ 109.827859715827813, -7.280553325025282 ], [ 109.828263727838603, -7.280943274639327 ], [ 109.828718187826141, -7.282183499544328 ], [ 109.829151534474832, -7.282609693290147 ], [ 109.82896506006324, -7.283034283377448 ], [ 109.827597450796617, -7.284622435401353 ], [ 109.827371966840261, -7.285888025667493 ], [ 109.826862865848057, -7.286962994612175 ], [ 109.825833314437261, -7.287846635882779 ], [ 109.825039330786268, -7.288956940189676 ], [ 109.824890295770857, -7.290087093826251 ], [ 109.824454687615642, -7.290212551660365 ], [ 109.823024849381923, -7.290046073139802 ], [ 109.822302527823794, -7.290252161719516 ], [ 109.820351544877042, -7.29281558651386 ], [ 109.819687186294246, -7.293474018654821 ], [ 109.819038651310734, -7.295018891494464 ], [ 109.819044890755279, -7.296086060718714 ], [ 109.819610203760575, -7.298339482407732 ], [ 109.819302221818603, -7.298980849867609 ], [ 109.818867306940092, -7.299151513148586 ], [ 109.818434788933686, -7.298408745951008 ], [ 109.817340557964158, -7.299246980826475 ], [ 109.816666546580549, -7.299480400894359 ], [ 109.817129932290698, -7.298821358697455 ], [ 109.817041191832473, -7.298341803016913 ], [ 109.816490775007892, -7.29784295359902 ], [ 109.815701096849537, -7.296647051977295 ], [ 109.815728195958073, -7.296140673577564 ], [ 109.815971676034749, -7.295915258604912 ], [ 109.817151901229764, -7.295945476524561 ], [ 109.817296507125008, -7.295629290108708 ], [ 109.817209341938437, -7.29520399137449 ], [ 109.816085104254725, -7.294531839169787 ], [ 109.816004451733463, -7.294215062985245 ], [ 109.81612169131806, -7.293853594624528 ], [ 109.817281241248367, -7.293250717573978 ], [ 109.817661358934387, -7.292727178024203 ], [ 109.818033364706992, -7.292049810086866 ], [ 109.817963702661288, -7.290873879197325 ], [ 109.818173869297766, -7.290277557288305 ], [ 109.817386650233573, -7.289769049022898 ], [ 109.816790919614206, -7.288980644245963 ], [ 109.815331682278469, -7.288153809391996 ], [ 109.815169700029557, -7.287864037003503 ], [ 109.815292566452243, -7.287520667599882 ], [ 109.816182073779188, -7.287043673283971 ], [ 109.817075349906276, -7.287036968118994 ], [ 109.818606561629565, -7.287303191934384 ], [ 109.818892409722906, -7.287095969253524 ], [ 109.818528303546657, -7.286471020418412 ], [ 109.818636964106517, -7.285847215802002 ], [ 109.818389225804481, -7.285448624321186 ], [ 109.818771545648005, -7.284708076825126 ], [ 109.819491139083752, -7.28445668444475 ], [ 109.819540884611754, -7.283941321702402 ], [ 109.819297678399721, -7.283551784690089 ], [ 109.819291381964035, -7.28301819148143 ], [ 109.819565358260931, -7.282494371467856 ], [ 109.819887739268609, -7.282395658146988 ], [ 109.820250830063131, -7.282523285155071 ], [ 109.820339233091531, -7.282161739340284 ], [ 109.819629349810967, -7.28130070418085 ], [ 109.818188878141356, -7.280871874861826 ], [ 109.817534056720461, -7.280291377738009 ], [ 109.816995375221879, -7.279539292381816 ], [ 109.816485235675273, -7.278298915553726 ], [ 109.815234586581752, -7.276206460960257 ], [ 109.813940853315145, -7.27488265351999 ], [ 109.811797132465941, -7.273249183419983 ], [ 109.809248176295753, -7.270628779411162 ], [ 109.809260505061872, -7.270257994672964 ], [ 109.809819892269928, -7.269689719811947 ], [ 109.809979751615529, -7.269165606204352 ], [ 109.808380614359905, -7.267551548609871 ] ] ] } },
{ "type": "Feature", "properties": { "DESA": "Tegaljeruk" }, "geometry": { "type": "Polygon", "coordinates": [ [ [ 109.83219092601415, -7.261680634024003 ], [ 109.832372255969773, -7.261391660003997 ], [ 109.834520837005002, -7.261704707234794 ], [ 109.835396111550139, -7.261652700756522 ], [ 109.835899767539217, -7.261482100542461 ], [ 109.836956794210053, -7.260743168586238 ], [ 109.838217522667136, -7.260918289411613 ], [ 109.839539637121192, -7.262784729008406 ], [ 109.839815036899509, -7.263671750963809 ], [ 109.839449246532183, -7.264249607559459 ], [ 109.840050964848842, -7.265273187716875 ], [ 109.840610211843554, -7.265618221490079 ], [ 109.840750923299822, -7.266577327218943 ], [ 109.840364680590241, -7.267091836527912 ], [ 109.839808432566059, -7.268546481367121 ], [ 109.838146898589329, -7.270124974998977 ], [ 109.837558829017766, -7.271199670652436 ], [ 109.837012640129515, -7.273585862991738 ], [ 109.83552320499453, -7.276042057823507 ], [ 109.834679163107083, -7.278219507849666 ], [ 109.834163788749706, -7.278986948411413 ], [ 109.834330765951989, -7.280181128266556 ], [ 109.8341207156286, -7.280424816949663 ], [ 109.833556308333655, -7.28054091157377 ], [ 109.832582449624908, -7.279624959879736 ], [ 109.832160758098482, -7.279831842648198 ], [ 109.830982815538789, -7.281529094257127 ], [ 109.829151534474832, -7.282609693290147 ], [ 109.828718187826141, -7.282183499544328 ], [ 109.828263727838603, -7.280943274639327 ], [ 109.827859715827813, -7.280553325025282 ], [ 109.828005710431398, -7.279812064178713 ], [ 109.827099718435363, -7.279140507271081 ], [ 109.827043959301534, -7.27869720619052 ], [ 109.827562172437311, -7.278825138563176 ], [ 109.82784096314812, -7.278599806044383 ], [ 109.827629927877766, -7.278128976485797 ], [ 109.826148122432045, -7.276849921433292 ], [ 109.825057860346803, -7.276304474456264 ], [ 109.824712525780086, -7.275869464421614 ], [ 109.824650271335457, -7.275426146566916 ], [ 109.824799245190036, -7.274947208020222 ], [ 109.825528328836739, -7.274198418080403 ], [ 109.825740913236558, -7.273755812516097 ], [ 109.82580047870762, -7.272734021258478 ], [ 109.82549249768482, -7.272525162978784 ], [ 109.824646435964311, -7.272450632306206 ], [ 109.824527975949962, -7.272052379512155 ], [ 109.824675768525893, -7.271510142577243 ], [ 109.825959994951958, -7.271703356221148 ], [ 109.82607007623858, -7.27135994854974 ], [ 109.825939641431617, -7.270165863776634 ], [ 109.826298921462907, -7.27000394460244 ], [ 109.826547881963975, -7.269615775757625 ], [ 109.82606206394189, -7.268348343256436 ], [ 109.827186321419759, -7.267672908565735 ], [ 109.826346449624538, -7.266856759655267 ], [ 109.826658674502653, -7.265428633115977 ], [ 109.827692819467003, -7.265458433246451 ], [ 109.828021988647265, -7.265242271539532 ], [ 109.828271569487129, -7.26394961363748 ], [ 109.829060686234158, -7.263282348599985 ], [ 109.829675100624925, -7.262216775282521 ], [ 109.830186913658437, -7.261838232650617 ], [ 109.830872731338786, -7.261722451364985 ], [ 109.831473966272441, -7.261362221725068 ], [ 109.83219092601415, -7.261680634024003 ] ] ] } },
{ "type": "Feature", "properties": { "DESA": "Kalilunjar" }, "geometry": { "type": "Polygon", "coordinates": [ [ [ 109.771279501539141, -7.265426688698089 ], [ 109.774117173625882, -7.263345301526813 ], [ 109.775817560445461, -7.262535930390987 ], [ 109.776600038560474, -7.261832582697428 ], [ 109.777664588137938, -7.261184335438444 ], [ 109.779585620766113, -7.260827733334924 ], [ 109.781121956881691, -7.260280207236923 ], [ 109.778788277437968, -7.265546517310807 ], [ 109.777468025869467, -7.267098458720657 ], [ 109.776269856686795, -7.269428517733361 ], [ 109.77392819518316, -7.272198718379322 ], [ 109.77232227961278, -7.272691771292779 ], [ 109.770973865385841, -7.273845671989552 ], [ 109.770215372615908, -7.273518102558303 ], [ 109.769922899521461, -7.273056077033354 ], [ 109.769708384606801, -7.272214409240302 ], [ 109.769795889887533, -7.27145493911295 ], [ 109.769208160262522, -7.271417175665624 ], [ 109.76881248496673, -7.27119900309315 ], [ 109.768446248123851, -7.270564979053085 ], [ 109.768447108286182, -7.27016704376267 ], [ 109.769003709132591, -7.269897295941969 ], [ 109.769083756709122, -7.269490533567332 ], [ 109.768392695537202, -7.268620445732426 ], [ 109.768670833096891, -7.267626311647651 ], [ 109.768148569518814, -7.267217913714382 ], [ 109.770131324996001, -7.265622591502001 ], [ 109.771279501539141, -7.265426688698089 ] ] ] } },
{ "type": "Feature", "properties": { "DESA": "Biting" }, "geometry": { "type": "Polygon", "coordinates": [ [ [ 109.778092959838446, -7.248533081171763 ], [ 109.778620445000854, -7.246861452730244 ], [ 109.778728044741086, -7.245812595539794 ], [ 109.779986559497843, -7.244667454384295 ], [ 109.780407363135382, -7.243728030636327 ], [ 109.781036787416625, -7.243105636274705 ], [ 109.781874266955569, -7.242899912263086 ], [ 109.782709706172611, -7.243426676721619 ], [ 109.784587277946926, -7.245520860610403 ], [ 109.78562715477301, -7.247820770166614 ], [ 109.786356825898039, -7.24886273472936 ], [ 109.787242068062753, -7.250682910931065 ], [ 109.789107524250511, -7.252885556179747 ], [ 109.790023385098607, -7.254796231932716 ], [ 109.790336736229591, -7.25499608214561 ], [ 109.790001703755919, -7.256342727827289 ], [ 109.789649633715314, -7.256658352170534 ], [ 109.789088825923443, -7.256919076903797 ], [ 109.788237674985254, -7.256754049786185 ], [ 109.788041858408889, -7.257033830884414 ], [ 109.788329550803837, -7.257640596863427 ], [ 109.788447091345958, -7.259820497100265 ], [ 109.788012615986631, -7.261094537704165 ], [ 109.787219281360976, -7.262566543600792 ], [ 109.786892576654651, -7.26261088062371 ], [ 109.785753083143291, -7.261549733419381 ], [ 109.785281093633614, -7.261521344353273 ], [ 109.785014928372988, -7.261882313524763 ], [ 109.785230882824777, -7.262615477682188 ], [ 109.78501577826303, -7.263039968103974 ], [ 109.784104802916374, -7.263317921656893 ], [ 109.78393293269275, -7.263661058439261 ], [ 109.784313887412452, -7.26407810335687 ], [ 109.784805098713974, -7.26412462940998 ], [ 109.785221125449155, -7.2644694313747 ], [ 109.785257550958505, -7.264921721289588 ], [ 109.785062644137085, -7.265500070674931 ], [ 109.783542447474673, -7.266038609134712 ], [ 109.783323898785767, -7.266381710640056 ], [ 109.783847732282382, -7.267350793920974 ], [ 109.783877683086516, -7.267794024308666 ], [ 109.783283024431881, -7.268416419849473 ], [ 109.783255488161643, -7.268769075605455 ], [ 109.782713084178468, -7.269870928216935 ], [ 109.78309439612967, -7.270794419784239 ], [ 109.78277929030601, -7.270911210579505 ], [ 109.781752090559351, -7.270745604293572 ], [ 109.781392025407598, -7.270862273244581 ], [ 109.781154234590986, -7.271304783513509 ], [ 109.781745997810674, -7.271731439947509 ], [ 109.781341234411201, -7.273412439492968 ], [ 109.781001117924944, -7.273719043866249 ], [ 109.780100064876862, -7.273770871121659 ], [ 109.779151799520662, -7.273578434919233 ], [ 109.778356712700045, -7.27495999138774 ], [ 109.777288702424713, -7.275825324035447 ], [ 109.777107060786719, -7.276132262014374 ], [ 109.7770722076434, -7.276674869249557 ], [ 109.776636831343055, -7.27680028166364 ], [ 109.776442069877135, -7.277125358220796 ], [ 109.776652005566021, -7.277677578109421 ], [ 109.776622475201094, -7.278129689064693 ], [ 109.776208189523572, -7.27840896228034 ], [ 109.775399293801399, -7.278596657613148 ], [ 109.775279612300736, -7.278279773473971 ], [ 109.775863806266912, -7.277449307840776 ], [ 109.775847824466936, -7.276870485981021 ], [ 109.775637238947652, -7.276227844132649 ], [ 109.774920619890466, -7.276126354185785 ], [ 109.774359367760937, -7.274750180770711 ], [ 109.773583985676424, -7.274919970925366 ], [ 109.773032322370099, -7.274194936779573 ], [ 109.772642293578173, -7.273985914577454 ], [ 109.771525756941486, -7.274073308753167 ], [ 109.770973865385841, -7.273845671989552 ], [ 109.77232227961278, -7.272691771292779 ], [ 109.77392819518316, -7.272198718379322 ], [ 109.774236251849729, -7.271928201198059 ], [ 109.776269856686795, -7.269428517733361 ], [ 109.777468025869467, -7.267098458720657 ], [ 109.778788277437968, -7.265546517310807 ], [ 109.780402762419897, -7.261752396933124 ], [ 109.782713717520025, -7.257227638156385 ], [ 109.783142902709244, -7.256007842290471 ], [ 109.783191024226767, -7.253050682765278 ], [ 109.783679464832659, -7.251704364999645 ], [ 109.782136740475337, -7.250000059884688 ], [ 109.780601656187144, -7.249263359447032 ], [ 109.778092959838446, -7.248533081171763 ] ] ] } },
{ "type": "Feature", "properties": { "DESA": "Tlahab" }, "geometry": { "type": "Polygon", "coordinates": [ [ [ 109.79046214878781, -7.254679853557436 ], [ 109.793832659943675, -7.253305106620486 ], [ 109.794724470456472, -7.252782942323333 ], [ 109.795321436015684, -7.252205741972526 ], [ 109.796947023009167, -7.253946399182755 ], [ 109.797450053004752, -7.254770741247869 ], [ 109.797307854735493, -7.255475828060361 ], [ 109.797606196568424, -7.256408133225366 ], [ 109.797359525484936, -7.257953947335717 ], [ 109.797447098980427, -7.258442632492414 ], [ 109.796907042182909, -7.259634937200173 ], [ 109.795654562765563, -7.260499836426341 ], [ 109.795628946816649, -7.261313736007106 ], [ 109.794297712092671, -7.261798563926849 ], [ 109.794017584369385, -7.262412861192526 ], [ 109.793443517457447, -7.262854487015159 ], [ 109.792867844364764, -7.262861998122547 ], [ 109.792577424432764, -7.263078235026532 ], [ 109.792122533981058, -7.264252763765518 ], [ 109.789998485469297, -7.266010666481478 ], [ 109.789695801169898, -7.266706187479057 ], [ 109.789210501868865, -7.266876781628644 ], [ 109.789477793889944, -7.267573823536329 ], [ 109.788326967635513, -7.269063049857923 ], [ 109.788379500729263, -7.269831854713996 ], [ 109.786853308224167, -7.271347198246756 ], [ 109.785847572265965, -7.273587383010285 ], [ 109.785530526263486, -7.272980536089366 ], [ 109.784983560139864, -7.272834397390674 ], [ 109.782765899385879, -7.273054587462705 ], [ 109.782458887025868, -7.273243645287574 ], [ 109.781341234411201, -7.273412439492968 ], [ 109.781745997810674, -7.271731439947509 ], [ 109.781154234590986, -7.271304783513509 ], [ 109.781392025407598, -7.270862273244581 ], [ 109.781752090559351, -7.270745604293572 ], [ 109.78277929030601, -7.270911210579505 ], [ 109.78309439612967, -7.270794419784239 ], [ 109.782713084178468, -7.269870928216935 ], [ 109.783255488161643, -7.268769075605455 ], [ 109.783283024431881, -7.268416419849473 ], [ 109.783877683086516, -7.267794024308666 ], [ 109.783847732282382, -7.267350793920974 ], [ 109.783323898785767, -7.266381710640056 ], [ 109.783542447474673, -7.266038609134712 ], [ 109.785062644137085, -7.265500070674931 ], [ 109.785257550958505, -7.264921721289588 ], [ 109.785221125449155, -7.2644694313747 ], [ 109.784805098713974, -7.26412462940998 ], [ 109.784313887412452, -7.26407810335687 ], [ 109.78393293269275, -7.263661058439261 ], [ 109.784104802916374, -7.263317921656893 ], [ 109.78501577826303, -7.263039968103974 ], [ 109.785230882824777, -7.262615477682188 ], [ 109.785014928372988, -7.261882313524763 ], [ 109.785281093633614, -7.261521344353273 ], [ 109.785753083143291, -7.261549733419381 ], [ 109.786892576654651, -7.26261088062371 ], [ 109.787219281360976, -7.262566543600792 ], [ 109.788012615986631, -7.261094537704165 ], [ 109.788447091345958, -7.259820497100265 ], [ 109.788329550803837, -7.257640596863427 ], [ 109.788041858408889, -7.257033830884414 ], [ 109.788237674985254, -7.256754049786185 ], [ 109.789088825923443, -7.256919076903797 ], [ 109.790001703755919, -7.256342727827289 ], [ 109.79046214878781, -7.254679853557436 ] ] ] } },
{ "type": "Feature", "properties": { "DESA": "Darmayasa" }, "geometry": { "type": "Polygon", "coordinates": [ [ [ 109.794297712092671, -7.261798563926849 ], [ 109.795628946816649, -7.261313736007106 ], [ 109.795654562765563, -7.260499836426341 ], [ 109.796907042182909, -7.259634937200173 ], [ 109.797447098980427, -7.258442632492414 ], [ 109.797359525484936, -7.257953947335717 ], [ 109.797606196568424, -7.256408133225366 ], [ 109.797307854735493, -7.255475828060361 ], [ 109.797450053004752, -7.254770741247869 ], [ 109.798305138172836, -7.255170946090101 ], [ 109.801260483279449, -7.257973303995771 ], [ 109.802920376618175, -7.258420836053036 ], [ 109.80396437451877, -7.259092883567639 ], [ 109.804398977961426, -7.259591434321271 ], [ 109.806086394707535, -7.262688908859233 ], [ 109.806310145697026, -7.26401895858738 ], [ 109.807531444976931, -7.266934362678467 ], [ 109.809212794934894, -7.268268242384258 ], [ 109.809979751615529, -7.269165606204352 ], [ 109.809819892269928, -7.269689719811947 ], [ 109.809260505061872, -7.270257994672964 ], [ 109.809248176295753, -7.270628779411162 ], [ 109.809732809757662, -7.271136501054377 ], [ 109.809608909964666, -7.271561245546509 ], [ 109.808817056750911, -7.272798205951956 ], [ 109.807732021249947, -7.2758612603856 ], [ 109.807139490051341, -7.276673670869388 ], [ 109.805812694966818, -7.277384591233332 ], [ 109.804911823618113, -7.278096721615103 ], [ 109.803924332044133, -7.280662611898939 ], [ 109.803345137561962, -7.28153825460305 ], [ 109.802098027986219, -7.282412219339965 ], [ 109.801400441006123, -7.282672683405575 ], [ 109.799929558243448, -7.282650701519839 ], [ 109.799394019287561, -7.28244131339685 ], [ 109.798076885463644, -7.28069233552334 ], [ 109.797543034119258, -7.280383396958244 ], [ 109.795235759543004, -7.281200271756374 ], [ 109.794603699583959, -7.281198589153049 ], [ 109.794115006532024, -7.281152077291846 ], [ 109.792533450732449, -7.280180180561239 ], [ 109.789453447175703, -7.280144739147727 ], [ 109.787755549399463, -7.278449063033125 ], [ 109.786574204518743, -7.277885111879541 ], [ 109.78648260944982, -7.276257028241601 ], [ 109.785946769190261, -7.274609579923652 ], [ 109.785847572265965, -7.273587383010285 ], [ 109.786853308224167, -7.271347198246756 ], [ 109.788379500729263, -7.269831854713996 ], [ 109.788326967635513, -7.269063049857923 ], [ 109.789477793889944, -7.267573823536329 ], [ 109.789210501868865, -7.266876781628644 ], [ 109.789695801169898, -7.266706187479057 ], [ 109.789998485469297, -7.266010666481478 ], [ 109.792122533981058, -7.264252763765518 ], [ 109.792577424432764, -7.263078235026532 ], [ 109.792867844364764, -7.262861998122547 ], [ 109.793443517457447, -7.262854487015159 ], [ 109.794017584369385, -7.262412861192526 ], [ 109.794297712092671, -7.261798563926849 ] ] ] } },
{ "type": "Feature", "properties": { "DESA": "Pejawaran" }, "geometry": { "type": "Polygon", "coordinates": [ [ [ 109.813962295478547, -7.236319268509252 ], [ 109.816049183783477, -7.238413796509475 ], [ 109.817508080238284, -7.240606240898283 ], [ 109.819909946783113, -7.242177129745869 ], [ 109.820429157733031, -7.243743040925544 ], [ 109.818956370557785, -7.246877480939722 ], [ 109.8181162526908, -7.248123386603453 ], [ 109.817769936460238, -7.250365391577771 ], [ 109.819122661226658, -7.251616996148994 ], [ 109.81934872953768, -7.252187329585744 ], [ 109.819241576607411, -7.253643199529829 ], [ 109.818126789181306, -7.255051147682689 ], [ 109.818092678694711, -7.255530383232668 ], [ 109.818312666165312, -7.256055490628083 ], [ 109.818208586249156, -7.256760688268727 ], [ 109.818279599874515, -7.25722211303964 ], [ 109.819268941111901, -7.258129082273932 ], [ 109.819162876883098, -7.258535793679638 ], [ 109.819346606407947, -7.258961342974431 ], [ 109.819052150135064, -7.259756376822097 ], [ 109.819256055612996, -7.260263448453883 ], [ 109.818997756157273, -7.260968154622445 ], [ 109.819053951851544, -7.261556130956471 ], [ 109.820056564744036, -7.262074322051469 ], [ 109.819903677592976, -7.262508038241375 ], [ 109.819509121054395, -7.262624560041924 ], [ 109.819409517413689, -7.262958950903621 ], [ 109.820096594706925, -7.264308289747497 ], [ 109.820017187004723, -7.264687853585314 ], [ 109.820194661064434, -7.265221982918336 ], [ 109.820964437117141, -7.26601978413207 ], [ 109.820744660105078, -7.26681510310983 ], [ 109.821265066606244, -7.267413418879256 ], [ 109.821005600461987, -7.267819731748449 ], [ 109.821065732997496, -7.269275945960712 ], [ 109.821301199544109, -7.269710671927768 ], [ 109.820691645545637, -7.26947390045512 ], [ 109.820041153082158, -7.269499334478114 ], [ 109.819308927246993, -7.268963851178796 ], [ 109.818877220294794, -7.26800407852484 ], [ 109.817259136021477, -7.266254366313786 ], [ 109.816938287653244, -7.264915021465669 ], [ 109.816155256419236, -7.264876810307112 ], [ 109.814993050488155, -7.265325973287319 ], [ 109.813594911036333, -7.265521245843832 ], [ 109.808380614359905, -7.267551548609871 ], [ 109.807831661380419, -7.267278752132809 ], [ 109.807531444976931, -7.266934362678467 ], [ 109.806534342529531, -7.264670760993747 ], [ 109.806219178715935, -7.263114327663125 ], [ 109.805617144187948, -7.261620524717147 ], [ 109.804398977961426, -7.259591434321271 ], [ 109.803501458766632, -7.25873893154699 ], [ 109.802920376618175, -7.258420836053036 ], [ 109.801260483279449, -7.257973303995771 ], [ 109.800752956454531, -7.257574111877018 ], [ 109.79909487707333, -7.255797119417273 ], [ 109.798305138172836, -7.255170946090101 ], [ 109.797450053004752, -7.254770741247869 ], [ 109.796947023009167, -7.253946399182755 ], [ 109.795321436015684, -7.252205741972526 ], [ 109.796386716605554, -7.250309275589506 ], [ 109.798236334890348, -7.249011837467342 ], [ 109.799180940725321, -7.247865806993174 ], [ 109.801171366346779, -7.246830946475693 ], [ 109.801592167776235, -7.245991049889237 ], [ 109.801595202450784, -7.244842439975661 ], [ 109.802226538161491, -7.243487516159912 ], [ 109.802856223389753, -7.242756582089661 ], [ 109.803484412132747, -7.242450802727546 ], [ 109.80505433832765, -7.242246869001638 ], [ 109.80631224033263, -7.241309609450822 ], [ 109.808095941822401, -7.239324565196759 ], [ 109.809247544857243, -7.239020146525494 ], [ 109.810923159242378, -7.238291932517704 ], [ 109.812180830336828, -7.237463157912159 ], [ 109.81249635885213, -7.236830940813449 ], [ 109.813125191610638, -7.236416551279957 ], [ 109.813962295478547, -7.236319268509252 ] ] ] } },
{ "type": "Feature", "properties": { "DESA": "Pengundungan" }, "geometry": { "type": "Polygon", "coordinates": [ [ [ 109.818956370557785, -7.246877480939722 ], [ 109.821381120060181, -7.241954797900741 ], [ 109.824528701894522, -7.238417683080977 ], [ 109.827249548240857, -7.23810822303339 ], [ 109.828297465711685, -7.237378322874049 ], [ 109.829765892835795, -7.235926034659001 ], [ 109.830600618015211, -7.236868747756856 ], [ 109.831535240981452, -7.23947584218449 ], [ 109.832578798915591, -7.240527595553362 ], [ 109.833517224015026, -7.24177809666377 ], [ 109.8335129229269, -7.243451254694023 ], [ 109.834487206697702, -7.245949851947017 ], [ 109.834690408798977, -7.248247544517428 ], [ 109.834092016935131, -7.25058848320042 ], [ 109.833225695693955, -7.25102941843278 ], [ 109.834289711348831, -7.252180688888281 ], [ 109.834534788505394, -7.253962992784821 ], [ 109.834419921557696, -7.255590655844254 ], [ 109.834685992951648, -7.25658616139499 ], [ 109.833682367959909, -7.257442774837434 ], [ 109.83383674472185, -7.25917963480095 ], [ 109.833707330692661, -7.259522996263817 ], [ 109.832649000194721, -7.25978249989471 ], [ 109.833167915810805, -7.260615896599421 ], [ 109.833029324222295, -7.261013487273407 ], [ 109.832645968022561, -7.260958248390258 ], [ 109.83219092601415, -7.261680634024003 ], [ 109.831473966272441, -7.261362221725068 ], [ 109.830872731338786, -7.261722451364985 ], [ 109.830186913658437, -7.261838232650617 ], [ 109.829675100624925, -7.262216775282521 ], [ 109.829060686234158, -7.263282348599985 ], [ 109.828271569487129, -7.26394961363748 ], [ 109.828021988647265, -7.265242271539532 ], [ 109.827692819467003, -7.265458433246451 ], [ 109.826658674502653, -7.265428633115977 ], [ 109.826346449624538, -7.266856759655267 ], [ 109.827186321419759, -7.267672908565735 ], [ 109.82606206394189, -7.268348343256436 ], [ 109.826547881963975, -7.269615775757625 ], [ 109.826298921462907, -7.27000394460244 ], [ 109.825939641431617, -7.270165863776634 ], [ 109.82607007623858, -7.27135994854974 ], [ 109.825959994951958, -7.271703356221148 ], [ 109.822611274237488, -7.271188218811663 ], [ 109.822288559402097, -7.270988453047112 ], [ 109.82176510892603, -7.270037485741232 ], [ 109.821301199544109, -7.269710671927768 ], [ 109.821065732997496, -7.269275945960712 ], [ 109.821005600461987, -7.267819731748449 ], [ 109.821265066606244, -7.267413418879256 ], [ 109.820744660105078, -7.26681510310983 ], [ 109.820964437117141, -7.26601978413207 ], [ 109.820194661064434, -7.265221982918336 ], [ 109.820017187004723, -7.264687853585314 ], [ 109.820096594706925, -7.264308289747497 ], [ 109.819409517413689, -7.262958950903621 ], [ 109.819509121054395, -7.262624560041924 ], [ 109.819903677592976, -7.262508038241375 ], [ 109.820056564744036, -7.262074322051469 ], [ 109.819053951851544, -7.261556130956471 ], [ 109.818997756157273, -7.260968154622445 ], [ 109.819256055612996, -7.260263448453883 ], [ 109.819052150135064, -7.259756376822097 ], [ 109.819346606407947, -7.258961342974431 ], [ 109.819162876883098, -7.258535793679638 ], [ 109.819268941111901, -7.258129082273932 ], [ 109.818279599874515, -7.25722211303964 ], [ 109.818312666165312, -7.256055490628083 ], [ 109.818092678694711, -7.255530383232668 ], [ 109.818126789181306, -7.255051147682689 ], [ 109.819241576607411, -7.253643199529829 ], [ 109.81934872953768, -7.252187329585744 ], [ 109.819122661226658, -7.251616996148994 ], [ 109.817769936460238, -7.250365391577771 ], [ 109.817762114860429, -7.24998551053734 ], [ 109.8181162526908, -7.248123386603453 ], [ 109.818956370557785, -7.246877480939722 ] ] ] } },
{ "type": "Feature", "properties": { "DESA": "Beji" }, "geometry": { "type": "Polygon", "coordinates": [ [ [ 109.827096378661523, -7.229922932972361 ], [ 109.828249528137533, -7.229093836367268 ], [ 109.830448380169997, -7.228267419795617 ], [ 109.836942767960281, -7.225046285748693 ], [ 109.839876442726023, -7.223272075971375 ], [ 109.841130751474225, -7.22370033908524 ], [ 109.842586897621132, -7.227041344441418 ], [ 109.842585033221923, -7.227773851252716 ], [ 109.843419224520744, -7.228816096686406 ], [ 109.844776188505577, -7.229968082799365 ], [ 109.845400210146508, -7.231434778590369 ], [ 109.846862161206744, -7.232478609830917 ], [ 109.848350547825092, -7.233142548784104 ], [ 109.847090880044377, -7.234812540590769 ], [ 109.845938493810195, -7.235433627741273 ], [ 109.845519136770008, -7.235857640829334 ], [ 109.844993491984553, -7.23678793015215 ], [ 109.844886094351367, -7.237936203007412 ], [ 109.84436097440819, -7.238775979478345 ], [ 109.844251156647587, -7.240756312208068 ], [ 109.844353537195076, -7.241697236005616 ], [ 109.845290620277126, -7.243372700016371 ], [ 109.845392398762584, -7.244521593857024 ], [ 109.844341557793456, -7.246400072111588 ], [ 109.844544556664019, -7.24879732254662 ], [ 109.843668244773781, -7.250377756398896 ], [ 109.842499872698156, -7.251713303631068 ], [ 109.84214678078196, -7.252354583073489 ], [ 109.841464288667169, -7.252723574834756 ], [ 109.841150476998649, -7.253364953274333 ], [ 109.841363330992579, -7.254441701365336 ], [ 109.842430897568761, -7.256786901463478 ], [ 109.843246217020891, -7.257602869588282 ], [ 109.844668129423226, -7.258384301969777 ], [ 109.845806642195186, -7.261208916771431 ], [ 109.84714794580583, -7.263003140501364 ], [ 109.846675046882481, -7.264087187918984 ], [ 109.845950684914897, -7.266780473785667 ], [ 109.845280816777247, -7.267520412530715 ], [ 109.845550230549449, -7.268534008994995 ], [ 109.845347728871658, -7.269248010329185 ], [ 109.845062650145678, -7.269835119491009 ], [ 109.843773914590997, -7.270962293504543 ], [ 109.843621482095926, -7.271341768452999 ], [ 109.842884126782906, -7.271249464586291 ], [ 109.842289967484007, -7.270506304721729 ], [ 109.842247829205235, -7.270162592799433 ], [ 109.842589560067921, -7.269123338789062 ], [ 109.842081200500999, -7.268561332876335 ], [ 109.841487359350779, -7.267375014368619 ], [ 109.840750923299822, -7.266577327218943 ], [ 109.840610211843554, -7.265618221490079 ], [ 109.840050964848842, -7.265273187716875 ], [ 109.839449246532183, -7.264249607559459 ], [ 109.839815036899509, -7.263671750963809 ], [ 109.839539637121192, -7.262784729008406 ], [ 109.838217522667136, -7.260918289411613 ], [ 109.836956794210053, -7.260743168586238 ], [ 109.835899767539217, -7.261482100542461 ], [ 109.834934057792609, -7.261705768133629 ], [ 109.832372255969773, -7.261391660003997 ], [ 109.832645968022561, -7.260958248390258 ], [ 109.833029324222295, -7.261013487273407 ], [ 109.833167915810805, -7.260615896599421 ], [ 109.832649000194721, -7.25978249989471 ], [ 109.833707330692661, -7.259522996263817 ], [ 109.83383674472185, -7.25917963480095 ], [ 109.833682367959909, -7.257442774837434 ], [ 109.834685992951648, -7.25658616139499 ], [ 109.834419921557696, -7.255590655844254 ], [ 109.834534788505394, -7.253962992784821 ], [ 109.834289711348831, -7.252180688888281 ], [ 109.833225695693955, -7.25102941843278 ], [ 109.834092016935131, -7.25058848320042 ], [ 109.834690408798977, -7.248247544517428 ], [ 109.834487206697702, -7.245949851947017 ], [ 109.8335129229269, -7.243451254694023 ], [ 109.833517224015026, -7.24177809666377 ], [ 109.832578798915591, -7.240527595553362 ], [ 109.831535240981452, -7.23947584218449 ], [ 109.830600618015211, -7.236868747756856 ], [ 109.829765892835795, -7.235926034659001 ], [ 109.828760933995952, -7.233580981685477 ], [ 109.827614791899705, -7.23180540340296 ], [ 109.827096378661523, -7.229922932972361 ] ] ] } },
{ "type": "Feature", "properties": { "DESA": "Semangkung" }, "geometry": { "type": "Polygon", "coordinates": [ [ [ 109.848350547825092, -7.233142548784104 ], [ 109.849292697291133, -7.232936957330238 ], [ 109.851384768906499, -7.233050743111667 ], [ 109.852117444136951, -7.232844617470568 ], [ 109.853794114699497, -7.231700198888807 ], [ 109.855678080627087, -7.231388363424826 ], [ 109.856828802132654, -7.231391251340758 ], [ 109.857876168918935, -7.230977841958762 ], [ 109.859654116107706, -7.231190356979029 ], [ 109.860491486134592, -7.230984388324132 ], [ 109.860385743609385, -7.231400159673738 ], [ 109.861847985926019, -7.232344393192439 ], [ 109.861951643727522, -7.232760688024528 ], [ 109.86173961574687, -7.233809335653486 ], [ 109.861005376133321, -7.234639572164174 ], [ 109.86079411325187, -7.23547102492851 ], [ 109.859223212252203, -7.236100234026281 ], [ 109.857863300994254, -7.236096825780437 ], [ 109.857548650153262, -7.236403564521556 ], [ 109.857441583286004, -7.237343873723829 ], [ 109.857753095389171, -7.23828523307836 ], [ 109.857332421564678, -7.239116247896846 ], [ 109.856598864807594, -7.239638948506377 ], [ 109.855449171390703, -7.239220024470665 ], [ 109.854612583446979, -7.239109413225416 ], [ 109.854297106821704, -7.239741668576564 ], [ 109.854399409349114, -7.240573995517679 ], [ 109.85585929141709, -7.242458821689526 ], [ 109.855333932297484, -7.243398077366304 ], [ 109.854705118048344, -7.243812529711013 ], [ 109.853240209297738, -7.243917437344963 ], [ 109.852820620273064, -7.244431878882882 ], [ 109.852714791254101, -7.244847646430819 ], [ 109.853236002750137, -7.245581474296037 ], [ 109.852292499077592, -7.246311698469335 ], [ 109.851556617517076, -7.247774957725683 ], [ 109.851555563805576, -7.248190989263722 ], [ 109.851971770204344, -7.249132615861336 ], [ 109.852832470070652, -7.250581911569224 ], [ 109.852556359674679, -7.251087671536561 ], [ 109.852165868192301, -7.251285615227353 ], [ 109.851385203525496, -7.251319812077184 ], [ 109.850263971889163, -7.251036667412504 ], [ 109.849807898026214, -7.251297738773856 ], [ 109.849772513684613, -7.25252766636242 ], [ 109.850468329362741, -7.253822740123429 ], [ 109.850401921488242, -7.254329028536086 ], [ 109.850563627116088, -7.254763556119994 ], [ 109.849979154338271, -7.255648398145512 ], [ 109.850076190912986, -7.256227438124944 ], [ 109.849316687606603, -7.257600207274525 ], [ 109.848553205113006, -7.26056476059649 ], [ 109.847150065622969, -7.262171079252687 ], [ 109.84714794580583, -7.263003140501364 ], [ 109.845806642195186, -7.261208916771431 ], [ 109.844668129423226, -7.258384301969777 ], [ 109.843246217020891, -7.257602869588282 ], [ 109.842430897568761, -7.256786901463478 ], [ 109.841363330992579, -7.254441701365336 ], [ 109.841150476998649, -7.253364953274333 ], [ 109.841464288667169, -7.252723574834756 ], [ 109.84214678078196, -7.252354583073489 ], [ 109.842499872698156, -7.251713303631068 ], [ 109.843668244773781, -7.250377756398896 ], [ 109.844544556664019, -7.24879732254662 ], [ 109.844341557793456, -7.246400072111588 ], [ 109.845392398762584, -7.244521593857024 ], [ 109.845290620277126, -7.243372700016371 ], [ 109.844353537195076, -7.241697236005616 ], [ 109.844251156647587, -7.240756312208068 ], [ 109.84436097440819, -7.238775979478345 ], [ 109.844886094351367, -7.237936203007412 ], [ 109.844993491984553, -7.23678793015215 ], [ 109.845519136770008, -7.235857640829334 ], [ 109.845938493810195, -7.235433627741273 ], [ 109.847090880044377, -7.234812540590769 ], [ 109.848350547825092, -7.233142548784104 ] ] ] } },
{ "type": "Feature", "properties": { "DESA": "Condongcampur" }, "geometry": { "type": "Polygon", "coordinates": [ [ [ 109.858108545820912, -7.2173309031344 ], [ 109.859885127792751, -7.218067858753192 ], [ 109.862394636726407, -7.218490154792266 ], [ 109.865325577644541, -7.217764931265537 ], [ 109.867103212431516, -7.218085826530157 ], [ 109.869448956706691, -7.217910794716717 ], [ 109.869656307351534, -7.218643917089745 ], [ 109.869445857589568, -7.219158898742439 ], [ 109.869757636222829, -7.220000787625214 ], [ 109.872890766046709, -7.222097675371669 ], [ 109.873618246820953, -7.223980729049833 ], [ 109.874245227459326, -7.224289716044329 ], [ 109.875174185938391, -7.225060787066802 ], [ 109.872639398562143, -7.225895646643715 ], [ 109.871698081819474, -7.225893318875408 ], [ 109.871069822151199, -7.226099737633527 ], [ 109.870334526794451, -7.227246563025072 ], [ 109.869810521282758, -7.227661301701178 ], [ 109.867717916013333, -7.227764617822161 ], [ 109.866777087214274, -7.227445709227521 ], [ 109.865835274287519, -7.227551965745215 ], [ 109.865625311285626, -7.227867924188576 ], [ 109.866251252119582, -7.228593046568641 ], [ 109.866250192122024, -7.229018122847614 ], [ 109.86583085250939, -7.2293246086503 ], [ 109.864889259966105, -7.229430772699448 ], [ 109.864262032888689, -7.229221147075129 ], [ 109.863320413286914, -7.229218800200726 ], [ 109.862375745246013, -7.230464551908768 ], [ 109.859654116107706, -7.231190356979029 ], [ 109.857876168918935, -7.230977841958762 ], [ 109.856828802132654, -7.231391251340758 ], [ 109.855678080627087, -7.231388363424826 ], [ 109.853794114699497, -7.231700198888807 ], [ 109.852117444136951, -7.232844617470568 ], [ 109.851384768906499, -7.233050743111667 ], [ 109.849292697291133, -7.232936957330238 ], [ 109.848350547825092, -7.233142548784104 ], [ 109.846862161206744, -7.232478609830917 ], [ 109.845400210146508, -7.231434778590369 ], [ 109.844776188505577, -7.229968082799365 ], [ 109.84530127202207, -7.229137345984004 ], [ 109.847290527658231, -7.228617839347028 ], [ 109.848548873682176, -7.227372916822876 ], [ 109.849391295700755, -7.225285920135747 ], [ 109.85148515741345, -7.224558593099548 ], [ 109.853368568644825, -7.22445482400492 ], [ 109.855044656183011, -7.223527498724856 ], [ 109.85536248315772, -7.221954578297806 ], [ 109.855888856211251, -7.220599285157315 ], [ 109.857775459146922, -7.219247396438427 ], [ 109.858108545820912, -7.2173309031344 ] ] ] } },
{ "type": "Feature", "properties": { "DESA": "Gembol" }, "geometry": { "type": "Polygon", "coordinates": [ [ [ 109.832160435749998, -7.213340142305737 ], [ 109.835928008636273, -7.212825218512982 ], [ 109.836975573682139, -7.212203792036052 ], [ 109.838547995716198, -7.21095065051858 ], [ 109.839908098728372, -7.21084559834634 ], [ 109.841792229194368, -7.210434343784254 ], [ 109.84367693618961, -7.209706603754209 ], [ 109.846086113239267, -7.208464589876979 ], [ 109.846712500362955, -7.208990711790282 ], [ 109.848384080963299, -7.209826994855333 ], [ 109.851223758642263, -7.209589909060639 ], [ 109.851115645346766, -7.210946248946168 ], [ 109.851320068448814, -7.212828006876811 ], [ 109.850896490860521, -7.214907024828276 ], [ 109.851312452174554, -7.215848647791526 ], [ 109.852774352595944, -7.216901497219789 ], [ 109.856226479775074, -7.216910157150246 ], [ 109.858108545820912, -7.2173309031344 ], [ 109.857775459146922, -7.219247396438427 ], [ 109.855888856211251, -7.220599285157315 ], [ 109.85536248315772, -7.221954578297806 ], [ 109.855044656183011, -7.223527498724856 ], [ 109.853368568644825, -7.22445482400492 ], [ 109.85148515741345, -7.224558593099548 ], [ 109.849391295700755, -7.225285920135747 ], [ 109.848548873682176, -7.227372916822876 ], [ 109.847290527658231, -7.228617839347028 ], [ 109.84530127202207, -7.229137345984004 ], [ 109.844776188505577, -7.229968082799365 ], [ 109.843419224520744, -7.228816096686406 ], [ 109.842585033221923, -7.227773851252716 ], [ 109.842586897621132, -7.227041344441418 ], [ 109.841130751474225, -7.22370033908524 ], [ 109.839876442726023, -7.223272075971375 ], [ 109.836942767960281, -7.225046285748693 ], [ 109.830448380169997, -7.228267419795617 ], [ 109.828249528137533, -7.229093836367268 ], [ 109.827096378661523, -7.229922932972361 ], [ 109.826054410908711, -7.22835568161275 ], [ 109.825638498258229, -7.227414042640042 ], [ 109.824802981257804, -7.226787798732105 ], [ 109.824387146970068, -7.225846159395991 ], [ 109.824390115565251, -7.224697538938859 ], [ 109.827531617216252, -7.223457621482194 ], [ 109.830674475929811, -7.221684012380672 ], [ 109.83057267633427, -7.220643627145879 ], [ 109.829215555106089, -7.219491607919836 ], [ 109.827860015476773, -7.217814961679647 ], [ 109.827655691809269, -7.21593329917947 ], [ 109.829121827242815, -7.215312967925223 ], [ 109.831113141664119, -7.213852960063369 ], [ 109.832160435749998, -7.213340142305737 ] ] ] } },
{ "type": "Feature", "properties": { "DESA": "Sidengok" }, "geometry": { "type": "Polygon", "coordinates": [ [ [ 109.81215110340348, -7.224349356747388 ], [ 109.813825922080639, -7.224046191443374 ], [ 109.815606525783721, -7.223209716842208 ], [ 109.818018068548881, -7.221135821713428 ], [ 109.819589728802811, -7.22009081742423 ], [ 109.820636830418692, -7.219776957832011 ], [ 109.821367053991764, -7.220511440769487 ], [ 109.821677942782998, -7.221660870730713 ], [ 109.822303235335795, -7.222603051884168 ], [ 109.824390115565251, -7.224697538938859 ], [ 109.824387146970068, -7.225846159395991 ], [ 109.824802981257804, -7.226787798732105 ], [ 109.825638498258229, -7.227414042640042 ], [ 109.826054410908711, -7.22835568161275 ], [ 109.827096378661523, -7.229922932972361 ], [ 109.827614791899705, -7.23180540340296 ], [ 109.828760933995952, -7.233580981685477 ], [ 109.829765892835795, -7.235926034659001 ], [ 109.828297465711685, -7.237378322874049 ], [ 109.827249548240857, -7.23810822303339 ], [ 109.824528701894522, -7.238417683080977 ], [ 109.821381120060181, -7.241954797900741 ], [ 109.820429157733031, -7.243743040925544 ], [ 109.819909946783113, -7.242177129745869 ], [ 109.817508080238284, -7.240606240898283 ], [ 109.816049183783477, -7.238413796509475 ], [ 109.812598689514047, -7.234823400796039 ], [ 109.81207780606438, -7.233881479591918 ], [ 109.812652871451647, -7.232607765759997 ], [ 109.813282264325792, -7.231976365027155 ], [ 109.813494902844198, -7.230620326007279 ], [ 109.812766838077238, -7.228945272278489 ], [ 109.812248505727666, -7.227171300939034 ], [ 109.812043139688583, -7.225714710121502 ], [ 109.81215110340348, -7.224349356747388 ] ] ] } },
{ "type": "Feature", "properties": { "DESA": "Ratamba" }, "geometry": { "type": "Polygon", "coordinates": [ [ [ 109.802580947031331, -7.225192559403972 ], [ 109.804722936354068, -7.223841588754655 ], [ 109.807908982674917, -7.222882146349495 ], [ 109.809147183104386, -7.222885379784538 ], [ 109.810559600998005, -7.223775374306382 ], [ 109.81215110340348, -7.224349356747388 ], [ 109.812043139688583, -7.225714710121502 ], [ 109.812248505727666, -7.227171300939034 ], [ 109.812766838077238, -7.228945272278489 ], [ 109.813494902844198, -7.230620326007279 ], [ 109.813282264325792, -7.231976365027155 ], [ 109.812652871451647, -7.232607765759997 ], [ 109.81207780606438, -7.233881479591918 ], [ 109.810718753000245, -7.233561368755145 ], [ 109.81019741930649, -7.232936010071378 ], [ 109.810094900164145, -7.232103685391675 ], [ 109.809050813370135, -7.231368455009904 ], [ 109.806965366335987, -7.228749284467906 ], [ 109.80602540584492, -7.228122736574943 ], [ 109.804875260193725, -7.227911754504413 ], [ 109.803726781633713, -7.22706764530416 ], [ 109.802580947031331, -7.225192559403972 ] ] ] } },
{ "type": "Feature", "properties": { "DESA": "Panusupan" }, "geometry": { "type": "Polygon", "coordinates": [ [ [ 109.797339939681308, -7.229140020723072 ], [ 109.798599787688161, -7.227370730081929 ], [ 109.799757635254224, -7.224660606441746 ], [ 109.801326949986461, -7.224664733018042 ], [ 109.802580947031331, -7.225192559403972 ], [ 109.803726781633713, -7.22706764530416 ], [ 109.804875260193725, -7.227911754504413 ], [ 109.80602540584492, -7.228122736574943 ], [ 109.806965366335987, -7.228749284467906 ], [ 109.809050813370135, -7.231368455009904 ], [ 109.810094900164145, -7.232103685391675 ], [ 109.81019741930649, -7.232936010071378 ], [ 109.810718753000245, -7.233561368755145 ], [ 109.81207780606438, -7.233881479591918 ], [ 109.812598689514047, -7.234823400796039 ], [ 109.813962295478547, -7.236319268509252 ], [ 109.813125191610638, -7.236416551279957 ], [ 109.81249635885213, -7.236830940813449 ], [ 109.812180830336828, -7.237463157912159 ], [ 109.810923159242378, -7.238291932517704 ], [ 109.809247544857243, -7.239020146525494 ], [ 109.808095941822401, -7.239324565196759 ], [ 109.80631224033263, -7.241309609450822 ], [ 109.80505433832765, -7.242246869001638 ], [ 109.803484412132747, -7.242450802727546 ], [ 109.802856223389753, -7.242756582089661 ], [ 109.802226538161491, -7.243487516159912 ], [ 109.801595202450784, -7.244842439975661 ], [ 109.801592167776235, -7.245991049889237 ], [ 109.801171366346779, -7.246830946475693 ], [ 109.799180940725321, -7.247865806993174 ], [ 109.798236334890348, -7.249011837467342 ], [ 109.796386716605554, -7.250309275589506 ], [ 109.795321436015684, -7.252205741972526 ], [ 109.794724470456472, -7.252782942323333 ], [ 109.793063285024047, -7.253673878903648 ], [ 109.79046214878781, -7.254679853557436 ], [ 109.791339611136394, -7.252511641583489 ], [ 109.791213013630227, -7.25117280817947 ], [ 109.791367819866565, -7.250531142864376 ], [ 109.790489564684947, -7.250004276779609 ], [ 109.789448544682713, -7.248988523919752 ], [ 109.789663788387912, -7.246800466342749 ], [ 109.789248566773978, -7.245542334010735 ], [ 109.789878538676405, -7.244711959914468 ], [ 109.790090992304215, -7.243455407015653 ], [ 109.789886329692962, -7.241790761495636 ], [ 109.789996299616718, -7.239701885048275 ], [ 109.791883356927258, -7.238241810361679 ], [ 109.793247135762712, -7.236780339457574 ], [ 109.79429510236055, -7.236159030916864 ], [ 109.795129672486325, -7.234144493451978 ], [ 109.796492313449704, -7.233216579468378 ], [ 109.796913908982106, -7.231960571227372 ], [ 109.797022558743265, -7.23049576818453 ], [ 109.797339939681308, -7.229140020723072 ] ] ] } },
{ "type": "Feature", "properties": { "DESA": "Giritirta" }, "geometry": { "type": "Polygon", "coordinates": [ [ [ 109.790112759423167, -7.222744881436233 ], [ 109.790738797702886, -7.223379667034073 ], [ 109.791888655674924, -7.223690143974362 ], [ 109.792407793889069, -7.225156696738274 ], [ 109.79313741983286, -7.226099185016277 ], [ 109.79459865720554, -7.227351128403058 ], [ 109.795223605944116, -7.22840184282794 ], [ 109.797339939681308, -7.229140020723072 ], [ 109.797022558743265, -7.23049576818453 ], [ 109.796913908982106, -7.231960571227372 ], [ 109.796492313449704, -7.233216579468378 ], [ 109.795129672486325, -7.234144493451978 ], [ 109.79429510236055, -7.236159030916864 ], [ 109.793247135762712, -7.236780339457574 ], [ 109.791883356927258, -7.238241810361679 ], [ 109.789996299616718, -7.239701885048275 ], [ 109.789886329692962, -7.241790761495636 ], [ 109.790090992304215, -7.243455407015653 ], [ 109.789878538676405, -7.244711959914468 ], [ 109.789248566773978, -7.245542334010735 ], [ 109.789663788387912, -7.246800466342749 ], [ 109.789448544682713, -7.248988523919752 ], [ 109.790489564684947, -7.250004276779609 ], [ 109.791367819866565, -7.250531142864376 ], [ 109.791213013630227, -7.25117280817947 ], [ 109.791339611136394, -7.252511641583489 ], [ 109.790336736229591, -7.25499608214561 ], [ 109.790023385098607, -7.254796231932716 ], [ 109.789107524250511, -7.252885556179747 ], [ 109.787242068062753, -7.250682910931065 ], [ 109.786356825898039, -7.24886273472936 ], [ 109.78562715477301, -7.247820770166614 ], [ 109.784587277946926, -7.245520860610403 ], [ 109.782709706172611, -7.243426676721619 ], [ 109.779681660450208, -7.241329404397476 ], [ 109.779058491673297, -7.239654596147199 ], [ 109.776869558245906, -7.236619100099561 ], [ 109.775932512482427, -7.234952489106144 ], [ 109.773324796369863, -7.232123733369582 ], [ 109.772805231855415, -7.230865314053414 ], [ 109.77503111431966, -7.229288587091464 ], [ 109.775347803269412, -7.228240382760751 ], [ 109.776501014010762, -7.227302927527542 ], [ 109.781524300831052, -7.226592834293478 ], [ 109.783514942752376, -7.225449537438211 ], [ 109.785403615397499, -7.223365494525845 ], [ 109.786765141142411, -7.222735992201966 ], [ 109.787706092374322, -7.222946551149758 ], [ 109.788541846812237, -7.223373838555283 ], [ 109.790112759423167, -7.222744881436233 ] ] ] } },
{ "type": "Feature", "properties": { "DESA": "Karangsari" }, "geometry": { "type": "Polygon", "coordinates": [ [ [ 109.777047781605276, -7.248213800474239 ], [ 109.780601656187144, -7.249263359447032 ], [ 109.782136740475337, -7.250000059884688 ], [ 109.783679464832659, -7.251704364999645 ], [ 109.783191024226767, -7.253050682765278 ], [ 109.783142902709244, -7.256007842290471 ], [ 109.782713717520025, -7.257227638156385 ], [ 109.781121956881691, -7.260280207236923 ], [ 109.779585620766113, -7.260827733334924 ], [ 109.777664588137938, -7.261184335438444 ], [ 109.776600038560474, -7.261832582697428 ], [ 109.775817560445461, -7.262535930390987 ], [ 109.774117173625882, -7.263345301526813 ], [ 109.77195630500357, -7.265084925541213 ], [ 109.771279501539141, -7.265426688698089 ], [ 109.770131324996001, -7.265622591502001 ], [ 109.768148569518814, -7.267217913714382 ], [ 109.767296403170249, -7.266492149529689 ], [ 109.766809500355691, -7.265468901606282 ], [ 109.765934644373232, -7.265068585160983 ], [ 109.765776993722696, -7.264136651987553 ], [ 109.76610226835264, -7.262645248833874 ], [ 109.766846403946744, -7.261272619311978 ], [ 109.767354937108692, -7.259754676374608 ], [ 109.768442706393117, -7.258780822772518 ], [ 109.768462926260781, -7.258211142044728 ], [ 109.768745730780466, -7.257886306991198 ], [ 109.769162432259861, -7.256711797200364 ], [ 109.769443692491677, -7.256405041249622 ], [ 109.77049372710394, -7.255874316856603 ], [ 109.770751471562946, -7.255178599981253 ], [ 109.771439593568545, -7.254429885288078 ], [ 109.771886663932619, -7.25290263441916 ], [ 109.771945051191466, -7.252025537346125 ], [ 109.771745129500886, -7.251337714651143 ], [ 109.771897408135501, -7.250922103695366 ], [ 109.772598347637526, -7.250318001992815 ], [ 109.773579296178866, -7.250004179430859 ], [ 109.775268443325928, -7.248525481709581 ], [ 109.776106152330073, -7.24821126688059 ], [ 109.777047781605276, -7.248213800474239 ] ] ] } },
{ "type": "Feature", "properties": { "DESA": "Sarwodadi" }, "geometry": { "type": "Polygon", "coordinates": [ [ [ 109.771240703936414, -7.22908850372491 ], [ 109.771761784292892, -7.22992195356607 ], [ 109.772805231855415, -7.230865314053414 ], [ 109.773324796369863, -7.232123733369582 ], [ 109.775932512482427, -7.234952489106144 ], [ 109.776869558245906, -7.236619100099561 ], [ 109.779058491673297, -7.239654596147199 ], [ 109.779681660450208, -7.241329404397476 ], [ 109.781874266955569, -7.242899912263086 ], [ 109.781036787416625, -7.243105636274705 ], [ 109.780407363135382, -7.243728030636327 ], [ 109.779986559497843, -7.244667454384295 ], [ 109.778728044741086, -7.245812595539794 ], [ 109.778620445000854, -7.246861452730244 ], [ 109.778092959838446, -7.248533081171763 ], [ 109.777047781605276, -7.248213800474239 ], [ 109.776106152330073, -7.24821126688059 ], [ 109.775268443325928, -7.248525481709581 ], [ 109.773579296178866, -7.250004179430859 ], [ 109.772598347637526, -7.250318001992815 ], [ 109.771897408135501, -7.250922103695366 ], [ 109.771745129500886, -7.251337714651143 ], [ 109.771945051191466, -7.252025537346125 ], [ 109.771886663932619, -7.25290263441916 ], [ 109.771439593568545, -7.254429885288078 ], [ 109.770751471562946, -7.255178599981253 ], [ 109.77049372710394, -7.255874316856603 ], [ 109.769443692491677, -7.256405041249622 ], [ 109.769162432259861, -7.256711797200364 ], [ 109.768745730780466, -7.257886306991198 ], [ 109.768462926260781, -7.258211142044728 ], [ 109.767939697052171, -7.256102487986714 ], [ 109.768229689759991, -7.254891467424941 ], [ 109.768174565149508, -7.254565716001387 ], [ 109.766237112053986, -7.253475240006098 ], [ 109.765268365693913, -7.252513887581391 ], [ 109.764881558129076, -7.251870765628845 ], [ 109.764639489549211, -7.250649169587179 ], [ 109.766482164897141, -7.24797720426058 ], [ 109.767530477333239, -7.247138961197608 ], [ 109.767847177568839, -7.246099809820368 ], [ 109.767118417716745, -7.244741265651192 ], [ 109.764298764457564, -7.242961025702695 ], [ 109.763152266944985, -7.241384245326613 ], [ 109.760336627759159, -7.238147969586838 ], [ 109.762640958657059, -7.23710518774115 ], [ 109.76368895279704, -7.236375453039228 ], [ 109.765579722284954, -7.233567981775137 ], [ 109.767991536576048, -7.231485357245362 ], [ 109.769040930210309, -7.230231083879976 ], [ 109.769357339577709, -7.229291389405528 ], [ 109.771240703936414, -7.22908850372491 ] ] ] } },
{ "type": "Feature", "properties": { "DESA": "Grogol" }, "geometry": { "type": "Polygon", "coordinates": [ [ [ 109.792908247182766, -7.200558489850454 ], [ 109.79751349693916, -7.199630054067371 ], [ 109.799713421694108, -7.198378703818776 ], [ 109.801180612079065, -7.197342524218437 ], [ 109.802332055317848, -7.197028973099114 ], [ 109.803371427341546, -7.199645406795115 ], [ 109.803470887539461, -7.201526789994817 ], [ 109.80398845409843, -7.203716789067865 ], [ 109.805238549786395, -7.205601270250186 ], [ 109.807240477137597, -7.209395872560928 ], [ 109.809325595679013, -7.212114492582709 ], [ 109.811099311603755, -7.213900774885952 ], [ 109.812035716697267, -7.215883892776946 ], [ 109.81265628435365, -7.218598692832782 ], [ 109.814010678758848, -7.220691311508396 ], [ 109.816969364005985, -7.222064717899207 ], [ 109.815606525783721, -7.223209716842208 ], [ 109.813825922080639, -7.224046191443374 ], [ 109.81215110340348, -7.224349356747388 ], [ 109.810559600998005, -7.223775374306382 ], [ 109.809147183104386, -7.222885379784538 ], [ 109.807908982674917, -7.222882146349495 ], [ 109.804722936354068, -7.223841588754655 ], [ 109.802580947031331, -7.225192559403972 ], [ 109.801326949986461, -7.224664733018042 ], [ 109.799757635254224, -7.224660606441746 ], [ 109.798599787688161, -7.227370730081929 ], [ 109.797339939681308, -7.229140020723072 ], [ 109.795223605944116, -7.22840184282794 ], [ 109.79459865720554, -7.227351128403058 ], [ 109.79313741983286, -7.226099185016277 ], [ 109.792407793889069, -7.225156696738274 ], [ 109.791888655674924, -7.223690143974362 ], [ 109.790738797702886, -7.223379667034073 ], [ 109.790112759423167, -7.222744881436233 ], [ 109.789602822894793, -7.221359821025139 ], [ 109.789400286306474, -7.218754625177973 ], [ 109.787939667298062, -7.217285663585991 ], [ 109.787317262046628, -7.215402899905843 ], [ 109.787531141886092, -7.213630861184228 ], [ 109.787326698123721, -7.211857711956561 ], [ 109.786282688283904, -7.211013847370992 ], [ 109.784613837051097, -7.209236807009093 ], [ 109.784201056311929, -7.207047079314036 ], [ 109.785888042480821, -7.204926224877261 ], [ 109.788715308891724, -7.203884659934123 ], [ 109.790287843623929, -7.202532238200213 ], [ 109.79081327522924, -7.201701574879237 ], [ 109.792908247182766, -7.200558489850454 ] ] ] } },
{ "type": "Feature", "properties": { "DESA": "Batur" }, "geometry": { "type": "Polygon", "coordinates": [ [ [ 109.823414570340745, -7.178281122366525 ], [ 109.824182080006793, -7.179567352187491 ], [ 109.828163517549839, -7.179957398376051 ], [ 109.829831384150836, -7.180730332706724 ], [ 109.830597350249477, -7.182658729409694 ], [ 109.830722177036009, -7.184069904489278 ], [ 109.833150806161626, -7.188824250524972 ], [ 109.834303858808255, -7.189975727671799 ], [ 109.835458506071831, -7.190620842083381 ], [ 109.834711407912167, -7.19252721412561 ], [ 109.834186816089058, -7.193149883336166 ], [ 109.833765648099586, -7.194297444702872 ], [ 109.834493462104518, -7.195972470212179 ], [ 109.835526616813738, -7.200985485887243 ], [ 109.834270450721149, -7.201398320222527 ], [ 109.829875646722712, -7.201911641624828 ], [ 109.82945415820393, -7.203059194784981 ], [ 109.829449331803829, -7.204940322527075 ], [ 109.828714028128957, -7.206186535075425 ], [ 109.829652063761159, -7.207446074281396 ], [ 109.832160435749998, -7.213340142305737 ], [ 109.831113141664119, -7.213852960063369 ], [ 109.829121827242815, -7.215312967925223 ], [ 109.827655691809269, -7.21593329917947 ], [ 109.827860015476773, -7.217814961679647 ], [ 109.829215555106089, -7.219491607919836 ], [ 109.83057267633427, -7.220643627145879 ], [ 109.830674475929811, -7.221684012380672 ], [ 109.827531617216252, -7.223457621482194 ], [ 109.824390115565251, -7.224697538938859 ], [ 109.822303235335795, -7.222603051884168 ], [ 109.821677942782998, -7.221660870730713 ], [ 109.821367053991764, -7.220511440769487 ], [ 109.820636830418692, -7.219776957832011 ], [ 109.819589728802811, -7.22009081742423 ], [ 109.818018068548881, -7.221135821713428 ], [ 109.816969364005985, -7.222064717899207 ], [ 109.814010678758848, -7.220691311508396 ], [ 109.81265628435365, -7.218598692832782 ], [ 109.812035716697267, -7.215883892776946 ], [ 109.811099311603755, -7.213900774885952 ], [ 109.809325595679013, -7.212114492582709 ], [ 109.807240477137597, -7.209395872560928 ], [ 109.805238549786395, -7.205601270250186 ], [ 109.80398845409843, -7.203716789067865 ], [ 109.803470887539461, -7.201526789994817 ], [ 109.803371427341546, -7.199645406795115 ], [ 109.802332055317848, -7.197028973099114 ], [ 109.804530523839006, -7.19641072133479 ], [ 109.806517151686208, -7.196732468750068 ], [ 109.809761822989344, -7.196008320085476 ], [ 109.813325476355274, -7.193304379419546 ], [ 109.815635439327053, -7.18996403309548 ], [ 109.817519486239675, -7.189552867737494 ], [ 109.82066155772317, -7.187996394727221 ], [ 109.82181539425099, -7.186742226484265 ], [ 109.822447357176671, -7.185079725564786 ], [ 109.823705588842856, -7.18393441518445 ], [ 109.823083640890545, -7.181735115055801 ], [ 109.823819187083231, -7.18038040073892 ], [ 109.823414570340745, -7.178281122366525 ] ] ] } },
{ "type": "Feature", "properties": { "DESA": "Sumberejo" }, "geometry": { "type": "Polygon", "coordinates": [ [ [ 109.835458506071831, -7.190620842083381 ], [ 109.840400340023876, -7.189629413347797 ], [ 109.841303278680627, -7.188094243758161 ], [ 109.842719187144581, -7.187066822861813 ], [ 109.846958652397333, -7.186950822094239 ], [ 109.848887398504488, -7.186186985065494 ], [ 109.849661849660805, -7.184777972158703 ], [ 109.850959435316497, -7.179653258027222 ], [ 109.851860781422445, -7.178760146907801 ], [ 109.852503748554128, -7.17849943805119 ], [ 109.854687224825483, -7.178631573761177 ], [ 109.855998449671077, -7.182659478769752 ], [ 109.856515156284573, -7.185265490627311 ], [ 109.854941560145193, -7.187043257091693 ], [ 109.854308117953039, -7.189338867715326 ], [ 109.854301317240598, -7.19205207911418 ], [ 109.854715411085962, -7.193825764263552 ], [ 109.854387929058007, -7.199260443271069 ], [ 109.853022854767133, -7.201237645415031 ], [ 109.852602243556277, -7.202177259025129 ], [ 109.85196850676374, -7.204572324135784 ], [ 109.85196349904254, -7.206561973400437 ], [ 109.851750744323752, -7.208017606700836 ], [ 109.851223758642263, -7.209589909060639 ], [ 109.848384080963299, -7.209826994855333 ], [ 109.846712500362955, -7.208990711790282 ], [ 109.846086113239267, -7.208464589876979 ], [ 109.84367693618961, -7.209706603754209 ], [ 109.841792229194368, -7.210434343784254 ], [ 109.839908098728372, -7.21084559834634 ], [ 109.838547995716198, -7.21095065051858 ], [ 109.836975573682139, -7.212203792036052 ], [ 109.835928008636273, -7.212825218512982 ], [ 109.832160435749998, -7.213340142305737 ], [ 109.829652063761159, -7.207446074281396 ], [ 109.828714028128957, -7.206186535075425 ], [ 109.829449331803829, -7.204940322527075 ], [ 109.82945415820393, -7.203059194784981 ], [ 109.829875646722712, -7.201911641624828 ], [ 109.834270450721149, -7.201398320222527 ], [ 109.835526616813738, -7.200985485887243 ], [ 109.834493462104518, -7.195972470212179 ], [ 109.833765648099586, -7.194297444702872 ], [ 109.834186816089058, -7.193149883336166 ], [ 109.834711407912167, -7.19252721412561 ], [ 109.835458506071831, -7.190620842083381 ] ] ] } },
{ "type": "Feature", "properties": { "DESA": "Pasurenan" }, "geometry": { "type": "Polygon", "coordinates": [ [ [ 109.85196349904254, -7.206561973400437 ], [ 109.853485501256671, -7.207461158340069 ], [ 109.855634729449719, -7.207548013641622 ], [ 109.857707783857649, -7.2073993882596 ], [ 109.858784189696422, -7.206787109807951 ], [ 109.862469626141745, -7.206488764141393 ], [ 109.864621642756759, -7.205426938772349 ], [ 109.868747366685568, -7.202533943026642 ], [ 109.870209569568374, -7.203469096901856 ], [ 109.871463622123116, -7.203996828465984 ], [ 109.872192161034491, -7.205563220571879 ], [ 109.873653138298167, -7.207031951290415 ], [ 109.874069584107559, -7.207765587343063 ], [ 109.875419942282946, -7.208492479182681 ], [ 109.875000650218865, -7.208699421434249 ], [ 109.873967248905444, -7.20977318677123 ], [ 109.871035851173488, -7.210706538885065 ], [ 109.868412773330022, -7.213838370042978 ], [ 109.868200063127986, -7.215293927832779 ], [ 109.868406302805141, -7.216443084739224 ], [ 109.869448956706691, -7.217910794716717 ], [ 109.867103212431516, -7.218085826530157 ], [ 109.865325577644541, -7.217764931265537 ], [ 109.862394636726407, -7.218490154792266 ], [ 109.859885127792751, -7.218067858753192 ], [ 109.858108545820912, -7.2173309031344 ], [ 109.856226479775074, -7.216910157150246 ], [ 109.852774352595944, -7.216901497219789 ], [ 109.851312452174554, -7.215848647791526 ], [ 109.850896490860521, -7.214907024828276 ], [ 109.851320068448814, -7.212828006876811 ], [ 109.851115645346766, -7.210946248946168 ], [ 109.851223758642263, -7.209589909060639 ], [ 109.851750744323752, -7.208017606700836 ], [ 109.85196349904254, -7.206561973400437 ] ] ] } },
{ "type": "Feature", "properties": { "DESA": "Bakal" }, "geometry": { "type": "Polygon", "coordinates": [ [ [ 109.875000650218865, -7.208699421434249 ], [ 109.876438583271977, -7.208133199543918 ], [ 109.878747763579582, -7.207957931238314 ], [ 109.882261392108987, -7.209060932228005 ], [ 109.883244728057605, -7.209090462689135 ], [ 109.884865656210124, -7.209727476236344 ], [ 109.885712629743168, -7.210462154958528 ], [ 109.88946033144309, -7.212732325098914 ], [ 109.892458571501479, -7.214005809153462 ], [ 109.894798323552379, -7.214418474247679 ], [ 109.895478623931197, -7.214329695703624 ], [ 109.896041860335501, -7.213951185876972 ], [ 109.898924404127712, -7.210394708771986 ], [ 109.899463034317662, -7.210368878844281 ], [ 109.900155356496583, -7.210587563405914 ], [ 109.901189801383623, -7.211259371554507 ], [ 109.902967997613459, -7.21278304232586 ], [ 109.906326167775788, -7.215857111177085 ], [ 109.906524141949546, -7.216508821292761 ], [ 109.905609338611896, -7.217845180878556 ], [ 109.904635116689946, -7.220348049079063 ], [ 109.904623558211469, -7.220899699769364 ], [ 109.904393354069413, -7.221197637667344 ], [ 109.902255469492957, -7.221409608757682 ], [ 109.899295816666125, -7.223229408406315 ], [ 109.89847122057779, -7.222856589185412 ], [ 109.898104713967442, -7.222973255496409 ], [ 109.897892647659972, -7.223334529940439 ], [ 109.897408228460193, -7.223541334796061 ], [ 109.895919995900698, -7.223709631680906 ], [ 109.895574863877883, -7.223880601872859 ], [ 109.894610015909478, -7.223787841105478 ], [ 109.893304683474994, -7.223920312322652 ], [ 109.892944432199243, -7.223675293708124 ], [ 109.891565948746333, -7.223518135614737 ], [ 109.88920166154395, -7.223503342927572 ], [ 109.887867420772821, -7.2244950250073 ], [ 109.886706022227116, -7.225134290852832 ], [ 109.88541399943972, -7.22516730498722 ], [ 109.8838288592749, -7.225597552627291 ], [ 109.883470096679048, -7.225569547432493 ], [ 109.883155172554737, -7.225297415147283 ], [ 109.882271321064692, -7.225430975894021 ], [ 109.880796365199799, -7.22445060396091 ], [ 109.879271603032024, -7.225441699695724 ], [ 109.878585637700183, -7.225277160986078 ], [ 109.877671479997517, -7.225980396206419 ], [ 109.875903396307052, -7.225433411048567 ], [ 109.873618246820953, -7.223980729049833 ], [ 109.872890766046709, -7.222097675371669 ], [ 109.869757636222829, -7.220000787625214 ], [ 109.869445857589568, -7.219158898742439 ], [ 109.869656307351534, -7.218643917089745 ], [ 109.869448956706691, -7.217910794716717 ], [ 109.868406302805141, -7.216443084739224 ], [ 109.868200063127986, -7.215293927832779 ], [ 109.868412773330022, -7.213838370042978 ], [ 109.871035851173488, -7.210706538885065 ], [ 109.873967248905444, -7.20977318677123 ], [ 109.875000650218865, -7.208699421434249 ] ] ] } },
{ "type": "Feature", "properties": { "DESA": "Dieng Kulon" }, "geometry": { "type": "Polygon", "coordinates": [ [ [ 109.917328807277144, -7.191065725357128 ], [ 109.917708277972778, -7.19321918302626 ], [ 109.917430806841679, -7.193652656596385 ], [ 109.91566876295316, -7.194860451126614 ], [ 109.914870116479975, -7.195961921332415 ], [ 109.913776416187275, -7.199233423005878 ], [ 109.913289831733664, -7.199422159721833 ], [ 109.912378514178201, -7.1993205281742 ], [ 109.910677172048352, -7.199985714301287 ], [ 109.910568041845892, -7.200311073233017 ], [ 109.911262937584283, -7.201795960434541 ], [ 109.91108075024772, -7.203414487535651 ], [ 109.910055901087205, -7.20428934533007 ], [ 109.909401141846118, -7.205789102054719 ], [ 109.909443410411527, -7.207381035010743 ], [ 109.910843777451817, -7.210586032853861 ], [ 109.91197764144232, -7.214070800619118 ], [ 109.912165461052055, -7.215319377389175 ], [ 109.91077315329909, -7.215732102091387 ], [ 109.910023869036095, -7.21615539977361 ], [ 109.909582853720906, -7.217140154053214 ], [ 109.909622405259682, -7.217619588362582 ], [ 109.908992777232882, -7.218187848491664 ], [ 109.907890555110839, -7.218736982749892 ], [ 109.907426838571908, -7.219251382431088 ], [ 109.907101076038273, -7.220191196611776 ], [ 109.90696471208696, -7.221249015606511 ], [ 109.906604628756497, -7.221646110466102 ], [ 109.905785471165629, -7.221680316760757 ], [ 109.905366486392779, -7.221851208488668 ], [ 109.90428344065981, -7.221595330911835 ], [ 109.903962598463565, -7.221666899831483 ], [ 109.903698178898736, -7.221349689438992 ], [ 109.904393354069413, -7.221197637667344 ], [ 109.904623558211469, -7.220899699769364 ], [ 109.904635116689946, -7.220348049079063 ], [ 109.90531426858476, -7.218504661282772 ], [ 109.905609338611896, -7.217845180878556 ], [ 109.906369522219364, -7.216897275647359 ], [ 109.906524141949546, -7.216508821292761 ], [ 109.906326167775788, -7.215857111177085 ], [ 109.901189801383623, -7.211259371554507 ], [ 109.900155356496583, -7.210587563405914 ], [ 109.899463034317662, -7.210368878844281 ], [ 109.898924404127712, -7.210394708771986 ], [ 109.902598833301909, -7.20646927752329 ], [ 109.90313062023418, -7.205529960099143 ], [ 109.90341429258811, -7.204544834781371 ], [ 109.903958979903791, -7.200937486867661 ], [ 109.90587486420543, -7.198219664673598 ], [ 109.906217944745364, -7.196900017018026 ], [ 109.906052485148876, -7.196393154695715 ], [ 109.906700113977934, -7.1963404467665 ], [ 109.907012537200359, -7.196097046637911 ], [ 109.909735247380851, -7.195063383979509 ], [ 109.911417355556225, -7.195411088922308 ], [ 109.911799573264133, -7.195240190593934 ], [ 109.912506966743493, -7.194454996057584 ], [ 109.912886314292805, -7.194265914476525 ], [ 109.913233375635002, -7.194339168168903 ], [ 109.913516428744458, -7.193978050742874 ], [ 109.913679403916277, -7.193146349817904 ], [ 109.914861548557568, -7.192778319927384 ], [ 109.91673445247261, -7.191706517145226 ], [ 109.917328807277144, -7.191065725357128 ] ] ] } },
{ "type": "Feature", "properties": { "DESA": "Karangtengah" }, "geometry": { "type": "Polygon", "coordinates": [ [ [ 109.896422292876878, -7.187470504139984 ], [ 109.897801798219717, -7.18939126749682 ], [ 109.898961804832126, -7.19009041238804 ], [ 109.899479033330209, -7.192244203331282 ], [ 109.900418831808267, -7.193069501238472 ], [ 109.900689872494567, -7.193576617942423 ], [ 109.900626821235718, -7.194146229809241 ], [ 109.900845718081143, -7.194445245588287 ], [ 109.901503792876298, -7.194736272404391 ], [ 109.902428467799666, -7.194711361908581 ], [ 109.904438482976957, -7.196045683485344 ], [ 109.904898424097823, -7.196254759656309 ], [ 109.906052485148876, -7.196393154695715 ], [ 109.906217944745364, -7.196900017018026 ], [ 109.90587486420543, -7.198219664673598 ], [ 109.903958979903791, -7.200937486867661 ], [ 109.90341429258811, -7.204544834781371 ], [ 109.90313062023418, -7.205529960099143 ], [ 109.902598833301909, -7.20646927752329 ], [ 109.898272120272509, -7.211098535372503 ], [ 109.896284382590153, -7.213716578959898 ], [ 109.895478623931197, -7.214329695703624 ], [ 109.894798323552379, -7.214418474247679 ], [ 109.893033462747027, -7.214179008098038 ], [ 109.891308927531554, -7.213541768133074 ], [ 109.88946033144309, -7.212732325098914 ], [ 109.886920576231105, -7.211233881364145 ], [ 109.884865656210124, -7.209727476236344 ], [ 109.883244728057605, -7.209090462689135 ], [ 109.882261392108987, -7.209060932228005 ], [ 109.881053737262505, -7.208632896342924 ], [ 109.881401116067565, -7.206598762861613 ], [ 109.881819557223892, -7.205396971002307 ], [ 109.882452707144495, -7.204430804509305 ], [ 109.883657519268709, -7.20323988236318 ], [ 109.884298530020104, -7.201957157884724 ], [ 109.884335370071668, -7.20090815155469 ], [ 109.883609989445418, -7.200110473014112 ], [ 109.88362107120669, -7.199640206287164 ], [ 109.883915369107569, -7.199179672564126 ], [ 109.884163261090748, -7.198854661045197 ], [ 109.884535405449242, -7.198837483290495 ], [ 109.885781278207489, -7.199600258183398 ], [ 109.886123324570136, -7.19964630260665 ], [ 109.886799475427324, -7.200208665652147 ], [ 109.888174991911498, -7.20026626357545 ], [ 109.890749971425194, -7.196681958109421 ], [ 109.892339401831052, -7.195238750597902 ], [ 109.893064569641709, -7.194372252455164 ], [ 109.893119933652599, -7.192880028133517 ], [ 109.893456281022694, -7.19188599536364 ], [ 109.896422292876878, -7.187470504139984 ] ] ] } },
{ "type": "Feature", "properties": { "DESA": "Kepakisan" }, "geometry": { "type": "Polygon", "coordinates": [ [ [ 109.886644829668768, -7.178773497154872 ], [ 109.887211076423213, -7.180149584865341 ], [ 109.888818281730025, -7.180804622009998 ], [ 109.889456176804487, -7.181737713891916 ], [ 109.890060939407263, -7.181739177265817 ], [ 109.890382692502271, -7.181495810731326 ], [ 109.891710136578951, -7.182819481046471 ], [ 109.892483964918625, -7.183219306077243 ], [ 109.893392127586608, -7.184361021891381 ], [ 109.894028688490422, -7.185728232229407 ], [ 109.894617318782025, -7.186444182707883 ], [ 109.896422292876878, -7.187470504139984 ], [ 109.893456281022694, -7.19188599536364 ], [ 109.893119933652599, -7.192880028133517 ], [ 109.893064569641709, -7.194372252455164 ], [ 109.892339401831052, -7.195238750597902 ], [ 109.890749971425194, -7.196681958109421 ], [ 109.888174991911498, -7.20026626357545 ], [ 109.886799475427324, -7.200208665652147 ], [ 109.886123324570136, -7.19964630260665 ], [ 109.885781278207489, -7.199600258183398 ], [ 109.884535405449242, -7.198837483290495 ], [ 109.884163261090748, -7.198854661045197 ], [ 109.883915369107569, -7.199179672564126 ], [ 109.88362107120669, -7.199640206287164 ], [ 109.883609989445418, -7.200110473014112 ], [ 109.884335370071668, -7.20090815155469 ], [ 109.884298530020104, -7.201957157884724 ], [ 109.883657519268709, -7.20323988236318 ], [ 109.882452707144495, -7.204430804509305 ], [ 109.881819557223892, -7.205396971002307 ], [ 109.881401116067565, -7.206598762861613 ], [ 109.881053737262505, -7.208632896342924 ], [ 109.878747763579582, -7.207957931238314 ], [ 109.876438583271977, -7.208133199543918 ], [ 109.875419942282946, -7.208492479182681 ], [ 109.874069584107559, -7.207765587343063 ], [ 109.873653138298167, -7.207031951290415 ], [ 109.872192161034491, -7.205563220571879 ], [ 109.871463622123116, -7.203996828465984 ], [ 109.870209569568374, -7.203469096901856 ], [ 109.868747366685568, -7.202533943026642 ], [ 109.86739197277069, -7.200748890600348 ], [ 109.866978611211508, -7.198658729401479 ], [ 109.866039935667416, -7.197616267126096 ], [ 109.865832813163877, -7.19667517204692 ], [ 109.866463096445486, -7.195636684983234 ], [ 109.868138310363605, -7.195007684710959 ], [ 109.870126349143987, -7.194913127860659 ], [ 109.871384996491756, -7.193451101300581 ], [ 109.87379153972347, -7.193248959703865 ], [ 109.875048154796744, -7.192727500610702 ], [ 109.877520860183793, -7.190608159729729 ], [ 109.879077888050006, -7.190141677610899 ], [ 109.881651488752865, -7.188737084010882 ], [ 109.881876333231048, -7.187055389797652 ], [ 109.881605306786071, -7.186674949196766 ], [ 109.881410829982542, -7.185435398777301 ], [ 109.880965723419109, -7.184819250899767 ], [ 109.881488332218353, -7.184277893040702 ], [ 109.88359923984666, -7.183785614690636 ], [ 109.88386851523245, -7.183261721597952 ], [ 109.886052790444197, -7.180879298542343 ], [ 109.886312425071253, -7.180111235406379 ], [ 109.886262101813216, -7.179034797909417 ], [ 109.886644829668768, -7.178773497154872 ] ] ] } },
{ "type": "Feature", "properties": { "DESA": "Pekasiran" }, "geometry": { "type": "Polygon", "coordinates": [ [ [ 109.854687224825483, -7.178631573761177 ], [ 109.856357141982443, -7.178635737417885 ], [ 109.857000084794933, -7.178384064069876 ], [ 109.858031434230455, -7.176975760526739 ], [ 109.864324831628039, -7.177380281241195 ], [ 109.865736130556442, -7.178152458381554 ], [ 109.866759859854582, -7.179692544371757 ], [ 109.867138324172004, -7.182515227943842 ], [ 109.867777539442386, -7.18380108809875 ], [ 109.869701826774076, -7.184827798682581 ], [ 109.870601480077582, -7.184703422270346 ], [ 109.872911931804836, -7.185477886139394 ], [ 109.873295729526532, -7.186120926240833 ], [ 109.875003014535181, -7.187979252058356 ], [ 109.875611270154053, -7.188839858183629 ], [ 109.876044208497049, -7.189908188884156 ], [ 109.876926119354749, -7.191113255326557 ], [ 109.875048154796744, -7.192727500610702 ], [ 109.87379153972347, -7.193248959703865 ], [ 109.871384996491756, -7.193451101300581 ], [ 109.870126349143987, -7.194913127860659 ], [ 109.868138310363605, -7.195007684710959 ], [ 109.866463096445486, -7.195636684983234 ], [ 109.866148213336217, -7.196051942639521 ], [ 109.865832813163877, -7.19667517204692 ], [ 109.866039935667416, -7.197616267126096 ], [ 109.866978611211508, -7.198658729401479 ], [ 109.86739197277069, -7.200748890600348 ], [ 109.868747366685568, -7.202533943026642 ], [ 109.864621642756759, -7.205426938772349 ], [ 109.862469626141745, -7.206488764141393 ], [ 109.858784189696422, -7.206787109807951 ], [ 109.857707783857649, -7.2073993882596 ], [ 109.855634729449719, -7.207548013641622 ], [ 109.853485501256671, -7.207461158340069 ], [ 109.85196349904254, -7.206561973400437 ], [ 109.85196850676374, -7.204572324135784 ], [ 109.852602243556277, -7.202177259025129 ], [ 109.853022854767133, -7.201237645415031 ], [ 109.854387929058007, -7.199260443271069 ], [ 109.854715411085962, -7.193825764263552 ], [ 109.854301317240598, -7.19205207911418 ], [ 109.854308117953039, -7.189338867715326 ], [ 109.854941560145193, -7.187043257091693 ], [ 109.856515156284573, -7.185265490627311 ], [ 109.855998449671077, -7.182659478769752 ], [ 109.854687224825483, -7.178631573761177 ] ] ] } },
{ "type": "Feature", "properties": { "DESA": "Suwidak" }, "geometry": { "type": "Polygon", "coordinates": [ [ [ 109.733109299681587, -7.306615226542325 ], [ 109.733593096645791, -7.30707780973333 ], [ 109.734167037264754, -7.3072241806817 ], [ 109.734868760385595, -7.307108514714958 ], [ 109.737664322868525, -7.308472987650859 ], [ 109.739114947725724, -7.3087844689309 ], [ 109.74250130191777, -7.308929642184402 ], [ 109.746151861622081, -7.309735583159814 ], [ 109.748129151404484, -7.309370268341014 ], [ 109.749155409567422, -7.308902846646211 ], [ 109.750026928269463, -7.31817511359719 ], [ 109.749998349619773, -7.323556050613758 ], [ 109.748211454943302, -7.323306953588589 ], [ 109.747634327827896, -7.323088252418799 ], [ 109.747239381238529, -7.322625926569149 ], [ 109.746633314839286, -7.320788374278415 ], [ 109.746353610345949, -7.320516338953509 ], [ 109.74509909731033, -7.320304790817878 ], [ 109.742687635613265, -7.320623662214722 ], [ 109.741240612784011, -7.320637703223368 ], [ 109.740196996771544, -7.321023675402794 ], [ 109.739969552120655, -7.321267169398078 ], [ 109.739918949684025, -7.321945348654918 ], [ 109.74018978658782, -7.323592088185116 ], [ 109.740070862902712, -7.323890136920859 ], [ 109.739302068429012, -7.324394419016833 ], [ 109.738456372862572, -7.324355881854061 ], [ 109.737355931307633, -7.323936780087424 ], [ 109.735664124722746, -7.323796403091131 ], [ 109.734879963342863, -7.32283558281405 ], [ 109.734322238364157, -7.322653087666602 ], [ 109.733149945464731, -7.322713173482755 ], [ 109.730227983705461, -7.322469762927939 ], [ 109.729617893381942, -7.322106278001509 ], [ 109.728467136058001, -7.320339511100946 ], [ 109.727509350957092, -7.319902707534994 ], [ 109.727049514976812, -7.319865240659429 ], [ 109.726641198948855, -7.319122566410025 ], [ 109.726594142993406, -7.317042361947466 ], [ 109.727320854094913, -7.316601275600857 ], [ 109.727294024548712, -7.316185185387518 ], [ 109.727716078175732, -7.314793664619608 ], [ 109.728059688805317, -7.311692653977252 ], [ 109.728521828369651, -7.311124231745355 ], [ 109.728564407106148, -7.310382740703741 ], [ 109.728904560278735, -7.309397958956486 ], [ 109.728796798507247, -7.308891222078285 ], [ 109.728160639898164, -7.308138775611368 ], [ 109.728248737491512, -7.307596423638729 ], [ 109.730444447896232, -7.306978541022009 ], [ 109.731790796620345, -7.307633521694056 ], [ 109.732379771002144, -7.307454249880041 ], [ 109.733109299681587, -7.306615226542325 ] ] ] } },
{ "type": "Feature", "properties": { "DESA": "Karangtengah" }, "geometry": { "type": "Polygon", "coordinates": [ [ [ 109.776630974512841, -7.304302597766934 ], [ 109.776467268246009, -7.304627756202518 ], [ 109.776547869014109, -7.304980612561629 ], [ 109.777309258738256, -7.306131281273015 ], [ 109.777308226109213, -7.30651113278909 ], [ 109.776185357734548, -7.308181218661212 ], [ 109.775530119826698, -7.308477826033542 ], [ 109.775090616134023, -7.309064542774562 ], [ 109.775734810554326, -7.309916419976737 ], [ 109.775987033059636, -7.310631512430008 ], [ 109.775800627946666, -7.3113093365196 ], [ 109.775430674572377, -7.311615759479081 ], [ 109.774773984010253, -7.311812989426115 ], [ 109.771574513954988, -7.312157010245376 ], [ 109.769954771973914, -7.312188761478896 ], [ 109.769174569930044, -7.312512142829784 ], [ 109.768742027228271, -7.313252583714172 ], [ 109.768450185462441, -7.315006289364603 ], [ 109.765424754267471, -7.316996734957941 ], [ 109.763587973385697, -7.3172087044831 ], [ 109.762341694169749, -7.316879681892568 ], [ 109.761666047596279, -7.316877825258532 ], [ 109.761387575703424, -7.317347331081332 ], [ 109.761403906015587, -7.317709144027901 ], [ 109.761610571946903, -7.318089564175104 ], [ 109.762647345301588, -7.319041998339801 ], [ 109.762836634649219, -7.319494705993766 ], [ 109.762853140161667, -7.319874603430975 ], [ 109.762574218602524, -7.320425486082789 ], [ 109.76227938862985, -7.320596563127851 ], [ 109.761326509409386, -7.320612026828598 ], [ 109.759907691027266, -7.320038298968623 ], [ 109.759457406947405, -7.320000891039148 ], [ 109.758573241686278, -7.320287886714096 ], [ 109.757762610983832, -7.321262360220566 ], [ 109.75692176188241, -7.32163084887301 ], [ 109.756198045703002, -7.322316217014667 ], [ 109.755843725926084, -7.322903053182666 ], [ 109.755453913206281, -7.324140989737843 ], [ 109.755032894389089, -7.324592011617789 ], [ 109.754495289370865, -7.324717110948753 ], [ 109.753975043463683, -7.324589084080124 ], [ 109.752616929667894, -7.323861788394079 ], [ 109.751240557187216, -7.323604708119217 ], [ 109.752657144967515, -7.315812971832496 ], [ 109.753619245807855, -7.313572786966373 ], [ 109.754260057793374, -7.31083431462355 ], [ 109.754393457316098, -7.307732671517741 ], [ 109.754081669962005, -7.30564267471131 ], [ 109.753546932746445, -7.304040416386981 ], [ 109.753533371558333, -7.303624450626454 ], [ 109.753834293643351, -7.303299682057032 ], [ 109.759839562379128, -7.301742563545034 ], [ 109.762766267167223, -7.301262238432467 ], [ 109.765810541666909, -7.302165906050902 ], [ 109.770660136262762, -7.302875552339971 ], [ 109.776630974512841, -7.304302597766934 ] ] ] } },
{ "type": "Feature", "properties": { "DESA": "Bantar" }, "geometry": { "type": "Polygon", "coordinates": [ [ [ 109.742285147898173, -7.285478641008156 ], [ 109.742746739671787, -7.286402377639819 ], [ 109.743091134142574, -7.286421418475654 ], [ 109.743440217768921, -7.286178166780198 ], [ 109.744673759511386, -7.286082130655167 ], [ 109.745383898183462, -7.286472992769403 ], [ 109.745728443286126, -7.286464906341052 ], [ 109.746195803961683, -7.286122519292305 ], [ 109.747234903097223, -7.286604709454655 ], [ 109.74769218868029, -7.286958700440199 ], [ 109.748166780914659, -7.288208068686978 ], [ 109.749266984417872, -7.289630964015475 ], [ 109.74998751980101, -7.290989514715797 ], [ 109.749376414088715, -7.291186837038022 ], [ 109.749450711338284, -7.291865276290224 ], [ 109.74929576445065, -7.292931973795462 ], [ 109.749369687735864, -7.293610502423183 ], [ 109.750405826235792, -7.294978968692411 ], [ 109.750474204472269, -7.295422301933761 ], [ 109.750262747127437, -7.296371298651826 ], [ 109.750567396873663, -7.297339806796879 ], [ 109.750399934504813, -7.298017667752293 ], [ 109.750876503492066, -7.299475005231883 ], [ 109.750918434754865, -7.301401500615071 ], [ 109.750704318576368, -7.301961597046432 ], [ 109.749609099513592, -7.303116109638664 ], [ 109.749155409567422, -7.308902846646211 ], [ 109.748129151404484, -7.309370268341014 ], [ 109.746151861622081, -7.309735583159814 ], [ 109.74250130191777, -7.308929642184402 ], [ 109.738231345613443, -7.308637327890541 ], [ 109.737044575715601, -7.30822703195276 ], [ 109.734868760385595, -7.307108514714958 ], [ 109.734167037264754, -7.3072241806817 ], [ 109.733593096645791, -7.30707780973333 ], [ 109.733109299681587, -7.306615226542325 ], [ 109.733291977809813, -7.305557662156958 ], [ 109.735713199136995, -7.30375571954198 ], [ 109.736400644113161, -7.302871361490756 ], [ 109.736470175811377, -7.301089947475071 ], [ 109.736874417593896, -7.300864941615623 ], [ 109.736981757620853, -7.299635367393896 ], [ 109.737300311021556, -7.298379167538269 ], [ 109.737777364918855, -7.29823574074273 ], [ 109.738009328630255, -7.297974174744897 ], [ 109.737773711740587, -7.297114357944738 ], [ 109.737157217314831, -7.296832246532035 ], [ 109.736612938027022, -7.296206745484128 ], [ 109.737029253331301, -7.294923693141685 ], [ 109.737983231230402, -7.294067200087838 ], [ 109.738425424870428, -7.293435413294407 ], [ 109.738751961210369, -7.292658542703514 ], [ 109.738534396119348, -7.291726441715401 ], [ 109.738617863605882, -7.291310658005006 ], [ 109.739109651321442, -7.29107685077636 ], [ 109.73975071414057, -7.289568373365346 ], [ 109.740216763970722, -7.289189822674452 ], [ 109.740984231181542, -7.289056331912259 ], [ 109.741332227086801, -7.288695534881416 ], [ 109.741522107192367, -7.286570768161442 ], [ 109.742285147898173, -7.285478641008156 ] ] ] } },
{ "type": "Feature", "properties": { "DESA": "Pandansari" }, "geometry": { "type": "Polygon", "coordinates": [ [ [ 109.774763128117186, -7.289185286150419 ], [ 109.775940159137875, -7.289360271820581 ], [ 109.776910268864938, -7.290348655974118 ], [ 109.777705271150637, -7.290803087004355 ], [ 109.779951803923581, -7.290709602635383 ], [ 109.780507854553889, -7.29095532765376 ], [ 109.781329898744261, -7.293453592877023 ], [ 109.781143385222904, -7.294068127744121 ], [ 109.781310766432355, -7.294755862743305 ], [ 109.781295411289292, -7.296456081761796 ], [ 109.781663551092251, -7.297641850012968 ], [ 109.782696295232554, -7.299480525839035 ], [ 109.782763591069724, -7.300032360753343 ], [ 109.781772146173338, -7.300816523058359 ], [ 109.781532808305741, -7.301629839239094 ], [ 109.781270417809608, -7.301936649789345 ], [ 109.780646807032767, -7.30217005802366 ], [ 109.779963736394578, -7.303425322689807 ], [ 109.777870550781074, -7.303546247564609 ], [ 109.776630974512841, -7.304302597766934 ], [ 109.770660136262762, -7.302875552339971 ], [ 109.765810541666909, -7.302165906050902 ], [ 109.762766267167223, -7.301262238432467 ], [ 109.759839562379128, -7.301742563545034 ], [ 109.753834293643351, -7.303299682057032 ], [ 109.753533371558333, -7.303624450626454 ], [ 109.753546932746445, -7.304040416386981 ], [ 109.754081669962005, -7.30564267471131 ], [ 109.754393457316098, -7.307732671517741 ], [ 109.754260057793374, -7.31083431462355 ], [ 109.753619245807855, -7.313572786966373 ], [ 109.752657144967515, -7.315812971832496 ], [ 109.751240557187216, -7.323604708119217 ], [ 109.749998349619773, -7.323556050613758 ], [ 109.750026928269463, -7.31817511359719 ], [ 109.749155409567422, -7.308902846646211 ], [ 109.749609099513592, -7.303116109638664 ], [ 109.750704318576368, -7.301961597046432 ], [ 109.750918434754865, -7.301401500615071 ], [ 109.750876503492066, -7.299475005231883 ], [ 109.750399934504813, -7.298017667752293 ], [ 109.750567396873663, -7.297339806796879 ], [ 109.750262747127437, -7.296371298651826 ], [ 109.750474204472269, -7.295422301933761 ], [ 109.750405826235792, -7.294978968692411 ], [ 109.749369687735864, -7.293610502423183 ], [ 109.749376414088715, -7.291186837038022 ], [ 109.74998751980101, -7.290989514715797 ], [ 109.750529229159113, -7.290177059069653 ], [ 109.750861108639896, -7.290024263530999 ], [ 109.75236809247437, -7.287767491943232 ], [ 109.753052587513594, -7.28719964799394 ], [ 109.756666729275437, -7.289895594628658 ], [ 109.759458996704538, -7.293565974971754 ], [ 109.760920782477172, -7.294863255037278 ], [ 109.761867011411496, -7.295290910947387 ], [ 109.763517729629299, -7.29486132709196 ], [ 109.764944092090701, -7.294838102195667 ], [ 109.765935328942248, -7.294623712922107 ], [ 109.767652331037482, -7.293687853141832 ], [ 109.770081641656304, -7.291976133478227 ], [ 109.772274940658562, -7.290724988531831 ], [ 109.77378301364125, -7.289571525521516 ], [ 109.774763128117186, -7.289185286150419 ] ] ] } },
{ "type": "Feature", "properties": { "DESA": "Pagergunung" }, "geometry": { "type": "Polygon", "coordinates": [ [ [ 109.770215372615908, -7.273518102558303 ], [ 109.771525756941486, -7.274073308753167 ], [ 109.772642293578173, -7.273985914577454 ], [ 109.773032322370099, -7.274194936779573 ], [ 109.773583985676424, -7.274919970925366 ], [ 109.774359367760937, -7.274750180770711 ], [ 109.774920619890466, -7.276126354185785 ], [ 109.775637238947652, -7.276227844132649 ], [ 109.775847824466936, -7.276870485981021 ], [ 109.775863806266912, -7.277449307840776 ], [ 109.775279612300736, -7.278279773473971 ], [ 109.775399293801399, -7.278596657613148 ], [ 109.776208189523572, -7.27840896228034 ], [ 109.77743764461718, -7.278520787228556 ], [ 109.777535325345511, -7.278937073754237 ], [ 109.776734089404869, -7.280707504755105 ], [ 109.775381551330767, -7.281282626511707 ], [ 109.775223507938193, -7.281643969353969 ], [ 109.773909116539031, -7.282553833382646 ], [ 109.77351987180954, -7.283619914864224 ], [ 109.772908959364131, -7.284685484971688 ], [ 109.772803892388637, -7.285146431970194 ], [ 109.773272133106872, -7.286341425577265 ], [ 109.773233678915673, -7.287381421579074 ], [ 109.774191963353019, -7.288677296119428 ], [ 109.774763128117186, -7.289185286150419 ], [ 109.77378301364125, -7.289571525521516 ], [ 109.772274940658562, -7.290724988531831 ], [ 109.770081641656304, -7.291976133478227 ], [ 109.767652331037482, -7.293687853141832 ], [ 109.765935328942248, -7.294623712922107 ], [ 109.764944092090701, -7.294838102195667 ], [ 109.763517729629299, -7.29486132709196 ], [ 109.761867011411496, -7.295290910947387 ], [ 109.761294563969969, -7.295117454453877 ], [ 109.759458996704538, -7.293565974971754 ], [ 109.756666729275437, -7.289895594628658 ], [ 109.753052587513594, -7.28719964799394 ], [ 109.754308006228385, -7.285620407997351 ], [ 109.75609800795948, -7.283852752138776 ], [ 109.75651818703912, -7.282470219261418 ], [ 109.756317690199026, -7.280669961140084 ], [ 109.756683744129759, -7.278681287855314 ], [ 109.756607194136777, -7.277894338499827 ], [ 109.759861030619035, -7.277894218387714 ], [ 109.76301438099884, -7.278590121840417 ], [ 109.764350321508346, -7.27840388790589 ], [ 109.765358590352193, -7.277737351432801 ], [ 109.767671839471987, -7.275473663447661 ], [ 109.769786358026877, -7.274023379647115 ], [ 109.770215372615908, -7.273518102558303 ] ] ] } },
{ "type": "Feature", "properties": { "DESA": "Dawuhan" }, "geometry": { "type": "Polygon", "coordinates": [ [ [ 109.766964623091638, -7.265794834513338 ], [ 109.76758585445873, -7.26682757979477 ], [ 109.768670833096891, -7.267626311647651 ], [ 109.768392695537202, -7.268620445732426 ], [ 109.769083756709122, -7.269490533567332 ], [ 109.769003709132591, -7.269897295941969 ], [ 109.768447108286182, -7.27016704376267 ], [ 109.768446248123851, -7.270564979053085 ], [ 109.76881248496673, -7.27119900309315 ], [ 109.769208160262522, -7.271417175665624 ], [ 109.769795889887533, -7.27145493911295 ], [ 109.76979537954206, -7.272684919055522 ], [ 109.770215372615908, -7.273518102558303 ], [ 109.769786358026877, -7.274023379647115 ], [ 109.767671839471987, -7.275473663447661 ], [ 109.765358590352193, -7.277737351432801 ], [ 109.764350321508346, -7.27840388790589 ], [ 109.76301438099884, -7.278590121840417 ], [ 109.759861030619035, -7.277894218387714 ], [ 109.756607194136777, -7.277894338499827 ], [ 109.756078959721918, -7.277024680999014 ], [ 109.754851501699633, -7.274109172320344 ], [ 109.753846844733573, -7.268535494591437 ], [ 109.753384842539489, -7.267539340832181 ], [ 109.755091642676661, -7.267914839213282 ], [ 109.755997633128615, -7.268423764571017 ], [ 109.757780836316243, -7.2680668847656 ], [ 109.760394868354155, -7.267251129461391 ], [ 109.763034616342978, -7.266860399989568 ], [ 109.764764136242022, -7.266277204622771 ], [ 109.765888318753298, -7.266171760970315 ], [ 109.766964623091638, -7.265794834513338 ] ] ] } },
{ "type": "Feature", "properties": { "DESA": "Kubang" }, "geometry": { "type": "Polygon", "coordinates": [ [ [ 109.742821873188802, -7.259506473965172 ], [ 109.745330518688064, -7.258600000126765 ], [ 109.746290227376846, -7.258819747355428 ], [ 109.749759537981618, -7.261705187863314 ], [ 109.749995845245905, -7.262429373478743 ], [ 109.751449789990843, -7.264549639148612 ], [ 109.752539375962556, -7.266750277653273 ], [ 109.752957315564359, -7.26739349453004 ], [ 109.753384842539489, -7.267539340832181 ], [ 109.753846844733573, -7.268535494591437 ], [ 109.754851501699633, -7.274109172320344 ], [ 109.756078959721918, -7.277024680999014 ], [ 109.756607194136777, -7.277894338499827 ], [ 109.756683744129759, -7.278681287855314 ], [ 109.756317690199026, -7.280669961140084 ], [ 109.75651818703912, -7.282470219261418 ], [ 109.75609800795948, -7.283852752138776 ], [ 109.754308006228385, -7.285620407997351 ], [ 109.753052587513594, -7.28719964799394 ], [ 109.75236809247437, -7.287767491943232 ], [ 109.750861108639896, -7.290024263530999 ], [ 109.750529229159113, -7.290177059069653 ], [ 109.74998751980101, -7.290989514715797 ], [ 109.749266984417872, -7.289630964015475 ], [ 109.748166780914659, -7.288208068686978 ], [ 109.74769218868029, -7.286958700440199 ], [ 109.747234903097223, -7.286604709454655 ], [ 109.746195803961683, -7.286122519292305 ], [ 109.745728443286126, -7.286464906341052 ], [ 109.745383898183462, -7.286472992769403 ], [ 109.744673759511386, -7.286082130655167 ], [ 109.743440217768921, -7.286178166780198 ], [ 109.743091134142574, -7.286421418475654 ], [ 109.742746739671787, -7.286402377639819 ], [ 109.742285147898173, -7.285478641008156 ], [ 109.742247752956558, -7.284158150002273 ], [ 109.74342945056911, -7.282750626457525 ], [ 109.745558007528487, -7.281282339723774 ], [ 109.746016343356487, -7.280234568022584 ], [ 109.746117087382132, -7.279402811054453 ], [ 109.746008621709436, -7.278416762308884 ], [ 109.744508277403156, -7.274125840446111 ], [ 109.744559969752274, -7.273664756309751 ], [ 109.744079723533474, -7.272306869296767 ], [ 109.744220267921321, -7.271638067685365 ], [ 109.745628281325025, -7.26912777415354 ], [ 109.745239674493661, -7.267498794264234 ], [ 109.74548629746613, -7.266332889747887 ], [ 109.745270252887877, -7.265952441680137 ], [ 109.745497397203806, -7.265292829870143 ], [ 109.745570529918908, -7.264316325228225 ], [ 109.745188907987796, -7.263239102182244 ], [ 109.745194483958628, -7.262036272671764 ], [ 109.744101017779428, -7.260658607414244 ], [ 109.742821873188802, -7.259506473965172 ] ] ] } },
{ "type": "Feature", "properties": { "DESA": "Susukan" }, "geometry": { "type": "Polygon", "coordinates": [ [ [ 109.750000051139139, -7.25330418365715 ], [ 109.751056565256192, -7.252782566510064 ], [ 109.751674187178835, -7.252666718489732 ], [ 109.75374324972087, -7.252916530043533 ], [ 109.75515784776654, -7.252585855604874 ], [ 109.756455993513796, -7.252073837943066 ], [ 109.757873156113689, -7.252059629664658 ], [ 109.758244361995935, -7.25209690233836 ], [ 109.760072701839277, -7.253123816862948 ], [ 109.76296824037, -7.25376473722071 ], [ 109.76442882905593, -7.253904431554647 ], [ 109.766237112053986, -7.253475240006098 ], [ 109.768174565149508, -7.254565716001387 ], [ 109.768229689759991, -7.254891467424941 ], [ 109.767939697052171, -7.256102487986714 ], [ 109.768462926260781, -7.258211142044728 ], [ 109.768442706393117, -7.258780822772518 ], [ 109.767354937108692, -7.259754676374608 ], [ 109.766846403946744, -7.261272619311978 ], [ 109.76610226835264, -7.262645248833874 ], [ 109.765776993722696, -7.264136651987553 ], [ 109.765934644373232, -7.265068585160983 ], [ 109.766809500355691, -7.265468901606282 ], [ 109.766964623091638, -7.265794834513338 ], [ 109.765888318753298, -7.266171760970315 ], [ 109.764764136242022, -7.266277204622771 ], [ 109.763034616342978, -7.266860399989568 ], [ 109.760394868354155, -7.267251129461391 ], [ 109.757780836316243, -7.2680668847656 ], [ 109.755997633128615, -7.268423764571017 ], [ 109.755091642676661, -7.267914839213282 ], [ 109.752957315564359, -7.26739349453004 ], [ 109.751449789990843, -7.264549639148612 ], [ 109.749995845245905, -7.262429373478743 ], [ 109.749759537981618, -7.261705187863314 ], [ 109.749364083654044, -7.261306163374361 ], [ 109.746290227376846, -7.258819747355428 ], [ 109.745330518688064, -7.258600000126765 ], [ 109.74441799918803, -7.2588416995678 ], [ 109.745934768407167, -7.254740049620097 ], [ 109.746777694578938, -7.253277223675245 ], [ 109.747433554547413, -7.253025858407219 ], [ 109.750000051139139, -7.25330418365715 ] ] ] } },
{ "type": "Feature", "properties": { "DESA": "Wanayasa" }, "geometry": { "type": "Polygon", "coordinates": [ [ [ 109.747051175703078, -7.227195830444759 ], [ 109.750013410101261, -7.229039835210862 ], [ 109.751468881933448, -7.229242746455398 ], [ 109.75261617914289, -7.230502988852064 ], [ 109.754181693108194, -7.23186383433119 ], [ 109.755640241969161, -7.234056424343555 ], [ 109.758037506000548, -7.237201159367918 ], [ 109.758663533521343, -7.237826852143182 ], [ 109.760336627759159, -7.238147969586838 ], [ 109.763152266944985, -7.241384245326613 ], [ 109.764298764457564, -7.242961025702695 ], [ 109.767118417716745, -7.244741265651192 ], [ 109.767847177568839, -7.246099809820368 ], [ 109.767530477333239, -7.247138961197608 ], [ 109.766482164897141, -7.24797720426058 ], [ 109.764639489549211, -7.250649169587179 ], [ 109.765035108600031, -7.252223910457444 ], [ 109.766237112053986, -7.253475240006098 ], [ 109.76442882905593, -7.253904431554647 ], [ 109.76296824037, -7.25376473722071 ], [ 109.760072701839277, -7.253123816862948 ], [ 109.758244361995935, -7.25209690233836 ], [ 109.757873156113689, -7.252059629664658 ], [ 109.756455993513796, -7.252073837943066 ], [ 109.75515784776654, -7.252585855604874 ], [ 109.75374324972087, -7.252916530043533 ], [ 109.751674187178835, -7.252666718489732 ], [ 109.751056565256192, -7.252782566510064 ], [ 109.750000051139139, -7.25330418365715 ], [ 109.747433554547413, -7.253025858407219 ], [ 109.746777694578938, -7.253277223675245 ], [ 109.746203025831932, -7.2541438429136 ], [ 109.74441799918803, -7.2588416995678 ], [ 109.742821873188802, -7.259506473965172 ], [ 109.741931657523054, -7.258735356256558 ], [ 109.739209082770898, -7.257054693269633 ], [ 109.739006072667465, -7.256475267923975 ], [ 109.738919175393391, -7.254747754641582 ], [ 109.73829344649954, -7.252195662445261 ], [ 109.737815684846495, -7.251190505512689 ], [ 109.737219900913814, -7.250411067673459 ], [ 109.736387187304729, -7.249703305927556 ], [ 109.73720433274633, -7.248466566991029 ], [ 109.737496881720546, -7.246577263351021 ], [ 109.737403208327478, -7.245862603796435 ], [ 109.739750922409982, -7.245009953971265 ], [ 109.740686077519726, -7.24427092727971 ], [ 109.745360254221197, -7.241516473416842 ], [ 109.746967917549355, -7.239947246605928 ], [ 109.74740119896893, -7.239107359378139 ], [ 109.747523775332951, -7.23798631717838 ], [ 109.747407835141402, -7.236701773728853 ], [ 109.746723474193288, -7.233136649864543 ], [ 109.747093834035752, -7.229058946243204 ], [ 109.747051175703078, -7.227195830444759 ] ] ] } },
{ "type": "Feature", "properties": { "DESA": "Pesantren" }, "geometry": { "type": "Polygon", "coordinates": [ [ [ 109.720016780450564, -7.233831141314806 ], [ 109.721235372414071, -7.233952107338239 ], [ 109.722763681210367, -7.235123063547886 ], [ 109.723480904228225, -7.235296869164008 ], [ 109.725610748864, -7.235320916917051 ], [ 109.728794486317668, -7.234949964936297 ], [ 109.730421414163686, -7.235072046684427 ], [ 109.730947090933611, -7.235435276761167 ], [ 109.731375016745062, -7.236440297327045 ], [ 109.731917299302381, -7.239254462649003 ], [ 109.732919109392668, -7.240505302032505 ], [ 109.73405933415259, -7.243538046205651 ], [ 109.735157883028847, -7.244300800309716 ], [ 109.737260914376719, -7.245337598493238 ], [ 109.737496881720546, -7.246577263351021 ], [ 109.737398500144749, -7.247553694849493 ], [ 109.73720433274633, -7.248466566991029 ], [ 109.736387187304729, -7.249703305927556 ], [ 109.735085977835411, -7.249464598361445 ], [ 109.733410291443477, -7.249667895910017 ], [ 109.73068222418101, -7.249687412475844 ], [ 109.724964293536189, -7.249029349753877 ], [ 109.721959934633219, -7.248993788585436 ], [ 109.721041714251001, -7.243212300742063 ], [ 109.718680356792518, -7.240483525207877 ], [ 109.718397048923933, -7.24029275885291 ], [ 109.717881728454273, -7.240363642190172 ], [ 109.717883323184893, -7.238609171340745 ], [ 109.717214253130621, -7.237910976017605 ], [ 109.717286195393044, -7.237504206304288 ], [ 109.718621695397374, -7.236793481338363 ], [ 109.71886267967858, -7.236341977564478 ], [ 109.718683246726485, -7.235437109214671 ], [ 109.719963846133567, -7.234436885762621 ], [ 109.720016780450564, -7.233831141314806 ] ] ] } },
{ "type": "Feature", "properties": { "DESA": "Balun" }, "geometry": { "type": "Polygon", "coordinates": [ [ [ 109.712449054786916, -7.198259215350195 ], [ 109.714071441761547, -7.198245692004818 ], [ 109.716116252737947, -7.1991557955439 ], [ 109.717265147914276, -7.199466439132508 ], [ 109.716583105514587, -7.203398538203229 ], [ 109.716311951516801, -7.206246586962361 ], [ 109.716339316376974, -7.213499657200219 ], [ 109.718020933183737, -7.219708342032173 ], [ 109.718994524582527, -7.222388000756953 ], [ 109.71986280870253, -7.22388261183993 ], [ 109.720218706657263, -7.22422729063191 ], [ 109.720157147487228, -7.224688342002209 ], [ 109.71976521111894, -7.225076131448714 ], [ 109.720422550919324, -7.226515899348165 ], [ 109.719880025843963, -7.227210778833903 ], [ 109.719507069740644, -7.228521068682838 ], [ 109.719469307038352, -7.230872291073069 ], [ 109.719582959169287, -7.231297666910871 ], [ 109.720036758618434, -7.231669747272564 ], [ 109.719823396661852, -7.233450750581015 ], [ 109.720016780450564, -7.233831141314806 ], [ 109.719963846133567, -7.234436885762621 ], [ 109.718683246726485, -7.235437109214671 ], [ 109.71886267967858, -7.236341977564478 ], [ 109.718621695397374, -7.236793481338363 ], [ 109.717286195393044, -7.237504206304288 ], [ 109.717214253130621, -7.237910976017605 ], [ 109.717883323184893, -7.238609171340745 ], [ 109.717881728454273, -7.240363642190172 ], [ 109.718397048923933, -7.24029275885291 ], [ 109.718680356792518, -7.240483525207877 ], [ 109.721041714251001, -7.243212300742063 ], [ 109.721959934633219, -7.248993788585436 ], [ 109.720130461074319, -7.248916307448797 ], [ 109.719006814663516, -7.248533295882685 ], [ 109.717499890139479, -7.248293870042674 ], [ 109.714818843719584, -7.248620937200534 ], [ 109.713022688650568, -7.249068037064981 ], [ 109.712856344884059, -7.2486334692272 ], [ 109.712045047091323, -7.247817228922776 ], [ 109.71176678030163, -7.24464213614444 ], [ 109.710745727624527, -7.241826702144102 ], [ 109.707974556351971, -7.240118625025206 ], [ 109.707402073484957, -7.239520151350789 ], [ 109.706552232776517, -7.235438988399764 ], [ 109.706272091742377, -7.232933166270885 ], [ 109.705603456120713, -7.232406753382755 ], [ 109.704360859961881, -7.231779158235898 ], [ 109.7046812231263, -7.228605770981955 ], [ 109.704419567132618, -7.228080513774707 ], [ 109.704421808970807, -7.227293704373233 ], [ 109.705922537471196, -7.221229660809128 ], [ 109.705974261732408, -7.219846142517572 ], [ 109.705670449651393, -7.217313128177795 ], [ 109.7058435646954, -7.215360140139767 ], [ 109.706231286577776, -7.213642936466236 ], [ 109.706553407290073, -7.209727937952508 ], [ 109.706364487117327, -7.208886425975464 ], [ 109.706615353384095, -7.204763172558033 ], [ 109.706453486130656, -7.202755074202576 ], [ 109.706576847098958, -7.201462174622952 ], [ 109.707697617443088, -7.199810329816752 ], [ 109.708686285040756, -7.199849287587053 ], [ 109.710005736391111, -7.199572712339027 ], [ 109.712449054786916, -7.198259215350195 ] ] ] } },
{ "type": "Feature", "properties": { "DESA": "Tempuran" }, "geometry": { "type": "Polygon", "coordinates": [ [ [ 109.717265147914276, -7.199466439132508 ], [ 109.721401495669951, -7.199866902816775 ], [ 109.724915254668289, -7.20160406291628 ], [ 109.725972149727696, -7.201842185809706 ], [ 109.727393224835552, -7.201755631382206 ], [ 109.727151872388148, -7.20620446337116 ], [ 109.727194006302511, -7.208257536572943 ], [ 109.727723552264322, -7.215729129979816 ], [ 109.727936912196355, -7.216444122177164 ], [ 109.728389723403041, -7.217141787972023 ], [ 109.738236391593617, -7.221609581245188 ], [ 109.741700328563553, -7.223762530902792 ], [ 109.744255664020585, -7.225560233518611 ], [ 109.747051175703078, -7.227195830444759 ], [ 109.747093834035752, -7.229058946243204 ], [ 109.746723474193288, -7.233136649864543 ], [ 109.747407835141402, -7.236701773728853 ], [ 109.747523775332951, -7.23798631717838 ], [ 109.74740119896893, -7.239107359378139 ], [ 109.746967917549355, -7.239947246605928 ], [ 109.745360254221197, -7.241516473416842 ], [ 109.740686077519726, -7.24427092727971 ], [ 109.739750922409982, -7.245009953971265 ], [ 109.737403208327478, -7.245862603796435 ], [ 109.737260914376719, -7.245337598493238 ], [ 109.735157883028847, -7.244300800309716 ], [ 109.73405933415259, -7.243538046205651 ], [ 109.732919109392668, -7.240505302032505 ], [ 109.731917299302381, -7.239254462649003 ], [ 109.731375016745062, -7.236440297327045 ], [ 109.730947090933611, -7.235435276761167 ], [ 109.730421414163686, -7.235072046684427 ], [ 109.728794486317668, -7.234949964936297 ], [ 109.725610748864, -7.235320916917051 ], [ 109.723480904228225, -7.235296869164008 ], [ 109.722763681210367, -7.235123063547886 ], [ 109.721235372414071, -7.233952107338239 ], [ 109.720016780450564, -7.233831141314806 ], [ 109.719823396661852, -7.233450750581015 ], [ 109.720036758618434, -7.231669747272564 ], [ 109.719582959169287, -7.231297666910871 ], [ 109.719469307038352, -7.230872291073069 ], [ 109.719507069740644, -7.228521068682838 ], [ 109.719880025843963, -7.227210778833903 ], [ 109.720422550919324, -7.226515899348165 ], [ 109.71976521111894, -7.225076131448714 ], [ 109.720157147487228, -7.224688342002209 ], [ 109.720218706657263, -7.22422729063191 ], [ 109.71986280870253, -7.22388261183993 ], [ 109.718994524582527, -7.222388000756953 ], [ 109.718020933183737, -7.219708342032173 ], [ 109.716339316376974, -7.213499657200219 ], [ 109.716311951516801, -7.206246586962361 ], [ 109.716583105514587, -7.203398538203229 ], [ 109.717265147914276, -7.199466439132508 ] ] ] } },
{ "type": "Feature", "properties": { "DESA": "Wanaraja" }, "geometry": { "type": "Polygon", "coordinates": [ [ [ 109.727393224835552, -7.201755631382206 ], [ 109.729038344669348, -7.200611704948243 ], [ 109.73596654078014, -7.203000323620644 ], [ 109.738787034582444, -7.204156701577929 ], [ 109.742443236226379, -7.206002639549921 ], [ 109.743925210939096, -7.206531234579967 ], [ 109.749402817773912, -7.207360204079079 ], [ 109.753289322615316, -7.209667926817104 ], [ 109.759139331742162, -7.212605036315898 ], [ 109.760392393117314, -7.213440390075474 ], [ 109.760912278732178, -7.214590402968844 ], [ 109.761955598909879, -7.215642282711004 ], [ 109.764778204382964, -7.216274003808378 ], [ 109.765403654798746, -7.217107739278723 ], [ 109.765400810521783, -7.218156783481328 ], [ 109.765816244065419, -7.21930651106113 ], [ 109.76716927450137, -7.221815252441552 ], [ 109.767789910592526, -7.224430608631915 ], [ 109.769457680535169, -7.2266237273513 ], [ 109.770082295399419, -7.227774018132313 ], [ 109.771240703936414, -7.22908850372491 ], [ 109.769357339577709, -7.229291389405528 ], [ 109.769040930210309, -7.230231083879976 ], [ 109.767991536576048, -7.231485357245362 ], [ 109.765579722284954, -7.233567981775137 ], [ 109.76368895279704, -7.236375453039228 ], [ 109.762640958657059, -7.23710518774115 ], [ 109.760336627759159, -7.238147969586838 ], [ 109.758663533521343, -7.237826852143182 ], [ 109.755640241969161, -7.234056424343555 ], [ 109.754181693108194, -7.23186383433119 ], [ 109.75261617914289, -7.230502988852064 ], [ 109.751468881933448, -7.229242746455398 ], [ 109.750013410101261, -7.229039835210862 ], [ 109.744255664020585, -7.225560233518611 ], [ 109.741700328563553, -7.223762530902792 ], [ 109.738236391593617, -7.221609581245188 ], [ 109.728389723403041, -7.217141787972023 ], [ 109.727936912196355, -7.216444122177164 ], [ 109.727723552264322, -7.215729129979816 ], [ 109.727194006302511, -7.208257536572943 ], [ 109.727151872388148, -7.20620446337116 ], [ 109.727393224835552, -7.201755631382206 ] ] ] } },
{ "type": "Feature", "properties": { "DESA": "Jatilawang" }, "geometry": { "type": "Polygon", "coordinates": [ [ [ 109.729038344669348, -7.200611704948243 ], [ 109.729842360669863, -7.199980824862483 ], [ 109.732366699864116, -7.196985374300392 ], [ 109.733389664117354, -7.196183296121827 ], [ 109.73415675210336, -7.195697064563464 ], [ 109.739158074743656, -7.193585560545172 ], [ 109.740582292366653, -7.192784566986009 ], [ 109.743724433708493, -7.190432798708582 ], [ 109.74487701106132, -7.188998018184604 ], [ 109.745465061584667, -7.187326508191687 ], [ 109.747087700377151, -7.189175863313624 ], [ 109.748233762494053, -7.190852116193639 ], [ 109.749800010955525, -7.191896397059113 ], [ 109.751890091054122, -7.1926346746939 ], [ 109.753978746362179, -7.193788870322023 ], [ 109.75585742854301, -7.195358599184904 ], [ 109.757317573280574, -7.196936138206406 ], [ 109.75867591620198, -7.197455396406266 ], [ 109.760453331089067, -7.197776681503849 ], [ 109.762545447456219, -7.197782341249004 ], [ 109.764738289624191, -7.199253428390486 ], [ 109.766618522390743, -7.200190005890763 ], [ 109.76850091566277, -7.200412083221046 ], [ 109.770585473558512, -7.20323029705697 ], [ 109.771837169831201, -7.204490770971072 ], [ 109.773403795046278, -7.205435526123385 ], [ 109.774129444516063, -7.207942655167354 ], [ 109.775067605156138, -7.209093778481431 ], [ 109.77108566046536, -7.211696774941055 ], [ 109.771291648075504, -7.212845845413871 ], [ 109.770766198753634, -7.213775939977632 ], [ 109.767940193801891, -7.214401447793268 ], [ 109.766578404394593, -7.215021760836653 ], [ 109.764778204382964, -7.216274003808378 ], [ 109.761955598909879, -7.215642282711004 ], [ 109.760912278732178, -7.214590402968844 ], [ 109.760392393117314, -7.213440390075474 ], [ 109.759139331742162, -7.212605036315898 ], [ 109.753289322615316, -7.209667926817104 ], [ 109.749402817773912, -7.207360204079079 ], [ 109.743925210939096, -7.206531234579967 ], [ 109.742443236226379, -7.206002639549921 ], [ 109.738787034582444, -7.204156701577929 ], [ 109.73596654078014, -7.203000323620644 ], [ 109.729038344669348, -7.200611704948243 ] ] ] } },
{ "type": "Feature", "properties": { "DESA": "Legoksayem" }, "geometry": { "type": "Polygon", "coordinates": [ [ [ 109.775067605156138, -7.209093778481431 ], [ 109.776768892055145, -7.209007823579663 ], [ 109.778966654179371, -7.208597675225907 ], [ 109.780329474576476, -7.207552255309237 ], [ 109.782005333686371, -7.206724673390362 ], [ 109.784201056311929, -7.207047079314036 ], [ 109.784613837051097, -7.209236807009093 ], [ 109.786282688283904, -7.211013847370992 ], [ 109.787326698123721, -7.211857711956561 ], [ 109.787531141886092, -7.213630861184228 ], [ 109.787317262046628, -7.215402899905843 ], [ 109.787939667298062, -7.217285663585991 ], [ 109.789400286306474, -7.218754625177973 ], [ 109.789602822894793, -7.221359821025139 ], [ 109.790112759423167, -7.222744881436233 ], [ 109.788541846812237, -7.223373838555283 ], [ 109.787706092374322, -7.222946551149758 ], [ 109.786765141142411, -7.222735992201966 ], [ 109.785403615397499, -7.223365494525845 ], [ 109.783514942752376, -7.225449537438211 ], [ 109.781524300831052, -7.226592834293478 ], [ 109.776501014010762, -7.227302927527542 ], [ 109.775347803269412, -7.228240382760751 ], [ 109.77503111431966, -7.229288587091464 ], [ 109.772805231855415, -7.230865314053414 ], [ 109.771761784292892, -7.22992195356607 ], [ 109.771240703936414, -7.22908850372491 ], [ 109.770082295399419, -7.227774018132313 ], [ 109.769457680535169, -7.2266237273513 ], [ 109.767789910592526, -7.224430608631915 ], [ 109.76716927450137, -7.221815252441552 ], [ 109.765816244065419, -7.21930651106113 ], [ 109.765400810521783, -7.218156783481328 ], [ 109.765403654798746, -7.217107739278723 ], [ 109.764778204382964, -7.216274003808378 ], [ 109.766578404394593, -7.215021760836653 ], [ 109.767940193801891, -7.214401447793268 ], [ 109.770766198753634, -7.213775939977632 ], [ 109.771291648075504, -7.212845845413871 ], [ 109.77108566046536, -7.211696774941055 ], [ 109.775067605156138, -7.209093778481431 ] ] ] } },
{ "type": "Feature", "properties": { "DESA": "Kasimpar" }, "geometry": { "type": "Polygon", "coordinates": [ [ [ 109.765032406210238, -7.17669885822041 ], [ 109.76570817414148, -7.17680013750784 ], [ 109.766769471587878, -7.177282306493787 ], [ 109.768022398106083, -7.178253346956279 ], [ 109.770047331200601, -7.17941642720808 ], [ 109.772845387699761, -7.180581477912094 ], [ 109.774293946351037, -7.180585349380789 ], [ 109.775744086426755, -7.180109901955543 ], [ 109.776906249997978, -7.178955438324147 ], [ 109.779710971686697, -7.177515903820702 ], [ 109.780582398284423, -7.176740421612218 ], [ 109.784599069290778, -7.178297537394712 ], [ 109.786581658256367, -7.180075391114178 ], [ 109.78804363676042, -7.18101981156612 ], [ 109.789084213935965, -7.183111732079618 ], [ 109.78939086732268, -7.185825708912685 ], [ 109.788544696368731, -7.189269229751547 ], [ 109.789585099728527, -7.191460614309433 ], [ 109.793550224456894, -7.195124800619007 ], [ 109.795210879632435, -7.200148530739185 ], [ 109.792908247182766, -7.200558489850454 ], [ 109.79081327522924, -7.201701574879237 ], [ 109.790287843623929, -7.202532238200213 ], [ 109.788715308891724, -7.203884659934123 ], [ 109.785888042480821, -7.204926224877261 ], [ 109.784201056311929, -7.207047079314036 ], [ 109.782005333686371, -7.206724673390362 ], [ 109.780329474576476, -7.207552255309237 ], [ 109.778966654179371, -7.208597675225907 ], [ 109.776768892055145, -7.209007823579663 ], [ 109.775067605156138, -7.209093778481431 ], [ 109.774129444516063, -7.207942655167354 ], [ 109.773403795046278, -7.205435526123385 ], [ 109.771837169831201, -7.204490770971072 ], [ 109.770585473558512, -7.20323029705697 ], [ 109.76850091566277, -7.200412083221046 ], [ 109.766618522390743, -7.200190005890763 ], [ 109.764738289624191, -7.199253428390486 ], [ 109.762545447456219, -7.197782341249004 ], [ 109.760453331089067, -7.197776681503849 ], [ 109.75867591620198, -7.197455396406266 ], [ 109.757317573280574, -7.196936138206406 ], [ 109.75585742854301, -7.195358599184904 ], [ 109.753978746362179, -7.193788870322023 ], [ 109.751890091054122, -7.1926346746939 ], [ 109.749800010955525, -7.191896397059113 ], [ 109.748233762494053, -7.190852116193639 ], [ 109.747087700377151, -7.189175863313624 ], [ 109.745465061584667, -7.187326508191687 ], [ 109.746145052744623, -7.183846498354839 ], [ 109.746229687344865, -7.182689090042896 ], [ 109.747064841928719, -7.18255574261921 ], [ 109.748205822018818, -7.183164758285127 ], [ 109.748437660906063, -7.182921258287327 ], [ 109.748343773566305, -7.182604443527273 ], [ 109.748501089245153, -7.182089391223596 ], [ 109.749138705368978, -7.182380562943094 ], [ 109.749238404673179, -7.182019066301154 ], [ 109.750821446073545, -7.181580232974962 ], [ 109.751693093083077, -7.18071439630519 ], [ 109.752466194278185, -7.180526527142555 ], [ 109.757583868596726, -7.181019817370015 ], [ 109.760293472533647, -7.179100750260488 ], [ 109.760875315654516, -7.178234109449424 ], [ 109.761939684818557, -7.177468321399895 ], [ 109.762906823890049, -7.176982479830432 ], [ 109.765032406210238, -7.17669885822041 ] ] ] } },
{ "type": "Feature", "properties": { "DESA": "Pananggungan" }, "geometry": { "type": "Polygon", "coordinates": [ [ [ 109.784855763159101, -7.163122543376653 ], [ 109.788644942760101, -7.162291442657648 ], [ 109.791084531547682, -7.162677718581089 ], [ 109.793009179793629, -7.163451532165566 ], [ 109.794418372350108, -7.164866067854749 ], [ 109.794929182487863, -7.166025067804423 ], [ 109.796210776377919, -7.167185996068936 ], [ 109.800188716464135, -7.168733917866065 ], [ 109.800572466658807, -7.169377000744634 ], [ 109.800567118385942, -7.171420959045223 ], [ 109.80133498775146, -7.172453946201411 ], [ 109.803387839173411, -7.173481239784111 ], [ 109.808269165974735, -7.173493930250639 ], [ 109.809423100393104, -7.174265686404881 ], [ 109.810832603685924, -7.175680185589181 ], [ 109.812500139089607, -7.176588897848518 ], [ 109.817252029684852, -7.17698102517419 ], [ 109.818794743339737, -7.176469502133174 ], [ 109.820849945363122, -7.176610417569771 ], [ 109.822389678980116, -7.177256545763163 ], [ 109.823414570340745, -7.178281122366525 ], [ 109.823819187083231, -7.18038040073892 ], [ 109.823083640890545, -7.181735115055801 ], [ 109.823705588842856, -7.18393441518445 ], [ 109.822447357176671, -7.185079725564786 ], [ 109.82181539425099, -7.186742226484265 ], [ 109.82066155772317, -7.187996394727221 ], [ 109.817519486239675, -7.189552867737494 ], [ 109.815635439327053, -7.18996403309548 ], [ 109.813325476355274, -7.193304379419546 ], [ 109.809761822989344, -7.196008320085476 ], [ 109.806517151686208, -7.196732468750068 ], [ 109.804530523839006, -7.19641072133479 ], [ 109.801180612079065, -7.197342524218437 ], [ 109.799713421694108, -7.198378703818776 ], [ 109.79751349693916, -7.199630054067371 ], [ 109.795210879632435, -7.200148530739185 ], [ 109.793550224456894, -7.195124800619007 ], [ 109.789585099728527, -7.191460614309433 ], [ 109.788544696368731, -7.189269229751547 ], [ 109.78939086732268, -7.185825708912685 ], [ 109.789084213935965, -7.183111732079618 ], [ 109.78804363676042, -7.18101981156612 ], [ 109.786581658256367, -7.180075391114178 ], [ 109.784599069290778, -7.178297537394712 ], [ 109.780582398284423, -7.176740421612218 ], [ 109.780682696763336, -7.175302729530468 ], [ 109.78165409590018, -7.173179971177563 ], [ 109.782141301467121, -7.17163470852801 ], [ 109.781950536858361, -7.170675563219887 ], [ 109.78243612534601, -7.169709168273275 ], [ 109.783017463035435, -7.169041414215029 ], [ 109.783214000895853, -7.1676853529671 ], [ 109.783896910246924, -7.165091633326958 ], [ 109.784478766174018, -7.164224951696817 ], [ 109.784855763159101, -7.163122543376653 ] ] ] } },
{ "type": "Feature", "properties": { "DESA": "Sinduaji" }, "geometry": { "type": "Polygon", "coordinates": [ [ [ 109.58671420931249, -7.267909678755543 ], [ 109.587655452270951, -7.267930693971897 ], [ 109.589802719518985, -7.267358639910873 ], [ 109.592408796256578, -7.268515260128139 ], [ 109.59380597085547, -7.269441995234814 ], [ 109.594716855759131, -7.269381439560716 ], [ 109.594843885041172, -7.269861206606792 ], [ 109.594713847338724, -7.270349127777247 ], [ 109.594816123510228, -7.27141650699083 ], [ 109.594668939189049, -7.273143313265598 ], [ 109.595326023313461, -7.27434812378859 ], [ 109.596204583915309, -7.275056164115826 ], [ 109.597346957906623, -7.27675984266838 ], [ 109.597428780811001, -7.278378863771272 ], [ 109.597275264302652, -7.27887575421568 ], [ 109.596577511367386, -7.279723661790308 ], [ 109.59626946206599, -7.281043017943281 ], [ 109.59572209006032, -7.28242492053672 ], [ 109.595850197070874, -7.285174435867035 ], [ 109.595614797898321, -7.286231725708049 ], [ 109.595381527933284, -7.286628911842257 ], [ 109.59498613099106, -7.286808601490519 ], [ 109.593988363966815, -7.286579376690019 ], [ 109.593546798050568, -7.286668417487128 ], [ 109.593289877331273, -7.287201239350581 ], [ 109.593167814521962, -7.289127029882592 ], [ 109.592560417843657, -7.290327910728814 ], [ 109.591995474798253, -7.29249652746977 ], [ 109.587854458285065, -7.293044261215758 ], [ 109.586192005016954, -7.292867187953912 ], [ 109.584516835665255, -7.293196563740674 ], [ 109.584137670583502, -7.291368667934026 ], [ 109.583859796990851, -7.290888517219738 ], [ 109.582036792676732, -7.289381673842328 ], [ 109.580672364137214, -7.287487307696826 ], [ 109.579304180110924, -7.283540190153979 ], [ 109.578283487676103, -7.281610825869588 ], [ 109.576250688120794, -7.279678279155515 ], [ 109.575662977488946, -7.278111925512343 ], [ 109.575478254289706, -7.274503145716865 ], [ 109.575159184518967, -7.273380841411171 ], [ 109.578955009062298, -7.271285684760274 ], [ 109.582450842417074, -7.269732121221947 ], [ 109.583987769194522, -7.268877817410159 ], [ 109.58671420931249, -7.267909678755543 ] ] ] } },
{ "type": "Feature", "properties": { "DESA": "Pandanarum" }, "geometry": { "type": "Polygon", "coordinates": [ [ [ 109.594843885041172, -7.269861206606792 ], [ 109.594536362828634, -7.26846752117819 ], [ 109.595552429469123, -7.266255081391368 ], [ 109.595594926991026, -7.264329039020452 ], [ 109.59606043558135, -7.263688451779248 ], [ 109.596002947926081, -7.263154651967373 ], [ 109.5971682351543, -7.262398689791318 ], [ 109.597909741403214, -7.262120608125331 ], [ 109.599584753190143, -7.26168266157197 ], [ 109.601046200067671, -7.261506340851391 ], [ 109.603592534529128, -7.261577472248801 ], [ 109.606890829599422, -7.261904148351419 ], [ 109.611469255259124, -7.262496921500642 ], [ 109.612823229716682, -7.262935141790762 ], [ 109.614789781220779, -7.264180098439055 ], [ 109.615927500134191, -7.265105979247347 ], [ 109.617408472085643, -7.266584523527009 ], [ 109.619544039491942, -7.269105097126763 ], [ 109.620134689247834, -7.270029305089722 ], [ 109.620107369475875, -7.270734546386559 ], [ 109.619428456797664, -7.27332792037555 ], [ 109.618724792554829, -7.277784117430776 ], [ 109.61780304262048, -7.278776045483804 ], [ 109.617703726297776, -7.279797697377688 ], [ 109.617187983052148, -7.280456238530602 ], [ 109.61681589280721, -7.281368468669775 ], [ 109.616796812545601, -7.283158978191247 ], [ 109.616650548707725, -7.283683115707337 ], [ 109.617222594639273, -7.285611053780772 ], [ 109.61737939587023, -7.286814316589497 ], [ 109.617979828600411, -7.288254012987268 ], [ 109.617950381483794, -7.289917910904594 ], [ 109.616790579648779, -7.291180346923523 ], [ 109.616707862929061, -7.291948797170494 ], [ 109.616848551670998, -7.293242425096389 ], [ 109.617359291362106, -7.294926057999351 ], [ 109.617026663059875, -7.298741251277425 ], [ 109.615884103006223, -7.299633033786448 ], [ 109.615286989180674, -7.300707404816255 ], [ 109.610122146731385, -7.300085578763695 ], [ 109.608325735848709, -7.299618843182365 ], [ 109.6065439778273, -7.299631430996052 ], [ 109.604602513246647, -7.29931802807763 ], [ 109.603493289925609, -7.299857172782597 ], [ 109.602086067627198, -7.300856592658515 ], [ 109.601822204243646, -7.299897208173675 ], [ 109.60140816784579, -7.299606511273256 ], [ 109.600040121617525, -7.299294865057505 ], [ 109.599393248399068, -7.298876865492868 ], [ 109.598694317887919, -7.298196413501398 ], [ 109.598122136749467, -7.297344568197865 ], [ 109.596150794367546, -7.296081515178459 ], [ 109.59548654375611, -7.295419250351197 ], [ 109.594712829978164, -7.293960914529555 ], [ 109.593829492937346, -7.293506008452929 ], [ 109.592923986386211, -7.293430859140581 ], [ 109.591995474798253, -7.29249652746977 ], [ 109.592560417843657, -7.290327910728814 ], [ 109.593167814521962, -7.289127029882592 ], [ 109.593289877331273, -7.287201239350581 ], [ 109.593546798050568, -7.286668417487128 ], [ 109.593988363966815, -7.286579376690019 ], [ 109.59498613099106, -7.286808601490519 ], [ 109.595381527933284, -7.286628911842257 ], [ 109.595614797898321, -7.286231725708049 ], [ 109.595850197070874, -7.285174435867035 ], [ 109.59572209006032, -7.28242492053672 ], [ 109.59626946206599, -7.281043017943281 ], [ 109.596577511367386, -7.279723661790308 ], [ 109.597275264302652, -7.27887575421568 ], [ 109.597428780811001, -7.278378863771272 ], [ 109.597346957906623, -7.27675984266838 ], [ 109.596204583915309, -7.275056164115826 ], [ 109.595326023313461, -7.27434812378859 ], [ 109.594668939189049, -7.273143313265598 ], [ 109.594816123510228, -7.27141650699083 ], [ 109.594713847338724, -7.270349127777247 ], [ 109.594843885041172, -7.269861206606792 ] ] ] } },
{ "type": "Feature", "properties": { "DESA": "Beji" }, "geometry": { "type": "Polygon", "coordinates": [ [ [ 109.595010384582878, -7.249396847830209 ], [ 109.597564744843879, -7.249142535003094 ], [ 109.599154751888122, -7.248188868837213 ], [ 109.603936612820718, -7.24700079774358 ], [ 109.604889513099323, -7.245963778655019 ], [ 109.605461284514561, -7.245748447761456 ], [ 109.607023067356451, -7.24549103241116 ], [ 109.608119252603899, -7.245648092477938 ], [ 109.610684624638296, -7.244914357220297 ], [ 109.611350236657955, -7.244364771491575 ], [ 109.612622395077395, -7.244142616976939 ], [ 109.614033229520032, -7.243649456851827 ], [ 109.615860045903005, -7.242895445616566 ], [ 109.616267606265382, -7.24233593402052 ], [ 109.618777939619676, -7.241448274711726 ], [ 109.619603004944352, -7.240935323811123 ], [ 109.621435199005575, -7.240642508438974 ], [ 109.622805308655813, -7.239660863344874 ], [ 109.624354282980548, -7.238128222614707 ], [ 109.62411509310023, -7.240496821910342 ], [ 109.624088090028209, -7.245018387974484 ], [ 109.623914830151065, -7.245958449588316 ], [ 109.623317831062636, -7.246761425309443 ], [ 109.622090642973717, -7.247246038893941 ], [ 109.621811330069747, -7.247525568651487 ], [ 109.621601083579748, -7.248176098474582 ], [ 109.620457923153239, -7.248579497657799 ], [ 109.619296711310056, -7.248313770188052 ], [ 109.618301720566762, -7.24849157686019 ], [ 109.617174965768683, -7.249464809692694 ], [ 109.617034667028435, -7.249998009773858 ], [ 109.617825445327242, -7.250425454029834 ], [ 109.61807987489756, -7.250887432605845 ], [ 109.617758403771106, -7.252378567272783 ], [ 109.619029074840427, -7.256840776458557 ], [ 109.621104085707344, -7.25942444295123 ], [ 109.621317290566509, -7.262463657304319 ], [ 109.622511760741034, -7.263615732599994 ], [ 109.62259243686934, -7.264637935275413 ], [ 109.622443155499383, -7.26515293637121 ], [ 109.621251586669871, -7.267310679269734 ], [ 109.620134689247834, -7.270029305089722 ], [ 109.619325893089695, -7.268815015760498 ], [ 109.617408472085643, -7.266584523527009 ], [ 109.61521594534095, -7.26447976711016 ], [ 109.612823229716682, -7.262935141790762 ], [ 109.611469255259124, -7.262496921500642 ], [ 109.603592534529128, -7.261577472248801 ], [ 109.601046200067671, -7.261506340851391 ], [ 109.599584753190143, -7.26168266157197 ], [ 109.597909741403214, -7.262120608125331 ], [ 109.5971682351543, -7.262398689791318 ], [ 109.596002947926081, -7.263154651967373 ], [ 109.595289226791976, -7.262420001483718 ], [ 109.595257747556118, -7.260339936293739 ], [ 109.595846906644709, -7.259365109780211 ], [ 109.595501714649075, -7.256705335356252 ], [ 109.59595061934067, -7.255395452483427 ], [ 109.595233225614805, -7.253656928771254 ], [ 109.595205718902221, -7.250582143062567 ], [ 109.595010384582878, -7.249396847830209 ] ] ] } },
{ "type": "Feature", "properties": { "DESA": "Asinan" }, "geometry": { "type": "Polygon", "coordinates": [ [ [ 109.645610782660739, -7.257291622898027 ], [ 109.650808146259109, -7.259260436690708 ], [ 109.654006305540761, -7.260264775786124 ], [ 109.657497199667603, -7.261830540132545 ], [ 109.659928829641146, -7.263185197716916 ], [ 109.661713371301829, -7.26388684967925 ], [ 109.661528560701257, -7.264763522057132 ], [ 109.661579778534204, -7.265423801499491 ], [ 109.661912576300097, -7.26564187250194 ], [ 109.661886988025515, -7.266238634099757 ], [ 109.662193452950532, -7.266926791415078 ], [ 109.661861899085267, -7.267549865603673 ], [ 109.661033645246789, -7.268451762970569 ], [ 109.659936590495349, -7.270772667421702 ], [ 109.660223382424107, -7.27101772899587 ], [ 109.659907637451113, -7.27300631077979 ], [ 109.660535705889487, -7.273659344305687 ], [ 109.660298047944337, -7.274951862797576 ], [ 109.660632527473112, -7.276417863499486 ], [ 109.660603463710416, -7.277530076095189 ], [ 109.661110781687881, -7.278056170326848 ], [ 109.661263761548369, -7.278951922730456 ], [ 109.661319794528609, -7.282117284310067 ], [ 109.661683859567091, -7.28285082171459 ], [ 109.661644946287382, -7.284035428622074 ], [ 109.662106447847265, -7.284651713281465 ], [ 109.661768017202448, -7.286730734407791 ], [ 109.660298791149998, -7.287205680613583 ], [ 109.654003977499698, -7.290017638945081 ], [ 109.652557736166358, -7.287444981658464 ], [ 109.649792494374481, -7.284416219419639 ], [ 109.648900543342535, -7.282279296001421 ], [ 109.64805676113906, -7.280992603543086 ], [ 109.646260149825792, -7.277107683993606 ], [ 109.645437158209745, -7.275965716467292 ], [ 109.644403798689126, -7.275221037336256 ], [ 109.641221622930757, -7.274144421795488 ], [ 109.640446664042358, -7.273698971454348 ], [ 109.63980792014263, -7.271617049685666 ], [ 109.640042014014071, -7.271228875723166 ], [ 109.640418695350107, -7.27103109193271 ], [ 109.64061198003877, -7.270579504354519 ], [ 109.639925760931703, -7.269881066972502 ], [ 109.638480483933265, -7.269189482088173 ], [ 109.638102329007921, -7.268835636313 ], [ 109.638131477580956, -7.268455889230244 ], [ 109.638792797350661, -7.268195670556658 ], [ 109.638835835373442, -7.267815964996791 ], [ 109.637158922173583, -7.265857506734675 ], [ 109.636692147864721, -7.264951770736102 ], [ 109.636799735696911, -7.263894054704276 ], [ 109.637009100413508, -7.263632389004988 ], [ 109.637479762306654, -7.263272051046725 ], [ 109.638730935415282, -7.263465768912892 ], [ 109.639009844008427, -7.263222393737653 ], [ 109.639048669269727, -7.261884091813627 ], [ 109.641937425885303, -7.261042659149854 ], [ 109.642692730623764, -7.260665173382077 ], [ 109.643171301036546, -7.260205304255982 ], [ 109.6440274236504, -7.25877902561277 ], [ 109.644914189160744, -7.258465218578164 ], [ 109.64551180289277, -7.257951451986144 ], [ 109.645610782660739, -7.257291622898027 ] ] ] } },
{ "type": "Feature", "properties": { "DESA": "Sembawa" }, "geometry": { "type": "Polygon", "coordinates": [ [ [ 109.661713371301829, -7.26388684967925 ], [ 109.664522151938627, -7.264636629481536 ], [ 109.665911018776512, -7.264794513888384 ], [ 109.667129539848645, -7.264852345353016 ], [ 109.670414276358542, -7.264635852499975 ], [ 109.669927170100507, -7.266099532855541 ], [ 109.670272678781132, -7.266796843029937 ], [ 109.673334152725687, -7.268713959671565 ], [ 109.676595446436679, -7.271210491004336 ], [ 109.676591114791449, -7.272485624573021 ], [ 109.676370888618365, -7.273579203746186 ], [ 109.675253531488963, -7.276831659565061 ], [ 109.67334724820121, -7.279665701396988 ], [ 109.670112976482699, -7.282866628007995 ], [ 109.669006730630016, -7.284554523290476 ], [ 109.668313248687113, -7.286596343624024 ], [ 109.667538940529582, -7.285988093436846 ], [ 109.666662689888838, -7.28588605372817 ], [ 109.664444319585769, -7.286060432690309 ], [ 109.661768017202448, -7.286730734407791 ], [ 109.662106447847265, -7.284651713281465 ], [ 109.661644946287382, -7.284035428622074 ], [ 109.661683859567091, -7.28285082171459 ], [ 109.661319794528609, -7.282117284310067 ], [ 109.661263761548369, -7.278951922730456 ], [ 109.661110781687881, -7.278056170326848 ], [ 109.660603463710416, -7.277530076095189 ], [ 109.660632527473112, -7.276417863499486 ], [ 109.660298047944337, -7.274951862797576 ], [ 109.660535705889487, -7.273659344305687 ], [ 109.659907637451113, -7.27300631077979 ], [ 109.660223382424107, -7.27101772899587 ], [ 109.659936590495349, -7.270772667421702 ], [ 109.661033645246789, -7.268451762970569 ], [ 109.661861899085267, -7.267549865603673 ], [ 109.662193452950532, -7.266926791415078 ], [ 109.661886988025515, -7.266238634099757 ], [ 109.661912576300097, -7.26564187250194 ], [ 109.661579778534204, -7.265423801499491 ], [ 109.661528560701257, -7.264763522057132 ], [ 109.661713371301829, -7.26388684967925 ] ] ] } },
{ "type": "Feature", "properties": { "DESA": "Kalibombong" }, "geometry": { "type": "Polygon", "coordinates": [ [ [ 109.645290459083029, -7.241184389860974 ], [ 109.647171715126433, -7.241994776169165 ], [ 109.648294391416513, -7.242667369783055 ], [ 109.649607400673801, -7.243747397276128 ], [ 109.653550941367655, -7.24540501719612 ], [ 109.657310181059515, -7.244602204228293 ], [ 109.658915443139747, -7.244010102584451 ], [ 109.661474795901626, -7.244442686631843 ], [ 109.664455929583085, -7.244189150714375 ], [ 109.664369665967783, -7.244650111164591 ], [ 109.664630159279909, -7.245555220135234 ], [ 109.665203013670819, -7.24610862221114 ], [ 109.665680837758003, -7.246372231775963 ], [ 109.666733966307973, -7.246357237046395 ], [ 109.670343262790468, -7.247769531190829 ], [ 109.673022383446749, -7.248093906178688 ], [ 109.677377475051003, -7.248242220515063 ], [ 109.678955977970674, -7.248581442199932 ], [ 109.682424919522219, -7.248926141361262 ], [ 109.685461112897258, -7.249992990780151 ], [ 109.6887795752492, -7.252670424096396 ], [ 109.691225459109518, -7.25431438911486 ], [ 109.690583010786227, -7.255008840935848 ], [ 109.688588727499152, -7.256323449710688 ], [ 109.683589968001556, -7.258714622672943 ], [ 109.67536087150512, -7.261837822089794 ], [ 109.672542608305477, -7.263755821985488 ], [ 109.670414276358542, -7.264635852499975 ], [ 109.667129539848645, -7.264852345353016 ], [ 109.665911018776512, -7.264794513888384 ], [ 109.664522151938627, -7.264636629481536 ], [ 109.661713371301829, -7.26388684967925 ], [ 109.659928829641146, -7.263185197716916 ], [ 109.657497199667603, -7.261830540132545 ], [ 109.654006305540761, -7.260264775786124 ], [ 109.650808146259109, -7.259260436690708 ], [ 109.645610782660739, -7.257291622898027 ], [ 109.645227664659785, -7.256150972386145 ], [ 109.64444492894873, -7.2558412240217 ], [ 109.644203055612309, -7.255514915673577 ], [ 109.64422260673264, -7.254746260913312 ], [ 109.644034087168706, -7.25448349312525 ], [ 109.642779190093563, -7.253918988786704 ], [ 109.642128618615274, -7.252768587263031 ], [ 109.642250121146631, -7.252443364113031 ], [ 109.642096158276161, -7.252162525610396 ], [ 109.640720960635406, -7.251525415740007 ], [ 109.640636209167113, -7.251100119236386 ], [ 109.640775524814885, -7.250612202029877 ], [ 109.641241504787047, -7.250188552119176 ], [ 109.642536107718968, -7.249559421031654 ], [ 109.642686562191457, -7.249216200853627 ], [ 109.64218116653133, -7.248364605004912 ], [ 109.642602048439073, -7.247488650247066 ], [ 109.642394914314366, -7.246809734602992 ], [ 109.642506086595986, -7.246267482860065 ], [ 109.643707566130175, -7.244236355247185 ], [ 109.643371195109935, -7.243448555949082 ], [ 109.643553834498235, -7.242354800687059 ], [ 109.644641177530914, -7.241779290275137 ], [ 109.645290459083029, -7.241184389860974 ] ] ] } },
{ "type": "Feature", "properties": { "DESA": "Kalisat Kidul" }, "geometry": { "type": "Polygon", "coordinates": [ [ [ 109.66998159112272, -7.232304169521769 ], [ 109.674911165775242, -7.232291316267369 ], [ 109.676681566899234, -7.232513552026783 ], [ 109.680003719535776, -7.233861630121353 ], [ 109.680649746265502, -7.233881584909699 ], [ 109.682351029581767, -7.233144908448683 ], [ 109.683240863185517, -7.231646286777339 ], [ 109.684247419104764, -7.231097559473798 ], [ 109.685825455820407, -7.231581413956357 ], [ 109.687043008893937, -7.23251640135669 ], [ 109.6876386846711, -7.233422470259216 ], [ 109.687732043453764, -7.234218591381013 ], [ 109.686748990185862, -7.234875894193516 ], [ 109.686339750593163, -7.235760983013176 ], [ 109.686864614502213, -7.236287006544961 ], [ 109.688179104574672, -7.236887729208554 ], [ 109.688417414627821, -7.237268258362992 ], [ 109.688721879323978, -7.239539059507223 ], [ 109.689151352164473, -7.239974389542269 ], [ 109.691471594238152, -7.240315609465795 ], [ 109.693049334702252, -7.240917077874343 ], [ 109.695129709667157, -7.241420433389804 ], [ 109.697595017216187, -7.241309952478336 ], [ 109.704774070214967, -7.241402774680719 ], [ 109.707072334906087, -7.241029464347752 ], [ 109.708500292913754, -7.240454753668952 ], [ 109.709647387197222, -7.241036772281106 ], [ 109.710745727624527, -7.241826702144102 ], [ 109.71176678030163, -7.24464213614444 ], [ 109.712045047091323, -7.247817228922776 ], [ 109.712856344884059, -7.2486334692272 ], [ 109.713022688650568, -7.249068037064981 ], [ 109.711058489755487, -7.249704530492419 ], [ 109.709239794563956, -7.249699370196796 ], [ 109.708305805879391, -7.249931894161147 ], [ 109.707626183838727, -7.250761987420167 ], [ 109.70537067194833, -7.252202523973348 ], [ 109.700420680518732, -7.251817592809682 ], [ 109.697004963523611, -7.251147674561261 ], [ 109.695205239437968, -7.251350471485426 ], [ 109.693799002932437, -7.251834776263602 ], [ 109.692300992134648, -7.253015206040769 ], [ 109.691225459109518, -7.25431438911486 ], [ 109.6887795752492, -7.252670424096396 ], [ 109.685461112897258, -7.249992990780151 ], [ 109.682424919522219, -7.248926141361262 ], [ 109.678955977970674, -7.248581442199932 ], [ 109.677377475051003, -7.248242220515063 ], [ 109.673022383446749, -7.248093906178688 ], [ 109.670343262790468, -7.247769531190829 ], [ 109.666733966307973, -7.246357237046395 ], [ 109.665680837758003, -7.246372231775963 ], [ 109.664630159279909, -7.245555220135234 ], [ 109.664369665967783, -7.244650111164591 ], [ 109.664588463324051, -7.243484201900971 ], [ 109.665214402193328, -7.242238021581998 ], [ 109.666127014725362, -7.241119262957161 ], [ 109.666860790322005, -7.239792020095243 ], [ 109.666596533252786, -7.23889594260073 ], [ 109.666787850719828, -7.238616211954104 ], [ 109.667192617210588, -7.238581230507838 ], [ 109.66724086319833, -7.237866900900539 ], [ 109.66757515133186, -7.237750337861025 ], [ 109.667385295657866, -7.237252401268865 ], [ 109.667513074262047, -7.236918143840448 ], [ 109.668445092565449, -7.236305947432017 ], [ 109.668523108403093, -7.235854002559275 ], [ 109.668154196051205, -7.235427875934947 ], [ 109.668133823436236, -7.234939386426721 ], [ 109.668506082112003, -7.234605933645286 ], [ 109.668953156296496, -7.234733823382389 ], [ 109.669809367592563, -7.234302234595071 ], [ 109.669595026239833, -7.233469595494439 ], [ 109.669942227616076, -7.232792394544105 ], [ 109.66998159112272, -7.232304169521769 ] ] ] } },
{ "type": "Feature", "properties": { "DESA": "Sirukem" }, "geometry": { "type": "Polygon", "coordinates": [ [ [ 109.693299871221853, -7.228690833959608 ], [ 109.697826931541783, -7.227148333751225 ], [ 109.700774416638694, -7.225727870831494 ], [ 109.70278521749897, -7.225498418062175 ], [ 109.705012199415577, -7.224980232825733 ], [ 109.704421808970807, -7.227293704373233 ], [ 109.704419567132618, -7.228080513774707 ], [ 109.7046812231263, -7.228605770981955 ], [ 109.704360859961881, -7.231779158235898 ], [ 109.705603456120713, -7.232406753382755 ], [ 109.706272091742377, -7.232933166270885 ], [ 109.706552232776517, -7.235438988399764 ], [ 109.707402073484957, -7.239520151350789 ], [ 109.708500292913754, -7.240454753668952 ], [ 109.707072334906087, -7.241029464347752 ], [ 109.704774070214967, -7.241402774680719 ], [ 109.697595017216187, -7.241309952478336 ], [ 109.695129709667157, -7.241420433389804 ], [ 109.693049334702252, -7.240917077874343 ], [ 109.691471594238152, -7.240315609465795 ], [ 109.689151352164473, -7.239974389542269 ], [ 109.688721879323978, -7.239539059507223 ], [ 109.688417414627821, -7.237268258362992 ], [ 109.688179104574672, -7.236887729208554 ], [ 109.686864614502213, -7.236287006544961 ], [ 109.686339750593163, -7.235760983013176 ], [ 109.686748990185862, -7.234875894193516 ], [ 109.687732043453764, -7.234218591381013 ], [ 109.6876386846711, -7.233422470259216 ], [ 109.686541838602707, -7.23203565556194 ], [ 109.685825455820407, -7.231581413956357 ], [ 109.684247419104764, -7.231097559473798 ], [ 109.68599530233746, -7.230767968546284 ], [ 109.693299871221853, -7.228690833959608 ] ] ] } },
{ "type": "Feature", "properties": { "DESA": "Kertasari" }, "geometry": { "type": "Polygon", "coordinates": [ [ [ 109.664675561480067, -7.213830861737788 ], [ 109.666040600129506, -7.213455010246745 ], [ 109.668364662481508, -7.212430860776534 ], [ 109.669252129735796, -7.211764182632435 ], [ 109.670108851348672, -7.213367413389594 ], [ 109.670797252305718, -7.215232362038694 ], [ 109.671251231309327, -7.215495981858732 ], [ 109.672327714902281, -7.215616654320796 ], [ 109.673044624572341, -7.215953370310153 ], [ 109.674763745927635, -7.217224468895187 ], [ 109.67562272773101, -7.21808601157098 ], [ 109.675988315133509, -7.219063845111731 ], [ 109.675445947754213, -7.219405855578129 ], [ 109.675719945999106, -7.219858825150697 ], [ 109.67506942826536, -7.220824668328415 ], [ 109.675462774207986, -7.221296067973065 ], [ 109.675496659203432, -7.221712174086295 ], [ 109.675126512014614, -7.222018516662853 ], [ 109.674525607607833, -7.223997350953886 ], [ 109.674881900233274, -7.224577143893608 ], [ 109.675270736699133, -7.224777280694993 ], [ 109.675750137669382, -7.224751457312013 ], [ 109.675889494955726, -7.22510457787669 ], [ 109.675703255854742, -7.226080719513588 ], [ 109.675838002501678, -7.226940251287807 ], [ 109.677443186069638, -7.227143917296772 ], [ 109.677616652224046, -7.226656078886059 ], [ 109.677434482683822, -7.22613104234253 ], [ 109.677767694007429, -7.225507951267785 ], [ 109.677375265921626, -7.22518122226559 ], [ 109.67781835190732, -7.224829881088204 ], [ 109.677903902043795, -7.224504537854314 ], [ 109.677081620199147, -7.223317421650372 ], [ 109.678101210425481, -7.222723535118614 ], [ 109.678020032094594, -7.222135499643455 ], [ 109.678580508738577, -7.221883865338083 ], [ 109.678705165637993, -7.221359717718451 ], [ 109.679233820375501, -7.221343164709217 ], [ 109.679736705357584, -7.221046153512954 ], [ 109.680061820625468, -7.221255143438557 ], [ 109.680682793254547, -7.22074138139521 ], [ 109.680726422801001, -7.22042504800807 ], [ 109.681174385528465, -7.220037459081609 ], [ 109.682893548409112, -7.219373156124814 ], [ 109.683086373856867, -7.219030127527699 ], [ 109.682910493394289, -7.218704028161598 ], [ 109.683387406626522, -7.218271311369632 ], [ 109.68412789424444, -7.218309613162753 ], [ 109.684965888024294, -7.218094936184945 ], [ 109.685749734491267, -7.218323326725056 ], [ 109.686269264585349, -7.21802635485257 ], [ 109.686734061857806, -7.218090984153367 ], [ 109.688213908924709, -7.217860153704732 ], [ 109.688858158498562, -7.218386515083359 ], [ 109.689520241596256, -7.218632633306848 ], [ 109.689751905937683, -7.219166850934292 ], [ 109.690192404364737, -7.219294699393967 ], [ 109.690587665995494, -7.21991076183971 ], [ 109.689769364373404, -7.220469181786453 ], [ 109.690322766936518, -7.220805404761736 ], [ 109.690543692659432, -7.221439050563621 ], [ 109.691067845801129, -7.221612347321702 ], [ 109.69081580552664, -7.22198242586389 ], [ 109.691498075973144, -7.222273808903067 ], [ 109.691587941975087, -7.223404464669717 ], [ 109.692392143072468, -7.224817643538086 ], [ 109.692442188462451, -7.225514091397807 ], [ 109.693010117191065, -7.226411032517486 ], [ 109.693009665053253, -7.226854166967293 ], [ 109.69325394949476, -7.227442670723884 ], [ 109.693299871221853, -7.228690833959608 ], [ 109.68599530233746, -7.230767968546284 ], [ 109.684247419104764, -7.231097559473798 ], [ 109.683240863185517, -7.231646286777339 ], [ 109.682351029581767, -7.233144908448683 ], [ 109.680649746265502, -7.233881584909699 ], [ 109.680003719535776, -7.233861630121353 ], [ 109.676681566899234, -7.232513552026783 ], [ 109.674911165775242, -7.232291316267369 ], [ 109.66998159112272, -7.232304169521769 ], [ 109.670036220156007, -7.231345641965348 ], [ 109.670577603160723, -7.230759423269503 ], [ 109.670610103299978, -7.230370636246576 ], [ 109.670231503796117, -7.229401893410468 ], [ 109.670498624639023, -7.228733408842379 ], [ 109.669845127219148, -7.228360794550118 ], [ 109.668804807871112, -7.227100696774121 ], [ 109.668778382644788, -7.226765987959416 ], [ 109.668511642389774, -7.226539167812406 ], [ 109.668026116315801, -7.225443438624913 ], [ 109.667508364546876, -7.223750775708894 ], [ 109.666459210751086, -7.222707739585886 ], [ 109.666450392857598, -7.221767201497503 ], [ 109.665569319613269, -7.220371940987019 ], [ 109.665616286915309, -7.219404441273561 ], [ 109.664741131411304, -7.216833512569661 ], [ 109.664551039877736, -7.21547643875489 ], [ 109.664675561480067, -7.213830861737788 ] ] ] } },
{ "type": "Feature", "properties": { "DESA": "Sidokangen" }, "geometry": { "type": "Polygon", "coordinates": [ [ [ 109.647643613726103, -7.210923073094685 ], [ 109.649751896552075, -7.211182471954483 ], [ 109.651307478659277, -7.211087608200192 ], [ 109.653654388932097, -7.210470477085462 ], [ 109.655906384610617, -7.209500430605917 ], [ 109.656458237459418, -7.209004673701989 ], [ 109.656771238404758, -7.208426839551189 ], [ 109.656942492739745, -7.207070828462407 ], [ 109.658575853308122, -7.204950389112245 ], [ 109.659458456102598, -7.20591157057486 ], [ 109.659120067048931, -7.20705009489935 ], [ 109.659905981558921, -7.208390831660167 ], [ 109.663434414218827, -7.212751095762772 ], [ 109.664675561480067, -7.213830861737788 ], [ 109.664551039877736, -7.21547643875489 ], [ 109.664741131411304, -7.216833512569661 ], [ 109.665616286915309, -7.219404441273561 ], [ 109.665569319613269, -7.220371940987019 ], [ 109.666450392857598, -7.221767201497503 ], [ 109.666459210751086, -7.222707739585886 ], [ 109.667508364546876, -7.223750775708894 ], [ 109.668026116315801, -7.225443438624913 ], [ 109.668511642389774, -7.226539167812406 ], [ 109.668778382644788, -7.226765987959416 ], [ 109.668804807871112, -7.227100696774121 ], [ 109.669845127219148, -7.228360794550118 ], [ 109.670498624639023, -7.228733408842379 ], [ 109.670231503796117, -7.229401893410468 ], [ 109.670610103299978, -7.230370636246576 ], [ 109.670577603160723, -7.230759423269503 ], [ 109.670036220156007, -7.231345641965348 ], [ 109.670007882169628, -7.231842940874876 ], [ 109.663426742147976, -7.231633811039151 ], [ 109.658841220474443, -7.228608846698436 ], [ 109.656385528297577, -7.225599258455937 ], [ 109.654163909254137, -7.224299487459495 ], [ 109.652683853980392, -7.223056148008222 ], [ 109.651992633355491, -7.222167848894795 ], [ 109.651399325566885, -7.220493038950011 ], [ 109.650542452872173, -7.218962205751426 ], [ 109.650070457735737, -7.216745168196434 ], [ 109.649261243904064, -7.215286717622508 ], [ 109.647614479492802, -7.213871085951306 ], [ 109.647784718785203, -7.212867793176665 ], [ 109.647643613726103, -7.210923073094685 ] ] ] } },
{ "type": "Feature", "properties": { "DESA": "Majatengah" }, "geometry": { "type": "Polygon", "coordinates": [ [ [ 109.64090242070192, -7.21775793220085 ], [ 109.641227077367333, -7.21801215261703 ], [ 109.641856115974932, -7.217833102709698 ], [ 109.642390194226095, -7.217997529729789 ], [ 109.64258064252742, -7.217609218345197 ], [ 109.643075631014099, -7.21761068973558 ], [ 109.643310943009624, -7.217276760632881 ], [ 109.643226658244814, -7.216869549256789 ], [ 109.643697713662064, -7.216708200472616 ], [ 109.64388566917259, -7.216328922384543 ], [ 109.644411005536014, -7.216294315909857 ], [ 109.644811542293951, -7.216042250298618 ], [ 109.645217540610361, -7.216188120150086 ], [ 109.645319827639923, -7.21556446451221 ], [ 109.645856130823077, -7.215457556104888 ], [ 109.646371759035404, -7.214970749006317 ], [ 109.647077048496456, -7.214936672436453 ], [ 109.647423422912468, -7.214566903012271 ], [ 109.647742498701575, -7.214513598269236 ], [ 109.647614479492802, -7.213871085951306 ], [ 109.649261243904064, -7.215286717622508 ], [ 109.650070457735737, -7.216745168196434 ], [ 109.650542452872173, -7.218962205751426 ], [ 109.651399325566885, -7.220493038950011 ], [ 109.651992633355491, -7.222167848894795 ], [ 109.65354293444193, -7.223845484403624 ], [ 109.656385528297577, -7.225599258455937 ], [ 109.658841220474443, -7.228608846698436 ], [ 109.663426742147976, -7.231633811039151 ], [ 109.670007882169628, -7.231842940874876 ], [ 109.669942227616076, -7.232792394544105 ], [ 109.669595026239833, -7.233469595494439 ], [ 109.669809367592563, -7.234302234595071 ], [ 109.668953156296496, -7.234733823382389 ], [ 109.668506082112003, -7.234605933645286 ], [ 109.668133823436236, -7.234939386426721 ], [ 109.668154196051205, -7.235427875934947 ], [ 109.668523108403093, -7.235854002559275 ], [ 109.668445092565449, -7.236305947432017 ], [ 109.667513074262047, -7.236918143840448 ], [ 109.667385295657866, -7.237252401268865 ], [ 109.66757515133186, -7.237750337861025 ], [ 109.66724086319833, -7.237866900900539 ], [ 109.667192617210588, -7.238581230507838 ], [ 109.666787850719828, -7.238616211954104 ], [ 109.666596533252786, -7.23889594260073 ], [ 109.666860790322005, -7.239792020095243 ], [ 109.666127014725362, -7.241119262957161 ], [ 109.665214402193328, -7.242238021581998 ], [ 109.664588463324051, -7.243484201900971 ], [ 109.664455929583085, -7.244189150714375 ], [ 109.661474795901626, -7.244442686631843 ], [ 109.658915443139747, -7.244010102584451 ], [ 109.657310181059515, -7.244602204228293 ], [ 109.653550941367655, -7.24540501719612 ], [ 109.649607400673801, -7.243747397276128 ], [ 109.648294391416513, -7.242667369783055 ], [ 109.647171715126433, -7.241994776169165 ], [ 109.645290459083029, -7.241184389860974 ], [ 109.645530852884676, -7.240678687236031 ], [ 109.645295965148321, -7.239339565170796 ], [ 109.644859249860389, -7.238795590627735 ], [ 109.644790821058933, -7.2383793845487 ], [ 109.645710911123317, -7.237143246711879 ], [ 109.646082369852763, -7.236131424235221 ], [ 109.646083717777003, -7.235679259313513 ], [ 109.645905385370739, -7.235407482056302 ], [ 109.644443785007482, -7.234534963353362 ], [ 109.643189600196948, -7.234223725898762 ], [ 109.642163499507177, -7.234202585413555 ], [ 109.639369481366813, -7.232593533224393 ], [ 109.638214344855882, -7.232499666855603 ], [ 109.637182956773117, -7.231031582553649 ], [ 109.636336710186356, -7.230875345051722 ], [ 109.636018437008545, -7.230657305346964 ], [ 109.635333856774409, -7.229805171088417 ], [ 109.635236742241972, -7.228972878447021 ], [ 109.634979321372171, -7.228483774538999 ], [ 109.635020553544734, -7.228031730941686 ], [ 109.635860165566015, -7.227012369480209 ], [ 109.636531524013122, -7.225648833823026 ], [ 109.636870748091894, -7.225477968164874 ], [ 109.638334760559786, -7.225554764257589 ], [ 109.638673848831502, -7.225429104449195 ], [ 109.63941400660984, -7.224427520212905 ], [ 109.639714698890543, -7.22373203672758 ], [ 109.639318857932253, -7.222935109367606 ], [ 109.639389905031294, -7.22247411174796 ], [ 109.640357483074496, -7.22197952978222 ], [ 109.64112686335109, -7.22114086642741 ], [ 109.64118757195962, -7.220815460693307 ], [ 109.640980741734609, -7.220037090044767 ], [ 109.640394956577339, -7.219483720128618 ], [ 109.640725450605757, -7.218833531504404 ], [ 109.64090242070192, -7.21775793220085 ] ] ] } },
{ "type": "Feature", "properties": { "DESA": "Kalibening" }, "geometry": { "type": "Polygon", "coordinates": [ [ [ 109.634243691717657, -7.215034100335171 ], [ 109.638092240561789, -7.213444876720541 ], [ 109.640704261601826, -7.212647776787764 ], [ 109.641614026316219, -7.213979863559582 ], [ 109.641033516777384, -7.214963938160805 ], [ 109.641093444209787, -7.215750822581739 ], [ 109.641294694914635, -7.216221763348692 ], [ 109.640725450605757, -7.218833531504404 ], [ 109.640394956577339, -7.219483720128618 ], [ 109.640980741734609, -7.220037090044767 ], [ 109.64118757195962, -7.220815460693307 ], [ 109.64112686335109, -7.22114086642741 ], [ 109.640357483074496, -7.22197952978222 ], [ 109.639389905031294, -7.22247411174796 ], [ 109.639318857932253, -7.222935109367606 ], [ 109.639714698890543, -7.22373203672758 ], [ 109.63941400660984, -7.224427520212905 ], [ 109.638673848831502, -7.225429104449195 ], [ 109.638334760559786, -7.225554764257589 ], [ 109.636870748091894, -7.225477968164874 ], [ 109.636531524013122, -7.225648833823026 ], [ 109.635860165566015, -7.227012369480209 ], [ 109.635020553544734, -7.228031730941686 ], [ 109.634979321372171, -7.228483774538999 ], [ 109.635236742241972, -7.228972878447021 ], [ 109.635333856774409, -7.229805171088417 ], [ 109.636018437008545, -7.230657305346964 ], [ 109.636336710186356, -7.230875345051722 ], [ 109.637182956773117, -7.231031582553649 ], [ 109.638214344855882, -7.232499666855603 ], [ 109.639369481366813, -7.232593533224393 ], [ 109.642163499507177, -7.234202585413555 ], [ 109.643189600196948, -7.234223725898762 ], [ 109.644443785007482, -7.234534963353362 ], [ 109.645905385370739, -7.235407482056302 ], [ 109.646083717777003, -7.235679259313513 ], [ 109.646082369852763, -7.236131424235221 ], [ 109.645710911123317, -7.237143246711879 ], [ 109.644790821058933, -7.2383793845487 ], [ 109.644859249860389, -7.238795590627735 ], [ 109.645295965148321, -7.239339565170796 ], [ 109.645530852884676, -7.240678687236031 ], [ 109.645290459083029, -7.241184389860974 ], [ 109.644641177530914, -7.241779290275137 ], [ 109.643553834498235, -7.242354800687059 ], [ 109.643371195109935, -7.243448555949082 ], [ 109.643707566130175, -7.244236355247185 ], [ 109.642506086595986, -7.246267482860065 ], [ 109.642394914314366, -7.246809734602992 ], [ 109.642602048439073, -7.247488650247066 ], [ 109.64218116653133, -7.248364605004912 ], [ 109.642686562191457, -7.249216200853627 ], [ 109.642536107718968, -7.249559421031654 ], [ 109.641241504787047, -7.250188552119176 ], [ 109.640775524814885, -7.250612202029877 ], [ 109.640636209167113, -7.251100119236386 ], [ 109.640720960635406, -7.251525415740007 ], [ 109.642096158276161, -7.252162525610396 ], [ 109.642250121146631, -7.252443364113031 ], [ 109.642128618615274, -7.252768587263031 ], [ 109.642779190093563, -7.253918988786704 ], [ 109.644034087168706, -7.25448349312525 ], [ 109.64422260673264, -7.254746260913312 ], [ 109.644203055612309, -7.255514915673577 ], [ 109.64444492894873, -7.2558412240217 ], [ 109.645227664659785, -7.256150972386145 ], [ 109.645610782660739, -7.257291622898027 ], [ 109.64551180289277, -7.257951451986144 ], [ 109.644914189160744, -7.258465218578164 ], [ 109.6440274236504, -7.25877902561277 ], [ 109.643171301036546, -7.260205304255982 ], [ 109.642692730623764, -7.260665173382077 ], [ 109.641937425885303, -7.261042659149854 ], [ 109.639048669269727, -7.261884091813627 ], [ 109.639009844008427, -7.263222393737653 ], [ 109.638730935415282, -7.263465768912892 ], [ 109.638226807411414, -7.263482339268727 ], [ 109.637479762306654, -7.263272051046725 ], [ 109.636799735696911, -7.263894054704276 ], [ 109.636693292611426, -7.264571939702385 ], [ 109.636951245928543, -7.265558512368855 ], [ 109.638835835373442, -7.267815964996791 ], [ 109.638792797350661, -7.268195670556658 ], [ 109.638131477580956, -7.268455889230244 ], [ 109.638102329007921, -7.268835636313 ], [ 109.638480483933265, -7.269189482088173 ], [ 109.639925760931703, -7.269881066972502 ], [ 109.64061198003877, -7.270579504354519 ], [ 109.640418695350107, -7.27103109193271 ], [ 109.640042014014071, -7.271228875723166 ], [ 109.63980792014263, -7.271617049685666 ], [ 109.640446664042358, -7.273698971454348 ], [ 109.63956122651949, -7.273560690909289 ], [ 109.638800112664072, -7.273205695082192 ], [ 109.63618218927644, -7.271307784176191 ], [ 109.630226618645068, -7.265429667571468 ], [ 109.629480406024669, -7.264920999333845 ], [ 109.628628370578895, -7.264882258491363 ], [ 109.626677498561563, -7.265834935516243 ], [ 109.625285458252321, -7.266093012221003 ], [ 109.625000523668973, -7.265884104056092 ], [ 109.624991821829923, -7.264373878929559 ], [ 109.624726925197066, -7.264083658197473 ], [ 109.623510574806858, -7.263419851307576 ], [ 109.6230698188905, -7.263373306628183 ], [ 109.622511760741034, -7.263615732599994 ], [ 109.621317290566509, -7.262463657304319 ], [ 109.621104085707344, -7.25942444295123 ], [ 109.619029074840427, -7.256840776458557 ], [ 109.617758403771106, -7.252378567272783 ], [ 109.61807987489756, -7.250887432605845 ], [ 109.617825445327242, -7.250425454029834 ], [ 109.617034667028435, -7.249998009773858 ], [ 109.617174965768683, -7.249464809692694 ], [ 109.618301720566762, -7.24849157686019 ], [ 109.619296711310056, -7.248313770188052 ], [ 109.620457923153239, -7.248579497657799 ], [ 109.621601083579748, -7.248176098474582 ], [ 109.621811330069747, -7.247525568651487 ], [ 109.622090642973717, -7.247246038893941 ], [ 109.623317831062636, -7.246761425309443 ], [ 109.623914830151065, -7.245958449588316 ], [ 109.624088090028209, -7.245018387974484 ], [ 109.62411509310023, -7.240496821910342 ], [ 109.624354282980548, -7.238128222614707 ], [ 109.624653650929531, -7.236944420454499 ], [ 109.625910335028578, -7.234153849364629 ], [ 109.62645933942251, -7.231162135770857 ], [ 109.626227809110091, -7.228385154947969 ], [ 109.626509234679787, -7.227870546893409 ], [ 109.62711029108948, -7.227492523612044 ], [ 109.629232778447999, -7.226721158720626 ], [ 109.630804480748921, -7.222873470442106 ], [ 109.633272600172461, -7.220185862244102 ], [ 109.633957534194295, -7.218551124239633 ], [ 109.634222872309593, -7.216797498948829 ], [ 109.634243691717657, -7.215034100335171 ] ] ] } },
{ "type": "Feature", "properties": { "DESA": "Pringamba" }, "geometry": { "type": "Polygon", "coordinates": [ [ [ 109.617201992244205, -7.221530202996837 ], [ 109.617982857641024, -7.221125611936605 ], [ 109.620994823132307, -7.220592053748099 ], [ 109.622002434572991, -7.220269603713381 ], [ 109.623338683061903, -7.220165138373291 ], [ 109.625791649857732, -7.220425692772787 ], [ 109.626929032196173, -7.22134248898342 ], [ 109.627367147486865, -7.222004017878132 ], [ 109.628575970185068, -7.225679229374612 ], [ 109.629232778447999, -7.226721158720626 ], [ 109.62711029108948, -7.227492523612044 ], [ 109.626509234679787, -7.227870546893409 ], [ 109.626227809110091, -7.228385154947969 ], [ 109.62645933942251, -7.231162135770857 ], [ 109.625910335028578, -7.234153849364629 ], [ 109.624653650929531, -7.236944420454499 ], [ 109.624354282980548, -7.238128222614707 ], [ 109.622805308655813, -7.239660863344874 ], [ 109.621435199005575, -7.240642508438974 ], [ 109.619603004944352, -7.240935323811123 ], [ 109.618777939619676, -7.241448274711726 ], [ 109.616267606265382, -7.24233593402052 ], [ 109.615860045903005, -7.242895445616566 ], [ 109.612622395077395, -7.244142616976939 ], [ 109.611350236657955, -7.244364771491575 ], [ 109.610684624638296, -7.244914357220297 ], [ 109.608119252603899, -7.245648092477938 ], [ 109.607023067356451, -7.24549103241116 ], [ 109.605461284514561, -7.245748447761456 ], [ 109.604889513099323, -7.245963778655019 ], [ 109.603936612820718, -7.24700079774358 ], [ 109.599154751888122, -7.248188868837213 ], [ 109.597564744843879, -7.249142535003094 ], [ 109.595010384582878, -7.249396847830209 ], [ 109.593587891373303, -7.248271138413286 ], [ 109.593217123131993, -7.247456087260833 ], [ 109.591509756821367, -7.246908229663705 ], [ 109.58884280938581, -7.245000915579035 ], [ 109.589405490667062, -7.244875991455919 ], [ 109.590044735594134, -7.244263070507229 ], [ 109.590185033040541, -7.243739016038334 ], [ 109.58986691918885, -7.241097410763808 ], [ 109.590447719105484, -7.240258182477029 ], [ 109.591025353913508, -7.237863557192743 ], [ 109.590652448989786, -7.235646816743926 ], [ 109.591489358377402, -7.235531777551437 ], [ 109.593983918283641, -7.234716539121852 ], [ 109.596348575496179, -7.234543004339722 ], [ 109.59739468357877, -7.234292977344579 ], [ 109.598904781251434, -7.233348097082093 ], [ 109.599911960696289, -7.233541153237069 ], [ 109.602458611826492, -7.233530889754632 ], [ 109.604412626387088, -7.232804344130791 ], [ 109.607533168031921, -7.23227131563061 ], [ 109.612490476336546, -7.232403976893345 ], [ 109.613679656437043, -7.229703659676153 ], [ 109.61422028066869, -7.229017972174963 ], [ 109.614820661296875, -7.228766636087144 ], [ 109.615208862984801, -7.2281348229046 ], [ 109.616429781117617, -7.222992851078973 ], [ 109.617201992244205, -7.221530202996837 ] ] ] } },
{ "type": "Feature", "properties": { "DESA": "Pasegeran" }, "geometry": { "type": "Polygon", "coordinates": [ [ [ 109.581617976031495, -7.242618115382411 ], [ 109.582101545709421, -7.242909035483357 ], [ 109.584071614136377, -7.243493906496661 ], [ 109.586164905143335, -7.245155344118167 ], [ 109.58884280938581, -7.245000915579035 ], [ 109.591509756821367, -7.246908229663705 ], [ 109.593217123131993, -7.247456087260833 ], [ 109.593587891373303, -7.248271138413286 ], [ 109.595010384582878, -7.249396847830209 ], [ 109.595205718902221, -7.250582143062567 ], [ 109.595233225614805, -7.253656928771254 ], [ 109.59595061934067, -7.255395452483427 ], [ 109.595501714649075, -7.256705335356252 ], [ 109.595846906644709, -7.259365109780211 ], [ 109.595257747556118, -7.260339936293739 ], [ 109.595289226791976, -7.262420001483718 ], [ 109.596002947926081, -7.263154651967373 ], [ 109.59606043558135, -7.263688451779248 ], [ 109.595594926991026, -7.264329039020452 ], [ 109.595552429469123, -7.266255081391368 ], [ 109.594536362828634, -7.26846752117819 ], [ 109.594716855759131, -7.269381439560716 ], [ 109.59380597085547, -7.269441995234814 ], [ 109.592408796256578, -7.268515260128139 ], [ 109.589802719518985, -7.267358639910873 ], [ 109.587655452270951, -7.267930693971897 ], [ 109.58671420931249, -7.267909678755543 ], [ 109.583987769194522, -7.268877817410159 ], [ 109.582450842417074, -7.269732121221947 ], [ 109.578955009062298, -7.271285684760274 ], [ 109.575159184518967, -7.273380841411171 ], [ 109.574156927075478, -7.271252533957483 ], [ 109.573570124719012, -7.270491038746097 ], [ 109.573158176659945, -7.269458854920061 ], [ 109.56946539786216, -7.264735720609636 ], [ 109.56799074993954, -7.264080006468983 ], [ 109.566324412318963, -7.263731085581352 ], [ 109.563294635688351, -7.262726783542471 ], [ 109.562461406476132, -7.262208703206614 ], [ 109.561501553225611, -7.261988581402476 ], [ 109.5586858030874, -7.259818340757707 ], [ 109.560359860989195, -7.258177875873623 ], [ 109.560529965431002, -7.255148966326208 ], [ 109.560765320875774, -7.254191159476081 ], [ 109.562332336433244, -7.252857744903223 ], [ 109.56287583715546, -7.25261525999342 ], [ 109.564883643992559, -7.252648729432392 ], [ 109.566321118234157, -7.252083576980731 ], [ 109.567117085420975, -7.251299316250079 ], [ 109.567221148503592, -7.249183535114585 ], [ 109.570074318149622, -7.248722281385423 ], [ 109.574367416091079, -7.248998051823042 ], [ 109.574902456161354, -7.248854978114254 ], [ 109.575438504652936, -7.248485964732159 ], [ 109.576203371987859, -7.247421215396047 ], [ 109.576853313630778, -7.246808350650563 ], [ 109.577762507326611, -7.246223328956424 ], [ 109.579433605083722, -7.245586527779973 ], [ 109.580460504416166, -7.243609322600971 ], [ 109.581617976031495, -7.242618115382411 ] ] ] } },
{ "type": "Feature", "properties": { "DESA": "Pingit Lor" }, "geometry": { "type": "Polygon", "coordinates": [ [ [ 109.54475712373781, -7.238794109203817 ], [ 109.547322710336417, -7.239064588311001 ], [ 109.548340323398605, -7.239510943731949 ], [ 109.549176353939501, -7.240092336574312 ], [ 109.552329216033996, -7.241051883799911 ], [ 109.553629397391461, -7.241897032097358 ], [ 109.554671198682641, -7.242045001816824 ], [ 109.557524176508025, -7.241276327499735 ], [ 109.558319988723568, -7.24136031079504 ], [ 109.558961105221186, -7.240684067413904 ], [ 109.559603122946911, -7.240640893507894 ], [ 109.559943514131049, -7.240370642870929 ], [ 109.560649892225314, -7.240282464766437 ], [ 109.560979962542675, -7.24034679718537 ], [ 109.5615802773453, -7.240927515699346 ], [ 109.562359664860978, -7.240468783933887 ], [ 109.563020264867077, -7.240452787546746 ], [ 109.563897386330922, -7.240681587462002 ], [ 109.56410650396937, -7.240953575510427 ], [ 109.565629152650331, -7.240904129349062 ], [ 109.566477592357259, -7.241159958117971 ], [ 109.567538442339668, -7.240385568007373 ], [ 109.568245379701068, -7.239031329459247 ], [ 109.569147730503573, -7.238790051953604 ], [ 109.572132123285883, -7.238537134269398 ], [ 109.572183475670599, -7.238211718352539 ], [ 109.572550548269959, -7.237860258882279 ], [ 109.572787527702872, -7.238439735126728 ], [ 109.573083681882366, -7.238675827564053 ], [ 109.57370521033765, -7.238451652319951 ], [ 109.574314455337543, -7.238643427923042 ], [ 109.57591776131423, -7.238232545869709 ], [ 109.576230628946234, -7.238378185324954 ], [ 109.579568618814505, -7.240504733147129 ], [ 109.57975368153663, -7.2414277062629 ], [ 109.581617976031495, -7.242618115382411 ], [ 109.580460504416166, -7.243609322600971 ], [ 109.579433605083722, -7.245586527779973 ], [ 109.577762507326611, -7.246223328956424 ], [ 109.576853313630778, -7.246808350650563 ], [ 109.576203371987859, -7.247421215396047 ], [ 109.575438504652936, -7.248485964732159 ], [ 109.574902456161354, -7.248854978114254 ], [ 109.574367416091079, -7.248998051823042 ], [ 109.570074318149622, -7.248722281385423 ], [ 109.567221148503592, -7.249183535114585 ], [ 109.567117085420975, -7.251299316250079 ], [ 109.566321118234157, -7.252083576980731 ], [ 109.564883643992559, -7.252648729432392 ], [ 109.56287583715546, -7.25261525999342 ], [ 109.562332336433244, -7.252857744903223 ], [ 109.560765320875774, -7.254191159476081 ], [ 109.560529965431002, -7.255148966326208 ], [ 109.560359860989195, -7.258177875873623 ], [ 109.5586858030874, -7.259818340757707 ], [ 109.55785091494991, -7.259191753912377 ], [ 109.556234220242231, -7.258553548952505 ], [ 109.555556913934339, -7.257782800430209 ], [ 109.554044477234171, -7.256909849213029 ], [ 109.549863247139456, -7.255458604452214 ], [ 109.548218689550907, -7.25336447346864 ], [ 109.545875601367598, -7.251286096830825 ], [ 109.545338003298511, -7.250479530165292 ], [ 109.543863477234794, -7.24981471221011 ], [ 109.543252207244691, -7.249279233823398 ], [ 109.541620686995003, -7.247094628412309 ], [ 109.540720082352152, -7.246693837370115 ], [ 109.539695453073904, -7.245967074289472 ], [ 109.539654909361815, -7.245641371775589 ], [ 109.53872895733349, -7.244580401113515 ], [ 109.540052156259023, -7.243463364315921 ], [ 109.541281971008956, -7.241731042436767 ], [ 109.543288542126575, -7.24061609253409 ], [ 109.543750819257852, -7.240201587074226 ], [ 109.54475712373781, -7.238794109203817 ] ] ] } },
{ "type": "Feature", "properties": { "DESA": "Lawen" }, "geometry": { "type": "Polygon", "coordinates": [ [ [ 109.552480608564352, -7.231014533720786 ], [ 109.553125125504849, -7.231143247974852 ], [ 109.553831267266787, -7.23058475259583 ], [ 109.55505040698128, -7.230561495795363 ], [ 109.555295128078811, -7.230318158369393 ], [ 109.557191187034874, -7.230378412038387 ], [ 109.557866626460111, -7.231022568296186 ], [ 109.558681441602204, -7.230383127289375 ], [ 109.559790472245652, -7.230893033492081 ], [ 109.561282206246062, -7.230337097061542 ], [ 109.562162829463915, -7.229263695133173 ], [ 109.562181042685083, -7.228793516737272 ], [ 109.562671732612031, -7.227791303399914 ], [ 109.563138928283749, -7.225739957289131 ], [ 109.564037232963869, -7.224359201571536 ], [ 109.564892050905357, -7.224027364810098 ], [ 109.565254648503782, -7.223268857739577 ], [ 109.565913470969647, -7.222719321051484 ], [ 109.567016825026244, -7.222279674770733 ], [ 109.567442113141595, -7.221837897074734 ], [ 109.569159263948166, -7.221653327479543 ], [ 109.571323529014066, -7.220828128770354 ], [ 109.573414426951572, -7.222182095369484 ], [ 109.574134111765446, -7.222437591978061 ], [ 109.574982297457694, -7.222313663548361 ], [ 109.576634844672469, -7.222445400265124 ], [ 109.578161702195729, -7.222106500329811 ], [ 109.578713587273299, -7.221818897381717 ], [ 109.579648928639003, -7.22097174418236 ], [ 109.582643952951685, -7.224245612485377 ], [ 109.583192475565326, -7.225685160906659 ], [ 109.583590229914392, -7.226265223097641 ], [ 109.585902165995549, -7.228189525964467 ], [ 109.586239955347082, -7.228868765288572 ], [ 109.587720701570277, -7.230808657315772 ], [ 109.590290168641516, -7.23330343984299 ], [ 109.590633368998724, -7.234407819473764 ], [ 109.590727422481635, -7.236560407413696 ], [ 109.591025353913508, -7.237863557192743 ], [ 109.590447719105484, -7.240258182477029 ], [ 109.58986691918885, -7.241097410763808 ], [ 109.590185033040541, -7.243739016038334 ], [ 109.590044735594134, -7.244263070507229 ], [ 109.589405490667062, -7.244875991455919 ], [ 109.586164905143335, -7.245155344118167 ], [ 109.584071614136377, -7.243493906496661 ], [ 109.582101545709421, -7.242909035483357 ], [ 109.580033908706071, -7.241672696415564 ], [ 109.57975368153663, -7.2414277062629 ], [ 109.579568618814505, -7.240504733147129 ], [ 109.57591776131423, -7.238232545869709 ], [ 109.574314455337543, -7.238643427923042 ], [ 109.57370521033765, -7.238451652319951 ], [ 109.573083681882366, -7.238675827564053 ], [ 109.572787527702872, -7.238439735126728 ], [ 109.572550548269959, -7.237860258882279 ], [ 109.572183475670599, -7.238211718352539 ], [ 109.572132123285883, -7.238537134269398 ], [ 109.569147730503573, -7.238790051953604 ], [ 109.568245379701068, -7.239031329459247 ], [ 109.567538442339668, -7.240385568007373 ], [ 109.566477592357259, -7.241159958117971 ], [ 109.565629152650331, -7.240904129349062 ], [ 109.56410650396937, -7.240953575510427 ], [ 109.563897386330922, -7.240681587462002 ], [ 109.563020264867077, -7.240452787546746 ], [ 109.562359664860978, -7.240468783933887 ], [ 109.5615802773453, -7.240927515699346 ], [ 109.560979962542675, -7.24034679718537 ], [ 109.560649892225314, -7.240282464766437 ], [ 109.559943514131049, -7.240370642870929 ], [ 109.559603122946911, -7.240640893507894 ], [ 109.558961105221186, -7.240684067413904 ], [ 109.558319988723568, -7.24136031079504 ], [ 109.557524176508025, -7.241276327499735 ], [ 109.554671198682641, -7.242045001816824 ], [ 109.553629397391461, -7.241897032097358 ], [ 109.552329216033996, -7.241051883799911 ], [ 109.549176353939501, -7.240092336574312 ], [ 109.548340323398605, -7.239510943731949 ], [ 109.547322710336417, -7.239064588311001 ], [ 109.54475712373781, -7.238794109203817 ], [ 109.545472900778435, -7.237448988153456 ], [ 109.546434456680487, -7.23639405824446 ], [ 109.548426835050137, -7.235269991817917 ], [ 109.549582739514605, -7.233890098293235 ], [ 109.550062080926949, -7.233810253332843 ], [ 109.550493041455496, -7.233377556242501 ], [ 109.551126399035098, -7.233189615042974 ], [ 109.55198901915324, -7.231564667139752 ], [ 109.552480608564352, -7.231014533720786 ] ] ] } },
{ "type": "Feature", "properties": { "DESA": "Sirongge" }, "geometry": { "type": "Polygon", "coordinates": [ [ [ 109.58948195625662, -7.210286052204138 ], [ 109.589781278756178, -7.207203235391185 ], [ 109.590473438431971, -7.206915955397383 ], [ 109.592394925787048, -7.207256496496606 ], [ 109.593205738233408, -7.207693068955276 ], [ 109.594072437620952, -7.20787656286821 ], [ 109.594811558754884, -7.207978290619257 ], [ 109.595676638956817, -7.207791079582164 ], [ 109.595789698170222, -7.206914230756523 ], [ 109.595692026532646, -7.206479853428682 ], [ 109.595946947871809, -7.205919979332087 ], [ 109.596363840269149, -7.205912217781375 ], [ 109.598891678513098, -7.20718594777169 ], [ 109.599981599408906, -7.207406370809659 ], [ 109.600533676853416, -7.207679393843271 ], [ 109.601756502085138, -7.208949114594201 ], [ 109.604426132249799, -7.209943059837024 ], [ 109.606869572494944, -7.211460705342287 ], [ 109.607516549333141, -7.211616381832035 ], [ 109.609131620390599, -7.211205304055886 ], [ 109.610271232015251, -7.211199729895676 ], [ 109.611063893411838, -7.213019923455834 ], [ 109.612280484757349, -7.214316729383308 ], [ 109.614295336474868, -7.216068210006317 ], [ 109.61635642155295, -7.216960704350504 ], [ 109.617109204196751, -7.220218637501977 ], [ 109.617201992244205, -7.221530202996837 ], [ 109.616429781117617, -7.222992851078973 ], [ 109.615208862984801, -7.2281348229046 ], [ 109.614820661296875, -7.228766636087144 ], [ 109.61422028066869, -7.229017972174963 ], [ 109.613679656437043, -7.229703659676153 ], [ 109.612490476336546, -7.232403976893345 ], [ 109.607533168031921, -7.23227131563061 ], [ 109.604412626387088, -7.232804344130791 ], [ 109.602458611826492, -7.233530889754632 ], [ 109.599911960696289, -7.233541153237069 ], [ 109.598904781251434, -7.233348097082093 ], [ 109.59739468357877, -7.234292977344579 ], [ 109.596348575496179, -7.234543004339722 ], [ 109.593983918283641, -7.234716539121852 ], [ 109.591489358377402, -7.235531777551437 ], [ 109.590652448989786, -7.235646816743926 ], [ 109.590633368998724, -7.234407819473764 ], [ 109.590290168641516, -7.23330343984299 ], [ 109.587720701570277, -7.230808657315772 ], [ 109.586239955347082, -7.228868765288572 ], [ 109.585902165995549, -7.228189525964467 ], [ 109.583590229914392, -7.226265223097641 ], [ 109.583192475565326, -7.225685160906659 ], [ 109.582643952951685, -7.224245612485377 ], [ 109.579648928639003, -7.22097174418236 ], [ 109.583458917915792, -7.217547152765051 ], [ 109.585421542850128, -7.216024887737015 ], [ 109.587028598029988, -7.214112733397245 ], [ 109.587488376043012, -7.213761451946777 ], [ 109.58948195625662, -7.210286052204138 ] ] ] } },
{ "type": "Feature", "properties": { "DESA": "Sikumpul" }, "geometry": { "type": "Polygon", "coordinates": [ [ [ 109.614847115569944, -7.204259379992844 ], [ 109.617885350404649, -7.205688354193762 ], [ 109.620869498697957, -7.206565527310796 ], [ 109.62392273004096, -7.206972642580626 ], [ 109.624993437615714, -7.20661411321618 ], [ 109.627347039093124, -7.208755433774576 ], [ 109.629318995057645, -7.211429141546885 ], [ 109.630679772665843, -7.211080511572915 ], [ 109.633848042024383, -7.208449323625954 ], [ 109.635793994316657, -7.20640225261837 ], [ 109.636285882658285, -7.204938718213117 ], [ 109.636969676951381, -7.204895548882099 ], [ 109.637935320482484, -7.205160721161801 ], [ 109.638427380917122, -7.205062638873421 ], [ 109.639874070491317, -7.20626974217107 ], [ 109.640847302316445, -7.208424979777934 ], [ 109.640823412752781, -7.208949409717093 ], [ 109.641066980443597, -7.209827346227818 ], [ 109.643345008397432, -7.210476246091313 ], [ 109.645223989174909, -7.210780192139159 ], [ 109.647643613726103, -7.210923073094685 ], [ 109.647784718785203, -7.212867793176665 ], [ 109.647614479492802, -7.213871085951306 ], [ 109.647742498701575, -7.214513598269236 ], [ 109.647423422912468, -7.214566903012271 ], [ 109.647077048496456, -7.214936672436453 ], [ 109.646371759035404, -7.214970749006317 ], [ 109.645856130823077, -7.215457556104888 ], [ 109.645319827639923, -7.21556446451221 ], [ 109.645217540610361, -7.216188120150086 ], [ 109.644811542293951, -7.216042250298618 ], [ 109.644411005536014, -7.216294315909857 ], [ 109.64388566917259, -7.216328922384543 ], [ 109.643697713662064, -7.216708200472616 ], [ 109.643226658244814, -7.216869549256789 ], [ 109.643310943009624, -7.217276760632881 ], [ 109.643075631014099, -7.21761068973558 ], [ 109.64258064252742, -7.217609218345197 ], [ 109.642390194226095, -7.217997529729789 ], [ 109.641856115974932, -7.217833102709698 ], [ 109.641227077367333, -7.21801215261703 ], [ 109.64090242070192, -7.21775793220085 ], [ 109.641294694914635, -7.216221763348692 ], [ 109.641093444209787, -7.215750822581739 ], [ 109.641033516777384, -7.214963938160805 ], [ 109.641614026316219, -7.213979863559582 ], [ 109.640704261601826, -7.212647776787764 ], [ 109.638092240561789, -7.213444876720541 ], [ 109.634243691717657, -7.215034100335171 ], [ 109.634222872309593, -7.216797498948829 ], [ 109.633715264845051, -7.219310068680464 ], [ 109.63285086157417, -7.220781520785676 ], [ 109.630804480748921, -7.222873470442106 ], [ 109.629232778447999, -7.226721158720626 ], [ 109.628575970185068, -7.225679229374612 ], [ 109.627367147486865, -7.222004017878132 ], [ 109.626929032196173, -7.22134248898342 ], [ 109.625791649857732, -7.220425692772787 ], [ 109.623338683061903, -7.220165138373291 ], [ 109.622002434572991, -7.220269603713381 ], [ 109.620994823132307, -7.220592053748099 ], [ 109.617982857641024, -7.221125611936605 ], [ 109.617201992244205, -7.221530202996837 ], [ 109.617109204196751, -7.220218637501977 ], [ 109.61635642155295, -7.216960704350504 ], [ 109.614295336474868, -7.216068210006317 ], [ 109.612280484757349, -7.214316729383308 ], [ 109.611063893411838, -7.213019923455834 ], [ 109.610271232015251, -7.211199729895676 ], [ 109.611278101738577, -7.210795925633954 ], [ 109.611612982392316, -7.210308523899351 ], [ 109.612458428913698, -7.207643319391392 ], [ 109.613723238147159, -7.205431546057867 ], [ 109.614847115569944, -7.204259379992844 ] ] ] } },
{ "type": "Feature", "properties": { "DESA": "Gununglangit" }, "geometry": { "type": "Polygon", "coordinates": [ [ [ 109.630365151576754, -7.1842840992192 ], [ 109.631955937252869, -7.182670050078 ], [ 109.632727231215057, -7.180818471890226 ], [ 109.635233582277081, -7.182191478821007 ], [ 109.634977329049846, -7.183293966302811 ], [ 109.63554664683852, -7.184796919308599 ], [ 109.636100031882862, -7.188813828301912 ], [ 109.635999193158227, -7.190278530694074 ], [ 109.635339316464467, -7.191696360365265 ], [ 109.635304329925589, -7.192410719220812 ], [ 109.636179663375515, -7.193905452873671 ], [ 109.636367243772995, -7.195425353454958 ], [ 109.636865595425661, -7.196267882275308 ], [ 109.636847146214635, -7.197045491169684 ], [ 109.636767938007353, -7.197416049325637 ], [ 109.635913915130928, -7.198833299685376 ], [ 109.635522447438575, -7.20067706019354 ], [ 109.636366355883027, -7.201122701975472 ], [ 109.636494058520697, -7.201665665822537 ], [ 109.635913534410676, -7.202758143355533 ], [ 109.635919539799076, -7.203671538173744 ], [ 109.636285882658285, -7.204938718213117 ], [ 109.635793994316657, -7.20640225261837 ], [ 109.633848042024383, -7.208449323625954 ], [ 109.631641974210581, -7.210405098488994 ], [ 109.630679772665843, -7.211080511572915 ], [ 109.629318995057645, -7.211429141546885 ], [ 109.627347039093124, -7.208755433774576 ], [ 109.624993437615714, -7.20661411321618 ], [ 109.62392273004096, -7.206972642580626 ], [ 109.620869498697957, -7.206565527310796 ], [ 109.617885350404649, -7.205688354193762 ], [ 109.614847115569944, -7.204259379992844 ], [ 109.616165533684537, -7.201351383699697 ], [ 109.616898799024341, -7.200946643905014 ], [ 109.617836482578468, -7.200696315707959 ], [ 109.620050937499428, -7.200458788286761 ], [ 109.621473143325161, -7.199142745390511 ], [ 109.622843489867819, -7.198233498339134 ], [ 109.623428970445858, -7.197584180835136 ], [ 109.624740287341439, -7.189765590256925 ], [ 109.625027166954794, -7.18921482849714 ], [ 109.625885000764384, -7.188891816273342 ], [ 109.627379216033873, -7.189113380342096 ], [ 109.628036044139677, -7.18891634305432 ], [ 109.629463637345879, -7.187102905392136 ], [ 109.630365151576754, -7.1842840992192 ] ] ] } },
{ "type": "Feature", "properties": { "DESA": "Bedana" }, "geometry": { "type": "Polygon", "coordinates": [ [ [ 109.648577090693834, -7.172002849314789 ], [ 109.649816772162325, -7.171988411163852 ], [ 109.650816795146056, -7.172832399773636 ], [ 109.650232431900378, -7.174114862718561 ], [ 109.649281646948126, -7.17776559888886 ], [ 109.648135949026013, -7.179778864541499 ], [ 109.647076908199381, -7.186241839293884 ], [ 109.64554208649966, -7.191229257963007 ], [ 109.644844532885358, -7.197150697030074 ], [ 109.643751885536716, -7.20146110679483 ], [ 109.642064384452553, -7.203970200251686 ], [ 109.641278660024199, -7.205921206512711 ], [ 109.640394522777413, -7.207293167099452 ], [ 109.639874070491317, -7.20626974217107 ], [ 109.638427380917122, -7.205062638873421 ], [ 109.637935320482484, -7.205160721161801 ], [ 109.636969676951381, -7.204895548882099 ], [ 109.636285882658285, -7.204938718213117 ], [ 109.635919539799076, -7.203671538173744 ], [ 109.635913534410676, -7.202758143355533 ], [ 109.636494058520697, -7.201665665822537 ], [ 109.636366355883027, -7.201122701975472 ], [ 109.635522447438575, -7.20067706019354 ], [ 109.635913915130928, -7.198833299685376 ], [ 109.636767938007353, -7.197416049325637 ], [ 109.636865595425661, -7.196267882275308 ], [ 109.636367243772995, -7.195425353454958 ], [ 109.636179663375515, -7.193905452873671 ], [ 109.635304329925589, -7.192410719220812 ], [ 109.635339316464467, -7.191696360365265 ], [ 109.635999193158227, -7.190278530694074 ], [ 109.636100031882862, -7.188813828301912 ], [ 109.63554664683852, -7.184796919308599 ], [ 109.634977329049846, -7.183293966302811 ], [ 109.635233582277081, -7.182191478821007 ], [ 109.632727231215057, -7.180818471890226 ], [ 109.636970453658719, -7.176191782068595 ], [ 109.63885632821659, -7.173448197929252 ], [ 109.639943023797485, -7.173207294562308 ], [ 109.642903398880989, -7.173369757470399 ], [ 109.64359661331136, -7.173281389258497 ], [ 109.648577090693834, -7.172002849314789 ] ] ] } },
{ "type": "Feature", "properties": { "DESA": "Sirukun" }, "geometry": { "type": "Polygon", "coordinates": [ [ [ 109.650816795146056, -7.172832399773636 ], [ 109.652329907552243, -7.172891091184781 ], [ 109.655370057722408, -7.174319807195674 ], [ 109.65744700085763, -7.174723805711014 ], [ 109.658248021184434, -7.175124069194975 ], [ 109.658975148356177, -7.175822489834409 ], [ 109.661432844593421, -7.176933013386109 ], [ 109.662149201853836, -7.177052642920223 ], [ 109.66153342389083, -7.180378897643237 ], [ 109.660866657824727, -7.182728231861699 ], [ 109.658789732648017, -7.188491902791825 ], [ 109.65834224160669, -7.191040875891404 ], [ 109.657635190388973, -7.193516663355596 ], [ 109.655711460163872, -7.194786161545227 ], [ 109.651940499999682, -7.198464776015483 ], [ 109.650939031845283, -7.201428103791542 ], [ 109.649129419433976, -7.202571318579771 ], [ 109.648393702744627, -7.203229272168494 ], [ 109.646879900565921, -7.20384884718496 ], [ 109.64584546378191, -7.205048497100726 ], [ 109.645271905104551, -7.205309094684496 ], [ 109.644602027453104, -7.206573201729172 ], [ 109.643387384493195, -7.207853773967125 ], [ 109.640823412752781, -7.208949409717093 ], [ 109.640847302316445, -7.208424979777934 ], [ 109.640394522777413, -7.207293167099452 ], [ 109.641278660024199, -7.205921206512711 ], [ 109.642064384452553, -7.203970200251686 ], [ 109.643751885536716, -7.20146110679483 ], [ 109.644844532885358, -7.197150697030074 ], [ 109.64554208649966, -7.191229257963007 ], [ 109.647076908199381, -7.186241839293884 ], [ 109.648135949026013, -7.179778864541499 ], [ 109.649281646948126, -7.17776559888886 ], [ 109.650232431900378, -7.174114862718561 ], [ 109.650816795146056, -7.172832399773636 ] ] ] } },
{ "type": "Feature", "properties": { "DESA": "Karanganyar" }, "geometry": { "type": "Polygon", "coordinates": [ [ [ 109.662149201853836, -7.177052642920223 ], [ 109.663838494933728, -7.177256569479983 ], [ 109.665859959049882, -7.177081524865283 ], [ 109.664159135435099, -7.185866876851574 ], [ 109.664020894629928, -7.192214980015017 ], [ 109.663874524518462, -7.193218447638171 ], [ 109.663608943498232, -7.19403151177765 ], [ 109.662094707104671, -7.19636941933171 ], [ 109.66110421353298, -7.199585980420617 ], [ 109.660931618155061, -7.201303748215971 ], [ 109.660714444391431, -7.201927075920584 ], [ 109.659344396803093, -7.203994049015195 ], [ 109.656942492739745, -7.207070828462407 ], [ 109.656771238404758, -7.208426839551189 ], [ 109.656458237459418, -7.209004673701989 ], [ 109.655906384610617, -7.209500430605917 ], [ 109.653654388932097, -7.210470477085462 ], [ 109.651307478659277, -7.211087608200192 ], [ 109.649751896552075, -7.211182471954483 ], [ 109.645223989174909, -7.210780192139159 ], [ 109.641705982249078, -7.210109624620511 ], [ 109.641066980443597, -7.209827346227818 ], [ 109.640823412752781, -7.208949409717093 ], [ 109.643387384493195, -7.207853773967125 ], [ 109.644602027453104, -7.206573201729172 ], [ 109.645271905104551, -7.205309094684496 ], [ 109.64584546378191, -7.205048497100726 ], [ 109.646879900565921, -7.20384884718496 ], [ 109.648393702744627, -7.203229272168494 ], [ 109.649129419433976, -7.202571318579771 ], [ 109.650939031845283, -7.201428103791542 ], [ 109.651940499999682, -7.198464776015483 ], [ 109.655711460163872, -7.194786161545227 ], [ 109.657635190388973, -7.193516663355596 ], [ 109.65834224160669, -7.191040875891404 ], [ 109.658789732648017, -7.188491902791825 ], [ 109.660866657824727, -7.182728231861699 ], [ 109.66153342389083, -7.180378897643237 ], [ 109.662149201853836, -7.177052642920223 ] ] ] } },
{ "type": "Feature", "properties": { "DESA": "Plorengan" }, "geometry": { "type": "Polygon", "coordinates": [ [ [ 109.673198476088174, -7.174480159641278 ], [ 109.673763451239438, -7.174536041683544 ], [ 109.674600216465777, -7.175207723664554 ], [ 109.675438307210612, -7.175318642236179 ], [ 109.676150641746318, -7.174868520932627 ], [ 109.678107369086646, -7.172803244623065 ], [ 109.678781696976685, -7.172895601743158 ], [ 109.680234677785123, -7.174681358315024 ], [ 109.680763524999975, -7.174682877805081 ], [ 109.681384228036436, -7.174340984667802 ], [ 109.681748910977831, -7.174360115024938 ], [ 109.682247847569784, -7.174922224118354 ], [ 109.682290857940899, -7.176089001014494 ], [ 109.682689049490619, -7.177048747143858 ], [ 109.683562787992216, -7.177566722218985 ], [ 109.683633275596847, -7.17834469366538 ], [ 109.682699439411962, -7.179743752934849 ], [ 109.682350386307647, -7.180674228994308 ], [ 109.683658369689027, -7.18231489698691 ], [ 109.683711620194686, -7.182803393349061 ], [ 109.682923744507747, -7.184202870106478 ], [ 109.683085256796318, -7.185107686930685 ], [ 109.685959185159945, -7.187340648941754 ], [ 109.688798548682357, -7.19148175808541 ], [ 109.689698120495478, -7.192090218669875 ], [ 109.690145433626626, -7.192697385018636 ], [ 109.690172241418693, -7.193113472310002 ], [ 109.690634235221367, -7.193548887263064 ], [ 109.690704804812569, -7.193910849220384 ], [ 109.690106036826492, -7.194406523576105 ], [ 109.688463151732464, -7.196445706711409 ], [ 109.68548934754449, -7.198797521575241 ], [ 109.683237902751927, -7.199505526932174 ], [ 109.682159722196516, -7.20000885014214 ], [ 109.680699711163101, -7.20014026931845 ], [ 109.675413061208928, -7.199654740436907 ], [ 109.673367510554726, -7.203609885955241 ], [ 109.672574774613864, -7.204728935062827 ], [ 109.672401663126877, -7.206636678392292 ], [ 109.669252129735796, -7.211764182632435 ], [ 109.668364662481508, -7.212430860776534 ], [ 109.666040600129506, -7.213455010246745 ], [ 109.664675561480067, -7.213830861737788 ], [ 109.663434414218827, -7.212751095762772 ], [ 109.659905981558921, -7.208390831660167 ], [ 109.659120067048931, -7.20705009489935 ], [ 109.659458456102598, -7.20591157057486 ], [ 109.658575853308122, -7.204950389112245 ], [ 109.660714444391431, -7.201927075920584 ], [ 109.660931618155061, -7.201303748215971 ], [ 109.66110421353298, -7.199585980420617 ], [ 109.662094707104671, -7.19636941933171 ], [ 109.663608943498232, -7.19403151177765 ], [ 109.663874524518462, -7.193218447638171 ], [ 109.664020894629928, -7.192214980015017 ], [ 109.664159135435099, -7.185866876851574 ], [ 109.665859959049882, -7.177081524865283 ], [ 109.668086101451408, -7.177232745913604 ], [ 109.669031096037102, -7.178248335014963 ], [ 109.669541209659826, -7.178376397326495 ], [ 109.670707896295895, -7.178361694172608 ], [ 109.67151082744094, -7.178110851619156 ], [ 109.672131592648796, -7.177750889938822 ], [ 109.672572785083659, -7.17656743362164 ], [ 109.67286960839219, -7.174804800653855 ], [ 109.673198476088174, -7.174480159641278 ] ] ] } },
{ "type": "Feature", "properties": { "DESA": "Kasinoman" }, "geometry": { "type": "Polygon", "coordinates": [ [ [ 109.6898893712317, -7.194659163075541 ], [ 109.690034803079939, -7.19505750616644 ], [ 109.690808005030291, -7.194924000556543 ], [ 109.691607622210284, -7.195161461539342 ], [ 109.692335733856098, -7.194946448718593 ], [ 109.693133373931133, -7.195066358740473 ], [ 109.693721863079858, -7.195710092741092 ], [ 109.694379746541259, -7.196109896682056 ], [ 109.695885849746972, -7.196882919205787 ], [ 109.696753008982782, -7.197030056560027 ], [ 109.697443998858418, -7.196950646999694 ], [ 109.697975366471624, -7.196680814871949 ], [ 109.698776135469245, -7.195914359744311 ], [ 109.699678514748328, -7.195519084903855 ], [ 109.700921378632216, -7.195414020520354 ], [ 109.701662946095311, -7.195560882495097 ], [ 109.70337830267475, -7.195276314922315 ], [ 109.70409675928866, -7.195305473905349 ], [ 109.704561703437818, -7.195496667006895 ], [ 109.704830706514997, -7.195823022898063 ], [ 109.706238083970476, -7.198585292367938 ], [ 109.706725801261868, -7.199147442975203 ], [ 109.707697617443088, -7.199810329816752 ], [ 109.706576847098958, -7.201462174622952 ], [ 109.706453486130656, -7.202755074202576 ], [ 109.706615353384095, -7.204763172558033 ], [ 109.706364487117327, -7.208886425975464 ], [ 109.706553407290073, -7.209727937952508 ], [ 109.706231286577776, -7.213642936466236 ], [ 109.7058435646954, -7.215360140139767 ], [ 109.705670449651393, -7.217313128177795 ], [ 109.705974261732408, -7.219846142517572 ], [ 109.705922537471196, -7.221229660809128 ], [ 109.705012199415577, -7.224980232825733 ], [ 109.70278521749897, -7.225498418062175 ], [ 109.700774416638694, -7.225727870831494 ], [ 109.697826931541783, -7.227148333751225 ], [ 109.693299871221853, -7.228690833959608 ], [ 109.69325394949476, -7.227442670723884 ], [ 109.693009665053253, -7.226854166967293 ], [ 109.693010117191065, -7.226411032517486 ], [ 109.692442188462451, -7.225514091397807 ], [ 109.692392143072468, -7.224817643538086 ], [ 109.691587941975087, -7.223404464669717 ], [ 109.691498075973144, -7.222273808903067 ], [ 109.69081580552664, -7.22198242586389 ], [ 109.691067845801129, -7.221612347321702 ], [ 109.690543692659432, -7.221439050563621 ], [ 109.690322766936518, -7.220805404761736 ], [ 109.689769364373404, -7.220469181786453 ], [ 109.690587665995494, -7.21991076183971 ], [ 109.690192404364737, -7.219294699393967 ], [ 109.689751905937683, -7.219166850934292 ], [ 109.689520241596256, -7.218632633306848 ], [ 109.688858158498562, -7.218386515083359 ], [ 109.688213908924709, -7.217860153704732 ], [ 109.686734061857806, -7.218090984153367 ], [ 109.686269264585349, -7.21802635485257 ], [ 109.685749734491267, -7.218323326725056 ], [ 109.684965888024294, -7.218094936184945 ], [ 109.68412789424444, -7.218309613162753 ], [ 109.683387406626522, -7.218271311369632 ], [ 109.682910493394289, -7.218704028161598 ], [ 109.683086373856867, -7.219030127527699 ], [ 109.682893548409112, -7.219373156124814 ], [ 109.681174385528465, -7.220037459081609 ], [ 109.680726422801001, -7.22042504800807 ], [ 109.680682793254547, -7.22074138139521 ], [ 109.680061820625468, -7.221255143438557 ], [ 109.679736705357584, -7.221046153512954 ], [ 109.679233820375501, -7.221343164709217 ], [ 109.678705165637993, -7.221359717718451 ], [ 109.678580508738577, -7.221883865338083 ], [ 109.678020032094594, -7.222135499643455 ], [ 109.678101210425481, -7.222723535118614 ], [ 109.677081620199147, -7.223317421650372 ], [ 109.677903902043795, -7.224504537854314 ], [ 109.67781835190732, -7.224829881088204 ], [ 109.677375265921626, -7.22518122226559 ], [ 109.677767694007429, -7.225507951267785 ], [ 109.677434482683822, -7.22613104234253 ], [ 109.677616652224046, -7.226656078886059 ], [ 109.677443186069638, -7.227143917296772 ], [ 109.675838002501678, -7.226940251287807 ], [ 109.675703255854742, -7.226080719513588 ], [ 109.675889494955726, -7.22510457787669 ], [ 109.675750137669382, -7.224751457312013 ], [ 109.675270736699133, -7.224777280694993 ], [ 109.674881900233274, -7.224577143893608 ], [ 109.674525607607833, -7.223997350953886 ], [ 109.675126512014614, -7.222018516662853 ], [ 109.675496659203432, -7.221712174086295 ], [ 109.675462774207986, -7.221296067973065 ], [ 109.67506942826536, -7.220824668328415 ], [ 109.675719945999106, -7.219858825150697 ], [ 109.675445947754213, -7.219405855578129 ], [ 109.675988315133509, -7.219063845111731 ], [ 109.67562272773101, -7.21808601157098 ], [ 109.674763745927635, -7.217224468895187 ], [ 109.673044624572341, -7.215953370310153 ], [ 109.672327714902281, -7.215616654320796 ], [ 109.671251231309327, -7.215495981858732 ], [ 109.670797252305718, -7.215232362038694 ], [ 109.670108851348672, -7.213367413389594 ], [ 109.669252129735796, -7.211764182632435 ], [ 109.672401663126877, -7.206636678392292 ], [ 109.672574774613864, -7.204728935062827 ], [ 109.673367510554726, -7.203609885955241 ], [ 109.675413061208928, -7.199654740436907 ], [ 109.680699711163101, -7.20014026931845 ], [ 109.682159722196516, -7.20000885014214 ], [ 109.683237902751927, -7.199505526932174 ], [ 109.68548934754449, -7.198797521575241 ], [ 109.688463151732464, -7.196445706711409 ], [ 109.6898893712317, -7.194659163075541 ] ] ] } }
]
}
