{"type":"FeatureCollection","name":"Administrasi Kecamatan 20","features":[{"type":"Feature","properties":{"KECAMATAN":"Banjarmangu","DESA_COUNT":16},"geometry":{"type":"Polygon","coordinates":[[[109.64332962343278,-7.319213851526761],[109.64370210745764,-7.319603849654095],[109.64541365619426,-7.319627084179159],[109.64588545332498,-7.319727959981702],[109.64638173136008,-7.32008216244235],[109.64650361008579,-7.32040811464649],[109.64632460536023,-7.321465617468382],[109.64581260322393,-7.32238649536838],[109.64568687061765,-7.323263326964276],[109.6464226571085,-7.323970961017543],[109.6470695162318,-7.324967656225605],[109.64679960307998,-7.325780764039927],[109.6469296246903,-7.327047241784443],[109.64719637308325,-7.327382671354944],[109.64859963288124,-7.328101261338121],[109.64884345891298,-7.328608410749001],[109.65091844386521,-7.327999723005042],[109.6530083212198,-7.328250198349609],[109.65376012541167,-7.328903531966844],[109.65438320760708,-7.328995812129956],[109.65503089797619,-7.32944991817906],[109.65698955002102,-7.33127348930208],[109.65803098384197,-7.332660231282772],[109.65908353608125,-7.334426841874232],[109.66006759888072,-7.335695869631182],[109.66037334251214,-7.337008082121853],[109.6608785834048,-7.337597472157228],[109.66101779258307,-7.33807718154338],[109.66080835037992,-7.340626736144049],[109.6601654447809,-7.343582048442168],[109.66027821254679,-7.344785186493471],[109.66064832865678,-7.346052383778192],[109.66097191313251,-7.346595934789233],[109.66386448589599,-7.350538463382583],[109.66797084166622,-7.354095710791494],[109.671686420765,-7.355255202275035],[109.67235224782551,-7.355456181077487],[109.67386491460881,-7.356428294035014],[109.67490590263547,-7.357824055300635],[109.67542760454887,-7.359173071930614],[109.67550478963234,-7.359869686436339],[109.67539405891107,-7.360258149039782],[109.67492397305573,-7.3605190562094],[109.67339055530164,-7.360894355566254],[109.67296394317208,-7.360802675532301],[109.6724748115287,-7.361162981136802],[109.67234909367126,-7.361641904608755],[109.67167917262229,-7.36178458387248],[109.67117150248892,-7.362199082351549],[109.6708382545326,-7.363563647896496],[109.67110118911694,-7.363862892026509],[109.67158106983426,-7.364027065246487],[109.67187001520878,-7.364923223209432],[109.67231772217171,-7.364779885476923],[109.67285146594033,-7.364917092481085],[109.67326448103853,-7.36548802922656],[109.6726277062397,-7.365911187708952],[109.67253371388013,-7.366471579569049],[109.67166304457824,-7.366649918882333],[109.67166547951254,-7.367337179101346],[109.67097592372579,-7.367724011340263],[109.67014837371997,-7.367368929984925],[109.66977496936435,-7.367367820141254],[109.66937716640918,-7.367683093593239],[109.66924928036366,-7.368035426253047],[109.66943111050212,-7.368379638378095],[109.6699135717628,-7.369032158912299],[109.67185796069255,-7.370475822975114],[109.67262994766983,-7.37125587420886],[109.6737878014923,-7.372570614916772],[109.67405261518991,-7.373294910560197],[109.67419498558496,-7.374425715959783],[109.67377523756632,-7.38030278746263],[109.67320321216047,-7.381123966078398],[109.67110113479555,-7.38249240278255],[109.66871734287133,-7.384339191964701],[109.66696273916534,-7.384985041642733],[109.6631272900659,-7.38595928544813],[109.66290426275991,-7.387640711873185],[109.66225991881126,-7.388579285156393],[109.66225744300152,-7.389402241509129],[109.66287089859044,-7.389991872989334],[109.66513674886816,-7.389727410682152],[109.66716183675737,-7.390809594668005],[109.6675530695822,-7.391398647517601],[109.66758905451616,-7.392502009667908],[109.66786126677508,-7.393398120986805],[109.66864523533883,-7.393952089694438],[109.67020208180716,-7.394399863882835],[109.67102547549354,-7.394836405987764],[109.67162777106445,-7.394792992818365],[109.67194282602138,-7.39450460004824],[109.67202301998118,-7.394016411466114],[109.67201131617995,-7.393383373923966],[109.67130786167606,-7.392232723893583],[109.6715191882601,-7.391808398059308],[109.6720308019095,-7.391412000518964],[109.6733651374111,-7.391651052783496],[109.67417431887267,-7.392494509461065],[109.67535834238936,-7.395120638682924],[109.67625746669364,-7.396543114431332],[109.67731576642352,-7.397269766460675],[109.67824502679129,-7.397254439838355],[109.68080438046633,-7.395218160674093],[109.68161992627972,-7.393999680707687],[109.68204682381608,-7.392671550388019],[109.68053003878644,-7.390550961322151],[109.68038450968395,-7.389221139269451],[109.68037191409286,-7.388506631989075],[109.6807818986823,-7.386482065366259],[109.68171814259455,-7.383220165904488],[109.68249781468798,-7.382426621316334],[109.68402400919656,-7.381942781554656],[109.6845127268905,-7.381627763438943],[109.68520899688536,-7.380616876935506],[109.68563199113385,-7.378981310491868],[109.6864420243069,-7.378070213663874],[109.68649298785485,-7.376062752947345],[109.68778051524433,-7.373543367129394],[109.68809209187327,-7.373209739698872],[109.68835781536112,-7.3721614143031],[109.68953012942413,-7.370609411885403],[109.69006049218005,-7.369995950552251],[109.69123352073588,-7.369239792393619],[109.69141577024534,-7.368887609499379],[109.69163126205376,-7.367694466332244],[109.69139879529368,-7.366653812232041],[109.69135544610647,-7.365414703676952],[109.69218476188671,-7.363518011735649],[109.69260434706908,-7.361294529691387],[109.6931768126119,-7.360301343214982],[109.69352515140143,-7.35995877506828],[109.69399436249519,-7.359815385834903],[109.6944423878181,-7.359943366025596],[109.69531891225553,-7.359801162309461],[109.69656468928788,-7.35885522933168],[109.69697433283058,-7.358160119257642],[109.6970587496672,-7.35718358925861],[109.69734460303181,-7.356904127424447],[109.69828230516606,-7.356861643765845],[109.6986291486127,-7.356645559663403],[109.698302775135,-7.355758343250762],[109.69847409783529,-7.355460464319177],[109.69888327509288,-7.355307852797818],[109.69972144100349,-7.354252223491788],[109.70013061685555,-7.354099610554749],[109.70048793520883,-7.354390071952813],[109.70130040698506,-7.356210174294025],[109.70167488429946,-7.356328801720544],[109.70244569526616,-7.354956420625368],[109.70423591152816,-7.354572714535619],[109.7059943134397,-7.353438354200005],[109.70647271510278,-7.353032766033019],[109.70659296796384,-7.352363933700978],[109.70615869080318,-7.351512576396938],[109.70596402435285,-7.350200691200392],[109.70648092282923,-7.349912756084575],[109.70820912515818,-7.349501725893031],[109.70876594535665,-7.349123485210774],[109.70870797765508,-7.34860784818564],[109.70825335986737,-7.347919185645438],[109.70751043238354,-7.346090251555323],[109.70758042658125,-7.345493607412547],[109.70795240560096,-7.345078667609892],[109.70902354529885,-7.344602446586578],[109.70940619491645,-7.344630672259034],[109.7101711026245,-7.345211633815987],[109.71069865946696,-7.345421200489178],[109.7113121682254,-7.345404879020053],[109.71244088687484,-7.343997332102807],[109.7135021607806,-7.342300160770495],[109.71404880638188,-7.340909022752182],[109.71437863628469,-7.34060245644078],[109.71715289269106,-7.340655598736113],[109.71818148003746,-7.340269648585483],[109.71914786343464,-7.340191029631238],[109.71917491448623,-7.339847428364343],[109.71900583947627,-7.339575692503421],[109.7180009889435,-7.338767925750682],[109.71781806742585,-7.338089088926778],[109.7181693190471,-7.337420908661699],[109.71985796980212,-7.336168642867024],[109.72036013847017,-7.334596439146086],[109.7199406809553,-7.333283913269192],[109.7208067337326,-7.331531998531437],[109.72111019393205,-7.33114397397524],[109.72147283114505,-7.331036413197312],[109.7224530703583,-7.331645180945036],[109.72243965553467,-7.331084460569627],[109.72198556424291,-7.329997882618938],[109.72198760101874,-7.329283405134456],[109.7223087875465,-7.327837357693679],[109.72227895655688,-7.326589232633144],[109.72274791785377,-7.326020839904899],[109.72310161191493,-7.324855179209982],[109.72408944312053,-7.324288256353992],[109.7243806883939,-7.323701273633394],[109.72407429840453,-7.323546694390991],[109.72347811954046,-7.323572129451405],[109.72312118013815,-7.32325456328281],[109.72336082823884,-7.322794020286421],[109.72550193984462,-7.321099863896666],[109.72600718309796,-7.320902373704532],[109.72575359743078,-7.320485642035959],[109.72544817537532,-7.320385227231976],[109.72438865190057,-7.320400310707158],[109.72381888773488,-7.320199776442165],[109.7228858355077,-7.318632536427613],[109.72136116246453,-7.317488762401282],[109.72095356132029,-7.31746952166903],[109.72022262302279,-7.316508833894328],[109.72014397965069,-7.315694667495741],[109.71941279336006,-7.315529837625919],[109.71838689080697,-7.314079871773579],[109.71713239117295,-7.314166720504357],[109.71549456520434,-7.312615638589731],[109.71461480696432,-7.312224243650227],[109.71258491709436,-7.311965281318693],[109.71195289369813,-7.311655965173721],[109.71101658343753,-7.312729440778602],[109.70997393770033,-7.313169595109319],[109.70529783634696,-7.311926238134062],[109.70392413289176,-7.310773808063673],[109.7035337457647,-7.309606029136749],[109.70371192239743,-7.308476142055341],[109.70359692645532,-7.307924174503854],[109.7030459212227,-7.306900601927629],[109.7026906514072,-7.305651548293779],[109.70187586850682,-7.305296576836068],[109.7008373012466,-7.303656671192146],[109.70072375754809,-7.302887615633399],[109.70029927172047,-7.302669391787544],[109.69943011816093,-7.30254925527595],[109.6991218296854,-7.302259031389138],[109.69929884253425,-7.301843531264729],[109.69825993357566,-7.299733360989249],[109.69503573618655,-7.294270811226697],[109.69255851237831,-7.289018370612842],[109.69185325237746,-7.287840636845117],[109.6912707236355,-7.287169774413596],[109.68890639201737,-7.285164258346027],[109.68797512560637,-7.284510465718433],[109.68692417818,-7.28412757530887],[109.68450329012036,-7.284165752142059],[109.68372720757178,-7.284362502739818],[109.6829808120973,-7.284776338719187],[109.6809982653511,-7.286669677265006],[109.67898586749261,-7.288906590647117],[109.67801090562439,-7.28973575543281],[109.67510749935377,-7.291870581239432],[109.6729171585661,-7.292913167648776],[109.67231914183482,-7.29317370935933],[109.67199911728738,-7.292946637629066],[109.67157358653368,-7.29261075594596],[109.67039200604354,-7.291042807120776],[109.66916866263452,-7.288091002041681],[109.66831324868711,-7.286596343624024],[109.66753894052958,-7.285988093436846],[109.66666268988884,-7.28588605372817],[109.66444431958577,-7.286060432690309],[109.66029879115,-7.287205680613583],[109.6540039774997,-7.290017638945081],[109.65523106371737,-7.292806640262802],[109.65597241528828,-7.29562132065982],[109.65653988856229,-7.298091903741674],[109.65706604705112,-7.301719867863518],[109.65712761611627,-7.302886596356037],[109.65666466344504,-7.305905740302733],[109.65626302079154,-7.306374796860656],[109.65567810309558,-7.306617267314075],[109.65295601011584,-7.307395944726504],[109.65135179440256,-7.30820498225876],[109.65056573189267,-7.308799554858529],[109.64959432417487,-7.310578195270397],[109.64868461498011,-7.311606387457428],[109.64525701618923,-7.312997810112902],[109.64502131649402,-7.313340770465188],[109.64491936249222,-7.313937295797654],[109.64499407911124,-7.31523977298001],[109.64420526582246,-7.315897613028855],[109.64431977647463,-7.317055454716519],[109.6434894950673,-7.31840954653892],[109.64332962343278,-7.319213851526761]],[[109.70795240560096,-7.345078667609892],[109.70619310414448,-7.342994013936517],[109.7068316558587,-7.343646572859866],[109.70795240560096,-7.345078667609892]],[[109.6729171585661,-7.292913167648776],[109.67812737700379,-7.297502943737536],[109.67613706456912,-7.295870823701312],[109.6729171585661,-7.292913167648776]],[[109.65880818622804,-7.332219422795008],[109.66141841575559,-7.328843690434808],[109.66119102695592,-7.329169925295428],[109.65880818622804,-7.332219422795008]],[[109.65890145979948,-7.308951001806967],[109.6598676010845,-7.308968751245052],[109.65965693526199,-7.309043663663317],[109.65890145979948,-7.308951001806967]],[[109.66040226870908,-7.308778624321523],[109.66078774055079,-7.308549644891022],[109.66114269209898,-7.308515330987954],[109.66040226870908,-7.308778624321523]],[[109.66365659386453,-7.308231084244154],[109.66384441938197,-7.308151748217783],[109.66436768287517,-7.308198506094286],[109.66365659386453,-7.308231084244154]],[[109.66505661983444,-7.308842680956881],[109.66574133865721,-7.308854927767481],[109.66542080348802,-7.308888966864111],[109.66505661983444,-7.308842680956881]],[[109.66645412526987,-7.308779233694827],[109.66715204088548,-7.308459998551672],[109.66674616104962,-7.308748221078796],[109.66645412526987,-7.308779233694827]],[[109.66699500820184,-7.33019836861377],[109.667420363118,-7.330309765538523],[109.6676553447356,-7.330504659262853],[109.66699500820184,-7.33019836861377]],[[109.66762946477404,-7.307719815454126],[109.6677860159815,-7.305889576813389],[109.66775660772454,-7.30723185302326],[109.66762946477404,-7.307719815454126]],[[109.66801412764367,-7.330802233762036],[109.66813160310988,-7.330899667899051],[109.66927811531389,-7.332856503809774],[109.66801412764367,-7.330802233762036]],[[109.66947642917664,-7.294087776658619],[109.67041579012938,-7.297762168813525],[109.6704458748529,-7.29807504837271],[109.66947642917664,-7.294087776658619]],[[109.67012657399835,-7.301054348816492],[109.67043127281129,-7.300616250159998],[109.67036241566136,-7.300863925025046],[109.67012657399835,-7.301054348816492]],[[109.67053317678167,-7.300249707947005],[109.67055226910821,-7.299181543091988],[109.67062367720479,-7.299924183580882],[109.67053317678167,-7.300249707947005]],[[109.67363656081017,-7.338828994990052],[109.67386965686262,-7.341280507695539],[109.67386533950102,-7.3414504508039915],[109.67363656081017,-7.338828994990052]],[[109.67848999253155,-7.341886638795837],[109.6806783106706,-7.341761778427568],[109.67894676709179,-7.341946561989004],[109.67848999253155,-7.341886638795837]],[[109.68221419237854,-7.343493607252633],[109.68424318988411,-7.343411997412319],[109.68366229329483,-7.343534022487771],[109.68221419237854,-7.343493607252633]],[[109.68222343505599,-7.301111235699001],[109.6826096517629,-7.301451461013474],[109.68654438967161,-7.305089367143032],[109.68222343505599,-7.301111235699001]],[[109.68280282448882,-7.349663512468841],[109.68346750101654,-7.350560269530978],[109.68291762753614,-7.349943641399239],[109.68280282448882,-7.349663512468841]],[[109.68463492477753,-7.368691841619901],[109.68511497691352,-7.368534504374554],[109.6848311732289,-7.368696420099614],[109.68463492477753,-7.368691841619901]],[[109.68480237712964,-7.343294532674041],[109.68549754319622,-7.343031948277948],[109.68519093087944,-7.34321291177712],[109.68480237712964,-7.343294532674041]],[[109.68637915279518,-7.342511619676643],[109.68675730020294,-7.342195600315995],[109.68657843949879,-7.34239400007283],[109.68637915279518,-7.342511619676643]],[[109.68654438967161,-7.305089367143032],[109.68829367169133,-7.307301081353246],[109.68938498000432,-7.308895953931939],[109.68654438967161,-7.305089367143032]],[[109.68706396463288,-7.341855435333291],[109.6882243800861,-7.340020397752872],[109.68744035995108,-7.341437921939505],[109.68706396463288,-7.341855435333291]],[[109.68939848113912,-7.356545883038067],[109.68972324662073,-7.356330274603325],[109.69099493147374,-7.355999358131679],[109.68939848113912,-7.356545883038067]],[[109.69249537537868,-7.321573725088495],[109.69250896107829,-7.320847938059036],[109.6925400624552,-7.321267656117652],[109.69249537537868,-7.321573725088495]],[[109.6925400624552,-7.321267656117652],[109.69434581664598,-7.320938262485159],[109.6955642896131,-7.320873213936334],[109.6925400624552,-7.321267656117652]],[[109.69445085626717,-7.341340817201971],[109.69767920245931,-7.3413341319395595],[109.6970395533677,-7.341420669834736],[109.69445085626717,-7.341340817201971]],[[109.69667924500227,-7.320813691704799],[109.69723913744309,-7.320783801677071],[109.69909018067175,-7.320933911457232],[109.69667924500227,-7.320813691704799]],[[109.69824482118177,-7.311588408740205],[109.69863115879717,-7.311518248166191],[109.70308067577805,-7.311241643859877],[109.70250188587828,-7.311330395966669],[109.69824482118177,-7.311588408740205]],[[109.69850914616633,-7.3412218491544134],[109.70063194711905,-7.340662351968136],[109.69919940234952,-7.341128464644047],[109.69850914616633,-7.3412218491544134]],[[109.69909018067175,-7.320933911457232],[109.70041397365424,-7.321245243503323],[109.70066177559285,-7.321393883491926],[109.69909018067175,-7.320933911457232]],[[109.70345010819206,-7.342262204061206],[109.70547636082718,-7.341264236597132],[109.70485260287391,-7.341624107558718],[109.70345010819206,-7.342262204061206]],[[109.70354991355728,-7.323126286380006],[109.70578917605823,-7.323910411050751],[109.70598940863177,-7.324016272504432],[109.70354991355728,-7.323126286380006]],[[109.7053797492222,-7.3322836085475],[109.70567831644155,-7.332818112022898],[109.70571775254103,-7.3330213327911],[109.7053797492222,-7.3322836085475]],[[109.70547636082718,-7.341264236597132],[109.7064748158125,-7.340064290474491],[109.70623957998383,-7.340461540083449],[109.70547636082718,-7.341264236597132]],[[109.70612172061928,-7.335103047368841],[109.7064983307806,-7.337043782058454],[109.70669908101364,-7.338862112792678],[109.70612172061928,-7.335103047368841]],[[109.70631711759516,-7.324189529765408],[109.70666649522684,-7.324374243088118],[109.70677375733429,-7.324526757819275],[109.70631711759516,-7.324189529765408]],[[109.70683788291329,-7.329719495849408],[109.70844089558588,-7.329516051409854],[109.70777749847048,-7.329667855654255],[109.70683788291329,-7.329719495849408]],[[109.70981357490464,-7.3218857776324455],[109.70986800502565,-7.321679311546762],[109.71017719686765,-7.32124610228354],[109.71057337831905,-7.320795058278508],[109.70981357490464,-7.3218857776324455]],[[109.710710257319,-7.325769506855982],[109.71076238243974,-7.325269561966225],[109.7107762579858,-7.325362726073629],[109.710710257319,-7.325769506855982]]]}},{"type":"Feature","properties":{"KECAMATAN":"Banjarnegara","DESA_COUNT":13},"geometry":{"type":"Polygon","coordinates":[[[109.66525125125634,-7.408420491764488],[109.66551214361618,-7.410148576536566],[109.66623837090467,-7.411651926950487],[109.66685727657413,-7.412476746509394],[109.66883361461274,-7.413929590060934],[109.66934210884173,-7.414482829366431],[109.67057357582614,-7.413573130941542],[109.67194874204036,-7.412871813956243],[109.67249418797466,-7.412220062217125],[109.6736641731286,-7.412298179442323],[109.67748465755062,-7.41383785860861],[109.67806594482312,-7.414309841293293],[109.67929681130637,-7.414449122680578],[109.67993483365166,-7.414007887020878],[109.68030844027209,-7.41395474604548],[109.68078060141038,-7.414146111438577],[109.68147359871303,-7.413506030021416],[109.68153809852515,-7.413144465606416],[109.68186565380276,-7.413353484376642],[109.68219964899689,-7.413381598973309],[109.68243471499187,-7.413165296176372],[109.68345961723784,-7.41333108046342],[109.68364304743388,-7.41306932547071],[109.68404867679598,-7.412898734594539],[109.68454485425401,-7.412927327182686],[109.68477680539488,-7.413181269477402],[109.68501137838123,-7.413986759623423],[109.68570678911276,-7.414269196640637],[109.68776668246066,-7.415713173320596],[109.68818810164119,-7.415660166911939],[109.68941681741072,-7.416631428366607],[109.69113582849839,-7.417224381380628],[109.6934063445122,-7.418316241787301],[109.69411757623847,-7.419647728989574],[109.69455364774161,-7.419820801954256],[109.69500688742683,-7.420581814661649],[109.69584631910392,-7.421280669138726],[109.6975211058064,-7.422289389483763],[109.69844550355495,-7.423160281378186],[109.70077217997267,-7.424505534541852],[109.70125775527,-7.425555972192285],[109.70253528426795,-7.43056085075867],[109.70424172291469,-7.430448204067068],[109.70574351237642,-7.430624469368369],[109.70612353711229,-7.430987245931887],[109.71492289664569,-7.432740149727721],[109.71600567338182,-7.433195462361816],[109.71917326685276,-7.436053404333059],[109.724012086978,-7.439766160494921],[109.7271902360485,-7.438997524516096],[109.73316797812178,-7.436853206066704],[109.734850590164,-7.436568672363061],[109.73554505330328,-7.436896248719932],[109.73848685114415,-7.438984607752626],[109.74321490613099,-7.441584544408292],[109.74687883410188,-7.443946252152888],[109.74904341428929,-7.445146165411899],[109.75046491178016,-7.445900832648332],[109.75254452044699,-7.446033281150981],[109.75334472893793,-7.439695920727857],[109.75400430262505,-7.438151253995965],[109.75558561596125,-7.431418141392007],[109.75820782196895,-7.425628462233487],[109.75823534177452,-7.425113061114454],[109.75758541195891,-7.424541514048891],[109.75553006353756,-7.42338716959375],[109.75360608963528,-7.421799085510353],[109.75163379787176,-7.419017151975155],[109.75000057282541,-7.415856318058593],[109.74423871910207,-7.40876791159898],[109.74140947758303,-7.406291045422491],[109.73401412128699,-7.401241742562045],[109.73172685530413,-7.399770192504757],[109.730472328452,-7.398003106190511],[109.72977763344218,-7.397386193756034],[109.72897734710405,-7.395973120122035],[109.72868501550325,-7.395248761677841],[109.72807881684246,-7.391720007606806],[109.72730605748903,-7.39008991815269],[109.72565097849451,-7.387842377070586],[109.72549130130527,-7.387543541926174],[109.72557675285482,-7.387154898418122],[109.72429241748308,-7.387413441179226],[109.72348131249935,-7.387230286293073],[109.7227376755236,-7.386522718830781],[109.72135479765574,-7.384628666004452],[109.72080651489763,-7.384283417467298],[109.72012534686468,-7.384299548963697],[109.71658568240703,-7.385998643347174],[109.71421112795726,-7.385856183646194],[109.71299919162435,-7.385852691188199],[109.71112522186516,-7.386480296957263],[109.71048358742382,-7.386541735959265],[109.70714637853608,-7.386061821985714],[109.70479290644856,-7.385096396095297],[109.70336670218327,-7.384694330160327],[109.70265941457845,-7.38472844234564],[109.70234473504898,-7.384998869673135],[109.70236990382018,-7.385487285800469],[109.70379364059765,-7.386531400459751],[109.70408075307652,-7.386903035042877],[109.70406578749977,-7.387373251403534],[109.70352846910716,-7.387679199680226],[109.70094702104797,-7.387427476572244],[109.69889651925125,-7.386752327185569],[109.69846062676648,-7.386425464724183],[109.69811912354074,-7.386569226408532],[109.69689443865076,-7.386457061944901],[109.69663115100778,-7.386854218153441],[109.69685233807833,-7.38741553944184],[109.69769435179865,-7.388439980184224],[109.69781641347102,-7.389001012005605],[109.69763199597082,-7.389326065250842],[109.69717344458365,-7.389415143514093],[109.69568284936774,-7.388859155157632],[109.69435239727935,-7.388131748593609],[109.69389159269794,-7.38802189996037],[109.69355108023439,-7.388183653518866],[109.69287964044845,-7.389312168520668],[109.69210539509069,-7.389988115844813],[109.68987848082526,-7.39037046424741],[109.68838643930141,-7.390130996920006],[109.68514380113224,-7.38880109968029],[109.68461929562008,-7.388862845392698],[109.68429051485593,-7.389476798633388],[109.68385316631847,-7.391184741730492],[109.68204682381608,-7.392671550388019],[109.68161992627972,-7.393999680707687],[109.68080438046633,-7.395218160674093],[109.67824502679129,-7.397254439838355],[109.67731576642352,-7.397269766460675],[109.67686669198311,-7.39703326106758],[109.67625746669364,-7.396543114431332],[109.67576178334863,-7.395854388920351],[109.67417431887267,-7.392494509461065],[109.67377024136188,-7.391950721023193],[109.67289461921862,-7.391468820976074],[109.6720308019095,-7.391412000518964],[109.6715191882601,-7.391808398059308],[109.67130786167606,-7.392232723893583],[109.67201131617995,-7.393383373923966],[109.67194282602138,-7.39450460004824],[109.67162777106445,-7.394792992818365],[109.67102547549354,-7.394836405987764],[109.67020208180716,-7.394399863882835],[109.66915173161713,-7.394143565516337],[109.66857716293772,-7.395878197443893],[109.6671092088618,-7.40185147356175],[109.66597197202184,-7.405519673425006],[109.66533407020161,-7.406964775361612],[109.66525125125634,-7.408420491764488]],[[109.67288067772333,-7.4117582467556655],[109.67323711239894,-7.411332344012425],[109.67315040200901,-7.41150984716067],[109.67288067772333,-7.4117582467556655]],[[109.68838006209886,-7.401778988281674],[109.69108774873024,-7.4012272404540775],[109.69054306887757,-7.401378386466049],[109.68838006209886,-7.401778988281674]],[[109.70042935375166,-7.406083600035761],[109.70058709579489,-7.406228017944616],[109.70061512852288,-7.406353953054673],[109.70042935375166,-7.406083600035761]],[[109.7067792714394,-7.430111930547349],[109.70712764360819,-7.4295849227819755],[109.70708667005042,-7.429660650117361],[109.7067792714394,-7.430111930547349]],[[109.70735959544261,-7.3989602703177075],[109.70785049721884,-7.399195165481111],[109.70880351066498,-7.399930488968298],[109.70735959544261,-7.3989602703177075]],[[109.70775449942056,-7.428426367779079],[109.708302481137,-7.427338031990654],[109.708205411105,-7.42759299273883],[109.70775449942056,-7.428426367779079]],[[109.70853919939262,-7.426716276106589],[109.70922976554267,-7.424584445851577],[109.7089483215999,-7.425641690038006],[109.70853919939262,-7.426716276106589]],[[109.7086184855588,-7.415346207189684],[109.70871364603994,-7.415530372847508],[109.70881955813543,-7.415846104714005],[109.7086184855588,-7.415346207189684]],[[109.7089084289194,-7.416111035158199],[109.70904463069076,-7.416517062810578],[109.70930378595237,-7.418208979611307],[109.7089084289194,-7.416111035158199]],[[109.70922976554267,-7.424584445851577],[109.70947944119749,-7.42177360210994],[109.70950078844436,-7.422206807941349],[109.70922976554267,-7.424584445851577]],[[109.70985050922779,-7.395389587172996],[109.70999571753003,-7.39559781389817],[109.70989386452915,-7.39551133460153],[109.70985050922779,-7.395389587172996]],[[109.71434783382124,-7.3869131561748205],[109.7146817906421,-7.387675293708869],[109.7143772847425,-7.387140862681427],[109.71434783382124,-7.3869131561748205]],[[109.71624991252428,-7.404428578580067],[109.71627117644819,-7.40406823736438],[109.71645334518942,-7.407883748213083],[109.71624991252428,-7.404428578580067]],[[109.72119953159779,-7.40257976301208],[109.7224051370309,-7.401685467861079],[109.7221259303101,-7.401958448838458],[109.72119953159779,-7.40257976301208]],[[109.72266172761046,-7.401434598730885],[109.72640732796837,-7.397150441031201],[109.72303898823795,-7.401065750250005],[109.72266172761046,-7.401434598730885]]]}},{"type":"Feature","properties":{"KECAMATAN":"Batur","DESA_COUNT":8},"geometry":{"type":"Polygon","coordinates":[[[109.80233205531785,-7.197028973099114],[109.80337142734155,-7.199645406795115],[109.80347088753946,-7.201526789994817],[109.80398845409843,-7.203716789067865],[109.8052385497864,-7.205601270250186],[109.8072404771376,-7.209395872560928],[109.80932559567901,-7.212114492582709],[109.81109931160375,-7.213900774885952],[109.81203571669727,-7.215883892776946],[109.81265628435365,-7.218598692832782],[109.81401067875885,-7.220691311508396],[109.81696936400598,-7.222064717899207],[109.81801806854888,-7.221135821713428],[109.81958972880281,-7.22009081742423],[109.82063683041869,-7.219776957832011],[109.82136705399176,-7.220511440769487],[109.821677942783,-7.221660870730713],[109.8223032353358,-7.222603051884168],[109.82439011556525,-7.224697538938859],[109.82753161721625,-7.223457621482194],[109.83067447592981,-7.221684012380672],[109.83057267633427,-7.220643627145879],[109.82921555510609,-7.219491607919836],[109.82786001547677,-7.217814961679647],[109.82765569180927,-7.21593329917947],[109.82912182724282,-7.215312967925223],[109.83111314166412,-7.213852960063369],[109.83216043575,-7.213340142305737],[109.83592800863627,-7.212825218512982],[109.83697557368214,-7.212203792036052],[109.8385479957162,-7.21095065051858],[109.83990809872837,-7.21084559834634],[109.84179222919437,-7.210434343784254],[109.84367693618961,-7.209706603754209],[109.84608611323927,-7.208464589876979],[109.84671250036295,-7.208990711790282],[109.8483840809633,-7.209826994855333],[109.85122375864226,-7.209589909060639],[109.85111564534677,-7.210946248946168],[109.85132006844881,-7.212828006876811],[109.85089649086052,-7.214907024828276],[109.85131245217455,-7.215848647791526],[109.85277435259594,-7.216901497219789],[109.85622647977507,-7.216910157150246],[109.85810854582091,-7.2173309031344],[109.85988512779275,-7.218067858753192],[109.8623946367264,-7.218490154792266],[109.86532557764454,-7.217764931265537],[109.86710321243152,-7.218085826530157],[109.86944895670669,-7.217910794716717],[109.86965630735153,-7.218643917089745],[109.86944585758957,-7.219158898742439],[109.86975763622283,-7.220000787625214],[109.87289076604671,-7.222097675371669],[109.87361824682095,-7.223980729049833],[109.87590339630705,-7.225433411048567],[109.87767147999752,-7.225980396206419],[109.87858563770018,-7.225277160986078],[109.87927160303202,-7.225441699695724],[109.8807963651998,-7.22445060396091],[109.88227132106469,-7.225430975894021],[109.88315517255474,-7.225297415147283],[109.88347009667905,-7.225569547432493],[109.8838288592749,-7.225597552627291],[109.88541399943972,-7.22516730498722],[109.88670602222712,-7.225134290852832],[109.88786742077282,-7.2244950250073],[109.88920166154395,-7.223503342927572],[109.89156594874633,-7.223518135614737],[109.89294443219924,-7.223675293708124],[109.893304683475,-7.223920312322652],[109.89461001590948,-7.223787841105478],[109.89557486387788,-7.223880601872859],[109.8959199959007,-7.223709631680906],[109.8974082284602,-7.223541334796061],[109.89789264765997,-7.223334529940439],[109.89810471396744,-7.222973255496409],[109.89847122057779,-7.222856589185412],[109.89929581666613,-7.223229408406315],[109.90225546949296,-7.221409608757682],[109.90439335406941,-7.221197637667344],[109.90369817889874,-7.221349689438992],[109.90396259846356,-7.221666899831483],[109.90428344065981,-7.221595330911835],[109.90536648639278,-7.221851208488668],[109.90578547116563,-7.221680316760757],[109.9066046287565,-7.221646110466102],[109.90696471208696,-7.221249015606511],[109.90710107603827,-7.220191196611776],[109.90742683857191,-7.219251382431088],[109.90789055511084,-7.218736982749892],[109.90899277723288,-7.218187848491664],[109.90962240525968,-7.217619588362582],[109.9095828537209,-7.217140154053214],[109.9100238690361,-7.21615539977361],[109.91077315329909,-7.215732102091387],[109.91216546105206,-7.215319377389175],[109.91197764144232,-7.214070800619118],[109.91084377745182,-7.210586032853861],[109.90944341041153,-7.207381035010743],[109.90940114184612,-7.205789102054719],[109.9100559010872,-7.20428934533007],[109.91108075024772,-7.203414487535651],[109.91126293758428,-7.201795960434541],[109.91056804184589,-7.200311073233017],[109.91067717204835,-7.199985714301287],[109.9123785141782,-7.1993205281742],[109.91328983173366,-7.199422159721833],[109.91377641618728,-7.199233423005878],[109.91487011647997,-7.195961921332415],[109.91566876295316,-7.194860451126614],[109.91743080684168,-7.193652656596385],[109.91770827797278,-7.19321918302626],[109.91732880727714,-7.191065725357128],[109.91673445247261,-7.191706517145226],[109.91486154855757,-7.192778319927384],[109.91367940391628,-7.193146349817904],[109.91351642874446,-7.193978050742874],[109.913233375635,-7.194339168168903],[109.9128863142928,-7.194265914476525],[109.91250696674349,-7.194454996057584],[109.91179957326413,-7.195240190593934],[109.91141735555622,-7.195411088922308],[109.90973524738085,-7.195063383979509],[109.90701253720036,-7.196097046637911],[109.90670011397793,-7.1963404467665],[109.90605248514888,-7.196393154695715],[109.90489842409782,-7.196254759656309],[109.90443848297696,-7.196045683485344],[109.90242846779967,-7.194711361908581],[109.9015037928763,-7.194736272404391],[109.90084571808114,-7.194445245588287],[109.90062682123572,-7.194146229809241],[109.90068987249457,-7.193576617942423],[109.90041883180827,-7.193069501238472],[109.89947903333021,-7.192244203331282],[109.89896180483213,-7.19009041238804],[109.89780179821972,-7.18939126749682],[109.89642229287688,-7.187470504139984],[109.89461731878202,-7.186444182707883],[109.89402868849042,-7.185728232229407],[109.89339212758661,-7.184361021891381],[109.89248396491863,-7.183219306077243],[109.89171013657895,-7.182819481046471],[109.89038269250227,-7.181495810731326],[109.89006093940726,-7.181739177265817],[109.88945617680449,-7.181737713891916],[109.88881828173002,-7.180804622009998],[109.88721107642321,-7.180149584865341],[109.88664482966877,-7.178773497154872],[109.88626210181322,-7.179034797909417],[109.88631242507125,-7.180111235406379],[109.8860527904442,-7.180879298542343],[109.88386851523245,-7.183261721597952],[109.88359923984666,-7.183785614690636],[109.88148833221835,-7.184277893040702],[109.88096572341911,-7.184819250899767],[109.88141082998254,-7.185435398777301],[109.88160530678607,-7.186674949196766],[109.88187633323105,-7.187055389797652],[109.88165148875287,-7.188737084010882],[109.87907788805,-7.190141677610899],[109.8775208601838,-7.190608159729729],[109.87504815479674,-7.192727500610702],[109.87692611935475,-7.191113255326557],[109.87604420849705,-7.189908188884156],[109.87561127015405,-7.188839858183629],[109.87500301453518,-7.187979252058356],[109.87329572952653,-7.186120926240833],[109.87291193180484,-7.185477886139394],[109.87060148007758,-7.184703422270346],[109.86970182677408,-7.184827798682581],[109.86777753944239,-7.18380108809875],[109.867138324172,-7.182515227943842],[109.86675985985458,-7.179692544371757],[109.86573613055644,-7.178152458381554],[109.86432483162804,-7.177380281241195],[109.85803143423045,-7.176975760526739],[109.85700008479493,-7.178384064069876],[109.85635714198244,-7.178635737417885],[109.85468722482548,-7.178631573761177],[109.85250374855413,-7.17849943805119],[109.85186078142245,-7.178760146907801],[109.8509594353165,-7.179653258027222],[109.8496618496608,-7.184777972158703],[109.84888739850449,-7.186186985065494],[109.84695865239733,-7.186950822094239],[109.84271918714458,-7.187066822861813],[109.84130327868063,-7.188094243758161],[109.84040034002388,-7.189629413347797],[109.83545850607183,-7.190620842083381],[109.83430385880825,-7.189975727671799],[109.83315080616163,-7.188824250524972],[109.83072217703601,-7.184069904489278],[109.83059735024948,-7.182658729409694],[109.82983138415084,-7.180730332706724],[109.82816351754984,-7.179957398376051],[109.82418208000679,-7.179567352187491],[109.82341457034074,-7.178281122366525],[109.82381918708323,-7.18038040073892],[109.82308364089054,-7.181735115055801],[109.82370558884286,-7.18393441518445],[109.82244735717667,-7.185079725564786],[109.82181539425099,-7.186742226484265],[109.82066155772317,-7.187996394727221],[109.81751948623968,-7.189552867737494],[109.81563543932705,-7.18996403309548],[109.81332547635527,-7.193304379419546],[109.80976182298934,-7.196008320085476],[109.80651715168621,-7.196732468750068],[109.804530523839,-7.19641072133479],[109.80233205531785,-7.197028973099114]],[[109.86583281316388,-7.19667517204692],[109.86614821333622,-7.196051942639521],[109.86646309644549,-7.195636684983234],[109.86583281316388,-7.19667517204692]],[[109.87500065021887,-7.208699421434249],[109.87541994228295,-7.208492479182681],[109.87643858327198,-7.208133199543918],[109.87500065021887,-7.208699421434249]],[[109.87874776357958,-7.207957931238314],[109.8810537372625,-7.208632896342924],[109.88226139210899,-7.209060932228005],[109.87874776357958,-7.207957931238314]],[[109.88486565621012,-7.209727476236344],[109.8866063121002,-7.2110035030071105],[109.88571262974317,-7.210462154958528],[109.88486565621012,-7.209727476236344]],[[109.89174824082863,-7.213704100561852],[109.8926616929784,-7.214041633950956],[109.89245857150148,-7.214005809153462],[109.89174824082863,-7.213704100561852]],[[109.8954786239312,-7.214329695703624],[109.89614773767192,-7.213820554618591],[109.8960418603355,-7.213951185876972],[109.8954786239312,-7.214329695703624]],[[109.89706010112536,-7.212694882307079],[109.89827212027251,-7.211098535372503],[109.89888820611878,-7.2104393698072675],[109.89706010112536,-7.212694882307079]],[[109.9056093386119,-7.217845180878556],[109.90652414194955,-7.216508821292761],[109.90636952221936,-7.216897275647359],[109.9056093386119,-7.217845180878556]]]}},{"type":"Feature","properties":{"KECAMATAN":"Bawang","DESA_COUNT":17},"geometry":{"type":"Polygon","coordinates":[[[109.59113991746155,-7.406573307318829],[109.59156901842236,-7.407578521084728],[109.5915935207969,-7.408048836809954],[109.59132838177528,-7.40899751527802],[109.59158977027609,-7.409323829508697],[109.59297463752375,-7.409870869706081],[109.59353488041195,-7.411147736798869],[109.59447719336883,-7.411539491236397],[109.59555427757533,-7.411669561711364],[109.59610650187605,-7.411164900468823],[109.59674399826024,-7.409656649266548],[109.59789732937229,-7.409226210721208],[109.59936682837949,-7.409872953703889],[109.60030817980119,-7.410499858355658],[109.60275454667612,-7.411104366660708],[109.60297261886977,-7.411430630315365],[109.60400625387254,-7.411886032823581],[109.60413325492179,-7.413875980125015],[109.6040560498441,-7.415666286291899],[109.60373639973015,-7.417917029764982],[109.60412351870417,-7.419763041930565],[109.60387976521265,-7.420757004977482],[109.60396801428419,-7.422312755204989],[109.60378667042642,-7.423343079289955],[109.6038089851407,-7.424699622154648],[109.60493050168085,-7.425652668877549],[109.60510569625491,-7.426738452163577],[109.60505955025369,-7.427371291865839],[109.60425227081116,-7.429484880922563],[109.60393556410264,-7.430867481285286],[109.60418333464958,-7.435606918011944],[109.60410565181553,-7.436194450996328],[109.60345180729375,-7.436861541611349],[109.60326980978456,-7.437385546664189],[109.60347447772928,-7.440252837474834],[109.60319315497482,-7.444872976641523],[109.60376905741946,-7.447994685719921],[109.60423765497838,-7.448914455792125],[109.60395725576265,-7.449360882316671],[109.60414924713712,-7.451676521422335],[109.60341698971789,-7.451782707072489],[109.60324490679491,-7.452216238227702],[109.6034827871581,-7.45327500558969],[109.60340423708833,-7.453591294625311],[109.60305198357787,-7.453780050429168],[109.60290490191157,-7.454810568640386],[109.60200818726955,-7.455793420787062],[109.60218812730062,-7.456110526288537],[109.60260174833921,-7.456030461411919],[109.60273223349489,-7.455687212827029],[109.60305852587807,-7.455652078186043],[109.60332574477776,-7.456105078951319],[109.60314714551701,-7.456990745908874],[109.60381748749242,-7.457282185393733],[109.60383501825173,-7.457643984377251],[109.60327301912847,-7.458808812118621],[109.60338630909021,-7.45915283089381],[109.60378817932178,-7.460447191180549],[109.60407187711392,-7.465458068589268],[109.60362491967496,-7.470764999033935],[109.60279141892643,-7.47163955060839],[109.60255992841957,-7.472307965852403],[109.60291107142376,-7.473367183378563],[109.60270123473845,-7.473827716718358],[109.60259300433,-7.474993884996525],[109.6030057908666,-7.476451206506405],[109.60375531468978,-7.476779067296164],[109.6041703873285,-7.47749482645983],[109.60337368740844,-7.4788216496894],[109.60301456318533,-7.480176981200827],[109.60305132561454,-7.480810080409309],[109.60344348412795,-7.482059296277187],[109.60337723814906,-7.483225687784485],[109.60236821311987,-7.48576355046464],[109.60180923436086,-7.486385808164621],[109.60230354063336,-7.487137986619762],[109.60243430894897,-7.487671929466345],[109.6051776455367,-7.489236004498429],[109.60705899187222,-7.491276710835018],[109.60637029944283,-7.492088431510074],[109.60545039077527,-7.492772749173099],[109.60563642390595,-7.493315908365991],[109.60594840701077,-7.496708116438469],[109.60568409578413,-7.497096146086938],[109.60570563460324,-7.497629742774983],[109.60693389247508,-7.498384245202341],[109.60862306755652,-7.499049699642274],[109.61265689274377,-7.499071484129709],[109.61508964118723,-7.498871200283152],[109.61503902828949,-7.497415111253243],[109.61541676959716,-7.496430521054344],[109.61732031378976,-7.494682120966266],[109.61819176063172,-7.493464092505128],[109.61911292842716,-7.491640264471252],[109.62154545448492,-7.490761651616772],[109.62236607921605,-7.490113059459079],[109.62355692210404,-7.488796469302774],[109.62500018488298,-7.488158948253588],[109.62534319283212,-7.487852521013611],[109.62573203326913,-7.487130241591598],[109.62714082453749,-7.486546852826789],[109.62749794909382,-7.485978266575239],[109.63005298340929,-7.484304153920291],[109.6308934549613,-7.482914116053887],[109.63281608461178,-7.481644971797166],[109.63343075734062,-7.481574546377536],[109.63411227712739,-7.481775570198134],[109.6375640324656,-7.481171343862406],[109.6381333063197,-7.481308724620304],[109.63897260783733,-7.480479322390202],[109.63983112410398,-7.478293487726806],[109.6399391859537,-7.477416618949437],[109.63951169191306,-7.476203564698589],[109.63906188025639,-7.475514845865483],[109.63530315609117,-7.473405168210216],[109.63089184815946,-7.471537649966161],[109.62784704957198,-7.468959890724312],[109.62806617687215,-7.468146753786655],[109.62848738073112,-7.467723025156181],[109.62853172255811,-7.467207711614042],[109.62926353081299,-7.465527917561051],[109.62869231025044,-7.464920188691811],[109.62899548982283,-7.46477646696477],[109.62889859601603,-7.464414419011999],[109.62918343527056,-7.463610435526125],[109.63000445896246,-7.462356043030819],[109.62980467381453,-7.461686177345932],[109.63046257341004,-7.46099193620201],[109.63098106073791,-7.459528469131682],[109.63132638604863,-7.458923672053733],[109.63408508971197,-7.456969758645309],[109.63538714928646,-7.455255632100544],[109.6365141307771,-7.454490403207634],[109.63808310871784,-7.453816946148559],[109.6395383928687,-7.45391192874821],[109.63984817021736,-7.453442544241695],[109.64145140004526,-7.452488893308082],[109.64350346482156,-7.451880277914952],[109.64453204784745,-7.452082342316453],[109.64642115744397,-7.451428005691325],[109.64726604626544,-7.450869926072712],[109.64867182392395,-7.45039493070996],[109.64951795495246,-7.449429801298948],[109.64985579838208,-7.448671255182135],[109.65147985085979,-7.448495284505709],[109.65235488247578,-7.447702115036978],[109.65327902650273,-7.444548804676819],[109.65341770284232,-7.443735399255555],[109.65337135353805,-7.442496299142137],[109.64938352102324,-7.441263286639749],[109.64725168868274,-7.440298204577956],[109.64537137040696,-7.439686500716649],[109.6421726124809,-7.439586298204877],[109.64275820331879,-7.439551925806413],[109.64428427485454,-7.435676984363069],[109.64491724852037,-7.434611842253192],[109.64564995304158,-7.433863455435087],[109.64585993119145,-7.432968807709294],[109.64688779580155,-7.431000535598193],[109.64714409766118,-7.429662903761082],[109.64695886670914,-7.428965962752796],[109.64528108299247,-7.427025603585906],[109.64475763921187,-7.426092551425031],[109.64474216355616,-7.425486633711633],[109.64527764898631,-7.424999846074295],[109.64602006196154,-7.424685657780684],[109.6463536546638,-7.425138840098351],[109.64816272931651,-7.425234765879225],[109.64923275662998,-7.426305100902377],[109.64991456022325,-7.427491883836185],[109.65140352449461,-7.428129406039128],[109.65267978778611,-7.42695770287077],[109.65416698538426,-7.426482922168339],[109.65487816250048,-7.426023868820756],[109.6559192764803,-7.423757144309501],[109.65750329196958,-7.421898925386111],[109.65907614999088,-7.419724210488205],[109.65955142159304,-7.418712809931391],[109.65950640718994,-7.417591341167847],[109.65926243335204,-7.417192686803059],[109.65773998229668,-7.416690717226466],[109.65754963281069,-7.416346473423493],[109.65816350174188,-7.414069404873097],[109.65897040317304,-7.41359254617251],[109.66458850870737,-7.411240016406611],[109.66571071491954,-7.41059229961858],[109.66531853271928,-7.409297907062974],[109.66533407020161,-7.406964775361612],[109.66597197202184,-7.405519673425006],[109.6671092088618,-7.40185147356175],[109.66857716293772,-7.395878197443893],[109.66915173161713,-7.394143565516337],[109.6682265391274,-7.393751924423557],[109.66786126677508,-7.393398120986805],[109.66758905451616,-7.392502009667908],[109.6675530695822,-7.391398647517601],[109.66716183675737,-7.390809594668005],[109.66513674886816,-7.389727410682152],[109.66287089859044,-7.389991872989334],[109.66225744300152,-7.389402241509129],[109.66225991881126,-7.388579285156393],[109.66290426275991,-7.387640711873185],[109.6631272900659,-7.38595928544813],[109.663056212245,-7.385027609515737],[109.66272990943202,-7.384610629403764],[109.66235113422398,-7.384428663265771],[109.66079229244959,-7.384659070987273],[109.65974617858132,-7.384221936795003],[109.6592089887164,-7.384256490200945],[109.65873477889046,-7.385304067669173],[109.65831191903399,-7.385745923758342],[109.65500861577827,-7.383655975437575],[109.65417360841998,-7.382577334923694],[109.6538006263052,-7.382359123307049],[109.6534415138985,-7.382321874508411],[109.65177754824931,-7.382759979989147],[109.64998841095633,-7.38284499022817],[109.64832105795118,-7.382749531351325],[109.64736063996386,-7.382240207841236],[109.64554383323882,-7.380814912709267],[109.64458425657114,-7.380522583293098],[109.64201719755731,-7.380985035278072],[109.6393458024551,-7.381221116427866],[109.63749702135635,-7.38202939511753],[109.63597411344884,-7.383480695739829],[109.63471629161505,-7.383766269217448],[109.63385265501446,-7.383636956681623],[109.63163013284223,-7.382626368145282],[109.63072492006893,-7.382415640000646],[109.62888154778787,-7.3825546475485],[109.62500026869338,-7.38334758299765],[109.62069510461122,-7.383768384177802],[109.61716595279277,-7.384652748650291],[109.6135268548331,-7.38610643937912],[109.61121458463532,-7.387636648363923],[109.60846383596528,-7.389997371870713],[109.6066892332026,-7.392306875163397],[109.60527248797789,-7.394237659807924],[109.60485701118628,-7.394570980695229],[109.60429067060028,-7.394704828582551],[109.6022142781214,-7.394960613418089],[109.60166992988904,-7.395203113250348],[109.60080702311821,-7.397189862977765],[109.59901423087777,-7.398613033635283],[109.59848272635934,-7.399470469804169],[109.5985248751822,-7.400103676486956],[109.59891992916141,-7.400611324080209],[109.59902823790102,-7.401181359144852],[109.59867475046508,-7.401514867058368],[109.59779344815489,-7.40151209379881],[109.59665035847394,-7.400694594072043],[109.59561419155207,-7.400790783485954],[109.59473240157554,-7.401131663390584],[109.59453333713898,-7.401411406643254],[109.59433076613846,-7.402703946903054],[109.59410969319062,-7.402974488579691],[109.59223956571277,-7.404225594308],[109.59180740059159,-7.40435080614377],[109.59139520084462,-7.406140042201083],[109.59113991746155,-7.406573307318829]],[[109.60580661527254,-7.397060867900929],[109.60681178588044,-7.400699362517916],[109.6068221891151,-7.4008510453113905],[109.60580661527254,-7.397060867900929]],[[109.60914489261874,-7.459008150407731],[109.60952207540072,-7.458638551039325],[109.60975728367936,-7.4585378035520025],[109.60914489261874,-7.459008150407731]],[[109.61023995093761,-7.458331061196819],[109.61042332538518,-7.458252515854204],[109.61180429573508,-7.457958488886481],[109.61023995093761,-7.458331061196819]],[[109.61125234172226,-7.408074445910518],[109.61235393547693,-7.407615312841874],[109.61218840895125,-7.407769868325121],[109.61125234172226,-7.408074445910518]],[[109.61255854467208,-7.407424265075362],[109.61313172820125,-7.406579074619486],[109.61272895917561,-7.407265145587799],[109.61255854467208,-7.407424265075362]],[[109.61268518766215,-7.442551600961673],[109.61752071854957,-7.43541547664456],[109.61721668840829,-7.436000363408611],[109.6135162638265,-7.44142385004871],[109.61268518766215,-7.442551600961673]],[[109.61347536113462,-7.45785523568008],[109.61446420689548,-7.45800299721602],[109.61481710103602,-7.458123848835418],[109.61347536113462,-7.45785523568008]],[[109.61357296313041,-7.415497062505874],[109.61360162928243,-7.411563336234687],[109.6136223621315,-7.415955004363925],[109.61357296313041,-7.415497062505874]],[[109.61379954202211,-7.417597509000268],[109.61406017204986,-7.418745161586864],[109.61384229781284,-7.417993866534271],[109.61379954202211,-7.417597509000268]],[[109.61443196784903,-7.40494362575776],[109.61452578441974,-7.404648196322446],[109.61479431335403,-7.404410663020756],[109.61443196784903,-7.40494362575776]],[[109.61541369620143,-7.426897297305948],[109.61877012636981,-7.4280652317396],[109.6192584157384,-7.428347124582822],[109.61541369620143,-7.426897297305948]],[[109.61552983445505,-7.40376004130637],[109.6165632731335,-7.402845889905751],[109.61623078402891,-7.40325181031978],[109.61552983445505,-7.40376004130637]],[[109.6155842432978,-7.458386563270128],[109.61574343623121,-7.458441080252955],[109.61636018956158,-7.458696169307474],[109.6155842432978,-7.458386563270128]],[[109.6180223097876,-7.483145185706836],[109.61832038512607,-7.482278057914309],[109.61869618295125,-7.481546703463528],[109.6180223097876,-7.483145185706836]],[[109.61815186808799,-7.434201284493749],[109.61950154539991,-7.43127792708493],[109.61830077572083,-7.433914819134933],[109.61815186808799,-7.434201284493749]],[[109.6192584157384,-7.428347124582822],[109.61952973223661,-7.428782046054217],[109.6195722260903,-7.429170882285545],[109.6192584157384,-7.428347124582822]],[[109.61950154539991,-7.43127792708493],[109.61963958482374,-7.429787242389187],[109.6196849442543,-7.430202299826926],[109.61950154539991,-7.43127792708493]],[[109.62118490703672,-7.452029121401521],[109.62184964251732,-7.455150280569987],[109.62123347636141,-7.452462523108299],[109.62118490703672,-7.452029121401521]],[[109.62314569512345,-7.392412229887421],[109.62350620613162,-7.397495709914965],[109.62354091175135,-7.398445347708071],[109.62314569512345,-7.392412229887421]],[[109.62817655278141,-7.443974404704413],[109.63107711385649,-7.444643583347503],[109.63144118077072,-7.444798825655862],[109.62817655278141,-7.443974404704413]],[[109.6337746437516,-7.414940624196673],[109.63381823476375,-7.414709650082647],[109.63415364302018,-7.414276599943284],[109.6337746437516,-7.414940624196673]],[[109.63417469332661,-7.4459644267652],[109.63533914523002,-7.445792805323664],[109.63499538807325,-7.445885493606405],[109.63417469332661,-7.4459644267652]],[[109.63446754832097,-7.425546098460829],[109.63497640470122,-7.425680264209561],[109.63476841442669,-7.425700201582786],[109.63446754832097,-7.425546098460829]],[[109.63498066990354,-7.391887947204749],[109.63537411525753,-7.395755662155693],[109.6353474006834,-7.395623920423014],[109.63498066990354,-7.391887947204749]],[[109.63517635402164,-7.42463329186804],[109.63528671077064,-7.42473417782272],[109.6354631964814,-7.425159759154752],[109.63517635402164,-7.42463329186804]],[[109.63557726202714,-7.396757471403158],[109.63573991857413,-7.397441756699166],[109.63566668876706,-7.397198475388612],[109.63557726202714,-7.396757471403158]],[[109.63585631492433,-7.445653359293498],[109.63786963431932,-7.445052938522736],[109.63741594827424,-7.445232830632307],[109.63585631492433,-7.445653359293498]],[[109.63742311471078,-7.40990061127404],[109.64098458938632,-7.410653422292844],[109.64073734985554,-7.410688496158189],[109.63742311471078,-7.40990061127404]],[[109.63857873691124,-7.444771770603749],[109.63934001565123,-7.444063083827973],[109.63877379515712,-7.44469442760473],[109.63857873691124,-7.444771770603749]],[[109.64062976966025,-7.399128515482412],[109.64103402387993,-7.398752196956901],[109.64080033625325,-7.399077068289242],[109.64062976966025,-7.399128515482412]],[[109.64496928084239,-7.408729995907242],[109.64571902093702,-7.408795568548223],[109.64578779606103,-7.408821687223753],[109.64496928084239,-7.408729995907242]],[[109.64783371684577,-7.393700187568284],[109.64820635655552,-7.393845390076606],[109.64844913996733,-7.394063825220038],[109.64783371684577,-7.393700187568284]],[[109.64870155707916,-7.3942909279187665],[109.64887205709455,-7.394444328824696],[109.64915526498557,-7.394978727095427],[109.64870155707916,-7.3942909279187665]],[[109.64876894796551,-7.410878177258532],[109.64941705995523,-7.410723969715653],[109.64894480976201,-7.410912498159743],[109.64876894796551,-7.410878177258532]],[[109.64978982342785,-7.393904436653428],[109.65005126000837,-7.391521406363672],[109.65005326498843,-7.391798197194386],[109.64978982342785,-7.393904436653428]],[[109.6538471174471,-7.409245271077181],[109.65599805697518,-7.409758189084545],[109.65614503517881,-7.409823521378402],[109.6538471174471,-7.409245271077181]],[[109.65722955076299,-7.410689585169999],[109.65737531311754,-7.410883769570806],[109.65789156308018,-7.412051867485435],[109.65722955076299,-7.410689585169999]]]}},{"type":"Feature","properties":{"KECAMATAN":"Kalibening","DESA_COUNT":16},"geometry":{"type":"Polygon","coordinates":[[[109.61027123201525,-7.211199729895676],[109.61106389341184,-7.213019923455834],[109.61228048475735,-7.214316729383308],[109.61429533647487,-7.216068210006317],[109.61635642155295,-7.216960704350504],[109.61710920419675,-7.220218637501977],[109.6172019922442,-7.221530202996837],[109.61798285764102,-7.221125611936605],[109.6209948231323,-7.220592053748099],[109.62200243457299,-7.220269603713381],[109.6233386830619,-7.220165138373291],[109.62579164985773,-7.220425692772787],[109.62692903219617,-7.22134248898342],[109.62736714748686,-7.222004017878132],[109.62857597018507,-7.225679229374612],[109.629232778448,-7.226721158720626],[109.62711029108948,-7.227492523612044],[109.62650923467979,-7.227870546893409],[109.62622780911009,-7.228385154947969],[109.62645933942251,-7.231162135770857],[109.62591033502858,-7.234153849364629],[109.62465365092953,-7.236944420454499],[109.62435428298055,-7.238128222614707],[109.62411509310023,-7.240496821910342],[109.62408809002821,-7.245018387974484],[109.62391483015107,-7.245958449588316],[109.62331783106264,-7.246761425309443],[109.62209064297372,-7.247246038893941],[109.62181133006975,-7.247525568651487],[109.62160108357975,-7.248176098474582],[109.62045792315324,-7.248579497657799],[109.61929671131006,-7.248313770188052],[109.61830172056676,-7.24849157686019],[109.61717496576868,-7.249464809692694],[109.61703466702843,-7.249998009773858],[109.61782544532724,-7.250425454029834],[109.61807987489756,-7.250887432605845],[109.6177584037711,-7.252378567272783],[109.61902907484043,-7.256840776458557],[109.62110408570734,-7.25942444295123],[109.62131729056651,-7.262463657304319],[109.62251176074103,-7.263615732599994],[109.6230698188905,-7.263373306628183],[109.62351057480686,-7.263419851307576],[109.62472692519707,-7.264083658197473],[109.62499182182992,-7.264373878929559],[109.62500052366897,-7.265884104056092],[109.62528545825232,-7.266093012221003],[109.62667749856156,-7.265834935516243],[109.6286283705789,-7.264882258491363],[109.62948040602467,-7.264920999333845],[109.63022661864507,-7.265429667571468],[109.63618218927644,-7.271307784176191],[109.63880011266407,-7.273205695082192],[109.63956122651949,-7.273560690909289],[109.64044666404236,-7.273698971454348],[109.64122162293076,-7.274144421795488],[109.64440379868913,-7.275221037336256],[109.64543715820975,-7.275965716467292],[109.64626014982579,-7.277107683993606],[109.64805676113906,-7.280992603543086],[109.64890054334253,-7.282279296001421],[109.64979249437448,-7.284416219419639],[109.65255773616636,-7.287444981658464],[109.6540039774997,-7.290017638945081],[109.66029879115,-7.287205680613583],[109.66176801720245,-7.286730734407791],[109.66444431958577,-7.286060432690309],[109.66666268988884,-7.28588605372817],[109.66753894052958,-7.285988093436846],[109.66831324868711,-7.286596343624024],[109.66900673063002,-7.284554523290476],[109.6701129764827,-7.282866628007995],[109.67334724820121,-7.279665701396988],[109.67525353148896,-7.276831659565061],[109.67637088861837,-7.273579203746186],[109.67659111479145,-7.272485624573021],[109.67659544643668,-7.271210491004336],[109.67333415272569,-7.268713959671565],[109.67027267878113,-7.266796843029937],[109.66992717010051,-7.266099532855541],[109.67041427635854,-7.264635852499975],[109.67254260830548,-7.263755821985488],[109.67536087150512,-7.261837822089794],[109.68358996800156,-7.258714622672943],[109.68858872749915,-7.256323449710688],[109.69058301078623,-7.255008840935848],[109.69122545910952,-7.25431438911486],[109.69230099213465,-7.253015206040769],[109.69379900293244,-7.251834776263602],[109.69520523943797,-7.251350471485426],[109.69700496352361,-7.251147674561261],[109.70042068051873,-7.251817592809682],[109.70537067194833,-7.252202523973348],[109.70762618383873,-7.250761987420167],[109.70830580587939,-7.249931894161147],[109.70923979456396,-7.249699370196796],[109.71105848975549,-7.249704530492419],[109.71302268865057,-7.249068037064981],[109.71285634488406,-7.2486334692272],[109.71204504709132,-7.247817228922776],[109.71176678030163,-7.24464213614444],[109.71074572762453,-7.241826702144102],[109.70964738719722,-7.241036772281106],[109.70850029291375,-7.240454753668952],[109.70740207348496,-7.239520151350789],[109.70655223277652,-7.235438988399764],[109.70627209174238,-7.232933166270885],[109.70560345612071,-7.232406753382755],[109.70436085996188,-7.231779158235898],[109.7046812231263,-7.228605770981955],[109.70441956713262,-7.228080513774707],[109.7044218089708,-7.227293704373233],[109.70501219941558,-7.224980232825733],[109.7059225374712,-7.221229660809128],[109.70597426173241,-7.219846142517572],[109.7056704496514,-7.217313128177795],[109.7058435646954,-7.215360140139767],[109.70623128657778,-7.213642936466236],[109.70655340729007,-7.209727937952508],[109.70636448711733,-7.208886425975464],[109.7066153533841,-7.204763172558033],[109.70645348613066,-7.202755074202576],[109.70657684709896,-7.201462174622952],[109.70769761744309,-7.199810329816752],[109.70672580126187,-7.199147442975203],[109.70623808397048,-7.198585292367938],[109.704830706515,-7.195823022898063],[109.70456170343782,-7.195496667006895],[109.70409675928866,-7.195305473905349],[109.70337830267475,-7.195276314922315],[109.70166294609531,-7.195560882495097],[109.70092137863222,-7.195414020520354],[109.69967851474833,-7.195519084903855],[109.69877613546925,-7.195914359744311],[109.69797536647162,-7.196680814871949],[109.69744399885842,-7.196950646999694],[109.69675300898278,-7.197030056560027],[109.69588584974697,-7.196882919205787],[109.69437974654126,-7.196109896682056],[109.69372186307986,-7.195710092741092],[109.69313337393113,-7.195066358740473],[109.6923357338561,-7.194946448718593],[109.69160762221028,-7.195161461539342],[109.69080800503029,-7.194924000556543],[109.69003480307994,-7.19505750616644],[109.68989346401808,-7.194670373365423],[109.69010603682649,-7.194406523576105],[109.69070480481257,-7.193910849220384],[109.69063423522137,-7.193548887263064],[109.6901722414187,-7.193113472310002],[109.69014543362663,-7.192697385018636],[109.68969812049548,-7.192090218669875],[109.68879854868236,-7.19148175808541],[109.68595918515994,-7.187340648941754],[109.68308525679632,-7.185107686930685],[109.68292374450775,-7.184202870106478],[109.68371162019469,-7.182803393349061],[109.68365836968903,-7.18231489698691],[109.68235038630765,-7.180674228994308],[109.68269943941196,-7.179743752934849],[109.68363327559685,-7.17834469366538],[109.68356278799222,-7.177566722218985],[109.68268904949062,-7.177048747143858],[109.6822908579409,-7.176089001014494],[109.68224784756978,-7.174922224118354],[109.68174891097783,-7.174360115024938],[109.68138422803644,-7.174340984667802],[109.68076352499997,-7.174682877805081],[109.68023467778512,-7.174681358315024],[109.67878169697669,-7.172895601743158],[109.67810736908665,-7.172803244623065],[109.67615064174632,-7.174868520932627],[109.67543830721061,-7.175318642236179],[109.67460021646578,-7.175207723664554],[109.67376345123944,-7.174536041683544],[109.67319847608817,-7.174480159641278],[109.67286960839219,-7.174804800653855],[109.67257278508366,-7.17656743362164],[109.6721315926488,-7.177750889938822],[109.67151082744094,-7.178110851619156],[109.6707078962959,-7.178361694172608],[109.66954120965983,-7.178376397326495],[109.6690310960371,-7.178248335014963],[109.66808610145141,-7.177232745913604],[109.66585995904988,-7.177081524865283],[109.66383849493373,-7.177256569479983],[109.66214920185384,-7.177052642920223],[109.66143284459342,-7.176933013386109],[109.65897514835618,-7.175822489834409],[109.65824802118443,-7.175124069194975],[109.65744700085763,-7.174723805711014],[109.65537005772241,-7.174319807195674],[109.65232990755224,-7.172891091184781],[109.65081679514606,-7.172832399773636],[109.64981677216232,-7.171988411163852],[109.64857709069383,-7.172002849314789],[109.64359661331136,-7.173281389258497],[109.64290339888099,-7.173369757470399],[109.63994302379749,-7.173207294562308],[109.63885632821659,-7.173448197929252],[109.63697045365872,-7.176191782068595],[109.63272723121506,-7.180818471890226],[109.63195593725287,-7.182670050078],[109.63036515157675,-7.1842840992192],[109.62946363734588,-7.187102905392136],[109.62803604413968,-7.18891634305432],[109.62737921603387,-7.189113380342096],[109.62588500076438,-7.188891816273342],[109.6250271669548,-7.18921482849714],[109.62474028734144,-7.189765590256925],[109.62342897044586,-7.197584180835136],[109.62284348986782,-7.198233498339134],[109.62147314332516,-7.199142745390511],[109.62005093749943,-7.200458788286761],[109.61783648257847,-7.200696315707959],[109.61689879902434,-7.200946643905014],[109.61616553368454,-7.201351383699697],[109.61484711556994,-7.204259379992844],[109.61372323814716,-7.205431546057867],[109.6124584289137,-7.207643319391392],[109.61161298239232,-7.210308523899351],[109.61127810173858,-7.210795925633954],[109.61027123201525,-7.211199729895676]],[[109.63307327279529,-7.220402915717231],[109.63345122455303,-7.219759537876901],[109.63327260017246,-7.220185862244102],[109.63307327279529,-7.220402915717231]],[[109.6337857719263,-7.218961070742929],[109.63422287230959,-7.216797498948829],[109.6339575341943,-7.218551124239633],[109.6337857719263,-7.218961070742929]],[[109.63669329261143,-7.264571939702385],[109.63679973569691,-7.263894054704276],[109.63672028310054,-7.264675167988482],[109.63669329261143,-7.264571939702385]],[[109.63689605874477,-7.26534744252235],[109.6370912788453,-7.265726250587271],[109.63695124592854,-7.265558512368855],[109.63689605874477,-7.26534744252235]],[[109.63987407049132,-7.20626974217107],[109.64039452277741,-7.207293167099452],[109.64084730231644,-7.208424979777934],[109.63987407049132,-7.20626974217107]],[[109.64095150438449,-7.217796366878284],[109.64095150438449,-7.2177963668782805],[109.64122707736733,-7.21801215261703],[109.64095150438449,-7.217796366878284]],[[109.64276982035207,-7.210312402867401],[109.64522398917491,-7.210780192139159],[109.64334500839743,-7.210476246091313],[109.64276982035207,-7.210312402867401]],[[109.65326345274707,-7.223543047399955],[109.65384618291417,-7.224032577364846],[109.65354293444193,-7.223845484403624],[109.65326345274707,-7.223543047399955]],[[109.66436966596778,-7.244650111164591],[109.66445592958308,-7.244189150714375],[109.66458846332405,-7.243484201900971],[109.66436966596778,-7.244650111164591]],[[109.66463015927991,-7.245555220135234],[109.665680837758,-7.246372231775963],[109.66520301367082,-7.24610862221114],[109.66463015927991,-7.245555220135234]],[[109.66994222761608,-7.232792394544105],[109.67000785714052,-7.231843302829719],[109.66998159112272,-7.232304169521769],[109.66994222761608,-7.232792394544105]],[[109.6858254558204,-7.231581413956357],[109.68654183860271,-7.23203565556194],[109.68673498370428,-7.232279861629941],[109.6858254558204,-7.231581413956357]]]}},{"type":"Feature","properties":{"KECAMATAN":"Karangkobar","DESA_COUNT":13},"geometry":{"type":"Polygon","coordinates":[[[109.66831324868711,-7.286596343624024],[109.66916866263452,-7.288091002041681],[109.67039200604354,-7.291042807120776],[109.67157358653368,-7.29261075594596],[109.67231914183482,-7.29317370935933],[109.67510749935377,-7.291870581239432],[109.67801090562439,-7.28973575543281],[109.67898586749261,-7.288906590647117],[109.6809982653511,-7.286669677265006],[109.6829808120973,-7.284776338719187],[109.68372720757178,-7.284362502739818],[109.68535640475393,-7.284059731243912],[109.68612453544941,-7.284080045652759],[109.68692417818,-7.28412757530887],[109.68797512560637,-7.284510465718433],[109.68983919489601,-7.285881436333765],[109.6912707236355,-7.287169774413596],[109.69255851237831,-7.289018370612842],[109.69483490841526,-7.293935597070109],[109.69825993357566,-7.299733360989249],[109.69929884253425,-7.301843531264729],[109.6991218296854,-7.302259031389138],[109.69943011816093,-7.30254925527595],[109.70029927172047,-7.302669391787544],[109.70072375754809,-7.302887615633399],[109.7008373012466,-7.303656671192146],[109.70154887832106,-7.304834416728282],[109.70187586850682,-7.305296576836068],[109.7026906514072,-7.305651548293779],[109.70290414581805,-7.306104339829353],[109.7030459212227,-7.306900601927629],[109.70359692645532,-7.307924174503854],[109.70371192239743,-7.308476142055341],[109.7035337457647,-7.309606029136749],[109.7036919796159,-7.310393296873912],[109.70392413289176,-7.310773808063673],[109.70529783634696,-7.311926238134062],[109.70955459396825,-7.313132227667877],[109.71029841137984,-7.313134356574877],[109.7107184785654,-7.312945681141869],[109.71195289369813,-7.311655965173721],[109.71258491709436,-7.311965281318693],[109.71516680534133,-7.312415785198771],[109.71713239117295,-7.314166720504357],[109.71838689080697,-7.314079871773579],[109.71941279336006,-7.315529837625919],[109.72014397965069,-7.315694667495741],[109.72022262302279,-7.316508833894328],[109.72095356132029,-7.31746952166903],[109.72136116246453,-7.317488762401282],[109.7228858355077,-7.318632536427613],[109.72381888773488,-7.320199776442165],[109.72438865190057,-7.320400310707158],[109.72544817537532,-7.320385227231976],[109.72575359743078,-7.320485642035959],[109.72600718309796,-7.320902373704532],[109.72662271593673,-7.320135379128254],[109.72704951497681,-7.319865240659429],[109.72664119894885,-7.319122566410025],[109.7265941429934,-7.317042361947466],[109.72732085409491,-7.316601275600857],[109.72729402454871,-7.316185185387518],[109.72771607817573,-7.314793664619608],[109.72805968880532,-7.311692653977252],[109.72852182836965,-7.311124231745355],[109.72856440710615,-7.310382740703741],[109.72890456027874,-7.309397958956486],[109.72879679850725,-7.308891222078285],[109.72816063989816,-7.308138775611368],[109.72824873749151,-7.307596423638729],[109.73044444789623,-7.306978541022009],[109.73179079662034,-7.307633521694056],[109.73237977100214,-7.307454249880041],[109.73310929968159,-7.306615226542325],[109.73329197780981,-7.305557662156958],[109.73614994325172,-7.303340926786361],[109.73640064411316,-7.302871361490756],[109.73647017581138,-7.301089947475071],[109.7368744175939,-7.300864941615623],[109.73698175762085,-7.299635367393896],[109.73730031102156,-7.298379167538269],[109.73777736491886,-7.29823574074273],[109.73800932863026,-7.297974174744897],[109.73777371174059,-7.297114357944738],[109.73715721731483,-7.296832246532035],[109.73661293802702,-7.296206745484128],[109.7370292533313,-7.294923693141685],[109.7379832312304,-7.294067200087838],[109.73842542487043,-7.293435413294407],[109.73875196121037,-7.292658542703514],[109.73853439611935,-7.291726441715401],[109.73861786360588,-7.291310658005006],[109.73910965132144,-7.29107685077636],[109.73952479521749,-7.290074179221796],[109.73975071414057,-7.289568373365346],[109.74021676397072,-7.289189822674452],[109.74098423118154,-7.289056331912259],[109.7413322270868,-7.288695534881416],[109.74152210719237,-7.286570768161442],[109.74228514789817,-7.285478641008156],[109.74224775295656,-7.284158150002273],[109.74342945056911,-7.282750626457525],[109.74555800752849,-7.281282339723774],[109.74601634335649,-7.280234568022584],[109.74611708738213,-7.279402811054453],[109.74600862170944,-7.278416762308884],[109.74450827740316,-7.274125840446111],[109.74455996975227,-7.273664756309751],[109.74407972353347,-7.272306869296767],[109.74452839568153,-7.271078142521115],[109.74562828132503,-7.26912777415354],[109.74523967449366,-7.267498794264234],[109.74548629746613,-7.266332889747887],[109.74527025288788,-7.265952441680137],[109.7454973972038,-7.265292829870143],[109.74557052991891,-7.264316325228225],[109.7451889079878,-7.263239102182244],[109.74519448395863,-7.262036272671764],[109.74410101777943,-7.260658607414244],[109.74193165752305,-7.258735356256558],[109.7392090827709,-7.257054693269633],[109.73900607266746,-7.256475267923975],[109.73891917539339,-7.254747754641582],[109.73852667046744,-7.252919751406918],[109.7378156848465,-7.251190505512689],[109.73721990091381,-7.250411067673459],[109.73638718730473,-7.249703305927556],[109.73558858616825,-7.249484080300145],[109.73130421668799,-7.249716274356469],[109.72677113837223,-7.249215250469152],[109.72496429353619,-7.249029349753877],[109.72080033765005,-7.249017652848655],[109.71807410873006,-7.248313572990535],[109.71749989013948,-7.248293870042674],[109.71481884371958,-7.248620937200534],[109.71105848975549,-7.249704530492419],[109.70923979456396,-7.249699370196796],[109.70830580587939,-7.249931894161147],[109.70762618383873,-7.250761987420167],[109.70537067194833,-7.252202523973348],[109.70042068051873,-7.251817592809682],[109.69787494145069,-7.251258668810946],[109.69616289883284,-7.251172384942246],[109.69379900293244,-7.251834776263602],[109.69230099213465,-7.253015206040769],[109.69058301078623,-7.255008840935848],[109.68858872749915,-7.256323449710688],[109.68358996800156,-7.258714622672943],[109.67536087150512,-7.261837822089794],[109.67254260830548,-7.263755821985488],[109.67041427635854,-7.264635852499975],[109.67001559093562,-7.265566154223698],[109.66992717010051,-7.266099532855541],[109.6700554565208,-7.266561123340435],[109.67333415272569,-7.268713959671565],[109.67611214108733,-7.27079307265719],[109.67659544643668,-7.271210491004336],[109.67666091282437,-7.271653814229555],[109.67637088861837,-7.273579203746186],[109.67525353148896,-7.276831659565061],[109.67334724820121,-7.279665701396988],[109.6701129764827,-7.282866628007995],[109.66900673063002,-7.284554523290476],[109.66831324868711,-7.286596343624024]],[[109.68372720757178,-7.284362502739818],[109.68654079687414,-7.27515528917058],[109.68735177709266,-7.272678920372933],[109.68372720757178,-7.284362502739818]],[[109.6991755873847,-7.270483177812422],[109.6996889721528,-7.271756630810543],[109.69919976691823,-7.270733328904787],[109.6991755873847,-7.270483177812422]],[[109.6994304650043,-7.267058060014868],[109.69948647063558,-7.266571553277734],[109.6994557952394,-7.266935715571796],[109.6994304650043,-7.267058060014868]],[[109.6998406618314,-7.263494784048327],[109.69985980502626,-7.263328491961995],[109.70009325968948,-7.26285889926451],[109.6998406618314,-7.263494784048327]],[[109.70009325968948,-7.26285889926451],[109.70109374343775,-7.261767530771376],[109.70280357034973,-7.260271126693789],[109.70009325968948,-7.26285889926451]],[[109.70675183838694,-7.274495858184898],[109.70712899885794,-7.275974201186672],[109.70683116044475,-7.275141327243293],[109.70675183838694,-7.274495858184898]],[[109.71504932205117,-7.293270003941005],[109.7168514389758,-7.292786776538992],[109.71839641111825,-7.292329937647136],[109.71869251958326,-7.2922970187543825],[109.71504932205117,-7.293270003941005]],[[109.71673906577765,-7.265004429009088],[109.71951201682641,-7.264062692500906],[109.7204980997586,-7.2638367575834195],[109.71673906577765,-7.265004429009088]],[[109.72163198937463,-7.263484536637506],[109.72283141387439,-7.262824004485696],[109.72201900590933,-7.263364317413333],[109.72163198937463,-7.263484536637506]],[[109.72201900590933,-7.263364317413333],[109.72433662377618,-7.26639144491572],[109.72444417810507,-7.266587360385424],[109.72201900590933,-7.263364317413333]],[[109.72501057488654,-7.267619079820786],[109.7252714630426,-7.26809430035501],[109.72536142338028,-7.268374221283263],[109.72501057488654,-7.267619079820786]],[[109.72568662007001,-7.269386104537717],[109.72610055212746,-7.270674097099266],[109.72612096077376,-7.27108370844463],[109.72568662007001,-7.269386104537717]],[[109.7260980582703,-7.252680305936314],[109.72680345228461,-7.251801852429255],[109.72644650948598,-7.252325369894913],[109.7260980582703,-7.252680305936314]],[[109.72613887546943,-7.274246454513283],[109.72623582407982,-7.273389070233787],[109.72626368908601,-7.273948334307834],[109.72613887546943,-7.274246454513283]],[[109.72696027517698,-7.252706657515631],[109.72881607425188,-7.253390172747146],[109.72911545175643,-7.253622735843384],[109.72696027517698,-7.252706657515631]],[[109.73060508674402,-7.275561196766684],[109.73336077160482,-7.280687688642045],[109.73339018824933,-7.280810043023338],[109.73060508674402,-7.275561196766684]],[[109.73161703019024,-7.256200610673706],[109.73201395939341,-7.256709063862752],[109.73237350654831,-7.257392013237105],[109.73161703019024,-7.256200610673706]],[[109.73250345677589,-7.265039705847332],[109.73263398347996,-7.264763243800027],[109.7325089907399,-7.265889837295689],[109.73250345677589,-7.265039705847332]],[[109.73278511467376,-7.264443140419239],[109.73286166216371,-7.264281009030581],[109.73342809525526,-7.263622443939899],[109.73278511467376,-7.264443140419239]],[[109.73306322150785,-7.258702106763531],[109.73321076678836,-7.258982364737042],[109.73372494896122,-7.262022500084871],[109.73306322150785,-7.258702106763531]],[[109.73342809525526,-7.263622443939899],[109.73372494896122,-7.262022500084871],[109.73368668791385,-7.262564995859108],[109.73342809525526,-7.263622443939899]]]}},{"type":"Feature","properties":{"KECAMATAN":"Madukara","DESA_COUNT":20},"geometry":{"type":"Polygon","coordinates":[[[109.68037191409286,-7.388506631989075],[109.68053003878644,-7.390550961322151],[109.68204682381608,-7.392671550388019],[109.68385316631847,-7.391184741730492],[109.68429051485593,-7.389476798633388],[109.68461929562008,-7.388862845392698],[109.68514380113224,-7.38880109968029],[109.68838643930141,-7.390130996920006],[109.68944616374458,-7.390378236144488],[109.69210539509069,-7.389988115844813],[109.69287964044845,-7.389312168520668],[109.69355108023439,-7.388183653518866],[109.69389159269794,-7.38802189996037],[109.69665028927508,-7.389296073636426],[109.69717344458365,-7.389415143514093],[109.69763199597082,-7.389326065250842],[109.69781641347102,-7.389001012005605],[109.69769435179865,-7.388439980184224],[109.69685233807833,-7.38741553944184],[109.69663115100778,-7.386854218153441],[109.69689443865076,-7.386457061944901],[109.69811912354074,-7.386569226408532],[109.69846062676648,-7.386425464724183],[109.69889651925125,-7.386752327185569],[109.70094702104797,-7.387427476572244],[109.70352846910716,-7.387679199680226],[109.70406578749977,-7.387373251403534],[109.70408075307652,-7.386903035042877],[109.70379364059765,-7.386531400459751],[109.70236990382018,-7.385487285800469],[109.70234473504898,-7.384998869673135],[109.70265941457845,-7.38472844234564],[109.70336670218327,-7.384694330160327],[109.70479290644856,-7.385096396095297],[109.70714637853608,-7.386061821985714],[109.71048358742382,-7.386541735959265],[109.71112522186516,-7.386480296957263],[109.71299919162435,-7.385852691188199],[109.71658568240703,-7.385998643347174],[109.72012534686468,-7.384299548963697],[109.72080651489763,-7.384283417467298],[109.72135479765574,-7.384628666004452],[109.72307624874612,-7.386903532914753],[109.7239261885856,-7.387376227065578],[109.7247508593655,-7.387387625963703],[109.72600259448669,-7.386957104252468],[109.72749199747393,-7.385858072600285],[109.72871040461456,-7.385481697919956],[109.7349869160683,-7.388411537883814],[109.73679211683184,-7.388769373370465],[109.73795746097662,-7.388745545258577],[109.74047688469766,-7.386627378292355],[109.74113174874645,-7.38651168169808],[109.74157670968847,-7.386630480411988],[109.74185111571366,-7.386911641695335],[109.74315425861846,-7.388904972786566],[109.74450026585579,-7.389849295896214],[109.74603067825704,-7.390278657718094],[109.74834741827225,-7.390547377570497],[109.75028836531219,-7.391176889125989],[109.75123625293067,-7.388629191215628],[109.75289493929013,-7.386020182388408],[109.75309484562862,-7.385405802103773],[109.75306400879914,-7.384600807190383],[109.75334660956554,-7.383959441453623],[109.75438659537024,-7.384016595193559],[109.75494691129325,-7.384398007879827],[109.75586791744213,-7.385784256590304],[109.7584451130816,-7.38525786895826],[109.75887442021504,-7.385313314100102],[109.76030866199645,-7.386104126184231],[109.76087009503556,-7.386087601191052],[109.76115152711485,-7.385889460227039],[109.76169921926498,-7.384905139774614],[109.76170050289099,-7.384443915203109],[109.76119260501129,-7.38291415146821],[109.76152368760705,-7.382670847615512],[109.76335512201082,-7.383164276950395],[109.76451305699898,-7.382444037560233],[109.76469638860546,-7.381766219336344],[109.76452018545322,-7.379875607598984],[109.76472019785064,-7.379216009517441],[109.76660678713364,-7.377674688978415],[109.76702393792785,-7.376075055650244],[109.7678620689732,-7.374404336643162],[109.76825620911325,-7.372207778692127],[109.76851666748347,-7.371593462996685],[109.76957626079037,-7.370601584255939],[109.77054732756122,-7.370369163626078],[109.77128050091582,-7.370371178132176],[109.77201524366284,-7.369939091455079],[109.77260389835756,-7.368981988154973],[109.77260987182396,-7.366811572833559],[109.77367656584222,-7.365783442047137],[109.77487076069015,-7.364186012897361],[109.77557613490654,-7.363916593128858],[109.77623836349542,-7.364207837276978],[109.77669962543324,-7.364154846063679],[109.77595086753415,-7.363519680676469],[109.77467275248986,-7.363091121740772],[109.77403781502532,-7.362573901288361],[109.77323646883907,-7.360392141440856],[109.77286297776122,-7.359794258425753],[109.77104047999086,-7.357220803807405],[109.76989037020516,-7.356349439665076],[109.76966144959557,-7.356014168569483],[109.76976014944371,-7.355218657158329],[109.76955391262354,-7.354566889568857],[109.76965116781852,-7.353997422999161],[109.76890589698503,-7.353543188978241],[109.76846105728707,-7.352764178650555],[109.76782131085952,-7.35223789756027],[109.7677914606134,-7.351360565664866],[109.76743660816487,-7.350590844090413],[109.76688908843391,-7.350399458191219],[109.76563741838189,-7.349446430380133],[109.76492279050743,-7.348368201141025],[109.76392962518004,-7.347479175156663],[109.76346509618486,-7.345235042842975],[109.76205050519985,-7.343078711214611],[109.76107694308055,-7.341077397350296],[109.7609869742146,-7.340227026824813],[109.76112753125831,-7.339666724414302],[109.76087920806744,-7.339060049217564],[109.76062482931233,-7.338833299171693],[109.75940229517745,-7.338703247068576],[109.7566189086952,-7.3398803137547],[109.75517024344731,-7.340057139193884],[109.75313802068186,-7.339445603918135],[109.75069081604569,-7.337946619650965],[109.75000056080371,-7.337682394244777],[109.7485494747406,-7.33819383268734],[109.74549212796465,-7.338266772697307],[109.74341758806695,-7.338025795527238],[109.74202401316788,-7.337605879065883],[109.74147665640376,-7.337287790374472],[109.74051651324835,-7.335865256045891],[109.73844872039442,-7.333924136714685],[109.73749423604768,-7.333415022569448],[109.7360978508597,-7.331801287612056],[109.73459543312133,-7.330974072962519],[109.7326541498128,-7.330272293811016],[109.7309756092637,-7.328657752231567],[109.7281534899371,-7.326434082242035],[109.72775811136519,-7.32602599195057],[109.72784425681442,-7.3257006394133],[109.72623898452787,-7.324809819142676],[109.72430278281182,-7.324017606715365],[109.72310161191493,-7.324855179209982],[109.72274791785377,-7.326020839904899],[109.72227895655688,-7.326589232633144],[109.7223087875465,-7.327837357693679],[109.72198760101874,-7.329283405134456],[109.72198556424291,-7.329997882618938],[109.72243965553467,-7.331084460569627],[109.7224530703583,-7.331645180945036],[109.72147283114505,-7.331036413197312],[109.72111019393205,-7.33114397397524],[109.7208067337326,-7.331531998531437],[109.7199406809553,-7.333283913269192],[109.72036013847017,-7.334596439146086],[109.71985796980212,-7.336168642867024],[109.71884918065459,-7.336843992490901],[109.71796296356001,-7.337700615236664],[109.71781806742585,-7.338089088926778],[109.7180009889435,-7.338767925750682],[109.71917491448623,-7.339847428364343],[109.71914786343464,-7.340191029631238],[109.71818148003746,-7.340269648585483],[109.71715289269106,-7.340655598736113],[109.71437863628469,-7.34060245644078],[109.71404880638188,-7.340909022752182],[109.7135021607806,-7.342300160770495],[109.71244088687484,-7.343997332102807],[109.7113121682254,-7.345404879020053],[109.71069865946696,-7.345421200489178],[109.7101711026245,-7.345211633815987],[109.70940619491645,-7.344630672259034],[109.70902354529885,-7.344602446586578],[109.70795240560096,-7.345078667609892],[109.70758042658125,-7.345493607412547],[109.70751043238354,-7.346090251555323],[109.70825335986737,-7.347919185645438],[109.70870797765508,-7.34860784818564],[109.70876594535665,-7.349123485210774],[109.70820912515818,-7.349501725893031],[109.70648092282923,-7.349912756084575],[109.70596402435285,-7.350200691200392],[109.70615869080318,-7.351512576396938],[109.70659296796384,-7.352363933700978],[109.70647271510278,-7.353032766033019],[109.70423591152816,-7.354572714535619],[109.70244569526616,-7.354956420625368],[109.70167488429946,-7.356328801720544],[109.70130040698506,-7.356210174294025],[109.70048793520883,-7.354390071952813],[109.70013061685555,-7.354099610554749],[109.69972144100349,-7.354252223491788],[109.69888327509288,-7.355307852797818],[109.69847409783529,-7.355460464319177],[109.698302775135,-7.355758343250762],[109.6986291486127,-7.356645559663403],[109.69828230516606,-7.356861643765845],[109.69734460303181,-7.356904127424447],[109.6970587496672,-7.35718358925861],[109.69697433283058,-7.358160119257642],[109.69656468928788,-7.35885522933168],[109.69531891225553,-7.359801162309461],[109.6944423878181,-7.359943366025596],[109.69399436249519,-7.359815385834903],[109.69352515140143,-7.35995877506828],[109.69278904392597,-7.360870018995742],[109.69218476188671,-7.363518011735649],[109.6915218171801,-7.364872598613936],[109.69133005492795,-7.366074762706628],[109.69163126205376,-7.367694466332244],[109.69141577024534,-7.368887609499379],[109.69123352073588,-7.369239792393619],[109.69006049218005,-7.369995950552251],[109.68835781536112,-7.3721614143031],[109.68809209187327,-7.373209739698872],[109.68778051524433,-7.373543367129394],[109.68649298785485,-7.376062752947345],[109.6864420243069,-7.378070213663874],[109.68563199113385,-7.378981310491868],[109.68520899688536,-7.380616876935506],[109.6845127268905,-7.381627763438943],[109.68402400919656,-7.381942781554656],[109.68249781468798,-7.382426621316334],[109.68189837257117,-7.382949448642965],[109.68152204605121,-7.383753134222223],[109.6807818986823,-7.386482065366259],[109.68037191409286,-7.388506631989075]],[[109.71048358742382,-7.386541735959265],[109.71034154027794,-7.38426235460302],[109.7103839846091,-7.383623839623897],[109.71048358742382,-7.386541735959265]],[[109.68616798113607,-7.383730661906956],[109.68700105954674,-7.383689747835824],[109.68650944107881,-7.383803999751814],[109.68616798113607,-7.383730661906956]],[[109.69716289408072,-7.38141158445735],[109.69774320812998,-7.381703772996071],[109.69774320812998,-7.381703772996074],[109.69716289408072,-7.38141158445735]],[[109.70563176094429,-7.373595400648001],[109.70620096321447,-7.372671087624182],[109.7061087202262,-7.372846226995716],[109.70563176094429,-7.373595400648001]],[[109.70628464490433,-7.372512203368085],[109.70670369329903,-7.370632271202841],[109.70641788282248,-7.372259227985469],[109.70628464490433,-7.372512203368085]],[[109.70670369329903,-7.370632271202841],[109.70728105229605,-7.369801919555349],[109.70751026307421,-7.369551220242894],[109.70670369329903,-7.370632271202841]],[[109.71040669320072,-7.3832822209549995],[109.7104401093471,-7.382779522257123],[109.71072952302185,-7.380501386219626],[109.7108904118402,-7.379910619260807],[109.71040669320072,-7.3832822209549995]],[[109.71082948096756,-7.367373221497085],[109.71105007906445,-7.3672639258346395],[109.71098566542071,-7.367307502248661],[109.71082948096756,-7.367373221497085]],[[109.71324131493627,-7.3761635958256235],[109.71365867920214,-7.374953260513862],[109.71335310662639,-7.375960043680344],[109.71324131493627,-7.3761635958256235]],[[109.72062381264055,-7.383550419590817],[109.72116678304477,-7.378333782535167],[109.72124000517816,-7.377913753479354],[109.72062381264055,-7.383550419590817]],[[109.72132484809721,-7.377427063327935],[109.72141574905025,-7.37690562206817],[109.72190975692669,-7.375414778876642],[109.72132484809721,-7.377427063327935]],[[109.72188175162309,-7.363269136961264],[109.72290819226242,-7.364565313534206],[109.72247903749386,-7.36407574187696],[109.72188175162309,-7.363269136961264]],[[109.72290647478502,-7.359789153467722],[109.72305605599279,-7.359591753892785],[109.72372319245987,-7.359114349441298],[109.72290647478502,-7.359789153467722]],[[109.72308552232997,-7.366992068918412],[109.72320516995887,-7.365642314932722],[109.72318722554857,-7.366483331347555],[109.72308552232997,-7.366992068918412]],[[109.72613640602135,-7.34255318783895],[109.7286955511961,-7.343401511729277],[109.72963493052767,-7.343807839139715],[109.72613640602135,-7.34255318783895]],[[109.72661139976691,-7.366240755405919],[109.72760613407146,-7.366030951344991],[109.7274107731985,-7.366124556300512],[109.72661139976691,-7.366240755405919]],[[109.72805585570347,-7.36581547230498],[109.72851034693579,-7.365294075200197],[109.72819886718548,-7.365746949968806],[109.72805585570347,-7.36581547230498]],[[109.73041945118705,-7.34414718261604],[109.73315732357862,-7.345331446056366],[109.73336388804685,-7.345530828026804],[109.73041945118705,-7.34414718261604]],[[109.73235294525044,-7.353937811099553],[109.73235303770673,-7.35393771016167],[109.73762351030213,-7.3575348827871],[109.73775026821318,-7.357656928463581],[109.73235294525044,-7.353937811099553]],[[109.73369941462761,-7.36361022849387],[109.73440820633634,-7.363720734622397],[109.73544350999715,-7.364013089179549],[109.73369941462761,-7.36361022849387]],[[109.73544350999715,-7.364013089179549],[109.73636262070919,-7.364820498410756],[109.73594904517442,-7.364520950134634],[109.73544350999715,-7.364013089179549]],[[109.73679799262116,-7.382411716211783],[109.73719978696371,-7.3796416722766],[109.73713384807641,-7.380594895576595],[109.73679799262116,-7.382411716211783]],[[109.73707115585802,-7.378125754772238],[109.73726019248528,-7.378768440213579],[109.73722676025919,-7.379251741921842],[109.73707115585802,-7.378125754772238]],[[109.73729741207953,-7.364126823959422],[109.73843360096942,-7.362872939268336],[109.7379819849312,-7.363504686165209],[109.73729741207953,-7.364126823959422]],[[109.73807905455037,-7.357973492144782],[109.73829231864067,-7.358178828127023],[109.73860588449425,-7.359002700085745],[109.73807905455037,-7.357973492144782]],[[109.73860588449425,-7.359002700085745],[109.73865756917009,-7.361146215711179],[109.73862219037106,-7.361418974993682],[109.73860588449425,-7.359002700085745]],[[109.74148242904717,-7.364859750634758],[109.74201799909984,-7.364970600544466],[109.74165164152899,-7.364916864351268],[109.74148242904717,-7.364859750634758]],[[109.74225979514628,-7.365006066439263],[109.74225979514628,-7.365006066439262],[109.74321396709932,-7.364116346870223],[109.74225979514628,-7.365006066439263]],[[109.74458082045113,-7.3813744209258285],[109.74458082045113,-7.381374420925828],[109.74476887229712,-7.380643540307874],[109.74458082045113,-7.3813744209258285]],[[109.74545817707536,-7.381350807221465],[109.74651595062313,-7.381236257833565],[109.745808652975,-7.381379032662994],[109.74545817707536,-7.381350807221465]],[[109.74667522820803,-7.366278468093435],[109.74680570980534,-7.36567284711426],[109.74689981226075,-7.365508313990403],[109.74667522820803,-7.366278468093435]],[[109.75148292452201,-7.381440138764921],[109.75256269741763,-7.382944380049451],[109.75284364480744,-7.383505852154512],[109.75148292452201,-7.381440138764921]],[[109.75829053950723,-7.376720161821349],[109.75896649061403,-7.3750425433821265],[109.75896649061403,-7.37504254338213],[109.75829053950723,-7.376720161821349]],[[109.75913517151507,-7.38267325937866],[109.76023706374212,-7.381826199082281],[109.7605507051525,-7.381728390276542],[109.75913517151507,-7.38267325937866]],[[109.76081568185334,-7.372892583598396],[109.76254771097513,-7.3713960615059975],[109.76235078531077,-7.371621652601904],[109.76081568185334,-7.372892583598396]],[[109.7610105088573,-7.38142147117393],[109.7613163072977,-7.381031828901977],[109.76123998972248,-7.381268292631716],[109.7610105088573,-7.38142147117393]],[[109.76287064943952,-7.371026114590574],[109.76330650677376,-7.370268410738997],[109.7632013317329,-7.370647296617785],[109.76287064943952,-7.371026114590574]],[[109.76692165668854,-7.360763695685782],[109.76698973786556,-7.359995137135461],[109.76709954585867,-7.359790643996319],[109.76692165668854,-7.360763695685782]]]}},{"type":"Feature","properties":{"KECAMATAN":"Mandiraja","DESA_COUNT":16},"geometry":{"type":"Polygon","coordinates":[[[109.45421666299949,-7.511483048071755],[109.45720232713136,-7.51313028341279],[109.45785470177346,-7.513774648695497],[109.46015843535808,-7.516260352222885],[109.46149718567771,-7.518444320495418],[109.46225614504081,-7.519378359772589],[109.46412464151271,-7.51931258043935],[109.46564615516922,-7.520077510516666],[109.46685735988349,-7.521826976192762],[109.46757911671915,-7.522381076669211],[109.46879149012355,-7.522331067695115],[109.47182528301997,-7.521111833626884],[109.47347942307874,-7.520086763343109],[109.47816504801129,-7.518493420254476],[109.48182025345335,-7.517864096211383],[109.4825620786736,-7.517550143116579],[109.48318626564776,-7.517181536851663],[109.48322193941567,-7.516611997031706],[109.48282133389564,-7.515615939277136],[109.48274016763371,-7.514783720942911],[109.48306318608138,-7.513808155852832],[109.4841307109054,-7.511849619394745],[109.4848062596692,-7.511209960825863],[109.48665200752046,-7.510673694184114],[109.48777269115348,-7.510858462562001],[109.49127945850363,-7.509966257316278],[109.49249921610797,-7.508351767321638],[109.49314932113393,-7.507784332086084],[109.49484833806123,-7.507500758008475],[109.4958629031749,-7.506518594925809],[109.49733718372794,-7.503729459480285],[109.49757706502521,-7.502735509271794],[109.4974862390765,-7.503359201753417],[109.49786353946047,-7.503252000531633],[109.49828322610541,-7.503551784406661],[109.49839155573288,-7.506319303707399],[109.49878723095087,-7.508762151828151],[109.49920548417066,-7.509568402480907],[109.50000021937797,-7.510421143685693],[109.50040394554314,-7.510431563457478],[109.5024492013946,-7.50951618861851],[109.50313840152575,-7.509355711150742],[109.504984193433,-7.50921734321753],[109.50778324972458,-7.508693356226589],[109.51091859945076,-7.509463527125498],[109.51278727192206,-7.509497072178785],[109.51834298833151,-7.510863227515566],[109.52146257282132,-7.512465228471298],[109.52191717631462,-7.511417823099921],[109.52191580042354,-7.510233176939959],[109.52238451117009,-7.509520425109621],[109.52364171958732,-7.50835809256213],[109.5241319101879,-7.507256466050557],[109.52508800796743,-7.506536305857979],[109.52525466198178,-7.506148011453848],[109.52657305505444,-7.504805052049009],[109.52698478704012,-7.504634562582314],[109.52710285768511,-7.502763105974629],[109.52687164886729,-7.501731474381532],[109.52620072263197,-7.500662205113743],[109.52631568697952,-7.500002415449425],[109.52704661750101,-7.499625051196112],[109.52884054266893,-7.499504481874104],[109.5314589673331,-7.499621726039731],[109.53368946846624,-7.499005246446351],[109.53412884525613,-7.4982742054836],[109.53989580803531,-7.494694318171797],[109.5423397627027,-7.491935307242207],[109.54367506406467,-7.489814619194081],[109.543867056693,-7.489055621844126],[109.54390327316031,-7.488296199665514],[109.54341200779099,-7.4865040780613],[109.54253200483954,-7.484782999521244],[109.54160112668782,-7.484074534113438],[109.5406979842597,-7.48259757698745],[109.53848383806326,-7.479786875309119],[109.53829848860171,-7.478818685419612],[109.53832750595909,-7.47750755496856],[109.53867956587032,-7.475591652355605],[109.53848561123785,-7.47525639968997],[109.5375581026848,-7.475316613461167],[109.53593464976683,-7.474551688925261],[109.53554047951866,-7.474640791364954],[109.53523255868227,-7.475616384559522],[109.53538097337527,-7.476792486493236],[109.53520962554964,-7.477072190341701],[109.53457947250789,-7.477196762294751],[109.53388155498087,-7.476941202897983],[109.53275809659073,-7.475653366589068],[109.5323880928613,-7.475552684235057],[109.5315780665225,-7.475803228354963],[109.53038108222898,-7.476956676307506],[109.52955833333793,-7.476944893087273],[109.52854537133639,-7.476308552045294],[109.52786029235594,-7.476125355120092],[109.52717225137836,-7.476232255243686],[109.52591660689649,-7.473324645069847],[109.52361000211027,-7.466362945040492],[109.52372800485634,-7.465884075065708],[109.52427952167236,-7.465388571458247],[109.52577164841864,-7.464950453088187],[109.52651731479011,-7.464392306619883],[109.5269669087064,-7.464303395597337],[109.52920522587758,-7.461380922609345],[109.5306203325288,-7.460354769371692],[109.53130743929532,-7.459497972269687],[109.53241071738202,-7.459275519533981],[109.53279798109004,-7.458788497465619],[109.5327939948507,-7.458101273449825],[109.53257101838118,-7.457802088191605],[109.53322104914174,-7.456881876078002],[109.53373613258942,-7.455744139178222],[109.53316587861342,-7.454738509797367],[109.53326249682166,-7.45439517945241],[109.53312162404725,-7.452143036138108],[109.53339611767466,-7.449621037421575],[109.5330523558298,-7.446735166486451],[109.5331705779618,-7.442431107386834],[109.53261084181408,-7.438938770489147],[109.53259491813962,-7.437952970521788],[109.53145895068265,-7.438654592470955],[109.5302969278101,-7.439799226498964],[109.52933502069091,-7.441306162454508],[109.52888084197912,-7.44165734617466],[109.5283008353813,-7.441881446308419],[109.52667463284538,-7.442047912151338],[109.5252592736335,-7.441826128326215],[109.52469240280487,-7.44194177467048],[109.52452598109218,-7.442248705989927],[109.52470603603652,-7.444880788145839],[109.52458540298593,-7.44565809573686],[109.52403977568585,-7.446433986862138],[109.52307699809668,-7.446828581869705],[109.51927021119437,-7.446815868340558],[109.51850990620277,-7.447536786484125],[109.51848128832384,-7.449562327851991],[109.5183924724944,-7.449959834753058],[109.51793202078697,-7.450238654688],[109.51738523325702,-7.450110249420939],[109.5152478786108,-7.448032245594183],[109.51406887156975,-7.447214420376863],[109.51371910930506,-7.447168041530688],[109.51314889866774,-7.447518815927748],[109.51279537260216,-7.448566563372018],[109.5125435387184,-7.451468504937076],[109.51261341967461,-7.450573501928083],[109.51213209704902,-7.450571884087938],[109.51088858668662,-7.449410186025527],[109.50654180318935,-7.44759602963188],[109.50622491451342,-7.447703542505522],[109.50610456796977,-7.449312697758141],[109.50561318427377,-7.449944086673556],[109.50518071862896,-7.45014152728053],[109.50466370913082,-7.449913666742263],[109.50391929147352,-7.44876277018447],[109.50305832588099,-7.448099689996212],[109.50245389589801,-7.448097645886928],[109.50161861888223,-7.448384220135005],[109.49922982642401,-7.449578843252734],[109.4984097119417,-7.448065865867471],[109.49793271246769,-7.44747649737733],[109.49695017832495,-7.446758749600196],[109.49623091818073,-7.446892011713395],[109.49465300118092,-7.449084043247564],[109.49435891929818,-7.449381393049625],[109.49390076290797,-7.449488415708542],[109.49358715325738,-7.449378767270658],[109.4914131029383,-7.446821378405872],[109.49083125141519,-7.445679971710021],[109.48996094206288,-7.443280716634137],[109.4890375178653,-7.44234617567801],[109.48863920755498,-7.442191031643034],[109.48774882860207,-7.442187993545906],[109.48747145059708,-7.442494527150005],[109.48759129972174,-7.443381123639274],[109.48740459074169,-7.444085855778139],[109.48657278071038,-7.444996324077785],[109.48574200288876,-7.445517945618637],[109.48540448804428,-7.44545350535732],[109.48488422211581,-7.445026714440016],[109.48397035554586,-7.442943735600589],[109.48332913461553,-7.44195590566992],[109.48228774490212,-7.441246971697921],[109.48087521560588,-7.441368703449029],[109.48047546595572,-7.441611526292244],[109.48034974815747,-7.442433993673393],[109.48050222181095,-7.442714783110444],[109.48200339881409,-7.44357899176021],[109.48209428149752,-7.443913905424881],[109.48040090951079,-7.445409242784423],[109.47874147289215,-7.445855678547877],[109.47657085115058,-7.445540737976292],[109.47623629853102,-7.445268271538556],[109.4755391440293,-7.444171750764763],[109.47499771723034,-7.44198155374357],[109.47472403659222,-7.441799704664413],[109.4738709351345,-7.441733481351315],[109.47310838826691,-7.441857516224038],[109.47225296679133,-7.442397107227431],[109.47191369240372,-7.443490057131561],[109.47230489673353,-7.444983503385842],[109.47330278573283,-7.447292806322443],[109.4732997185325,-7.448178977215178],[109.47373364830678,-7.449265553143949],[109.47443919397143,-7.450398359878847],[109.4746873377525,-7.452650833158332],[109.4744679296827,-7.453147412551343],[109.47156216063657,-7.455144896289832],[109.47151461363816,-7.455542527748559],[109.47096432885678,-7.456255030536387],[109.47037097241767,-7.457473758898007],[109.46957081956732,-7.458049692053236],[109.4686429427629,-7.458317793747423],[109.46790107193236,-7.458116235637228],[109.46668835857015,-7.458229652390974],[109.46576077997736,-7.458497658226856],[109.46531389486236,-7.459011522428811],[109.46408157450148,-7.461747141665826],[109.46347535046195,-7.462513681203713],[109.46367154189444,-7.462830880990236],[109.46389508065035,-7.464088597583666],[109.46671735637938,-7.46794146017581],[109.46711010421905,-7.475158909979815],[109.46672075401864,-7.477933620394235],[109.46689844355251,-7.480963533897578],[109.46760001432622,-7.481291441620959],[109.47110449067912,-7.481095672212433],[109.47186611027048,-7.482310052112388],[109.47225730171533,-7.481705493468585],[109.4717159407015,-7.4827616619959],[109.47188849748525,-7.483133023706833],[109.4723516333711,-7.483387771943298],[109.47260101867391,-7.484374265097405],[109.47323848004768,-7.485244572806919],[109.47320520279565,-7.48576891477483],[109.47235286675875,-7.485973988924696],[109.47211368566484,-7.486262555567083],[109.47217661239523,-7.486986128516692],[109.472611612626,-7.487683959950121],[109.47385591792953,-7.486738807440937],[109.47087493426403,-7.489043365543927],[109.46796795149474,-7.487414599240527],[109.4674611195258,-7.487349550526758],[109.46705328980634,-7.487537987738668],[109.46636336677498,-7.489389397693295],[109.4657811435073,-7.490137844326656],[109.46449137818347,-7.49023288707816],[109.46279927633059,-7.489928546975557],[109.46239775017574,-7.490107960217898],[109.46143177793135,-7.492184412099411],[109.46119230984216,-7.493530918895373],[109.461703429286,-7.494717316228434],[109.46176535284287,-7.499274978273341],[109.46139940358847,-7.499554051888738],[109.46068996159325,-7.499759506409861],[109.45909433726156,-7.499545980897757],[109.45869226659873,-7.499707305223349],[109.45847119170159,-7.50000496519727],[109.45851043666501,-7.501017846713167],[109.45909879772556,-7.502864582551063],[109.45929084641305,-7.504700888435127],[109.45910691983764,-7.505948137290305],[109.45859647252053,-7.506968131356925],[109.45614286106742,-7.509410096005143],[109.45433867638526,-7.510931903235467],[109.45421666299949,-7.511483048071755]],[[109.47359809615371,-7.456818475462616],[109.47432000103562,-7.456907136187814],[109.47387470092052,-7.456943325801165],[109.47359809615371,-7.456818475462616]],[[109.47465857889712,-7.456879619909508],[109.47621041502052,-7.456453953975553],[109.47504962447258,-7.456847839571488],[109.47465857889712,-7.456879619909508]],[[109.47505607697634,-7.505135682015401],[109.47624413664502,-7.502634955426239],[109.47588820052849,-7.503601359626398],[109.47505607697634,-7.505135682015401]],[[109.47543910508097,-7.498255597576751],[109.47598314681915,-7.500128782368591],[109.47590132523483,-7.500002347857692],[109.47543910508097,-7.498255597576751]],[[109.49370164402079,-7.458874094534806],[109.49388791714276,-7.456243283950951],[109.49404363013419,-7.455077266334253],[109.49370164402079,-7.458874094534806]],[[109.4974418661167,-7.472160533978825],[109.49829088664016,-7.47191441979118],[109.49788782652512,-7.472090696945211],[109.4974418661167,-7.472160533978825]],[[109.49906847753437,-7.471574342704125],[109.49958193924475,-7.471210268679018],[109.49922135197156,-7.471507483519333],[109.49906847753437,-7.471574342704125]],[[109.50826237168503,-7.466645981057565],[109.51038425541002,-7.467014871943135],[109.50866868381233,-7.466719680915097],[109.50826237168503,-7.466645981057565]],[[109.51248986129508,-7.457300931128286],[109.51270105763828,-7.454831956087188],[109.51271677534781,-7.455167571315039],[109.51248986129508,-7.457300931128286]],[[109.5179548398695,-7.462998203478861],[109.51919902474641,-7.462776259354321],[109.52052564990306,-7.462654128994306],[109.5179548398695,-7.462998203478861]],[[109.52146724311632,-7.462928601291213],[109.5218283467723,-7.463228162844274],[109.52215689916505,-7.463699484986124],[109.52146724311632,-7.462928601291213]],[[109.52253184143832,-7.459296860100015],[109.52282158745622,-7.457995740927298],[109.52337200472816,-7.456197964239709],[109.52253184143832,-7.459296860100015]]]}},{"type":"Feature","properties":{"KECAMATAN":"Pagedongan","DESA_COUNT":9},"geometry":{"type":"Polygon","coordinates":[[[109.62784704957198,-7.468959890724312],[109.63089184815946,-7.471537649966161],[109.63462733592888,-7.473104710183972],[109.63834819285468,-7.475015273381881],[109.63929231461323,-7.475823056546132],[109.6399391859537,-7.477416618949437],[109.63983112410398,-7.478293487726806],[109.63897260783733,-7.480479322390202],[109.6381333063197,-7.481308724620304],[109.6393223336242,-7.482026851925747],[109.6422399402927,-7.484784995825287],[109.64296208290882,-7.485673464797638],[109.6438640065307,-7.487114106445852],[109.64485436740873,-7.489242351853255],[109.64643390491213,-7.493443267589806],[109.64721994543694,-7.494648471856689],[109.64775735095351,-7.495120370827373],[109.64897804296717,-7.495594367883329],[109.6502719097336,-7.495842549327133],[109.65350808437323,-7.49606041929944],[109.65477729044115,-7.49594676217023],[109.6597430976132,-7.493728209014362],[109.6627226943894,-7.492941436916633],[109.66433184346485,-7.492783575172661],[109.66509286980133,-7.492921506934635],[109.66567437567981,-7.493321188439607],[109.6671450673701,-7.495107191143272],[109.66958238162121,-7.498523956724513],[109.67068283798983,-7.50000132927301],[109.67139959232308,-7.500157201875192],[109.67229041992341,-7.500838190538991],[109.67204100103064,-7.502121610449776],[109.6721850968139,-7.502700796104689],[109.6730891337649,-7.502920613821829],[109.67377566521648,-7.502597098742737],[109.67523676210035,-7.502710003109367],[109.67594860512455,-7.502540357782113],[109.67702012364846,-7.503194667912847],[109.67752455878379,-7.50316906108019],[109.67831750937114,-7.501823978683689],[109.67869293813733,-7.501761816041585],[109.68200277729909,-7.50208829709527],[109.68334491073267,-7.503150366941923],[109.68441717838363,-7.50346108239454],[109.68617931346795,-7.502435337884021],[109.68773251783277,-7.502060229051868],[109.68853498951353,-7.49952138560454],[109.68826730585376,-7.498136948035589],[109.68866468361276,-7.497930085159003],[109.68859473138349,-7.497161248287841],[109.68885862644714,-7.496890695760624],[109.6897089910215,-7.496594765195297],[109.69326948809436,-7.496623438175846],[109.69619686265472,-7.496261325223839],[109.69799764669078,-7.495941158341616],[109.69890512947609,-7.495582086012777],[109.70390202716823,-7.491518223000196],[109.70500600163895,-7.490300573399391],[109.7051700452894,-7.489604665385517],[109.70552922814989,-7.489651020231357],[109.70642382069923,-7.489147133742168],[109.70674162509688,-7.488732059031236],[109.70700402332683,-7.487620520746675],[109.7074972872856,-7.486943660685405],[109.70758357609323,-7.486211446311729],[109.70788549487763,-7.48588674052306],[109.70856891780105,-7.485563152863695],[109.71056366480455,-7.484058759465054],[109.7111213820808,-7.482929906475015],[109.71148452205068,-7.482695883872457],[109.71270669930993,-7.482482363640516],[109.71395738957412,-7.482712147954668],[109.71425872556729,-7.482405518287665],[109.71484285192584,-7.482307762905309],[109.71527635594354,-7.482028642875092],[109.71603836626637,-7.481144593368382],[109.71683403307281,-7.479889838710603],[109.71813952550728,-7.47898024029441],[109.7189129425673,-7.478638901956652],[109.71938909461396,-7.478106641636208],[109.72068481939769,-7.478110402216636],[109.72128725379481,-7.47795843972568],[109.72171355940175,-7.477634082313793],[109.72287147002996,-7.476904964681744],[109.72354475962405,-7.476744071672238],[109.72372562494337,-7.476391966684249],[109.72591509696902,-7.476063660475255],[109.72744160030702,-7.476357403159443],[109.73151488398483,-7.4781055183211],[109.73269404785248,-7.478371210435107],[109.73318209043688,-7.478218902320087],[109.73339978741606,-7.476881072175905],[109.73377633083338,-7.47650230781559],[109.73474833470733,-7.476134293103936],[109.73594370787364,-7.474998182696875],[109.73594384817125,-7.474663636696401],[109.73562308377646,-7.474536042083667],[109.73459741981584,-7.474650735431676],[109.7343806208695,-7.473447284324913],[109.73408474727093,-7.472849587162686],[109.73257346588174,-7.471579128472745],[109.73216211296324,-7.470583079702215],[109.73224076194458,-7.470203550652063],[109.73279884481536,-7.469725757429666],[109.7330851135337,-7.469247273855522],[109.73345146463765,-7.467864659985904],[109.73252265961297,-7.466704465728188],[109.73238239038298,-7.465962455897742],[109.73187931802673,-7.465346080167312],[109.73208871170459,-7.464605073972655],[109.73194792207181,-7.464043988799983],[109.73224826862707,-7.463086240487118],[109.73218517464642,-7.462579538584837],[109.7315140433281,-7.461818012340214],[109.73165887012645,-7.460977361117918],[109.73216503671456,-7.460517591702557],[109.73241392774396,-7.45955065329899],[109.73204138731764,-7.458518549938207],[109.73222106557337,-7.457768506302515],[109.73292145479724,-7.457318333805624],[109.7347224369676,-7.456871310149327],[109.73785583496101,-7.456744546249218],[109.74216647702802,-7.456964879694419],[109.7479161647481,-7.456538055048761],[109.74944481907873,-7.456271034283207],[109.7502412859836,-7.455974814108588],[109.75265469258566,-7.451432667518291],[109.75254452044699,-7.446033281150981],[109.75046491178016,-7.445900832648332],[109.74904341428929,-7.445146165411899],[109.74687883410188,-7.443946252152888],[109.74321490613099,-7.441584544408292],[109.73848685114415,-7.438984607752626],[109.73554505330328,-7.436896248719932],[109.734850590164,-7.436568672363061],[109.73316797812178,-7.436853206066704],[109.7271902360485,-7.438997524516096],[109.724012086978,-7.439766160494921],[109.71966646213856,-7.436452756152674],[109.71665060513996,-7.433694714939036],[109.71553076790003,-7.432931877069113],[109.70713060346404,-7.431089730445582],[109.70612360551726,-7.430987252893147],[109.70574351237642,-7.430624469368369],[109.70424172291469,-7.430448204067068],[109.70253528426795,-7.43056085075867],[109.70125775527,-7.425555972192285],[109.70077217997267,-7.424505534541852],[109.69844550355495,-7.423160281378186],[109.6975211058064,-7.422289389483763],[109.69584631910392,-7.421280669138726],[109.69500688742683,-7.420581814661649],[109.69455364774161,-7.419820801954256],[109.69411757623847,-7.419647728989574],[109.6934063445122,-7.418316241787301],[109.69113582849839,-7.417224381380628],[109.68941681741072,-7.416631428366607],[109.68818810164119,-7.415660166911939],[109.68776668246066,-7.415713173320596],[109.68733820179519,-7.415476825674065],[109.68570678911276,-7.414269196640637],[109.68501137838123,-7.413986759623423],[109.68477680539488,-7.413181269477402],[109.68454485425401,-7.412927327182686],[109.68404867679598,-7.412898734594539],[109.68364304743388,-7.41306932547071],[109.68345961723784,-7.41333108046342],[109.68243471499187,-7.413165296176372],[109.68219964899689,-7.413381598973309],[109.68186565380276,-7.413353484376642],[109.68153809852515,-7.413144465606416],[109.68147359871303,-7.413506030021416],[109.68078060141038,-7.414146111438577],[109.68030844027209,-7.41395474604548],[109.67993483365166,-7.414007887020878],[109.67929681130637,-7.414449122680578],[109.67806594482312,-7.414309841293293],[109.67748465755062,-7.41383785860861],[109.6736641731286,-7.412298179442323],[109.67238698812193,-7.412212904728837],[109.67194874204036,-7.412871813956243],[109.67057357582614,-7.413573130941542],[109.66934410313401,-7.41448135616044],[109.66913438493133,-7.414174703436061],[109.66685727657413,-7.412476746509394],[109.66623837090467,-7.411651926950487],[109.66571071491954,-7.41059229961858],[109.66458850870737,-7.411240016406611],[109.65897040317304,-7.41359254617251],[109.65816350174188,-7.414069404873097],[109.65754963281069,-7.416346473423493],[109.65773998229668,-7.416690717226466],[109.65926243335204,-7.417192686803059],[109.65950640718994,-7.417591341167847],[109.65955142159304,-7.418712809931391],[109.65907614999088,-7.419724210488205],[109.65750329196958,-7.421898925386111],[109.6559192764803,-7.423757144309501],[109.65487816250048,-7.426023868820756],[109.65416698538426,-7.426482922168339],[109.65267978778611,-7.42695770287077],[109.65140352449461,-7.428129406039128],[109.64991456022325,-7.427491883836185],[109.64923275662998,-7.426305100902377],[109.64816272931651,-7.425234765879225],[109.6463536546638,-7.425138840098351],[109.64602006196154,-7.424685657780684],[109.64527764898631,-7.424999846074295],[109.64474216355616,-7.425486633711633],[109.64475763921187,-7.426092551425031],[109.64528108299247,-7.427025603585906],[109.64695886670914,-7.428965962752796],[109.64714409766118,-7.429662903761082],[109.64708407874664,-7.430331882248855],[109.64664682452995,-7.431551422541302],[109.64585993119145,-7.432968807709294],[109.64564995304158,-7.433863455435087],[109.64491724852037,-7.434611842253192],[109.64428427485454,-7.435676984363069],[109.64275820331879,-7.439551925806413],[109.64537137040696,-7.439686500716649],[109.64725168868274,-7.440298204577956],[109.64938352102324,-7.441263286639749],[109.6528928783256,-7.442313923902162],[109.65337194563712,-7.44251212829053],[109.65341770284232,-7.443735399255555],[109.65282140574021,-7.446319911760725],[109.65235488247578,-7.447702115036978],[109.65147985085979,-7.448495284505709],[109.64985579838208,-7.448671255182135],[109.64951795495246,-7.449429801298948],[109.64867182392395,-7.45039493070996],[109.64770602129325,-7.450672267318501],[109.64698908029803,-7.451167448687976],[109.64517207880229,-7.451939638583477],[109.64453204784745,-7.452082342316453],[109.64350346482156,-7.451880277914952],[109.64268330252278,-7.452121882912115],[109.64089633227702,-7.452722357380101],[109.63984817021736,-7.453442544241695],[109.6395383928687,-7.45391192874821],[109.63808310871784,-7.453816946148559],[109.6365141307771,-7.454490403207634],[109.63538714928646,-7.455255632100544],[109.63408508971197,-7.456969758645309],[109.63132638604863,-7.458923672053733],[109.63046257341004,-7.46099193620201],[109.62980467381453,-7.461686177345932],[109.63000445896246,-7.462356043030819],[109.62918343527056,-7.463610435526125],[109.62889859601603,-7.464414419011999],[109.62899548982283,-7.46477646696477],[109.62869231025044,-7.464920188691811],[109.62926353081299,-7.465527917561051],[109.62853172255811,-7.467207711614042],[109.62848738073112,-7.467723025156181],[109.62806617687215,-7.468146753786655],[109.62784704957198,-7.468959890724312]],[[109.6383042871361,-7.469596040108654],[109.6384501971509,-7.469508258511961],[109.63859564581354,-7.469470443216079],[109.6383042871361,-7.469596040108654]],[[109.64685722065323,-7.4709692797924605],[109.64696317224697,-7.471098877629181],[109.6469878620546,-7.471226826966716],[109.64685722065323,-7.4709692797924605]],[[109.65577712540241,-7.44343667314957],[109.65684868106807,-7.443677787532114],[109.65595946895466,-7.443507948044542],[109.65577712540241,-7.44343667314957]],[[109.65792902429855,-7.479148565178767],[109.65811897812517,-7.478892186063788],[109.65874783685742,-7.478432891144037],[109.65792902429855,-7.479148565178767]],[[109.65802651485447,-7.443902753750763],[109.65975823043786,-7.444062039566377],[109.65846121383042,-7.443985781242417],[109.65802651485447,-7.443902753750763]],[[109.65874783685742,-7.478432891144037],[109.65922614272682,-7.47831671538063],[109.65940287067303,-7.478331181177964],[109.65874783685742,-7.478432891144037]],[[109.66060391554147,-7.478429490879559],[109.6631941657946,-7.4796189459849804],[109.66297346798295,-7.479594179203656],[109.66060391554147,-7.478429490879559]],[[109.66134556533014,-7.438076334819414],[109.66152538896041,-7.437682783691076],[109.66179188586692,-7.437348587953571],[109.66134556533014,-7.438076334819414]],[[109.66208581425546,-7.4369799922506505],[109.66233111219216,-7.436672380706722],[109.66268023379743,-7.436369335887149],[109.66208581425546,-7.4369799922506505]],[[109.66300617364449,-7.436086413316185],[109.66321363895408,-7.435906329109522],[109.66342096852368,-7.435798505857186],[109.66300617364449,-7.436086413316185]],[[109.66317560658482,-7.452211479852619],[109.66550645217166,-7.45686677984706],[109.66562248144575,-7.457277136645844],[109.66317560658482,-7.452211479852619]],[[109.66368953191335,-7.435658837510847],[109.66425094449566,-7.4353668708095],[109.67007424896123,-7.43330382916549],[109.66984937525292,-7.433439305622684],[109.66762010604052,-7.434255579438533],[109.66368953191335,-7.435658837510847]],[[109.66375789132397,-7.479682207450099],[109.66466431775847,-7.479653552435265],[109.66421555858165,-7.479733567020936],[109.66375789132397,-7.479682207450099]],[[109.66569434888986,-7.457531307798167],[109.66577004973671,-7.45779903641597],[109.6657695449046,-7.457920217207836],[109.66569434888986,-7.457531307798167]],[[109.66652294886885,-7.478049509986925],[109.66740097019971,-7.477419074264584],[109.66702011970028,-7.477797759064961],[109.66652294886885,-7.478049509986925]],[[109.66720093673685,-7.479143532416629],[109.66810891151067,-7.480621935375034],[109.6672637784038,-7.479344962884496],[109.66720093673685,-7.479143532416629]],[[109.66896906846446,-7.481921608478127],[109.66936471182153,-7.482363821036969],[109.66908090247362,-7.482090586538557],[109.66896906846446,-7.481921608478127]],[[109.66935217921832,-7.414493165117541],[109.66976607193806,-7.414917964736363],[109.66956198285767,-7.414799942768555],[109.66935217921832,-7.414493165117541]],[[109.67005771377798,-7.483031001464096],[109.67329308336157,-7.485033297310177],[109.67023987740762,-7.483206377604244],[109.67005771377798,-7.483031001464096]],[[109.67031415663877,-7.415480492562632],[109.6718065686804,-7.418731518197631],[109.67194263855119,-7.419199434328661],[109.67031415663877,-7.415480492562632]],[[109.67060018304979,-7.43298697715298],[109.67121669966431,-7.432520916440376],[109.67102927808936,-7.432728466381753],[109.67060018304979,-7.43298697715298]],[[109.67115917508075,-7.496405325598055],[109.67240413087093,-7.492925536578979],[109.67125452479752,-7.496277210608338],[109.67115917508075,-7.496405325598055]],[[109.67180903189482,-7.437957065055426],[109.67251853661227,-7.438584008954189],[109.67260802669577,-7.438706880169309],[109.67180903189482,-7.437957065055426]],[[109.67265296985799,-7.429858001662477],[109.67270951328311,-7.429408453438576],[109.67271949480497,-7.429631627395081],[109.67265296985799,-7.429858001662477]],[[109.67418609087828,-7.440873585753335],[109.67762608566022,-7.445596749732122],[109.67707641396724,-7.444973230489643],[109.67418609087828,-7.440873585753335]],[[109.6806551620189,-7.4352268825705154],[109.68117996686922,-7.434703067798947],[109.68085566289392,-7.435127149899389],[109.6806551620189,-7.4352268825705154]],[[109.70894374452007,-7.45105414389154],[109.70980219012314,-7.452123750352898],[109.71019222908937,-7.452778841757971],[109.70894374452007,-7.45105414389154]],[[109.70972453494959,-7.436469147621035],[109.7111586333776,-7.44031677423864],[109.7112441773743,-7.440639579663082],[109.70972453494959,-7.436469147621035]],[[109.71059484163953,-7.453455051172982],[109.71081085237883,-7.453817852818375],[109.71103302891868,-7.454285055555079],[109.71059484163953,-7.453455051172982]],[[109.71112864057856,-7.443527221855267],[109.71149188714057,-7.442167035351084],[109.71147558812812,-7.442506245108392],[109.71112864057856,-7.443527221855267]],[[109.71143482696436,-7.441359007375335],[109.71151599542942,-7.441665301467554],[109.7115016893031,-7.441963035925549],[109.71143482696436,-7.441359007375335]]]}},{"type":"Feature","properties":{"KECAMATAN":"Pagentan","DESA_COUNT":16},"geometry":{"type":"Polygon","coordinates":[[[109.72312118013815,-7.32325456328281],[109.72347811954046,-7.323572129451405],[109.72407429840453,-7.323546694390991],[109.7243806883939,-7.323701273633394],[109.72430278281182,-7.324017606715365],[109.72623898452787,-7.324809819142676],[109.72784425681442,-7.3257006394133],[109.72775811136519,-7.32602599195057],[109.7281534899371,-7.326434082242035],[109.7309756092637,-7.328657752231567],[109.7326541498128,-7.330272293811016],[109.73459543312133,-7.330974072962519],[109.7360978508597,-7.331801287612056],[109.73749423604768,-7.333415022569448],[109.73844872039442,-7.333924136714685],[109.74051651324835,-7.335865256045891],[109.74147665640376,-7.337287790374472],[109.74202401316788,-7.337605879065883],[109.74341758806695,-7.338025795527238],[109.74622319836608,-7.338304981187398],[109.7485494747406,-7.33819383268734],[109.75000056080371,-7.337682394244777],[109.75069081604569,-7.337946619650965],[109.75313802068186,-7.339445603918135],[109.75517024344731,-7.340057139193884],[109.7566189086952,-7.3398803137547],[109.75940229517745,-7.338703247068576],[109.76062482931233,-7.338833299171693],[109.76087920806744,-7.339060049217564],[109.76112753125831,-7.339666724414302],[109.7609869742146,-7.340227026824813],[109.76107694308055,-7.341077397350296],[109.76205050519985,-7.343078711214611],[109.76346509618486,-7.345235042842975],[109.76392962518004,-7.347479175156663],[109.76492279050743,-7.348368201141025],[109.76563741838189,-7.349446430380133],[109.76688908843391,-7.350399458191219],[109.76743660816487,-7.350590844090413],[109.7677914606134,-7.351360565664866],[109.76782131085952,-7.35223789756027],[109.76846105728707,-7.352764178650555],[109.76866144130105,-7.353289252588589],[109.76917129308303,-7.35381517625507],[109.76962658347372,-7.353988086360942],[109.76955391262354,-7.354566889568857],[109.76976014944371,-7.355218657158329],[109.76966144959557,-7.356014168569483],[109.76989037020516,-7.356349439665076],[109.77104047999086,-7.357220803807405],[109.77286297776122,-7.359794258425753],[109.77323646883907,-7.360392141440856],[109.77403781502532,-7.362573901288361],[109.77467275248986,-7.363091121740772],[109.77595086753415,-7.363519680676469],[109.77669962543324,-7.364154846063679],[109.77716646565516,-7.36416516341763],[109.77815904365569,-7.364855154212876],[109.77932969752358,-7.365030235998763],[109.77979419546307,-7.364859614297406],[109.78333631626555,-7.362463632567164],[109.78342549719333,-7.362138272586632],[109.78323502087012,-7.360464624170898],[109.78342282321142,-7.35999486004546],[109.78526004810813,-7.359384899439237],[109.78581954109201,-7.35883476348882],[109.78676056065547,-7.356838576810431],[109.78701416668993,-7.355075709670417],[109.7863035548927,-7.35323789666572],[109.78612216961459,-7.351320138080358],[109.78570076695706,-7.350233685025991],[109.78570194605598,-7.349799581404322],[109.78639321688306,-7.348055982484919],[109.78650393159961,-7.34656407873893],[109.78718216626649,-7.344720979644761],[109.78706443072599,-7.343762027086981],[109.78751479857858,-7.342732182575006],[109.78766377362905,-7.341231338676721],[109.78812850782344,-7.340852737847621],[109.79013108733758,-7.340080342342818],[109.79167145940782,-7.338556114553936],[109.79199182163275,-7.338059573918292],[109.79242715478517,-7.337861729110224],[109.7926601035514,-7.337455373173445],[109.79208303479037,-7.336477101574498],[109.79202680212748,-7.335807749465634],[109.79255156789515,-7.334769054346951],[109.7927859034118,-7.333847215193118],[109.79329580354725,-7.332862821205802],[109.794855210697,-7.331745609846048],[109.79652237091729,-7.327770759007664],[109.79815915090401,-7.325866808485072],[109.79838669283262,-7.325243423690552],[109.79965002640645,-7.324722265116503],[109.8003734427292,-7.324660899531651],[109.80148993728531,-7.325170320458441],[109.80227880114992,-7.325299009678016],[109.80401172434026,-7.324779087639087],[109.80475700698202,-7.324781067587052],[109.8052396993773,-7.324547164740122],[109.80559139477047,-7.324195366602396],[109.80714982832936,-7.323394663388211],[109.80871146601406,-7.321300581328098],[109.80863944024186,-7.319310678055203],[109.8086583712558,-7.318903833895633],[109.80968011912772,-7.317341890724768],[109.80984199724327,-7.316826828370166],[109.81015027112943,-7.31551675835989],[109.81177367672493,-7.315529592737695],[109.81322256084798,-7.314393833891798],[109.81509502906539,-7.313422031406052],[109.81526292046249,-7.313087823968288],[109.8155555953022,-7.310637726796953],[109.81651482759192,-7.308831459289809],[109.81742421778287,-7.307911366972676],[109.81836090322692,-7.306493936135338],[109.81966595873853,-7.305900390709915],[109.81945308789456,-7.305474763073746],[109.81964641763061,-7.305149752019586],[109.82060990950033,-7.304727200447954],[109.82099684187683,-7.304086038840569],[109.82230243972916,-7.303709587357211],[109.82324325713819,-7.30373012568858],[109.82347944796165,-7.303350880861352],[109.82348150500476,-7.302564128976299],[109.82376093243658,-7.302130743649416],[109.8242103118012,-7.30194193878692],[109.82517252264084,-7.302034865475],[109.8256223180309,-7.301800939828317],[109.82515369138643,-7.301094251686998],[109.82509080422261,-7.300578594875943],[109.82547914989044,-7.29927726368714],[109.82582186977906,-7.299088269645042],[109.8269404736358,-7.299009797239526],[109.82746081875842,-7.2987578776117],[109.82826044754835,-7.297665670255161],[109.82869348068232,-7.297585323484594],[109.82995646540985,-7.298221729566094],[109.8303028531329,-7.298258795462618],[109.83070175198073,-7.298006557128999],[109.83066837301782,-7.297572356035499],[109.83025415447119,-7.296965367650537],[109.83046249765792,-7.296721768467871],[109.83134680675899,-7.296380363970647],[109.83172917119084,-7.295965322418189],[109.83180086150718,-7.294961645363553],[109.83278789939415,-7.295154081916979],[109.83320391086652,-7.294983354948235],[109.83365483770612,-7.294423722975795],[109.83372724203582,-7.294007879012461],[109.83348068334723,-7.292713939265075],[109.83541144826029,-7.291706012186627],[109.83600569208231,-7.289672687953181],[109.83559703651501,-7.288559175062189],[109.83602302151905,-7.287791504464287],[109.83698710335042,-7.287468465501049],[109.83783634243352,-7.286873682408507],[109.83864781400956,-7.286007534358023],[109.83912947966358,-7.285918348568049],[109.83974455587551,-7.286489675780507],[109.84016899685835,-7.286318962300705],[109.84042052417186,-7.285804110893665],[109.84032557781943,-7.285288371308429],[109.84050038246157,-7.284809491902323],[109.84150475460821,-7.283771939073816],[109.84172341042022,-7.281484366952551],[109.84276739794522,-7.281333319400696],[109.84325188619107,-7.280927567475535],[109.84327930111611,-7.280167910370423],[109.84307650469918,-7.27991421011296],[109.84186451295791,-7.276148736506815],[109.84209426399646,-7.275850840284408],[109.84362200150609,-7.275574433781888],[109.84372574561507,-7.274959646683034],[109.84353740611486,-7.274660772689023],[109.84232912375069,-7.273879875489879],[109.84161309999529,-7.272865136626905],[109.84174605748899,-7.272566992896505],[109.84256045486569,-7.272089745460801],[109.8428841267829,-7.271249464586291],[109.842289967484,-7.270506304721729],[109.84224782920523,-7.270162592799433],[109.84258956006792,-7.269123338789062],[109.842081200501,-7.268561332876335],[109.84148735935078,-7.267375014368619],[109.84075092329982,-7.266577327218943],[109.84061021184355,-7.265618221490079],[109.84005096484884,-7.265273187716875],[109.83944924653218,-7.264249607559459],[109.83981503689951,-7.263671750963809],[109.83953963712119,-7.262784729008406],[109.83821752266714,-7.260918289411613],[109.83695679421005,-7.260743168586238],[109.83589976753922,-7.261482100542461],[109.83539611155014,-7.261652700756522],[109.834520837005,-7.261704707234794],[109.83237225596977,-7.261391660003997],[109.83219092601415,-7.261680634024003],[109.83147396627244,-7.261362221725068],[109.83087273133879,-7.261722451364985],[109.83018691365844,-7.261838232650617],[109.82967510062493,-7.262216775282521],[109.82906068623416,-7.263282348599985],[109.82827156948713,-7.26394961363748],[109.82802198864727,-7.265242271539532],[109.827692819467,-7.265458433246451],[109.82665867450265,-7.265428633115977],[109.82634644962454,-7.266856759655267],[109.82718632141976,-7.267672908565735],[109.82606206394189,-7.268348343256436],[109.82654788196398,-7.269615775757625],[109.82629892146291,-7.27000394460244],[109.82593964143162,-7.270165863776634],[109.82607007623858,-7.27135994854974],[109.82595999495196,-7.271703356221148],[109.82467576852589,-7.271510142577243],[109.82261127423749,-7.271188218811663],[109.8222885594021,-7.270988453047112],[109.82176510892603,-7.270037485741232],[109.82130119954411,-7.269710671927768],[109.82069164554564,-7.26947390045512],[109.82004115308216,-7.269499334478114],[109.819308927247,-7.268963851178796],[109.8188772202948,-7.26800407852484],[109.81725913602148,-7.266254366313786],[109.81693828765324,-7.264915021465669],[109.81615525641924,-7.264876810307112],[109.81499305048816,-7.265325973287319],[109.81359491103633,-7.265521245843832],[109.8083806143599,-7.267551548609871],[109.80997975161553,-7.269165606204352],[109.80981989226993,-7.269689719811947],[109.80926050506187,-7.270257994672964],[109.80924817629575,-7.270628779411162],[109.81005353882061,-7.2714567164362816],[109.80973280975766,-7.271136501054377],[109.80881705675091,-7.272798205951956],[109.80802050150878,-7.27519272265343],[109.80740296814079,-7.276366842621147],[109.80713949005134,-7.276673670869388],[109.80581269496682,-7.277384591233332],[109.80491182361811,-7.278096721615103],[109.80392433204413,-7.280662611898939],[109.80334513756196,-7.28153825460305],[109.80209802798622,-7.282412219339965],[109.80140044100612,-7.282672683405575],[109.79992955824345,-7.282650701519839],[109.79939401928756,-7.28244131339685],[109.79807688546364,-7.28069233552334],[109.79754303411926,-7.280383396958244],[109.795235759543,-7.281200271756374],[109.79460369958396,-7.281198589153049],[109.79411500653202,-7.281152077291846],[109.79253345073245,-7.280180180561239],[109.7894534471757,-7.280144739147727],[109.78775554939946,-7.278449063033125],[109.78657420451874,-7.277885111879541],[109.78648260944982,-7.276257028241601],[109.78594676919026,-7.274609579923652],[109.78584757226596,-7.273587383010285],[109.78553052626349,-7.272980536089366],[109.78452717141558,-7.272860299668603],[109.78276589938588,-7.273054587462705],[109.78245888702587,-7.273243645287574],[109.7813412344112,-7.273412439492968],[109.78100111792494,-7.273719043866249],[109.78010006487686,-7.273770871121659],[109.77915179952066,-7.273578434919233],[109.77835671270005,-7.27495999138774],[109.77728870242471,-7.275825324035447],[109.77710706078672,-7.276132262014374],[109.7770722076434,-7.276674869249557],[109.77663683134305,-7.27680028166364],[109.77644206987713,-7.277125358220796],[109.77665200556602,-7.277677578109421],[109.7766224752011,-7.278129689064693],[109.77620818952357,-7.27840896228034],[109.77743764461718,-7.278520787228556],[109.77753532534551,-7.278937073754237],[109.77695511708882,-7.280391541305137],[109.77627302435315,-7.280995602797208],[109.77538155133077,-7.281282626511707],[109.7752235079382,-7.281643969353969],[109.77390911653903,-7.282553833382646],[109.77351987180954,-7.283619914864224],[109.77290895936413,-7.284685484971688],[109.77280389238864,-7.285146431970194],[109.77327213310687,-7.286341425577265],[109.77323367891567,-7.287381421579074],[109.77419196335302,-7.288677296119428],[109.77476312811719,-7.289185286150419],[109.77594015913787,-7.289360271820581],[109.77691026886494,-7.290348655974118],[109.77770527115064,-7.290803087004355],[109.77995180392358,-7.290709602635383],[109.78050785455389,-7.29095532765376],[109.78132989874426,-7.293453592877023],[109.7811433852229,-7.294068127744121],[109.78131076643236,-7.294755862743305],[109.78129541128929,-7.296456081761796],[109.78166355109225,-7.297641850012968],[109.78269629523255,-7.299480525839035],[109.78276286274357,-7.3000263883809815],[109.78227562043273,-7.30034760602206],[109.78177214617334,-7.300816523058359],[109.78153280830574,-7.301629839239094],[109.78127041780961,-7.301936649789345],[109.78064680703277,-7.30217005802366],[109.77996373639458,-7.303425322689807],[109.77787055078107,-7.303546247564609],[109.77663097451284,-7.304302597766934],[109.77646726824601,-7.304627756202518],[109.77654786901411,-7.304980612561629],[109.77730925873826,-7.306131281273015],[109.77730822610921,-7.30651113278909],[109.77618535773455,-7.308181218661212],[109.7755301198267,-7.308477826033542],[109.77509061613402,-7.309064542774562],[109.77590588527207,-7.310287606047689],[109.77598703305964,-7.310631512430008],[109.77580062794667,-7.3113093365196],[109.77543067457238,-7.311615759479081],[109.77477398401025,-7.311812989426115],[109.76995477197391,-7.312188761478896],[109.76917456993004,-7.312512142829784],[109.76874202722827,-7.313252583714172],[109.76845018546244,-7.315006289364603],[109.76542475426747,-7.316996734957941],[109.7635879733857,-7.3172087044831],[109.76234169416975,-7.316879681892568],[109.76166604759628,-7.316877825258532],[109.76138757570342,-7.317347331081332],[109.76140390601559,-7.317709144027901],[109.7616105719469,-7.318089564175104],[109.76264734530159,-7.319041998339801],[109.76283663464922,-7.319494705993766],[109.76285314016167,-7.319874603430975],[109.76257421860252,-7.320425486082789],[109.76227938862985,-7.320596563127851],[109.76132650940939,-7.320612026828598],[109.75990769102727,-7.320038298968623],[109.7594574069474,-7.320000891039148],[109.75857324168628,-7.320287886714096],[109.75776261098383,-7.321262360220566],[109.75692176188241,-7.32163084887301],[109.756198045703,-7.322316217014667],[109.75584372592608,-7.322903053182666],[109.75545391320628,-7.324140989737843],[109.75503289438909,-7.324592011617789],[109.75449528937087,-7.324717110948753],[109.75397504346368,-7.324589084080124],[109.7531202420476,-7.324062195426796],[109.75191205111871,-7.323678996234783],[109.74999834961977,-7.323556050613758],[109.7482114549433,-7.323306953588589],[109.7476343278279,-7.323088252418799],[109.74723938123853,-7.322625926569149],[109.74681400107491,-7.32115968511929],[109.74635361034595,-7.320516338953509],[109.74509909731033,-7.320304790817878],[109.7406920082424,-7.320744671737424],[109.73996955212066,-7.321267169398078],[109.73991894968403,-7.321945348654918],[109.74018978658782,-7.323592088185116],[109.74007086290271,-7.323890136920859],[109.73983412918211,-7.324142736844065],[109.73896772594154,-7.324429649799018],[109.73735593130763,-7.323936780087424],[109.73566412472275,-7.323796403091131],[109.73487996334286,-7.32283558281405],[109.73432223836416,-7.322653087666602],[109.73314994546473,-7.322713173482755],[109.73022798370546,-7.322469762927939],[109.72961789338194,-7.322106278001509],[109.728467136058,-7.320339511100946],[109.72750935095709,-7.319902707534994],[109.72704951497681,-7.319865240659429],[109.72662271593673,-7.320135379128254],[109.72600718309796,-7.320902373704532],[109.725119955049,-7.321343001970726],[109.72336082823884,-7.322794020286421],[109.72312118013815,-7.32325456328281]],[[109.7502650017604,-7.332184571603884],[109.75093742144027,-7.332733467911293],[109.75067250792098,-7.332619805734505],[109.7502650017604,-7.332184571603884]],[[109.75169599078434,-7.333058935041552],[109.75267994681266,-7.333267445510798],[109.75200903575316,-7.333193248204141],[109.75169599078434,-7.333058935041552]],[[109.7680189356813,-7.328986875574194],[109.77041615317147,-7.328297022937391],[109.7707538942347,-7.3282425606655925],[109.7680189356813,-7.328986875574194]],[[109.77117293133864,-7.347245896217498],[109.77212919903825,-7.348159208768154],[109.77179858509244,-7.34795297280533],[109.77117293133864,-7.347245896217498]],[[109.77276530949005,-7.348556012512078],[109.77369932396951,-7.348925843648849],[109.77300726573945,-7.348706944076488],[109.77276530949005,-7.348556012512078]],[[109.77857186668649,-7.348591913092797],[109.78087472805359,-7.347991466054843],[109.77951074794596,-7.34841716651755],[109.77857186668649,-7.348591913092797]],[[109.77993141325409,-7.312007816566122],[109.78160638151097,-7.312600257979193],[109.78046192087315,-7.312289644596563],[109.77993141325409,-7.312007816566122]],[[109.78141729016377,-7.334702836007162],[109.78358864435269,-7.334319821169392],[109.78389977893474,-7.334362362291446],[109.78141729016377,-7.334702836007162]],[[109.7816615008846,-7.3225395623869],[109.78284884623733,-7.323897994962271],[109.78265283210322,-7.323772228594438],[109.7816615008846,-7.3225395623869]],[[109.78240117287605,-7.347593461517817],[109.78257462169192,-7.347548236551515],[109.78562811023002,-7.347502259255206],[109.78240117287605,-7.347593461517817]],[[109.78412549878038,-7.332603020691035],[109.78471099090683,-7.334524949746208],[109.78466876954303,-7.334467505612739],[109.78412549878038,-7.332603020691035]],[[109.78569835257663,-7.335968295036369],[109.78585530133331,-7.336170972750947],[109.78672286119162,-7.338190047346573],[109.78569835257663,-7.335968295036369]],[[109.79067447743299,-7.312633718666065],[109.79284611339448,-7.312639537579672],[109.79234664551639,-7.312692453847026],[109.79067447743299,-7.312633718666065]],[[109.79094255769208,-7.323640767458231],[109.79191207371403,-7.32469251834275],[109.79149320485374,-7.324356747983314],[109.79094255769208,-7.323640767458231]],[[109.7916255937443,-7.287656414429906],[109.79188750996391,-7.287594388055566],[109.79259678766994,-7.287713828750368],[109.7916255937443,-7.287656414429906]],[[109.79507048342973,-7.3119024985350265],[109.79545117185661,-7.311586680796821],[109.79531506766965,-7.311750800173079],[109.79507048342973,-7.3119024985350265]],[[109.79619585152032,-7.306468647200737],[109.79645441297677,-7.306779625896427],[109.79707403284262,-7.308201669431418],[109.79707261035821,-7.3082049985997],[109.79619585152032,-7.306468647200737]],[[109.79652257599047,-7.287841929142142],[109.79717204061691,-7.287762278229655],[109.7973385325844,-7.287813844166819],[109.79652257599047,-7.287841929142142]],[[109.79771291739648,-7.287929798731982],[109.79790821788971,-7.28799028725352],[109.79949190174892,-7.288935050566341],[109.79771291739648,-7.287929798731982]],[[109.80007565764845,-7.2895516420608],[109.80160862137676,-7.2919679487682485],[109.80147393312059,-7.291861533472697],[109.80007565764845,-7.2895516420608]],[[109.80747869941801,-7.301328306927657],[109.80886235905531,-7.299930162644741],[109.80838489028152,-7.300543856129029],[109.80747869941801,-7.301328306927657]],[[109.80855184021233,-7.297234254598891],[109.80894543242457,-7.29825723108973],[109.80896897139309,-7.298481344165993],[109.80855184021233,-7.297234254598891]],[[109.80886235905531,-7.299930162644741],[109.80900184578996,-7.298794339283588],[109.80903569859518,-7.299116649766908],[109.80886235905531,-7.299930162644741]],[[109.80910550643,-7.293258192992628],[109.80910550643,-7.293258192992627],[109.80926504887829,-7.294378197097921],[109.80910550643,-7.293258192992628]],[[109.80929890110619,-7.293222434560127],[109.80950092989038,-7.293185079691909],[109.80963519110064,-7.293210851942437],[109.80929890110619,-7.293222434560127]],[[109.81051657790788,-7.293380039465506],[109.81083821355436,-7.293441779371202],[109.81120530376757,-7.293668888346756],[109.81051657790788,-7.293380039465506]],[[109.81201566727817,-7.273415702340455],[109.81394085331515,-7.27488265351999],[109.8142231070168,-7.275171468502133],[109.81231221225674,-7.2737117723713],[109.81201566727817,-7.273415702340455]],[[109.81491852120672,-7.275883048317265],[109.81523458658175,-7.276206460960257],[109.8154201142322,-7.276516866322083],[109.81491852120672,-7.275883048317265]],[[109.81587144235918,-7.277271981099982],[109.81648523567527,-7.278298915553726],[109.81699537522188,-7.279539292381816],[109.81587144235918,-7.277271981099982]],[[109.81611684121812,-7.2959189753446205],[109.81628045025535,-7.295825646445037],[109.81649165720415,-7.295928571953299],[109.81611684121812,-7.2959189753446205]],[[109.81904292139066,-7.29574922860147],[109.81909698514347,-7.296293716695346],[109.81904489075528,-7.296086060718714],[109.81904292139066,-7.29574922860147]],[[109.81928036677743,-7.2970247031532445],[109.81955321394973,-7.297941389016663],[109.81954341896248,-7.298073268273074],[109.81928036677743,-7.2970247031532445]],[[109.8193022218186,-7.298980849867609],[109.81950780911504,-7.298552717616572],[109.81949747010985,-7.298691921505495],[109.8193022218186,-7.298980849867609]],[[109.81956996124175,-7.2937532600285895],[109.81968718629425,-7.293474018654821],[109.82013191549348,-7.293033256683234],[109.81956996124175,-7.2937532600285895]],[[109.82746531816467,-7.277986889759199],[109.82762992787777,-7.278128976485797],[109.82784096314812,-7.278599806044383],[109.82746531816467,-7.277986889759199]]]}},{"type":"Feature","properties":{"KECAMATAN":"Pandanarum","DESA_COUNT":8},"geometry":{"type":"Polygon","coordinates":[[[109.53872895733349,-7.244580401113515],[109.53965490936181,-7.245641371775589],[109.5396954530739,-7.245967074289472],[109.54072008235215,-7.246693837370115],[109.541620686995,-7.247094628412309],[109.54325220724469,-7.249279233823398],[109.5438634772348,-7.24981471221011],[109.54533800329851,-7.250479530165292],[109.5458756013676,-7.251286096830825],[109.54821868955091,-7.25336447346864],[109.54986324713946,-7.255458604452214],[109.55404447723417,-7.256909849213029],[109.55555691393434,-7.257782800430209],[109.55623422024223,-7.258553548952505],[109.55785091494991,-7.259191753912377],[109.5586858030874,-7.259818340757707],[109.56150155322561,-7.261988581402476],[109.56246140647613,-7.262208703206614],[109.56329463568835,-7.262726783542471],[109.56632441231896,-7.263731085581352],[109.56799074993954,-7.264080006468983],[109.56946539786216,-7.264735720609636],[109.57315817665994,-7.269458854920061],[109.57357012471901,-7.270491038746097],[109.57415692707548,-7.271252533957483],[109.57515918451897,-7.273380841411171],[109.5754782542897,-7.274503145716865],[109.57566297748895,-7.278111925512343],[109.5762506881208,-7.279678279155515],[109.5782834876761,-7.281610825869588],[109.57930418011092,-7.283540190153979],[109.58067236413721,-7.287487307696826],[109.58203679267673,-7.289381673842328],[109.58385979699085,-7.290888517219738],[109.5841376705835,-7.291368667934026],[109.58451683566526,-7.293196563740674],[109.58619200501695,-7.292867187953912],[109.58785445828507,-7.293044261215758],[109.59199547479825,-7.29249652746977],[109.59292398638621,-7.293430859140581],[109.59382949293735,-7.293506008452929],[109.59471282997816,-7.293960914529555],[109.59548654375611,-7.295419250351197],[109.59615079436755,-7.296081515178459],[109.59812213674947,-7.297344568197865],[109.59869431788792,-7.298196413501398],[109.59939324839907,-7.298876865492868],[109.60004012161752,-7.299294865057505],[109.60140816784579,-7.299606511273256],[109.60182220424365,-7.299897208173675],[109.6020860676272,-7.300856592658515],[109.60349328992561,-7.299857172782597],[109.60460251324665,-7.29931802807763],[109.6065439778273,-7.299631430996052],[109.60832573584871,-7.299618843182365],[109.61012214673138,-7.300085578763695],[109.61528698918067,-7.300707404816255],[109.61588410300622,-7.299633033786448],[109.61702666305987,-7.298741251277425],[109.6173592913621,-7.294926057999351],[109.616848551671,-7.293242425096389],[109.61670786292906,-7.291948797170494],[109.61679057964878,-7.291180346923523],[109.6179503814838,-7.289917910904594],[109.61797982860041,-7.288254012987268],[109.61737939587023,-7.286814316589497],[109.61722259463927,-7.285611053780772],[109.61665054870772,-7.283683115707337],[109.6167968125456,-7.283158978191247],[109.61681589280721,-7.281368468669775],[109.61718798305215,-7.280456238530602],[109.61770372629778,-7.279797697377688],[109.61780304262048,-7.278776045483804],[109.61872479255483,-7.277784117430776],[109.61942845679766,-7.27332792037555],[109.62010736947587,-7.270734546386559],[109.62013468924783,-7.270029305089722],[109.62125158666987,-7.267310679269734],[109.62244315549938,-7.26515293637121],[109.62259243686934,-7.264637935275413],[109.62251176074103,-7.263615732599994],[109.62131729056651,-7.262463657304319],[109.62110408570734,-7.25942444295123],[109.61902907484043,-7.256840776458557],[109.6177584037711,-7.252378567272783],[109.61807987489756,-7.250887432605845],[109.61782544532724,-7.250425454029834],[109.61703466702843,-7.249998009773858],[109.61717496576868,-7.249464809692694],[109.61830172056676,-7.24849157686019],[109.61929671131006,-7.248313770188052],[109.62045792315324,-7.248579497657799],[109.62160108357975,-7.248176098474582],[109.62181133006975,-7.247525568651487],[109.62209064297372,-7.247246038893941],[109.62331783106264,-7.246761425309443],[109.62391483015107,-7.245958449588316],[109.62408809002821,-7.245018387974484],[109.62411509310023,-7.240496821910342],[109.62435428298055,-7.238128222614707],[109.62465365092953,-7.236944420454499],[109.62591033502858,-7.234153849364629],[109.62645933942251,-7.231162135770857],[109.62622780911009,-7.228385154947969],[109.62650923467979,-7.227870546893409],[109.62711029108948,-7.227492523612044],[109.629232778448,-7.226721158720626],[109.62857597018507,-7.225679229374612],[109.62736714748686,-7.222004017878132],[109.62692903219617,-7.22134248898342],[109.62579164985773,-7.220425692772787],[109.6233386830619,-7.220165138373291],[109.62200243457299,-7.220269603713381],[109.6209948231323,-7.220592053748099],[109.61798285764102,-7.221125611936605],[109.6172019922442,-7.221530202996837],[109.61710920419675,-7.220218637501977],[109.61635642155295,-7.216960704350504],[109.61429533647487,-7.216068210006317],[109.61228048475735,-7.214316729383308],[109.61106389341184,-7.213019923455834],[109.61027123201525,-7.211199729895676],[109.6091316203906,-7.211205304055886],[109.60751654933314,-7.211616381832035],[109.60686957249494,-7.211460705342287],[109.6044261322498,-7.209943059837024],[109.60175650208514,-7.208949114594201],[109.60053367685342,-7.207679393843271],[109.5999815994089,-7.207406370809659],[109.5988916785131,-7.20718594777169],[109.59636384026915,-7.205912217781375],[109.59594694787181,-7.205919979332087],[109.59569202653265,-7.206479853428682],[109.59578969817022,-7.206914230756523],[109.59567663895682,-7.207791079582164],[109.59481155875488,-7.207978290619257],[109.59407243762095,-7.20787656286821],[109.59320573823341,-7.207693068955276],[109.59239492578705,-7.207256496496606],[109.59047343843197,-7.206915955397383],[109.58978127875618,-7.207203235391185],[109.58948195625662,-7.210286052204138],[109.58748837604301,-7.213761451946777],[109.58702859802999,-7.214112733397245],[109.58542154285013,-7.216024887737015],[109.58345891791579,-7.217547152765051],[109.579648928639,-7.22097174418236],[109.5787135872733,-7.221818897381717],[109.57816170219573,-7.222106500329811],[109.57663484467247,-7.222445400265124],[109.5749822974577,-7.222313663548361],[109.57413411176545,-7.222437591978061],[109.57341442695157,-7.222182095369484],[109.57132352901407,-7.220828128770354],[109.56915926394817,-7.221653327479543],[109.5674421131416,-7.221837897074734],[109.56701682502624,-7.222279674770733],[109.56591347096965,-7.222719321051484],[109.56525464850378,-7.223268857739577],[109.56489205090536,-7.224027364810098],[109.56403723296387,-7.224359201571536],[109.56313892828375,-7.225739957289131],[109.56267173261203,-7.227791303399914],[109.56218104268508,-7.228793516737272],[109.56216282946392,-7.229263695133173],[109.56128220624606,-7.230337097061542],[109.55979047224565,-7.230893033492081],[109.5586814416022,-7.230383127289375],[109.55786662646011,-7.231022568296186],[109.55719118703487,-7.230378412038387],[109.55529512807881,-7.230318158369393],[109.55505040698128,-7.230561495795363],[109.55383126726679,-7.23058475259583],[109.55312512550485,-7.231143247974852],[109.55248060856435,-7.231014533720786],[109.55198901915324,-7.231564667139752],[109.5511263990351,-7.233189615042974],[109.5504930414555,-7.233377556242501],[109.55006208092695,-7.233810253332843],[109.5495827395146,-7.233890098293235],[109.54842683505014,-7.235269991817917],[109.54643445668049,-7.23639405824446],[109.54547290077844,-7.237448988153456],[109.54475712373781,-7.238794109203817],[109.54375081925785,-7.240201587074226],[109.54328854212658,-7.24061609253409],[109.54128197100896,-7.241731042436767],[109.54005215625902,-7.243463364315921],[109.53872895733349,-7.244580401113515]],[[109.58616490514333,-7.245155344118167],[109.58940549066706,-7.244875991455919],[109.58884280938581,-7.245000915579035],[109.58616490514333,-7.245155344118167]],[[109.59068729548396,-7.235642026843598],[109.5914893583774,-7.235531777551437],[109.59068729548396,-7.235642026843598],[109.59068729548396,-7.235642026843598]],[[109.5906998047163,-7.235928323765515],[109.59102535391351,-7.237863557192743],[109.59072742248163,-7.236560407413696],[109.5906998047163,-7.235928323765515]],[[109.59453636282863,-7.26846752117819],[109.59484388504117,-7.269861206606792],[109.59471685575913,-7.269381439560716],[109.59453636282863,-7.26846752117819]],[[109.6126223950774,-7.244142616976939],[109.615860045903,-7.242895445616566],[109.61403322952003,-7.243649456851827],[109.6126223950774,-7.244142616976939]],[[109.61493573577904,-7.264298876920091],[109.61521594534095,-7.26447976711016],[109.61553849850262,-7.264789407956476],[109.61493573577904,-7.264298876920091]],[[109.61740847208564,-7.266584523527009],[109.6193258930897,-7.268815015760498],[109.6194274497395,-7.268967488240662],[109.61740847208564,-7.266584523527009]]]}},{"type":"Feature","properties":{"KECAMATAN":"Pejawaran","DESA_COUNT":17},"geometry":{"type":"Polygon","coordinates":[[[109.76033662775916,-7.238147969586838],[109.76315226694499,-7.241384245326613],[109.76429876445756,-7.242961025702695],[109.76711841771674,-7.244741265651192],[109.76784717756884,-7.246099809820368],[109.76753047733324,-7.247138961197608],[109.76648216489714,-7.24797720426058],[109.76463948954921,-7.250649169587179],[109.76488155812908,-7.251870765628845],[109.76526836569391,-7.252513887581391],[109.76623711205399,-7.253475240006098],[109.76817456514951,-7.254565716001387],[109.76822968975999,-7.254891467424941],[109.76793969705217,-7.256102487986714],[109.76846292626078,-7.258211142044728],[109.76844270639312,-7.258780822772518],[109.76735493710869,-7.259754676374608],[109.76684640394674,-7.261272619311978],[109.76610226835264,-7.262645248833874],[109.7657769937227,-7.264136651987553],[109.76593464437323,-7.265068585160983],[109.76680950035569,-7.265468901606282],[109.76729640317025,-7.266492149529689],[109.76814856951881,-7.267217913714382],[109.76867083309689,-7.267626311647651],[109.7683926955372,-7.268620445732426],[109.76908375670912,-7.269490533567332],[109.76900370913259,-7.269897295941969],[109.76844710828618,-7.27016704376267],[109.76844624812385,-7.270564979053085],[109.76881248496673,-7.27119900309315],[109.76920816026252,-7.271417175665624],[109.76979588988753,-7.27145493911295],[109.7697083846068,-7.272214409240302],[109.76992289952146,-7.273056077033354],[109.77021537261591,-7.273518102558303],[109.77097386538584,-7.273845671989552],[109.77152575694149,-7.274073308753167],[109.77264229357817,-7.273985914577454],[109.7730323223701,-7.274194936779573],[109.77358398567642,-7.274919970925366],[109.77435936776094,-7.274750180770711],[109.77492061989047,-7.276126354185785],[109.77563723894765,-7.276227844132649],[109.77584782446694,-7.276870485981021],[109.77586380626691,-7.277449307840776],[109.77527961230074,-7.278279773473971],[109.7753992938014,-7.278596657613148],[109.77620818952357,-7.27840896228034],[109.7766224752011,-7.278129689064693],[109.77665200556602,-7.277677578109421],[109.77644206987713,-7.277125358220796],[109.77663683134305,-7.27680028166364],[109.7770722076434,-7.276674869249557],[109.77710706078672,-7.276132262014374],[109.77728870242471,-7.275825324035447],[109.77835671270005,-7.27495999138774],[109.77915179952066,-7.273578434919233],[109.78010006487686,-7.273770871121659],[109.78100111792494,-7.273719043866249],[109.7813412344112,-7.273412439492968],[109.78245888702587,-7.273243645287574],[109.78276589938588,-7.273054587462705],[109.78498356013986,-7.272834397390674],[109.78553052626349,-7.272980536089366],[109.78584757226596,-7.273587383010285],[109.78594676919026,-7.274609579923652],[109.78648260944982,-7.276257028241601],[109.78657420451874,-7.277885111879541],[109.78775554939946,-7.278449063033125],[109.7894534471757,-7.280144739147727],[109.79253345073245,-7.280180180561239],[109.79411500653202,-7.281152077291846],[109.79460369958396,-7.281198589153049],[109.795235759543,-7.281200271756374],[109.79754303411926,-7.280383396958244],[109.79807688546364,-7.28069233552334],[109.79939401928756,-7.28244131339685],[109.79992955824345,-7.282650701519839],[109.80140044100612,-7.282672683405575],[109.80209802798622,-7.282412219339965],[109.80334513756196,-7.28153825460305],[109.80392433204413,-7.280662611898939],[109.80491182361811,-7.278096721615103],[109.80581269496682,-7.277384591233332],[109.80713949005134,-7.276673670869388],[109.80773202124995,-7.2758612603856],[109.80881705675091,-7.272798205951956],[109.80960890996467,-7.271561245546509],[109.80973280975766,-7.271136501054377],[109.80924817629575,-7.270628779411162],[109.80926050506187,-7.270257994672964],[109.80981989226993,-7.269689719811947],[109.80997975161553,-7.269165606204352],[109.8092127949349,-7.268268242384258],[109.8081900169771,-7.267456833221649],[109.8083806143599,-7.267551548609871],[109.81359491103633,-7.265521245843832],[109.81499305048816,-7.265325973287319],[109.81615525641924,-7.264876810307112],[109.81693828765324,-7.264915021465669],[109.81725913602148,-7.266254366313786],[109.8188772202948,-7.26800407852484],[109.819308927247,-7.268963851178796],[109.82004115308216,-7.269499334478114],[109.82069164554564,-7.26947390045512],[109.82130119954411,-7.269710671927768],[109.82176510892603,-7.270037485741232],[109.8222885594021,-7.270988453047112],[109.82261127423749,-7.271188218811663],[109.82595999495196,-7.271703356221148],[109.82607007623858,-7.27135994854974],[109.82593964143162,-7.270165863776634],[109.82629892146291,-7.27000394460244],[109.82654788196398,-7.269615775757625],[109.82606206394189,-7.268348343256436],[109.82718632141976,-7.267672908565735],[109.82634644962454,-7.266856759655267],[109.82665867450265,-7.265428633115977],[109.827692819467,-7.265458433246451],[109.82802198864727,-7.265242271539532],[109.82827156948713,-7.26394961363748],[109.82906068623416,-7.263282348599985],[109.82967510062493,-7.262216775282521],[109.83018691365844,-7.261838232650617],[109.83087273133879,-7.261722451364985],[109.83147396627244,-7.261362221725068],[109.83219092601415,-7.261680634024003],[109.8323729051306,-7.261391739599026],[109.83493405779261,-7.261705768133629],[109.83589976753922,-7.261482100542461],[109.83695679421005,-7.260743168586238],[109.83821752266714,-7.260918289411613],[109.83953963712119,-7.262784729008406],[109.83981503689951,-7.263671750963809],[109.83944924653218,-7.264249607559459],[109.84005096484884,-7.265273187716875],[109.84061021184355,-7.265618221490079],[109.84075092329982,-7.266577327218943],[109.84148735935078,-7.267375014368619],[109.842081200501,-7.268561332876335],[109.84258956006792,-7.269123338789062],[109.84224782920523,-7.270162592799433],[109.842289967484,-7.270506304721729],[109.8428841267829,-7.271249464586291],[109.84362148209593,-7.271341768452999],[109.843773914591,-7.270962293504543],[109.84506265014568,-7.269835119491009],[109.84534772887166,-7.269248010329185],[109.84555023054945,-7.268534008994995],[109.84528081677725,-7.267520412530715],[109.8459506849149,-7.266780473785667],[109.84667504688248,-7.264087187918984],[109.84714794580583,-7.263003140501364],[109.84715006562297,-7.262171079252687],[109.848553205113,-7.26056476059649],[109.8493166876066,-7.257600207274525],[109.85007619091299,-7.256227438124944],[109.84997915433827,-7.255648398145512],[109.85056362711609,-7.254763556119994],[109.85040192148824,-7.254329028536086],[109.85046832936274,-7.253822740123429],[109.84977251368461,-7.25252766636242],[109.84980789802621,-7.251297738773856],[109.85026397188916,-7.251036667412504],[109.8513852035255,-7.251319812077184],[109.8521658681923,-7.251285615227353],[109.85255635967468,-7.251087671536561],[109.85283247007065,-7.250581911569224],[109.85197177020434,-7.249132615861336],[109.85155556380558,-7.248190989263722],[109.85155661751708,-7.247774957725683],[109.85229249907759,-7.246311698469335],[109.85323600275014,-7.245581474296037],[109.8527147912541,-7.244847646430819],[109.85282062027306,-7.244431878882882],[109.85324020929774,-7.243917437344963],[109.85470511804834,-7.243812529711013],[109.85533393229748,-7.243398077366304],[109.85585929141709,-7.242458821689526],[109.85439940934911,-7.240573995517679],[109.8542971068217,-7.239741668576564],[109.85461258344698,-7.239109413225416],[109.8554491713907,-7.239220024470665],[109.8565988648076,-7.239638948506377],[109.85733242156468,-7.239116247896846],[109.85775309538917,-7.23828523307836],[109.857441583286,-7.237343873723829],[109.85754865015326,-7.236403564521556],[109.85786330099425,-7.236096825780437],[109.8592232122522,-7.236100234026281],[109.86079411325187,-7.23547102492851],[109.86100537613332,-7.234639572164174],[109.86173961574687,-7.233809335653486],[109.86195164372752,-7.232760688024528],[109.86184798592602,-7.232344393192439],[109.86038574360938,-7.231400159673738],[109.86049148613459,-7.230984388324132],[109.8596541161077,-7.231190356979029],[109.86237574524601,-7.230464551908768],[109.86332041328691,-7.229218800200726],[109.86426203288869,-7.229221147075129],[109.8648892599661,-7.229430772699448],[109.86583085250939,-7.2293246086503],[109.86625019212202,-7.229018122847614],[109.86625125211958,-7.228593046568641],[109.86562531128563,-7.227867924188576],[109.86583527428752,-7.227551965745215],[109.86677708721427,-7.227445709227521],[109.86771791601333,-7.227764617822161],[109.86981052128276,-7.227661301701178],[109.87033452679445,-7.227246563025072],[109.8710698221512,-7.226099737633527],[109.87169808181947,-7.225893318875408],[109.87263939856214,-7.225895646643715],[109.87517418593839,-7.225060787066802],[109.87424522745933,-7.224289716044329],[109.87361824682095,-7.223980729049833],[109.87289076604671,-7.222097675371669],[109.86975763622283,-7.220000787625214],[109.86944585758957,-7.219158898742439],[109.86965630735153,-7.218643917089745],[109.86944895670669,-7.217910794716717],[109.86710321243152,-7.218085826530157],[109.86532557764454,-7.217764931265537],[109.8623946367264,-7.218490154792266],[109.85988512779275,-7.218067858753192],[109.85810854582091,-7.2173309031344],[109.85622647977507,-7.216910157150246],[109.85277435259594,-7.216901497219789],[109.85131245217455,-7.215848647791526],[109.85089649086052,-7.214907024828276],[109.85132006844881,-7.212828006876811],[109.85111564534677,-7.210946248946168],[109.85122375864226,-7.209589909060639],[109.8483840809633,-7.209826994855333],[109.84671250036295,-7.208990711790282],[109.84608611323927,-7.208464589876979],[109.84367693618961,-7.209706603754209],[109.84179222919437,-7.210434343784254],[109.83990809872837,-7.21084559834634],[109.8385479957162,-7.21095065051858],[109.83697557368214,-7.212203792036052],[109.83592800863627,-7.212825218512982],[109.83216043575,-7.213340142305737],[109.83111314166412,-7.213852960063369],[109.82912182724282,-7.215312967925223],[109.82765569180927,-7.21593329917947],[109.82786001547677,-7.217814961679647],[109.82921555510609,-7.219491607919836],[109.83057267633427,-7.220643627145879],[109.83067447592981,-7.221684012380672],[109.82753161721625,-7.223457621482194],[109.82439011556525,-7.224697538938859],[109.8223032353358,-7.222603051884168],[109.821677942783,-7.221660870730713],[109.82136705399176,-7.220511440769487],[109.82063683041869,-7.219776957832011],[109.81958972880281,-7.22009081742423],[109.81801806854888,-7.221135821713428],[109.8169489558988,-7.222055244561393],[109.81401067875885,-7.220691311508396],[109.81265628435365,-7.218598692832782],[109.81203571669727,-7.215883892776946],[109.81109931160375,-7.213900774885952],[109.80932559567901,-7.212114492582709],[109.8072404771376,-7.209395872560928],[109.8052385497864,-7.205601270250186],[109.80398845409843,-7.203716789067865],[109.80347088753946,-7.201526789994817],[109.80337142734155,-7.199645406795115],[109.80233205531785,-7.197028973099114],[109.80118061207907,-7.197342524218437],[109.79971342169411,-7.198378703818776],[109.79751349693916,-7.199630054067371],[109.79290824718277,-7.200558489850454],[109.79081327522924,-7.201701574879237],[109.79028784362393,-7.202532238200213],[109.78871530889172,-7.203884659934123],[109.78588804248082,-7.204926224877261],[109.78420105631193,-7.207047079314036],[109.7846138370511,-7.209236807009093],[109.7862826882839,-7.211013847370992],[109.78732669812372,-7.211857711956561],[109.78753114188609,-7.213630861184228],[109.78731726204663,-7.215402899905843],[109.78793966729806,-7.217285663585991],[109.78940028630647,-7.218754625177973],[109.78960282289479,-7.221359821025139],[109.79011275942317,-7.222744881436233],[109.78854184681224,-7.223373838555283],[109.78770609237432,-7.222946551149758],[109.78676514114241,-7.222735992201966],[109.7854036153975,-7.223365494525845],[109.78351494275238,-7.225449537438211],[109.78152430083105,-7.226592834293478],[109.77650101401076,-7.227302927527542],[109.77534780326941,-7.228240382760751],[109.77503111431966,-7.229288587091464],[109.77280523185541,-7.230865314053414],[109.77176178429289,-7.22992195356607],[109.77124070393641,-7.22908850372491],[109.76935733957771,-7.229291389405528],[109.76904093021031,-7.230231083879976],[109.76799153657605,-7.231485357245362],[109.76557972228495,-7.233567981775137],[109.76368895279704,-7.236375453039228],[109.76264095865706,-7.23710518774115],[109.76033662775916,-7.238147969586838]],[[109.77392819518316,-7.272198718379322],[109.7762698566868,-7.269428517733361],[109.77423625184973,-7.271928201198059],[109.77392819518316,-7.272198718379322]],[[109.77809602249573,-7.248523375448503],[109.77809602249573,-7.248523375448502],[109.77862044500085,-7.246861452730244],[109.77809602249573,-7.248523375448503]],[[109.77968166045021,-7.241329404397476],[109.78270970617261,-7.243426676721619],[109.78187426695557,-7.242899912263086],[109.77968166045021,-7.241329404397476]],[[109.78090757298536,-7.26076399779178],[109.78112195688169,-7.260280207236923],[109.78271371752002,-7.257227638156385],[109.78090757298536,-7.26076399779178]],[[109.79000170375592,-7.256342727827289],[109.79033673622959,-7.25499608214561],[109.79045726246144,-7.25469750028144],[109.79000170375592,-7.256342727827289]],[[109.79349118056776,-7.253444387490467],[109.79472447045647,-7.252782942323333],[109.79383265994367,-7.253305106620486],[109.79349118056776,-7.253444387490467]],[[109.79830513817284,-7.255170946090101],[109.79909487707333,-7.255797119417273],[109.80008839928855,-7.256861894424471],[109.79830513817284,-7.255170946090101]],[[109.80292037661818,-7.258420836053036],[109.80350145876663,-7.25873893154699],[109.8036842689758,-7.258912572636097],[109.80292037661818,-7.258420836053036]],[[109.80439897796143,-7.259591434321271],[109.80561714418795,-7.261620524717147],[109.80593778344264,-7.2624161134101595],[109.80439897796143,-7.259591434321271]],[[109.80611410057884,-7.262853601702328],[109.80621917871593,-7.263114327663125],[109.80648863559392,-7.2644450377509076],[109.80631014569703,-7.26401895858738],[109.80611410057884,-7.262853601702328]],[[109.81259868951405,-7.234823400796039],[109.81604918378348,-7.238413796509475],[109.81396229547855,-7.236319268509252],[109.81259868951405,-7.234823400796039]],[[109.81820858624916,-7.256760688268727],[109.81831266616531,-7.256055490628083],[109.81827959987451,-7.25722211303964],[109.81820858624916,-7.256760688268727]],[[109.81895637055779,-7.246877480939722],[109.82042915773303,-7.243743040925544],[109.82138112006018,-7.241954797900741],[109.81895637055779,-7.246877480939722]]]}},{"type":"Feature","properties":{"KECAMATAN":"Punggelan","DESA_COUNT":17},"geometry":{"type":"Polygon","coordinates":[[[109.51829115066991,-7.34301865038239],[109.51892859252582,-7.344648413408807],[109.51910374288559,-7.345526153669652],[109.51946742300223,-7.345880044896279],[109.52094936896997,-7.346337074831607],[109.52145346401667,-7.346691427679082],[109.5223409165101,-7.347526309309571],[109.52294653027343,-7.34857724736321],[109.52344574511312,-7.349031034355494],[109.52457244452575,-7.349161407105324],[109.52477189306171,-7.349469459393026],[109.52861413117182,-7.352619968276368],[109.5328329154373,-7.355527577621496],[109.53369884186517,-7.356561277735768],[109.53411645113246,-7.357466934968363],[109.53418210540427,-7.358262947480613],[109.53405147132682,-7.361924888744406],[109.53422622154524,-7.362911121468405],[109.53408313933477,-7.363471381973513],[109.5340122346418,-7.366364843565741],[109.53458462849215,-7.37185584032127],[109.53454980565799,-7.372723852358306],[109.53509249125729,-7.373666085677624],[109.5357459421487,-7.376905573152104],[109.53609925356382,-7.377675405048127],[109.53603230492173,-7.378045870856436],[109.53666391622527,-7.379160266657089],[109.53861479128794,-7.381933774321699],[109.53932320612721,-7.38336485874784],[109.53996119481168,-7.385112241911609],[109.54020849361713,-7.387120630034452],[109.54070400171334,-7.388288825624663],[109.54127541321827,-7.390569507470057],[109.54149462266672,-7.390895704449098],[109.54276480883053,-7.392111637247097],[109.5460168377661,-7.394636228443005],[109.54813402815002,-7.396542129100923],[109.54899865614742,-7.39807316908788],[109.5495162984309,-7.397848825513868],[109.55061466183992,-7.398648200938406],[109.55111794633424,-7.398749290251999],[109.55141788410413,-7.398352364220475],[109.55203063953421,-7.395623383987646],[109.5530069748909,-7.393799877950314],[109.55369950967156,-7.393060568449818],[109.55504410379977,-7.392748395828065],[109.55577123537792,-7.392877417975954],[109.55636735785801,-7.39314154214276],[109.55735281430525,-7.39418473789236],[109.55766956843553,-7.394357545023029],[109.55843434618623,-7.394396183009421],[109.56087863135252,-7.3934184082698],[109.56166962718842,-7.392787895817207],[109.56243835360816,-7.390981773123593],[109.56386234054227,-7.389837946126227],[109.56578938774452,-7.387610513602378],[109.56650071323155,-7.387196812711109],[109.5669217992346,-7.387143917718682],[109.56891769344249,-7.388072707810906],[109.57112890986295,-7.388757976394472],[109.57408783933721,-7.391380903702137],[109.5751496536016,-7.391827408284064],[109.57589117461733,-7.391874982725401],[109.57665874499091,-7.391579071481914],[109.5770315839348,-7.390965274938618],[109.57755136348283,-7.39076802505629],[109.57789732297192,-7.390850499402158],[109.57831647321703,-7.39124070000564],[109.57866347431695,-7.390997601370817],[109.57888923393298,-7.389985518496299],[109.5798321301309,-7.389029965962682],[109.58041574242529,-7.388163680537299],[109.58311094869624,-7.388099916084555],[109.58554372451943,-7.386516005364252],[109.58566696341514,-7.385955745543344],[109.58423881844126,-7.384621878204942],[109.58409493980872,-7.384015565484741],[109.58436312249701,-7.383727004321415],[109.584727057944,-7.383746240589392],[109.58654445564608,-7.38481905084885],[109.58698157735243,-7.384820434575758],[109.58758948804359,-7.384505912831424],[109.58831926438164,-7.382202146847838],[109.5891945100699,-7.381580972199007],[109.59079473241148,-7.380518968536178],[109.59264932896751,-7.377884207969855],[109.59452309989022,-7.377166618493912],[109.59639827309861,-7.375978784654603],[109.59884735328677,-7.375018864185711],[109.60081965743247,-7.373840444013933],[109.60353996012255,-7.371967893599926],[109.60836035539847,-7.369740205491365],[109.6100244390577,-7.369419889295452],[109.61087398474608,-7.368879863829669],[109.61194911444741,-7.367689555815608],[109.6131821522645,-7.36716879705383],[109.61388598514004,-7.367125770724261],[109.61468937944205,-7.366676097819416],[109.61576561644456,-7.366760891129016],[109.61644207130283,-7.367260351061164],[109.61725459055538,-7.368420344406521],[109.61788975302274,-7.368892551004781],[109.61847093192863,-7.368876263205285],[109.61902509932771,-7.368633855743488],[109.62082736895667,-7.367490882456655],[109.6234461303137,-7.366296163646664],[109.62516405162262,-7.36575886720654],[109.62721106764312,-7.36546678246233],[109.62929920578138,-7.364577896575817],[109.62989916133614,-7.36399185733054],[109.63112680613773,-7.362177916091476],[109.63128479102774,-7.361518281381094],[109.63117744022833,-7.358307508427754],[109.63151131133283,-7.357530871438748],[109.63233136146015,-7.357144501472351],[109.63476869855445,-7.357215224486936],[109.63605809125164,-7.35666752995838],[109.63697076285918,-7.356010097201535],[109.63925474970972,-7.35362962965144],[109.64003624704837,-7.351696667088738],[109.64125506121628,-7.350796030109258],[109.64164787537182,-7.349983393652285],[109.64160879303225,-7.349350188679708],[109.6411373871814,-7.34891467797113],[109.64010465199532,-7.349121293212625],[109.64012933864583,-7.349110626773233],[109.63984502538693,-7.348114927965272],[109.63984983847863,-7.346532407832013],[109.64005676402138,-7.346080869252712],[109.64122991852894,-7.345550883385711],[109.64170365128933,-7.345145358936722],[109.64237188114551,-7.343582836889091],[109.64339444725199,-7.34315184492712],[109.64380837330918,-7.342565306243896],[109.64391682765937,-7.34219484101182],[109.64381344293221,-7.340892278296421],[109.64411879799192,-7.340640037714075],[109.6441557053159,-7.340242231678407],[109.64360916753999,-7.338449998260286],[109.6436511937779,-7.337545792027603],[109.64386892009193,-7.337076199636426],[109.64451975280937,-7.336589740357752],[109.64514934864619,-7.336555473123362],[109.64587582004373,-7.337064079258896],[109.64636780501274,-7.336966104919615],[109.64662445800552,-7.336713715124088],[109.64668539051138,-7.336026561191693],[109.64629443147184,-7.335220506264117],[109.64694559378229,-7.334598510835937],[109.64728181608103,-7.333966434456448],[109.64711642208763,-7.331650850978503],[109.64832470341052,-7.330478903669349],[109.6485490061582,-7.330054534855464],[109.64884345891298,-7.328608410749001],[109.64859963288124,-7.328101261338121],[109.64719637308325,-7.327382671354944],[109.6469296246903,-7.327047241784443],[109.64679960307998,-7.325780764039927],[109.6470695162318,-7.324967656225605],[109.6464226571085,-7.323970961017543],[109.64568687061765,-7.323263326964276],[109.64581260322393,-7.32238649536838],[109.64632460536023,-7.321465617468382],[109.64650361008579,-7.32040811464649],[109.64638173136008,-7.32008216244235],[109.64588545332498,-7.319727959981702],[109.64541365619426,-7.319627084179159],[109.64370210745764,-7.319603849654095],[109.64332962343278,-7.319213851526761],[109.6434894950673,-7.31840954653892],[109.64431977647463,-7.317055454716519],[109.64420526582246,-7.315897613028855],[109.64499407911124,-7.31523977298001],[109.64491936249222,-7.313937295797654],[109.64502131649402,-7.313340770465188],[109.64525701618923,-7.312997810112902],[109.64868461498011,-7.311606387457428],[109.64959432417487,-7.310578195270397],[109.65056573189267,-7.308799554858529],[109.65135179440256,-7.30820498225876],[109.65295601011584,-7.307395944726504],[109.65626302079154,-7.306374796860656],[109.65666466344504,-7.305905740302733],[109.65712761611627,-7.302886596356037],[109.65653988856229,-7.298091903741674],[109.65523106371737,-7.292806640262802],[109.6540039774997,-7.290017638945081],[109.65255773616636,-7.287444981658464],[109.64979249437448,-7.284416219419639],[109.64890054334253,-7.282279296001421],[109.64805676113906,-7.280992603543086],[109.64594926138265,-7.276582163663956],[109.64543715820975,-7.275965716467292],[109.64440379868913,-7.275221037336256],[109.64193975322715,-7.274390696429219],[109.64044666404236,-7.273698971454348],[109.63956122651949,-7.273560690909289],[109.63880011266407,-7.273205695082192],[109.63618218927644,-7.271307784176191],[109.63022661864507,-7.265429667571468],[109.62948040602467,-7.264920999333845],[109.6286283705789,-7.264882258491363],[109.62667749856156,-7.265834935516243],[109.62528545825232,-7.266093012221003],[109.62500052366897,-7.265884104056092],[109.62499182182992,-7.264373878929559],[109.62472692519707,-7.264083658197473],[109.62351057480686,-7.263419851307576],[109.6230698188905,-7.263373306628183],[109.62251176074103,-7.263615732599994],[109.62259243686934,-7.264637935275413],[109.62244315549938,-7.26515293637121],[109.62125158666987,-7.267310679269734],[109.62013468924783,-7.270029305089722],[109.62010736947587,-7.270734546386559],[109.61942845679766,-7.27332792037555],[109.61872479255483,-7.277784117430776],[109.61780304262048,-7.278776045483804],[109.61770372629778,-7.279797697377688],[109.61694581088948,-7.280889578581513],[109.61682966760849,-7.28213721446768],[109.61665054870772,-7.283683115707337],[109.61722259463927,-7.285611053780772],[109.61737939587023,-7.286814316589497],[109.61797982860041,-7.288254012987268],[109.6179503814838,-7.289917910904594],[109.61679057964878,-7.291180346923523],[109.61670786292906,-7.291948797170494],[109.616848551671,-7.293242425096389],[109.6173592913621,-7.294926057999351],[109.61702666305987,-7.298741251277425],[109.61588410300622,-7.299633033786448],[109.61528698918067,-7.300707404816255],[109.61012214673138,-7.300085578763695],[109.60832573584871,-7.299618843182365],[109.6065439778273,-7.299631430996052],[109.60460251324665,-7.29931802807763],[109.60349328992561,-7.299857172782597],[109.6020860676272,-7.300856592658515],[109.60182220424365,-7.299897208173675],[109.60140816784579,-7.299606511273256],[109.60004012161752,-7.299294865057505],[109.59939324839907,-7.298876865492868],[109.59869431788792,-7.298196413501398],[109.59812213674947,-7.297344568197865],[109.59615079436755,-7.296081515178459],[109.59533748585102,-7.295129373005336],[109.59471282997816,-7.293960914529555],[109.59382949293735,-7.293506008452929],[109.59292398638621,-7.293430859140581],[109.59199547479825,-7.29249652746977],[109.58785445828507,-7.293044261215758],[109.58619200501695,-7.292867187953912],[109.58451683566526,-7.293196563740674],[109.58329943736204,-7.293771483669234],[109.58207055171891,-7.295124187571543],[109.58143725959938,-7.29542960410106],[109.5794208783929,-7.294663618427349],[109.57838029377287,-7.294985922695162],[109.57519868822159,-7.296621775992905],[109.57467146432538,-7.297225968967748],[109.5746115116876,-7.297668892939493],[109.57530491059435,-7.298738223351085],[109.5753743267337,-7.299434711539421],[109.5749972935422,-7.299894717606131],[109.57453183412008,-7.300119370767677],[109.5740487834653,-7.300262505890984],[109.5735843438163,-7.300188708622199],[109.57322935334253,-7.29930136125125],[109.57278309040608,-7.299101042979241],[109.57194221416674,-7.299369622630832],[109.57002930882807,-7.29934548638232],[109.56974276780413,-7.299552618297771],[109.56966801635336,-7.300538059756184],[109.56947043169345,-7.300835795316429],[109.56904143755177,-7.30088877373823],[109.56822101247228,-7.300244062623994],[109.56784562337798,-7.300279037058556],[109.56734353182438,-7.300702473372431],[109.56671823276233,-7.303042624138532],[109.56657047242133,-7.304742271023814],[109.56678232249882,-7.305312723399797],[109.56727818372921,-7.305956317359776],[109.56706044845274,-7.307303043067356],[109.56804829292524,-7.30985635545049],[109.56889271615188,-7.312843192366523],[109.56889067099311,-7.313485295646074],[109.5686759458384,-7.313909643020971],[109.56732294672814,-7.315343173293135],[109.56708275710395,-7.316210549858154],[109.56682314678,-7.316399680626357],[109.5645780326588,-7.316591440178545],[109.56284803547595,-7.317571599410844],[109.5624368448838,-7.317913944342087],[109.56241388820227,-7.318366022786584],[109.56312360955414,-7.319209302569059],[109.5639644227691,-7.319510435496135],[109.5643540087021,-7.319104731745862],[109.56450832167472,-7.31811945790357],[109.56483320493956,-7.317767885013448],[109.56543726075071,-7.317860221593778],[109.56565190882154,-7.318186480161216],[109.56562564473171,-7.319651348327981],[109.56499630733708,-7.320761596083925],[109.56449374575976,-7.322677187499655],[109.56565544513104,-7.323974058706635],[109.56593763785853,-7.324689306108925],[109.56528668555379,-7.328024169928758],[109.56504604678595,-7.328303680550561],[109.56406777801931,-7.327984115656949],[109.56315620487636,-7.328107781966932],[109.56295742343293,-7.3285864222585],[109.56356039230677,-7.330234213106227],[109.56348707635972,-7.330948326131814],[109.56298596101544,-7.331869110507646],[109.56255776447367,-7.332292769491864],[109.56113581141749,-7.332007943015459],[109.56085172909023,-7.331789954172095],[109.5604241990094,-7.332005664984911],[109.55829043491887,-7.331781748247925],[109.55665687926323,-7.330854123909783],[109.55608816247589,-7.330707638874501],[109.55502004990129,-7.330921196405093],[109.55416478388923,-7.331415802947423],[109.55160350912573,-7.331335229952693],[109.55022540523873,-7.331066712998201],[109.54972060222846,-7.330036001651989],[109.54933850148885,-7.329691204724846],[109.54756176846453,-7.329350856545595],[109.5465049387136,-7.327421223046228],[109.54572156240403,-7.327120333058256],[109.5445585555632,-7.326935658512205],[109.54123066495502,-7.325432820599447],[109.5405858373743,-7.325430729683211],[109.53888543606831,-7.325832152873369],[109.53619465683006,-7.327803774222381],[109.53396757489867,-7.328429580170334],[109.53330875860738,-7.327794373944444],[109.53271692612618,-7.326842946834015],[109.53007885950333,-7.325233789862135],[109.52825555551536,-7.323600072283962],[109.52766129228249,-7.323462512368704],[109.5271763869613,-7.323569418927028],[109.52602769035208,-7.324469947553408],[109.52505780150933,-7.32659187507965],[109.52365532010042,-7.330801227636126],[109.52190923390378,-7.334494099412797],[109.52070629164174,-7.337673226161434],[109.51857574010816,-7.34264881635327],[109.51829115066991,-7.34301865038239]],[[109.54121504941672,-7.376787842015256],[109.54234676971853,-7.375751533924645],[109.54184944843152,-7.37625630518167],[109.54121504941672,-7.376787842015256]],[[109.54234676971853,-7.375751533924645],[109.54386392240929,-7.372835650634348],[109.54329804818197,-7.37404549988155],[109.54234676971853,-7.375751533924645]],[[109.5501598552046,-7.332153504718463],[109.5502322007075,-7.332877212717615],[109.5502316577947,-7.332924233478968],[109.5501598552046,-7.332153504718463]],[[109.55418905669254,-7.334517641578208],[109.55439648919499,-7.334880046796449],[109.55448815749463,-7.335242079624291],[109.55418905669254,-7.334517641578208]],[[109.5648344534547,-7.3674177715643285],[109.56517290956418,-7.367279723316381],[109.5669694387364,-7.367068490807043],[109.5648344534547,-7.3674177715643285]],[[109.56833071498664,-7.345866813693005],[109.56911401276432,-7.346909235527971],[109.56944945320957,-7.347443828822439],[109.56833071498664,-7.345866813693005]],[[109.5683765170448,-7.360539134968667],[109.56860607244177,-7.361611649145384],[109.56838405173555,-7.360760882723153],[109.5683765170448,-7.360539134968667]],[[109.58083460467026,-7.356526277384633],[109.5845340244088,-7.355024610592243],[109.58118400113463,-7.356442903086792],[109.58083460467026,-7.356526277384633]],[[109.59896578661721,-7.350548374038733],[109.60399450555683,-7.350274641045243],[109.6070911920127,-7.35028426918847],[109.60237602477102,-7.350414352664591],[109.59896578661721,-7.350548374038733]],[[109.6004822295173,-7.337684629946056],[109.60163847257809,-7.336711581851629],[109.60087894738572,-7.337360286084238],[109.6004822295173,-7.337684629946056]],[[109.62500057256032,-7.345682281928755],[109.62507646957897,-7.344352814765537],[109.62507931516467,-7.346478351776473],[109.62500057256032,-7.345682281928755]],[[109.62567158569925,-7.347128321240816],[109.62608722620263,-7.347418187399859],[109.62581478860875,-7.347285474961865],[109.62567158569925,-7.347128321240816]],[[109.62567210779834,-7.360612189416761],[109.62728306497718,-7.358621175997141],[109.62585681094139,-7.360506828204946],[109.62567210779834,-7.360612189416761]],[[109.62706570048375,-7.3478948312635675],[109.62968963339104,-7.348680941737629],[109.62727186369322,-7.347995259481872],[109.62706570048375,-7.3478948312635675]],[[109.627107359101,-7.311667775156484],[109.63082764319485,-7.312909343524491],[109.63050312240128,-7.312862809390269],[109.62828494022419,-7.312105441058486],[109.627107359101,-7.311667775156484]],[[109.62728306497718,-7.358621175997141],[109.62793925567503,-7.356868781626329],[109.62762357327156,-7.357898721851491],[109.62728306497718,-7.358621175997141]],[[109.62968963339104,-7.348680941737629],[109.63245202975031,-7.349034178640192],[109.63183148875459,-7.349003930926694],[109.62968963339104,-7.348680941737629]],[[109.63086727816929,-7.334332733115375],[109.63131399611949,-7.332937921928884],[109.6312154942967,-7.333375216106906],[109.63086727816929,-7.334332733115375]],[[109.63161979437713,-7.33158034504409],[109.63170651220297,-7.330676964332473],[109.63171219097269,-7.331170154733215],[109.63161979437713,-7.33158034504409]],[[109.63167821699133,-7.31303131017808],[109.6335796872223,-7.312808855951078],[109.63204979616766,-7.313084592172973],[109.63167821699133,-7.31303131017808]],[[109.63838891317197,-7.349323566690374],[109.63922516647192,-7.34929724840061],[109.63895556047977,-7.349351187404459],[109.63838891317197,-7.349323566690374]],[[109.64811693179831,-7.307683776470107],[109.6482472176781,-7.306848226000415],[109.64821359405092,-7.307399840702532],[109.64811693179831,-7.307683776470107]]]}},{"type":"Feature","properties":{"KECAMATAN":"Purwanegara","DESA_COUNT":13},"geometry":{"type":"Polygon","coordinates":[[[109.52146257282132,-7.512465228471298],[109.52319824963631,-7.51365571253389],[109.5246977401958,-7.515116627726504],[109.52600064835485,-7.515672597592111],[109.53065574047456,-7.515787750412581],[109.53535397316311,-7.515541175604486],[109.53792092819661,-7.515775761650082],[109.53865750187886,-7.516510721655212],[109.53974211345677,-7.518766009003778],[109.54019141646309,-7.5192286890891],[109.54160525397383,-7.520409002277301],[109.5435522703705,-7.5216182067353],[109.54420254985246,-7.522334701664487],[109.54503170181903,-7.522672064265984],[109.54546787723079,-7.522637347161701],[109.54587042516852,-7.522177496712939],[109.54753310393431,-7.519650959574931],[109.54781323252459,-7.519018920205101],[109.5486553483159,-7.515115139614484],[109.54938950524665,-7.513770171553607],[109.55140502016593,-7.511895915230592],[109.55138816700189,-7.511525083712518],[109.55341830464913,-7.510871594426847],[109.55511060198288,-7.511609677996917],[109.55585578002902,-7.511557882801542],[109.55719831132058,-7.510513344182988],[109.55852949893635,-7.50989369647744],[109.5617063607614,-7.509542375764372],[109.56263954928083,-7.50930131966075],[109.56398347583217,-7.509396127359462],[109.56557251049524,-7.509754015853896],[109.56648339344633,-7.509684660622062],[109.5691003533046,-7.509964430019815],[109.57030564206025,-7.510872654566528],[109.57179739330944,-7.513111134491026],[109.57293667736639,-7.513322877360328],[109.57600074462984,-7.513179036658255],[109.58039956586921,-7.513500775526008],[109.58245895128887,-7.513272358668945],[109.58351081639434,-7.51355603223623],[109.58506244582577,-7.513687613727326],[109.58644381085705,-7.514460750726664],[109.58711013774143,-7.515575240591737],[109.58786890404431,-7.514998862079023],[109.58844293643551,-7.513852289008875],[109.58874455237176,-7.513581930850015],[109.58969688450516,-7.513476496445512],[109.59124195195776,-7.513698447894614],[109.5929885972779,-7.513414729354611],[109.59392203952274,-7.51295652495923],[109.5945245128975,-7.512370590543579],[109.59451470069736,-7.511448168299076],[109.59708395586514,-7.510452621318176],[109.59754845929014,-7.510436022421523],[109.59803757593306,-7.510130089960373],[109.59912591712421,-7.508849428139326],[109.60050975856194,-7.50841072544683],[109.60078328703483,-7.508158440434271],[109.60212422935629,-7.506155087871104],[109.60249801899982,-7.505975450743133],[109.60582911658592,-7.505452504268113],[109.6069959493696,-7.504759841904026],[109.60903138708963,-7.504838619598461],[109.61133795622858,-7.504429922027362],[109.61191518338582,-7.504820613649945],[109.61322767219498,-7.50420985520136],[109.61344710042083,-7.503767431022086],[109.61296262642136,-7.503485530260051],[109.61294768377255,-7.502400340641807],[109.61356245361574,-7.501859708542832],[109.61501725137634,-7.501348755876943],[109.6152847047366,-7.500391033676543],[109.61499369090458,-7.499395387201831],[109.61508964118723,-7.498871200283152],[109.61265689274377,-7.499071484129709],[109.60862306755652,-7.499049699642274],[109.60693389247508,-7.498384245202341],[109.60570563460324,-7.497629742774983],[109.60568409578413,-7.497096146086938],[109.60594840701077,-7.496708116438469],[109.60563642390595,-7.493315908365991],[109.60545039077527,-7.492772749173099],[109.60637029944283,-7.492088431510074],[109.60705899187222,-7.491276710835018],[109.6051776455367,-7.489236004498429],[109.60243430894897,-7.487671929466345],[109.60230354063336,-7.487137986619762],[109.60180923436086,-7.486385808164621],[109.60236821311987,-7.48576355046464],[109.60337723814906,-7.483225687784485],[109.60344348412795,-7.482059296277187],[109.60305132561454,-7.480810080409309],[109.60301456318533,-7.480176981200827],[109.60337368740844,-7.4788216496894],[109.6041703873285,-7.47749482645983],[109.60375531468978,-7.476779067296164],[109.6030057908666,-7.476451206506405],[109.60259300433,-7.474993884996525],[109.60270123473845,-7.473827716718358],[109.60291107142376,-7.473367183378563],[109.60255992841957,-7.472307965852403],[109.60279141892643,-7.47163955060839],[109.60362491967496,-7.470764999033935],[109.60379968080065,-7.468785049441385],[109.60407187711392,-7.465458068589268],[109.60390063845733,-7.461948768710593],[109.60378817932178,-7.460447191180549],[109.60327301912847,-7.458808812118621],[109.60383501825173,-7.457643984377251],[109.60381748749242,-7.457282185393733],[109.60314714551701,-7.456990745908874],[109.60332574477776,-7.456105078951319],[109.60305852587807,-7.455652078186043],[109.60273223349489,-7.455687212827029],[109.60260174833921,-7.456030461411919],[109.60218812730062,-7.456110526288537],[109.60200818726955,-7.455793420787062],[109.60290490191157,-7.454810568640386],[109.60305198357787,-7.453780050429168],[109.60340423708833,-7.453591294625311],[109.6034827871581,-7.45327500558969],[109.60324490679491,-7.452216238227702],[109.60341698971789,-7.451782707072489],[109.60414924713712,-7.451676521422335],[109.6042100442412,-7.451351134742596],[109.60395725576265,-7.449360882316671],[109.6042577525112,-7.448882458299881],[109.60376905741946,-7.447994685719921],[109.60355301144688,-7.447189235277319],[109.60319315497482,-7.444872976641523],[109.60328487770853,-7.442187447271235],[109.60347447772928,-7.440252837474834],[109.60326980978456,-7.437385546664189],[109.60345180729375,-7.436861541611349],[109.60410565181553,-7.436194450996328],[109.60418333464958,-7.435606918011944],[109.60393556410264,-7.430867481285286],[109.60425227081116,-7.429484880922563],[109.60505955025369,-7.427371291865839],[109.60510569625491,-7.426738452163577],[109.60493050168085,-7.425652668877549],[109.6038089851407,-7.424699622154648],[109.60373972068065,-7.42430149489673],[109.60396801428419,-7.422312755204989],[109.60387976521265,-7.420757004977482],[109.60412351870417,-7.419763041930565],[109.60373639973015,-7.417917029764982],[109.6040560498441,-7.415666286291899],[109.60413325492179,-7.413875980125015],[109.60400625387254,-7.411886032823581],[109.60297261886977,-7.411430630315365],[109.60275454667612,-7.411104366660708],[109.60030817980119,-7.410499858355658],[109.59936682837949,-7.409872953703889],[109.59789732937229,-7.409226210721208],[109.59674399826024,-7.409656649266548],[109.59610650187605,-7.411164900468823],[109.59555427757533,-7.411669561711364],[109.59508173698765,-7.411686152270184],[109.59388895745553,-7.411338723544941],[109.59353488041195,-7.411147736798869],[109.59297463752375,-7.409870869706081],[109.59158977027609,-7.409323829508697],[109.59132838177528,-7.40899751527802],[109.5915935207969,-7.408048836809954],[109.59156901842236,-7.407578521084728],[109.59113991746155,-7.406573307318829],[109.590555442393,-7.406625704977101],[109.58954077200937,-7.406088964324189],[109.58918497102101,-7.406160167289584],[109.58849680434118,-7.406872428844416],[109.58667871419908,-7.411849402365992],[109.5860572725592,-7.412833108010615],[109.58479017940645,-7.413606808820067],[109.58358070756819,-7.413973741105858],[109.5815846651408,-7.414211583920379],[109.58023295637621,-7.415138700962814],[109.57711051944365,-7.416132479340258],[109.57654709045036,-7.416582828364188],[109.57587069933437,-7.417222680630027],[109.57553147060749,-7.417782331367263],[109.57524608444709,-7.419183079741956],[109.57489839640778,-7.419561787275802],[109.57456045908816,-7.419533579744955],[109.57405468796192,-7.419034508557866],[109.57302409158991,-7.417575291622101],[109.57245366599948,-7.417483047814159],[109.57145806426945,-7.418239492957257],[109.57094872565209,-7.418870831528442],[109.57050154194803,-7.419963652140988],[109.5699026031567,-7.422222481059693],[109.5695839449083,-7.422700729888972],[109.56920295217101,-7.422934574416912],[109.56848452727255,-7.422914177328309],[109.56688255136329,-7.421661054437892],[109.56652370477231,-7.421515237502396],[109.56584668226525,-7.421721090595649],[109.56539943802073,-7.421629144225177],[109.56458834450159,-7.420930261949523],[109.5634134400087,-7.420926464752073],[109.56238694783127,-7.421619406474679],[109.56205269051377,-7.422459335804488],[109.56223050410898,-7.423418457851763],[109.56352274927312,-7.42432693878354],[109.56385096002408,-7.425349926084555],[109.56330145374089,-7.427509444674043],[109.56302893715394,-7.428014959526068],[109.5620919904138,-7.428916224651697],[109.56112784995264,-7.428967347228578],[109.56058751186275,-7.428395910648452],[109.56022973512067,-7.427255290882392],[109.55935676798293,-7.427044511915554],[109.55884431427646,-7.427133260424021],[109.5581492848163,-7.427818222884915],[109.55745699572945,-7.429769317469717],[109.55722100743482,-7.430066908744645],[109.55666498982895,-7.430318343663197],[109.55595994669282,-7.43036125577571],[109.55585452553163,-7.429953970180056],[109.55679891732017,-7.428492102812442],[109.55684275470615,-7.428175714230862],[109.5566092753857,-7.427704724255965],[109.55611860918562,-7.427549428877043],[109.55515579006494,-7.428043650282457],[109.55423004104154,-7.430382746639371],[109.55360930442193,-7.430778624850955],[109.55322466134258,-7.430822576663942],[109.55277704930127,-7.430567964938564],[109.5526714395591,-7.430242048834525],[109.5531021232705,-7.429094956257607],[109.55303990801416,-7.428543152998927],[109.55225241562191,-7.427735742441597],[109.55144071696962,-7.427751176795775],[109.55101266815643,-7.428093433557018],[109.55071133681099,-7.428725419980786],[109.55057652443101,-7.43081393470726],[109.5500206202472,-7.430938694453242],[109.54857042011363,-7.43036427167146],[109.54822852292804,-7.430426441189272],[109.54666449642752,-7.431596938823128],[109.54500499027401,-7.431473965420493],[109.54456021215151,-7.431562917802807],[109.54392773981935,-7.432003947532412],[109.54378569016448,-7.432491791701621],[109.54424702997363,-7.434428465379092],[109.54401066145878,-7.435178282497369],[109.54251374535929,-7.435381401290869],[109.54164699619528,-7.43586686169815],[109.54007400021064,-7.437570723858107],[109.53949431576406,-7.437722603552179],[109.53868922251878,-7.437520956185621],[109.53823550305144,-7.437646126076472],[109.5373995162553,-7.439171583200852],[109.53661652527757,-7.439919589298865],[109.53608873113747,-7.439673646798727],[109.53573849874954,-7.438912949045686],[109.5357695643226,-7.437158721076551],[109.53542850633751,-7.436515497362416],[109.53478965939698,-7.436576674294017],[109.5338804659737,-7.437378504996352],[109.53259491813962,-7.437952970521788],[109.53261084181408,-7.438938770489147],[109.5331705779618,-7.442431107386834],[109.5330523558298,-7.446735166486451],[109.53339611767466,-7.449621037421575],[109.53312162404725,-7.452143036138108],[109.53317140489767,-7.452920913254457],[109.53316587861342,-7.454738509797367],[109.53373613258942,-7.455744139178222],[109.53322104914174,-7.456881876078002],[109.53257101838118,-7.457802088191605],[109.5327939948507,-7.458101273449825],[109.53279798109004,-7.458788497465619],[109.53241071738202,-7.459275519533981],[109.53130743929532,-7.459497972269687],[109.5306203325288,-7.460354769371692],[109.52920522587758,-7.461380922609345],[109.5269669087064,-7.464303395597337],[109.52651731479011,-7.464392306619883],[109.52577164841864,-7.464950453088187],[109.52427952167236,-7.465388571458247],[109.52372800485634,-7.465884075065708],[109.52361000211027,-7.466362945040492],[109.52388869129359,-7.467268159287121],[109.52591660689649,-7.473324645069847],[109.52689906556408,-7.47576954601929],[109.52718371572689,-7.476258802452635],[109.52786029235594,-7.476125355120092],[109.52854537133639,-7.476308552045294],[109.52955833333793,-7.476944893087273],[109.52992287087648,-7.476982272418106],[109.53038108222898,-7.476956676307506],[109.5315780665225,-7.475803228354963],[109.5323880928613,-7.475552684235057],[109.53275809659073,-7.475653366589068],[109.53388155498087,-7.476941202897983],[109.53457947250789,-7.477196762294751],[109.53520962554964,-7.477072190341701],[109.53538097337527,-7.476792486493236],[109.53523255868227,-7.475616384559522],[109.53554047951866,-7.474640791364954],[109.53593464976683,-7.474551688925261],[109.5375581026848,-7.475316613461167],[109.53848561123785,-7.47525639968997],[109.53867956587032,-7.475591652355605],[109.53832750595909,-7.47750755496856],[109.53829848860171,-7.478818685419612],[109.53848383806326,-7.479786875309119],[109.5406979842597,-7.48259757698745],[109.54160112668782,-7.484074534113438],[109.54253200483954,-7.484782999521244],[109.54341200779099,-7.4865040780613],[109.54390327316031,-7.488296199665514],[109.543867056693,-7.489055621844126],[109.54367506406467,-7.489814619194081],[109.5423397627027,-7.491935307242207],[109.53989580803531,-7.494694318171797],[109.53412884525613,-7.4982742054836],[109.53368946846624,-7.499005246446351],[109.5314589673331,-7.499621726039731],[109.52884054266893,-7.499504481874104],[109.52704661750101,-7.499625051196112],[109.52631568697952,-7.500002415449425],[109.52620072263197,-7.500662205113743],[109.52687164886729,-7.501731474381532],[109.52710285768511,-7.502763105974629],[109.52698478704012,-7.504634562582314],[109.52657305505444,-7.504805052049009],[109.52525466198178,-7.506148011453848],[109.52508800796743,-7.506536305857979],[109.5241319101879,-7.507256466050557],[109.52364171958732,-7.50835809256213],[109.52238451117009,-7.509520425109621],[109.52191580042354,-7.510233176939959],[109.52191717631462,-7.511417823099921],[109.52146257282132,-7.512465228471298]],[[109.54712875743174,-7.457063403967755],[109.548156281092,-7.454299653874727],[109.54855158317574,-7.453141300741652],[109.54851858267402,-7.45337846763628],[109.54712875743174,-7.457063403967755]],[[109.5482242179159,-7.435626160420239],[109.5532141458764,-7.443726878772647],[109.55125568924325,-7.440736270431888],[109.5482242179159,-7.435626160420239]],[[109.54872159239736,-7.467106355272839],[109.5487540584567,-7.466708562412436],[109.5488438027175,-7.467405204132794],[109.54872159239736,-7.467106355272839]],[[109.55453957585334,-7.462569606576859],[109.55465709100058,-7.462658593037804],[109.5548470817632,-7.463020950514738],[109.55453957585334,-7.462569606576859]],[[109.56141220436945,-7.443021152084566],[109.5631541767309,-7.442683149822549],[109.56192614424833,-7.442986565516468],[109.56141220436945,-7.443021152084566]],[[109.5638720060437,-7.441862548599492],[109.56466741329433,-7.440617170701833],[109.56420326970412,-7.441420513606952],[109.5638720060437,-7.441862548599492]],[[109.56600717335398,-7.4801377141659104],[109.56607114561368,-7.480257280519099],[109.56606233211907,-7.480421023410252],[109.56600717335398,-7.4801377141659104]],[[109.56683955916684,-7.501999199648345],[109.56707069197091,-7.504134122113269],[109.56693855089128,-7.503690583388895],[109.56683955916684,-7.501999199648345]],[[109.56689718024157,-7.436971019720404],[109.56776316940382,-7.436716352165176],[109.56763475380214,-7.436783447465035],[109.56689718024157,-7.436971019720404]],[[109.56916620402136,-7.508517784641176],[109.56961464411626,-7.507287530119884],[109.5696139304905,-7.507551655602099],[109.56916620402136,-7.508517784641176]],[[109.57431986307236,-7.459928190623719],[109.57590262435392,-7.459655445418818],[109.57576083941144,-7.459724797106372],[109.57431986307236,-7.459928190623719]],[[109.5765506436091,-7.45933847784714],[109.5772559144834,-7.458454526839571],[109.5777389823735,-7.457922557956808],[109.5765506436091,-7.45933847784714]],[[109.58099007211173,-7.486816596370979],[109.58301039282286,-7.485217108197658],[109.58254279795996,-7.485700210643696],[109.58099007211173,-7.486816596370979]],[[109.58315361474618,-7.433930521872613],[109.58700660561075,-7.432438431168329],[109.58687549259953,-7.43257689098783],[109.58315361474618,-7.433930521872613]],[[109.58337974494195,-7.484835506673897],[109.58379308133613,-7.484049412525748],[109.58360728373218,-7.48460042165724],[109.58337974494195,-7.484835506673897]]]}},{"type":"Feature","properties":{"KECAMATAN":"Purworeja Klampok","DESA_COUNT":8},"geometry":{"type":"Polygon","coordinates":[[[109.41809822408746,-7.472670953508881],[109.41958283737543,-7.474484752467254],[109.41998187283764,-7.475245772149052],[109.42222397023161,-7.475308040456882],[109.4225187435936,-7.475625606093967],[109.42305997537599,-7.476983902954386],[109.42387477750255,-7.478261812203956],[109.42591896411713,-7.479354168393432],[109.42703297865273,-7.479611371861483],[109.42899276724813,-7.478822603420703],[109.43015291233505,-7.479007638397845],[109.43137894337224,-7.479780546332922],[109.43243369367661,-7.479919997802411],[109.43275351778817,-7.479794475440977],[109.4335323757832,-7.477880264767804],[109.43401911288043,-7.477791586968299],[109.43475537789087,-7.478309608386819],[109.43477846127104,-7.479295302165236],[109.43496271814685,-7.479874648375364],[109.43525430138715,-7.480273562492124],[109.43602468337185,-7.480674175448687],[109.4369036905028,-7.480550723856568],[109.43730443811778,-7.480127143111292],[109.43834454040744,-7.479597338940648],[109.44071505359797,-7.479316336915441],[109.44159298909517,-7.479473222831278],[109.44177805783268,-7.479826463477926],[109.44140342901096,-7.480322467003231],[109.44049741812786,-7.480644817659234],[109.4401763321337,-7.481041561703947],[109.43998795590896,-7.481619588536691],[109.44003698116188,-7.482813402018668],[109.44043492355883,-7.483158446429074],[109.44131319808064,-7.483242919790243],[109.44277818768772,-7.48306728529832],[109.4467138771199,-7.484220483674161],[109.44839306720868,-7.483430636878013],[109.4503242427894,-7.483699703400627],[109.45139749212315,-7.484680054862968],[109.45130075609424,-7.485629171073317],[109.44868742675652,-7.489155615959262],[109.44748096275687,-7.491384869033614],[109.44776489090485,-7.491819914328859],[109.44884636632422,-7.492483878864148],[109.44945574931558,-7.494710492003294],[109.44924564539197,-7.495433098477561],[109.44679867123995,-7.496645232277205],[109.44674837788466,-7.497260002763269],[109.44642713304845,-7.497466804253035],[109.44562696282156,-7.497554384305485],[109.44552745017477,-7.498774796907365],[109.44681607621177,-7.501555385175572],[109.44674013234071,-7.502387041421732],[109.44722737822273,-7.504143019144833],[109.44708864453368,-7.504856924542509],[109.44625129669839,-7.507204995972856],[109.44540712499192,-7.508106258839602],[109.4449321476128,-7.509668886906219],[109.44474106062118,-7.50997568382002],[109.44414992934978,-7.510353388856229],[109.4438175342504,-7.511527770312568],[109.44317145727162,-7.512312108998827],[109.44254848530669,-7.513593945936217],[109.44291323776507,-7.514454284666787],[109.4428584477302,-7.515132321480888],[109.44175631835043,-7.517379987589329],[109.44183750363446,-7.518519580698888],[109.44255364405218,-7.519064744835236],[109.4432280262002,-7.51988088967116],[109.44559030330204,-7.524663741915755],[109.44596253096978,-7.524791721736324],[109.44927055703312,-7.52450500462864],[109.45168211025155,-7.523889540251259],[109.4539210882663,-7.523562936309562],[109.45456820632492,-7.523203498994926],[109.45569953212876,-7.523252689248967],[109.45702083241018,-7.522506780474028],[109.45921481571423,-7.520552294574268],[109.46039417910464,-7.519923403715135],[109.46225614504081,-7.519378359772589],[109.46149718567771,-7.518444320495418],[109.46015843535808,-7.516260352222885],[109.45785470177346,-7.513774648695497],[109.45720232713136,-7.51313028341279],[109.45421666299949,-7.511483048071755],[109.45433867638526,-7.510931903235467],[109.45614286106742,-7.509410096005143],[109.45859647252053,-7.506968131356925],[109.45910691983764,-7.505948137290305],[109.45929084641305,-7.504700888435127],[109.45909879772556,-7.502864582551063],[109.45851043666501,-7.501017846713167],[109.45847119170159,-7.50000496519727],[109.45869226659873,-7.499707305223349],[109.45909433726156,-7.499545980897757],[109.46068996159325,-7.499759506409861],[109.46139940358847,-7.499554051888738],[109.46176535284287,-7.499274978273341],[109.461703429286,-7.494717316228434],[109.46119230984216,-7.493530918895373],[109.46143177793135,-7.492184412099411],[109.46239775017574,-7.490107960217898],[109.46279927633059,-7.489928546975557],[109.46449137818347,-7.49023288707816],[109.4657811435073,-7.490137844326656],[109.46636336677498,-7.489389397693295],[109.46705328980634,-7.487537987738668],[109.4674611195258,-7.487349550526758],[109.46796795149474,-7.487414599240527],[109.47087493426403,-7.489043365543927],[109.472611612626,-7.487683959950121],[109.47217661239523,-7.486986128516692],[109.47211368566484,-7.486262555567083],[109.47235286675875,-7.485973988924696],[109.47320520279565,-7.48576891477483],[109.47323848004768,-7.485244572806919],[109.47307641228858,-7.484864206809132],[109.47260101867391,-7.484374265097405],[109.4723516333711,-7.483387771943298],[109.47188849748525,-7.483133023706833],[109.4717159407015,-7.4827616619959],[109.47186611027048,-7.482310052112388],[109.47171664659464,-7.481893566502611],[109.47110449067912,-7.481095672212433],[109.46742282661874,-7.481321526551482],[109.46760001432622,-7.481291441620959],[109.46689844355251,-7.480963533897578],[109.4668216247082,-7.480583463395519],[109.46672075401864,-7.477933620394235],[109.46711010421905,-7.475158909979815],[109.46671708861297,-7.468511209720478],[109.46671735637938,-7.46794146017581],[109.46420704780661,-7.464668382463559],[109.46389508065035,-7.464088597583666],[109.46367154189444,-7.462830880990236],[109.46347535046195,-7.462513681203713],[109.46453754949006,-7.460898802261335],[109.46494718160581,-7.459607121830056],[109.46576077997736,-7.458497658226856],[109.46668835857015,-7.458229652390974],[109.46790107193236,-7.458116235637228],[109.4686429427629,-7.458317793747423],[109.47007749970398,-7.457762049379992],[109.47151461363816,-7.455542527748559],[109.47156216063657,-7.455144896289832],[109.4744679296827,-7.453147412551343],[109.4746873377525,-7.452650833158332],[109.47443919397143,-7.450398359878847],[109.47373364830678,-7.449265553143949],[109.4732997185325,-7.448178977215178],[109.47131579481025,-7.448958862927897],[109.4703400791854,-7.448982614827228],[109.46973098548973,-7.448862888753066],[109.46699158248038,-7.447641762951025],[109.46522910068275,-7.446053156943866],[109.46446848544052,-7.446113805697425],[109.46190398133538,-7.44736184502178],[109.46161497765488,-7.44774064392876],[109.4615800548865,-7.449485753694058],[109.46125842730419,-7.450949512122016],[109.46033349548068,-7.452239396289955],[109.45869132914494,-7.452758133654392],[109.45659184105742,-7.452823140944592],[109.45561456472724,-7.452566589816939],[109.45466715111289,-7.452038828305345],[109.4537757067655,-7.451294192580404],[109.45359512839013,-7.450958963788969],[109.45324244228638,-7.447937491340147],[109.45282170136223,-7.447067929466288],[109.45242932601006,-7.446822458327469],[109.45131025088568,-7.446574355526916],[109.45043237447243,-7.446544162150021],[109.44961369459753,-7.446930138109947],[109.44867137884428,-7.448102402663974],[109.44739577923468,-7.449282535975855],[109.44678600810401,-7.450546277363011],[109.44672383163585,-7.450998185165791],[109.44720563403129,-7.451750436022666],[109.44865343504034,-7.453202300473656],[109.44868123887629,-7.453898714163101],[109.44737348467595,-7.455612223434183],[109.44625362927549,-7.455644453606408],[109.44326222234854,-7.454150989165365],[109.44200218710317,-7.454110299986128],[109.4413756439275,-7.454279956378623],[109.44071675252428,-7.453753184132679],[109.44026960062116,-7.452331858759725],[109.44045434013447,-7.449249003163441],[109.44000500516609,-7.448551196697848],[109.43944852956992,-7.448513072655031],[109.43791599970872,-7.449167727388748],[109.43666119639607,-7.449995220037807],[109.43606760989057,-7.450689435253836],[109.43589082679486,-7.451520732661735],[109.43609850799035,-7.451792686700246],[109.43759049092624,-7.452738368046556],[109.43772842248879,-7.453046328417726],[109.4375872855766,-7.45364260485082],[109.43692189032431,-7.454951422716839],[109.43618836522303,-7.455816914745116],[109.4348279787706,-7.456960537558792],[109.43367809598985,-7.457643646255651],[109.43263310920074,-7.458028781624083],[109.43068079675446,-7.459369183329429],[109.43019075995284,-7.459530265347799],[109.42972457493661,-7.459266340691684],[109.42928855656534,-7.45871322248157],[109.4285939697738,-7.456992672170673],[109.42816243869159,-7.455182650353367],[109.42708352082596,-7.45479901803814],[109.4264115017472,-7.45500465261224],[109.42541520624282,-7.45595959368752],[109.42570539726073,-7.456512195116344],[109.42748138391417,-7.457856798268718],[109.42736154397657,-7.458760615671276],[109.4269513371822,-7.459138952989763],[109.42627941030604,-7.459254089641967],[109.42531618976749,-7.459187375280973],[109.42368269383165,-7.458774635691237],[109.42309854375877,-7.458890080412594],[109.42274709799213,-7.459151094739542],[109.4225411557746,-7.459584399484229],[109.4236174339296,-7.460727536787302],[109.42375430905827,-7.463205694967349],[109.42413976276107,-7.464192677478015],[109.42447095076595,-7.46729542189678],[109.42407846596502,-7.468270588210199],[109.42342787505997,-7.468973613921753],[109.42248543607468,-7.469585099001975],[109.41914132549847,-7.471056154960028],[109.41829547928864,-7.471894079884236],[109.41809822408746,-7.472670953508881]],[[109.43701111526384,-7.471689447827228],[109.43733807345545,-7.472221258358581],[109.43711469535039,-7.472015368944607],[109.43701111526384,-7.471689447827228]],[[109.43781802655639,-7.472663635030466],[109.43863036675991,-7.47318716104248],[109.43818815207342,-7.473004782726126],[109.43781802655639,-7.472663635030466]],[[109.44963186953986,-7.458983523829358],[109.45008871048772,-7.4596164911175835],[109.44982299331016,-7.459382479451503],[109.44963186953986,-7.458983523829358]]]}},{"type":"Feature","properties":{"KECAMATAN":"Rakit","DESA_COUNT":11},"geometry":{"type":"Polygon","coordinates":[[[109.50328489893337,-7.411621845167068],[109.50492209797854,-7.4142045677745],[109.50739391657063,-7.416681599205311],[109.50813205102216,-7.418004330515776],[109.50849545120631,-7.419117771007052],[109.50846830838351,-7.419768810999383],[109.50823167268497,-7.420274401678112],[109.50698629804677,-7.42137339805331],[109.50603311616074,-7.422636200229107],[109.50590907898696,-7.423133126501384],[109.50577710353615,-7.42390134528371],[109.50594214583107,-7.426171634451463],[109.5067432223144,-7.4269520332528],[109.5069605709998,-7.430081571522012],[109.50671590422627,-7.431789852240211],[109.50668690185167,-7.434249348792945],[109.50683419706871,-7.435072753202604],[109.50804253553783,-7.438495028967873],[109.50835633096688,-7.438704027263507],[109.5084031911661,-7.43942764322806],[109.50811449024012,-7.440900620370331],[109.50774900225726,-7.448025115630457],[109.51088858668662,-7.449410186025527],[109.51213209704902,-7.450571884087938],[109.51261341967461,-7.450573501928083],[109.5128843896645,-7.44813280483178],[109.51314889866774,-7.447518815927748],[109.51371910930506,-7.447168041530688],[109.51406887156975,-7.447214420376863],[109.5152478786108,-7.448032245594183],[109.51738523325702,-7.450110249420939],[109.51793202078697,-7.450238654688],[109.5183924724944,-7.449959834753058],[109.51848128832384,-7.449562327851991],[109.51850990620277,-7.447536786484125],[109.51927021119437,-7.446815868340558],[109.51981354042663,-7.446727274791781],[109.52165399311653,-7.446923374896835],[109.52366128348233,-7.446667791843316],[109.52437144596321,-7.446127606816977],[109.52470603603652,-7.444880788145839],[109.52452425822497,-7.442764129432174],[109.52452598109218,-7.442248705989927],[109.52469240280487,-7.44194177467048],[109.5252592736335,-7.441826128326215],[109.52667463284538,-7.442047912151338],[109.5283008353813,-7.441881446308419],[109.52933502069091,-7.441306162454508],[109.5302969278101,-7.439799226498964],[109.53181240790272,-7.4383753999902],[109.5338804659737,-7.437378504996352],[109.53478965939698,-7.436576674294017],[109.53542850633751,-7.436515497362416],[109.5357695643226,-7.437158721076551],[109.53573849874954,-7.438912949045686],[109.53608873113747,-7.439673646798727],[109.53661652527757,-7.439919589298865],[109.5373995162553,-7.439171583200852],[109.53823550305144,-7.437646126076472],[109.53868922251878,-7.437520956185621],[109.53949431576406,-7.437722603552179],[109.54007400021064,-7.437570723858107],[109.54164699619528,-7.43586686169815],[109.54213894547802,-7.435542909189355],[109.54401066145878,-7.435178282497369],[109.54424702997363,-7.434428465379092],[109.54378569016448,-7.432491791701621],[109.54392773981935,-7.432003947532412],[109.54420908230573,-7.431751629221771],[109.54500499027401,-7.431473965420493],[109.54666449642752,-7.431596938823128],[109.54822852292804,-7.430426441189272],[109.54857042011363,-7.43036427167146],[109.5500206202472,-7.430938694453242],[109.55057652443101,-7.43081393470726],[109.55071133681099,-7.428725419980786],[109.55101266815643,-7.428093433557018],[109.55144071696962,-7.427751176795775],[109.55225241562191,-7.427735742441597],[109.55303990801416,-7.428543152998927],[109.5531021232705,-7.429094956257607],[109.5526714395591,-7.430242048834525],[109.55277704930127,-7.430567964938564],[109.55322466134258,-7.430822576663942],[109.55360930442193,-7.430778624850955],[109.55423004104154,-7.430382746639371],[109.55515579006494,-7.428043650282457],[109.55611860918562,-7.427549428877043],[109.5566092753857,-7.427704724255965],[109.55684275470615,-7.428175714230862],[109.55679891732017,-7.428492102812442],[109.55585452553163,-7.429953970180056],[109.55595994669282,-7.43036125577571],[109.55666498982895,-7.430318343663197],[109.55722100743482,-7.430066908744645],[109.55745699572945,-7.429769317469717],[109.5579674572069,-7.428116081197857],[109.55884431427646,-7.427133260424021],[109.55935676798293,-7.427044511915554],[109.56022973512067,-7.427255290882392],[109.56058751186275,-7.428395910648452],[109.56082750215573,-7.428704088879236],[109.56112784995264,-7.428967347228578],[109.5620919904138,-7.428916224651697],[109.56260532818212,-7.428556149566247],[109.56330145374089,-7.427509444674043],[109.56385096002408,-7.425349926084555],[109.56352274927312,-7.42432693878354],[109.56223050410898,-7.423418457851763],[109.56205269051377,-7.422459335804488],[109.56238694783127,-7.421619406474679],[109.5634134400087,-7.420926464752073],[109.56403662324222,-7.420829026089528],[109.56458834450159,-7.420930261949523],[109.56539943802073,-7.421629144225177],[109.56584668226525,-7.421721090595649],[109.56652370477231,-7.421515237502396],[109.56688255136329,-7.421661054437892],[109.56848452727255,-7.422914177328309],[109.56920295217101,-7.422934574416912],[109.5695839449083,-7.422700729888972],[109.57015814406702,-7.42162640250171],[109.57071495798856,-7.419295107550565],[109.57145806426945,-7.418239492957257],[109.57245366599948,-7.417483047814159],[109.57302409158991,-7.417575291622101],[109.57405468796192,-7.419034508557866],[109.57456045908816,-7.419533579744955],[109.57489839640778,-7.419561787275802],[109.57524608444709,-7.419183079741956],[109.57553147060749,-7.417782331367263],[109.57587069933437,-7.417222680630027],[109.57711051944365,-7.416132479340258],[109.58023295637621,-7.415138700962814],[109.5815846651408,-7.414211583920379],[109.58236345863995,-7.414132605396735],[109.58358070756819,-7.413973741105858],[109.58479017940645,-7.413606808820067],[109.5860572725592,-7.412833108010615],[109.58667871419908,-7.411849402365992],[109.58849680434118,-7.406872428844416],[109.58918497102101,-7.406160167289584],[109.58954077200937,-7.406088964324189],[109.590555442393,-7.406625704977101],[109.59113991746155,-7.406573307318829],[109.59139520084462,-7.406140042201083],[109.59180740059159,-7.40435080614377],[109.59223956571277,-7.404225594308],[109.59410969319062,-7.402974488579691],[109.59433076613846,-7.402703946903054],[109.59453333713898,-7.401411406643254],[109.59473240157554,-7.401131663390584],[109.59561419155207,-7.400790783485954],[109.59447930936996,-7.396744921710565],[109.59395659615967,-7.395531465479557],[109.5917810054876,-7.393028745163816],[109.59051772118353,-7.392364558168485],[109.5893121115501,-7.391275609536373],[109.58566696341514,-7.385955745543344],[109.58554372451943,-7.386516005364252],[109.58311094869624,-7.388099916084555],[109.58041574242529,-7.388163680537299],[109.5798321301309,-7.389029965962682],[109.57888923393298,-7.389985518496299],[109.57866347431695,-7.390997601370817],[109.57831647321703,-7.39124070000564],[109.57789732297192,-7.390850499402158],[109.57755136348283,-7.39076802505629],[109.5770315839348,-7.390965274938618],[109.57665874499091,-7.391579071481914],[109.57589117461733,-7.391874982725401],[109.5751496536016,-7.391827408284064],[109.57408783933721,-7.391380903702137],[109.57112890986295,-7.388757976394472],[109.56891769344249,-7.388072707810906],[109.56731585663016,-7.387226553828873],[109.56650071323155,-7.387196812711109],[109.56578938774452,-7.387610513602378],[109.56386234054227,-7.389837946126227],[109.56243835360816,-7.390981773123593],[109.56166962718842,-7.392787895817207],[109.56130048435506,-7.39313036088044],[109.55843434618623,-7.394396183009421],[109.55766956843553,-7.394357545023029],[109.55735281430525,-7.39418473789236],[109.55636735785801,-7.39314154214276],[109.55577123537792,-7.392877417975954],[109.55504410379977,-7.392748395828065],[109.55369950967156,-7.393060568449818],[109.5530069748909,-7.393799877950314],[109.55203063953421,-7.395623383987646],[109.55141788410413,-7.398352364220475],[109.55111794633424,-7.398749290251999],[109.55061466183992,-7.398648200938406],[109.5495162984309,-7.397848825513868],[109.54899865614742,-7.39807316908788],[109.54891919154333,-7.399257571369279],[109.54906600521024,-7.40059640991791],[109.54884279583878,-7.401925002033438],[109.54830884501285,-7.402474862098002],[109.54724481266763,-7.402254405563601],[109.54691170999733,-7.402397977135724],[109.54661097328011,-7.402785855031238],[109.54645791655368,-7.403789102018899],[109.54650403722083,-7.404919665265385],[109.54625337550321,-7.405298664823973],[109.54563793683701,-7.405296654901878],[109.54527250880993,-7.405114548126352],[109.54417968407913,-7.403582755254908],[109.54364835009477,-7.403219282720658],[109.54300487367881,-7.403226219141374],[109.54279321818542,-7.403623426238547],[109.54285998770884,-7.404582184013017],[109.5426439797348,-7.406326774178227],[109.54254937337531,-7.406679158373236],[109.54217391611911,-7.407048705026741],[109.53932330261988,-7.406578173291569],[109.53736181310758,-7.405866346531363],[109.53694065119575,-7.4059372914096],[109.536682541353,-7.406262012845503],[109.53707540182721,-7.407637821546265],[109.53695742497518,-7.40796300353152],[109.53637161193954,-7.408331852599205],[109.5360212613955,-7.408312618096772],[109.53513612914007,-7.407233545151739],[109.53466972827835,-7.406933654210518],[109.53267874090398,-7.406854676634011],[109.53228141429392,-7.408345505737246],[109.53197114479242,-7.408787585403794],[109.5291322397041,-7.409655375316345],[109.52672580302489,-7.409611250084965],[109.52618149027171,-7.409672734933074],[109.52454351427845,-7.410607756016125],[109.52299487450142,-7.410892021239697],[109.52205408247524,-7.411259579310537],[109.51960649421571,-7.411839288698294],[109.51839408722789,-7.411627218452934],[109.51746788002468,-7.412546497041274],[109.51707902413219,-7.412671865399757],[109.51603495162747,-7.41260500582597],[109.51536352606136,-7.412078296502293],[109.51481384263717,-7.411289713387533],[109.51392599519127,-7.410970313455767],[109.51338697684119,-7.411212619620233],[109.51282074006654,-7.411997474617411],[109.51112726395203,-7.412679105728652],[109.51077305861541,-7.412696001919921],[109.5101651146951,-7.411464120766831],[109.50969851412297,-7.411317902152976],[109.50901951078808,-7.412048036888123],[109.50860005321877,-7.412254663686649],[109.50826191137102,-7.412226406892681],[109.50816864423274,-7.411240356310474],[109.50783272500402,-7.410552025094961],[109.50708104750655,-7.40997079074561],[109.50661447510446,-7.409905847826362],[109.50516175195443,-7.409946264986393],[109.5045731666249,-7.410134147463189],[109.50407988230887,-7.410503259131639],[109.50328489893337,-7.411621845167068]],[[109.51368080084457,-7.446010485853531],[109.51381389946836,-7.445685366597388],[109.51405407618117,-7.445396770487434],[109.51368080084457,-7.446010485853531]],[[109.5251978495521,-7.4225985683761655],[109.52674029540091,-7.416701167310313],[109.52669221749076,-7.417062411207508],[109.52519819077273,-7.422599038705825],[109.5251978495521,-7.4225985683761655]],[[109.53066459267431,-7.426871562378896],[109.53114025386319,-7.427485566276186],[109.532280051561,-7.42950210558623],[109.53066459267431,-7.426871562378896]],[[109.54733791364217,-7.420232096955831],[109.54781569683334,-7.422058576644438],[109.54760271498644,-7.421580362124056],[109.54733791364217,-7.420232096955831]],[[109.5496574433379,-7.423251005428413],[109.55078695531178,-7.426711061533484],[109.55056929272875,-7.426364766867951],[109.5496574433379,-7.423251005428413]],[[109.5641978372849,-7.418368136422572],[109.56429920074034,-7.41868665936448],[109.56445082006745,-7.419501037551473],[109.5641978372849,-7.418368136422572]],[[109.568334262716,-7.409403410331874],[109.57000251601903,-7.409598640064677],[109.56898852559823,-7.409577297911917],[109.568334262716,-7.409403410331874]],[[109.57131298542843,-7.409017883555936],[109.57173252433734,-7.408741526660618],[109.57156232381806,-7.408907385064618],[109.57131298542843,-7.409017883555936]],[[109.57577425130367,-7.405204119733366],[109.57777233021311,-7.406368058119434],[109.57728203110089,-7.406194707709436],[109.57577425130367,-7.405204119733366]],[[109.58506430855968,-7.400712195185647],[109.58550176170816,-7.399968304570334],[109.58528486189284,-7.400441657141212],[109.58506430855968,-7.400712195185647]]]}},{"type":"Feature","properties":{"KECAMATAN":"Sigaluh","DESA_COUNT":15},"geometry":{"type":"Polygon","coordinates":[[[109.72549130130527,-7.387543541926174],[109.72565097849451,-7.387842377070586],[109.72730605748903,-7.39008991815269],[109.72807881684246,-7.391720007606806],[109.72868501550325,-7.395248761677841],[109.72977763344218,-7.397386193756034],[109.730472328452,-7.398003106190511],[109.73172685530413,-7.399770192504757],[109.73401412128699,-7.401241742562045],[109.74140947758303,-7.406291045422491],[109.74423871910207,-7.40876791159898],[109.74579254273986,-7.410635276575391],[109.75000057282541,-7.415856318058593],[109.75125035390846,-7.418238293318486],[109.75163379787176,-7.419017151975155],[109.75360608963528,-7.421799085510353],[109.75433384840223,-7.422479448148398],[109.75553006353756,-7.42338716959375],[109.75758541195891,-7.424541514048891],[109.75823534177452,-7.425113061114454],[109.75820782196895,-7.425628462233487],[109.75558561596125,-7.431418141392007],[109.75400430262505,-7.438151253995965],[109.75334472893793,-7.439695920727857],[109.75502055769596,-7.439727756548419],[109.75940199709902,-7.440391147718021],[109.75966527466309,-7.440898320713403],[109.76054585776414,-7.440593360086322],[109.76143266548438,-7.440785719041696],[109.76359022710062,-7.442690904251413],[109.77010937328222,-7.446923487354882],[109.77018693859536,-7.447240260389571],[109.77301156411494,-7.447980582882266],[109.77532369227818,-7.447878480953666],[109.77717429335435,-7.448001140969765],[109.78656833975981,-7.44828025139725],[109.78905497963962,-7.447861995936736],[109.79065899381008,-7.448191981782717],[109.79368277277926,-7.447956006278411],[109.79582605110103,-7.448432114989386],[109.79807211183368,-7.4496320347232],[109.8015423893397,-7.45069049872389],[109.80273541087398,-7.4505309710157],[109.80453606211753,-7.449993225773968],[109.80756341230682,-7.448554303197484],[109.80924765243309,-7.44854075212069],[109.81150640795077,-7.448818173347779],[109.8141219797357,-7.448770934799941],[109.81597421449773,-7.448522623997174],[109.8187239216138,-7.447128175947291],[109.81983659099316,-7.447899900371569],[109.82025671844399,-7.448371298608771],[109.82097421891791,-7.448671689040028],[109.8226100998258,-7.448332352708914],[109.82431882734811,-7.448581029895101],[109.8254963181695,-7.448303850115655],[109.8254630307088,-7.446775285601611],[109.82599739981045,-7.442697901428196],[109.82641914264794,-7.441270095165534],[109.82727479760014,-7.43616248481582],[109.82757339609907,-7.435665867942673],[109.82821900040447,-7.435124957129264],[109.8312205214387,-7.433532059892071],[109.83173110285678,-7.432656138033869],[109.83194678300106,-7.430766540249069],[109.8317282400039,-7.42997911932761],[109.8320972644877,-7.428894854636183],[109.83224165970469,-7.427176868778304],[109.83175729836621,-7.42573762529627],[109.83295899767607,-7.422828586136706],[109.83253083800288,-7.422203463757604],[109.83193856262041,-7.421966721227627],[109.83127739864622,-7.42144949088765],[109.83064058737173,-7.421782464398804],[109.82993021023749,-7.421880057518123],[109.82920385419527,-7.42183293343216],[109.82851118150634,-7.421451248228491],[109.82857837033254,-7.420990186942261],[109.82967077070104,-7.420088672481734],[109.82947330804345,-7.419807846662174],[109.82904411599995,-7.419689078044],[109.82848236549259,-7.419805235554378],[109.82734345825607,-7.419648425466418],[109.82291310726123,-7.421418368910822],[109.82207160242193,-7.421099574982993],[109.82128052430808,-7.420473482177476],[109.82063942737445,-7.419440801705335],[109.81805515601496,-7.416304741850823],[109.81736291388319,-7.415769327698474],[109.81657093212094,-7.415459699345313],[109.81058083229308,-7.413860994320415],[109.80845018052658,-7.414018138690475],[109.80787263337992,-7.413898953853359],[109.80681747195337,-7.413226922100814],[109.80426045483811,-7.412225249809488],[109.80064498531786,-7.411889913427599],[109.79830118508359,-7.411503733049551],[109.79764116586685,-7.411303025295241],[109.79692457393143,-7.410586587639885],[109.79561244327532,-7.410411239601117],[109.79505048196926,-7.410608642509067],[109.79427206482903,-7.411393369760124],[109.79242232879753,-7.411523983071043],[109.79189414715977,-7.411359793036589],[109.79143689077216,-7.409513620758609],[109.79066318357721,-7.408652347876746],[109.78746373627808,-7.407142310502842],[109.7858155799135,-7.405935053017354],[109.78446230951197,-7.405732346375364],[109.78150437292665,-7.406420673842344],[109.78074536291803,-7.406201498081916],[109.7804817011578,-7.406019936543485],[109.78040004634228,-7.405639859737387],[109.78027308848573,-7.403830756398837],[109.77933588303398,-7.4023178184085],[109.77630357062793,-7.400102899023485],[109.77354315050928,-7.399398898357697],[109.77254201995858,-7.398889702386001],[109.77187042801324,-7.396970507731734],[109.77111264150565,-7.396317308958181],[109.7685226844679,-7.395414829472148],[109.76811065089899,-7.395133300840635],[109.76811172887098,-7.394744500690975],[109.76857667425432,-7.393805152511678],[109.76838009084764,-7.393225835379131],[109.76794507450143,-7.392989543529833],[109.76696121543168,-7.392805895456791],[109.7643185948271,-7.393015678123919],[109.76319568827567,-7.392949181631925],[109.76118424987618,-7.391921682183068],[109.7589789824966,-7.389229563799125],[109.75855065226402,-7.388929899043138],[109.75805575871695,-7.38873864196313],[109.7550011480341,-7.388693962437584],[109.7536124640534,-7.389214605730656],[109.75141231388697,-7.390655426604464],[109.7506033932055,-7.390589868749301],[109.75028836531219,-7.391176889125989],[109.74952435003952,-7.390948610853497],[109.74834741827225,-7.390547377570497],[109.745586158523,-7.390186899067002],[109.74406920301703,-7.389621945895215],[109.74315425861846,-7.388904972786566],[109.74185111571366,-7.386911641695335],[109.74157670968847,-7.386630480411988],[109.74113174874645,-7.38651168169808],[109.74047688469766,-7.386627378292355],[109.73795746097662,-7.388745545258577],[109.73679211683184,-7.388769373370465],[109.7349869160683,-7.388411537883814],[109.72871040461456,-7.385481697919956],[109.72749199747393,-7.385858072600285],[109.72557675285482,-7.387154898418122],[109.72549130130527,-7.387543541926174]],[[109.7511869376863,-7.397220554976808],[109.75122044231725,-7.396569543334902],[109.75133606676363,-7.396325919554987],[109.7511869376863,-7.397220554976808]],[[109.7515472343243,-7.395880983895232],[109.75165337369724,-7.395657345417024],[109.75246800039974,-7.394918010610231],[109.7515472343243,-7.395880983895232]],[[109.75328127668814,-7.39378264115656],[109.75341191505288,-7.39360026425596],[109.75353709458037,-7.3935466885620675],[109.75328127668814,-7.39378264115656]],[[109.75490486858307,-7.400515697393565],[109.75545144232433,-7.400987795954776],[109.75522374614074,-7.400885493100054],[109.75490486858307,-7.400515697393565]],[[109.75558224903948,-7.408239086598178],[109.75576615399534,-7.407059250880874],[109.75576835929664,-7.407380446778467],[109.75558224903948,-7.408239086598178]],[[109.7559496421225,-7.401211634847334],[109.75659330259273,-7.401232999877372],[109.75611497001483,-7.40128591591381],[109.7559496421225,-7.401211634847334]],[[109.76564856624812,-7.411676644209419],[109.76708329246044,-7.410929962118479],[109.76648309370609,-7.411308149661629],[109.76564856624812,-7.411676644209419]],[[109.76679075978043,-7.412991161775102],[109.766971414895,-7.416744783474107],[109.76684665831556,-7.415776771090804],[109.76679075978043,-7.412991161775102]],[[109.78159881633773,-7.423016292558545],[109.78255385308888,-7.422763626853216],[109.78223642762237,-7.422918579269014],[109.78159881633773,-7.423016292558545]],[[109.78384900663609,-7.422131392857731],[109.78454615474229,-7.421713008813864],[109.78409715997114,-7.422010255889182],[109.78384900663609,-7.422131392857731]],[[109.78926414540437,-7.417077402018625],[109.79004721098251,-7.416184195410562],[109.78964738813963,-7.416725717336488],[109.78926414540437,-7.417077402018625]]]}},{"type":"Feature","properties":{"KECAMATAN":"Susukan","DESA_COUNT":15},"geometry":{"type":"Polygon","coordinates":[[[109.36142201749958,-7.486316835440877],[109.36155001821739,-7.487429453496971],[109.36187357166098,-7.487909885209622],[109.3617746605601,-7.48884989291331],[109.3623495851179,-7.488635063320127],[109.36314777611285,-7.488628990615424],[109.36332000704695,-7.488900841013591],[109.36311423494982,-7.489569242146708],[109.36388482088918,-7.490114617194972],[109.36346359099956,-7.490863580808774],[109.36401957227181,-7.49156184412391],[109.36408289907541,-7.492809918080994],[109.36368571656384,-7.493640333806663],[109.36308004807256,-7.494243874440831],[109.36301738440817,-7.494659587281434],[109.36320195747798,-7.494967735819317],[109.3642180011289,-7.49476358643064],[109.36466197255027,-7.494828519122322],[109.36482753291196,-7.495227000026071],[109.36460330798144,-7.495994686337063],[109.36576547098223,-7.496695292615107],[109.36590319865441,-7.497265436682183],[109.36566504135278,-7.497662417606016],[109.36530956864343,-7.497624935246892],[109.3651732152691,-7.497968052026812],[109.3653382970324,-7.499035607302935],[109.36298815747809,-7.499442811172351],[109.36269163884367,-7.500002298382133],[109.36369701642053,-7.500756569769231],[109.36462074380866,-7.500949853803282],[109.36515186977724,-7.501865175115222],[109.36493014462899,-7.502262125598335],[109.36489879592132,-7.50299445759147],[109.36547021752284,-7.503502932665088],[109.36458232603383,-7.504114553743667],[109.36496030614116,-7.504568067692579],[109.3649272661875,-7.504992931258786],[109.36407280481652,-7.506273659896235],[109.36459541143886,-7.507270314140408],[109.36505518358142,-7.507208743137275],[109.36486485018268,-7.508600518451177],[109.36444804494509,-7.510118014660117],[109.3641218438775,-7.510641229540712],[109.36353568616138,-7.510675206758616],[109.36319715460532,-7.512156921090213],[109.36206841133847,-7.513635596115476],[109.36242153923352,-7.515119798687556],[109.36429319899486,-7.51737827438385],[109.36580444015557,-7.517646166550256],[109.36673473166655,-7.517532106455788],[109.36706634277344,-7.5169817893016],[109.36791920383767,-7.516134988887478],[109.36828646472897,-7.516281000404642],[109.36860194088922,-7.516869886878744],[109.36939799998027,-7.516909007569351],[109.37113818571467,-7.518814400109225],[109.37145028896231,-7.519547918986945],[109.37214922148652,-7.520490892733827],[109.37407681635199,-7.521953905816328],[109.37467182530436,-7.522236363591038],[109.37556133198622,-7.522203498593656],[109.37597958841317,-7.522340744195099],[109.37640470400436,-7.522984276453331],[109.37677656922953,-7.523039895800251],[109.37733347376798,-7.522680251459623],[109.37819960334035,-7.523289343470117],[109.38082646443945,-7.522883104627923],[109.38174595417455,-7.522018439542351],[109.3825994028602,-7.522220477693297],[109.3829527824459,-7.523596195298592],[109.3838196269605,-7.524015341658113],[109.3841437933694,-7.524423445991228],[109.38464420605406,-7.524307764989847],[109.38522890540654,-7.523785484407938],[109.3861267271547,-7.525163206931571],[109.38644169694787,-7.525978185973281],[109.38692043722695,-7.526531505049496],[109.38702445982895,-7.527354747911771],[109.38729247672701,-7.527916331608109],[109.38723030913113,-7.529191074672867],[109.38757510522662,-7.530205053108718],[109.3881874939522,-7.530541893583936],[109.38937875223941,-7.530844700870595],[109.39139509086392,-7.53260631985248],[109.39236891985956,-7.533116252094115],[109.39413424200713,-7.53471412234967],[109.39463347677163,-7.535692504005257],[109.39578759930451,-7.536854186320471],[109.39619516519278,-7.536593416266095],[109.39733418385295,-7.536480062867571],[109.397667389678,-7.536345675881455],[109.3974452547313,-7.535919869965341],[109.39724911146939,-7.533830350865795],[109.39748764549769,-7.535323263628484],[109.39818301259072,-7.534575268693485],[109.39970238614285,-7.536298878905001],[109.40022581717967,-7.536327914009862],[109.40148765656438,-7.537236754387072],[109.40150163885563,-7.537743163219145],[109.40174391003085,-7.538078636713618],[109.40298298694384,-7.539104917673158],[109.40371531421458,-7.540463936118766],[109.40406993631561,-7.54074557597344],[109.40487691819442,-7.540368728185938],[109.40604502922297,-7.540128802257161],[109.40654100431192,-7.540148690271431],[109.4072569580749,-7.540513008617086],[109.40794221793757,-7.540198994890781],[109.4086528879476,-7.539433046414272],[109.40925673084573,-7.539172977024153],[109.4100781919745,-7.539085557916925],[109.41210346979581,-7.538288125173653],[109.41339933314049,-7.538645497574479],[109.41497143284724,-7.538488465947903],[109.4161067744475,-7.53877283453442],[109.41728752111275,-7.537212820215664],[109.4173488374413,-7.536788045438922],[109.41699132678461,-7.535900597183422],[109.41712131926337,-7.535575516922531],[109.41834908811516,-7.534169356573856],[109.41907001014877,-7.533783125958276],[109.41950608731464,-7.533857025002123],[109.42048432401533,-7.534050497890813],[109.42300556806175,-7.535144637851217],[109.42557556675513,-7.536790598056296],[109.42734197224947,-7.537077207967308],[109.4305066303249,-7.537160894426341],[109.43136584642947,-7.537046447214663],[109.43355958207638,-7.535625615333673],[109.43384834857197,-7.534839933392753],[109.4339084351188,-7.532235905292033],[109.43439373682992,-7.529796218513995],[109.43514129920028,-7.528831361206342],[109.43598709838471,-7.528599234683422],[109.43663864872806,-7.527570746418522],[109.43751248817533,-7.527248309879628],[109.43983008741868,-7.526397525209768],[109.4407276161559,-7.526491126320051],[109.44346063197868,-7.525325374669691],[109.44455002343125,-7.525211623095732],[109.44559030330204,-7.524663741915755],[109.4432280262002,-7.51988088967116],[109.44255364405218,-7.519064744835236],[109.44183750363446,-7.518519580698888],[109.44175631835043,-7.517379987589329],[109.4428584477302,-7.515132321480888],[109.44291323776507,-7.514454284666787],[109.44254848530669,-7.513593945936217],[109.44317145727162,-7.512312108998827],[109.4438175342504,-7.511527770312568],[109.44414992934978,-7.510353388856229],[109.44474106062118,-7.50997568382002],[109.4449321476128,-7.509668886906219],[109.44540712499192,-7.508106258839602],[109.44625129669839,-7.507204995972856],[109.44708864453368,-7.504856924542509],[109.44722737822273,-7.504143019144833],[109.44674013234071,-7.502387041421732],[109.44681607621177,-7.501555385175572],[109.44552745017477,-7.498774796907365],[109.44562696282156,-7.497554384305485],[109.44642713304845,-7.497466804253035],[109.44674837788466,-7.497260002763269],[109.44679867123995,-7.496645232277205],[109.44924564539197,-7.495433098477561],[109.44945574931558,-7.494710492003294],[109.44884636632422,-7.492483878864148],[109.44776489090485,-7.491819914328859],[109.44748096275687,-7.491384869033614],[109.44868742675652,-7.489155615959262],[109.45130075609424,-7.485629171073317],[109.45139749212315,-7.484680054862968],[109.4503242427894,-7.483699703400627],[109.44912946496962,-7.483433229100373],[109.4478074632666,-7.483609479085164],[109.44730033552607,-7.484032695897214],[109.4467138771199,-7.484220483674161],[109.44277818768772,-7.48306728529832],[109.44086076766666,-7.483241319329081],[109.44043492355883,-7.483158446429074],[109.44004962401789,-7.482824364275599],[109.43998795590896,-7.481619588536691],[109.4401763321337,-7.481041561703947],[109.44049741812786,-7.480644817659234],[109.44140342901096,-7.480322467003231],[109.44177805783268,-7.479826463477926],[109.44159298909517,-7.479473222831278],[109.44071505359797,-7.479316336915441],[109.43834454040744,-7.479597338940648],[109.43730443811778,-7.480127143111292],[109.4369036905028,-7.480550723856568],[109.43602468337185,-7.480674175448687],[109.43525430138715,-7.480273562492124],[109.43496271814685,-7.479874648375364],[109.43477846127104,-7.479295302165236],[109.43475537789087,-7.478309608386819],[109.43401911288043,-7.477791586968299],[109.4335323757832,-7.477880264767804],[109.43302123693675,-7.479343304440216],[109.43275351778817,-7.479794475440977],[109.43243369367661,-7.479919997802411],[109.43137894337224,-7.479780546332922],[109.43015291233505,-7.479007638397845],[109.42899276724813,-7.478822603420703],[109.42767088397508,-7.479450916061742],[109.42657811222193,-7.479582626953681],[109.42387477750255,-7.478261812203956],[109.42305997537599,-7.476983902954386],[109.4225187435936,-7.475625606093967],[109.42222397023161,-7.475308040456882],[109.4219058242187,-7.475216496475851],[109.41998187283764,-7.475245772149052],[109.41959289574356,-7.47744169385582],[109.41873373288122,-7.478903460026944],[109.41836150594652,-7.479037824134109],[109.41502176943673,-7.478962547542998],[109.4124955129805,-7.478166749992606],[109.41190554219145,-7.477839075304974],[109.41148026598461,-7.477376384958525],[109.41141655671763,-7.476752266872877],[109.41191312511776,-7.475741241633054],[109.41314222437178,-7.471884621606918],[109.41317645582423,-7.471486869504403],[109.4128506649275,-7.470762272295734],[109.4117023605988,-7.470432591361987],[109.41114330437112,-7.47056627816306],[109.41035310266601,-7.471114997174524],[109.40926762464743,-7.471508960903799],[109.40806129117249,-7.471278507462409],[109.40314656559377,-7.467390687278858],[109.40255151124883,-7.467234755857501],[109.40098379517687,-7.467409982696197],[109.40063794420674,-7.467688986072174],[109.40066666555992,-7.468439633329103],[109.40238291074462,-7.470543698809474],[109.40306807808064,-7.471703545528388],[109.40359541931694,-7.473206541578618],[109.4037489169161,-7.474138451477381],[109.40355770434284,-7.474951587343069],[109.40311694260079,-7.475546756763361],[109.40242601577482,-7.475887885042713],[109.4014861387769,-7.475785034395725],[109.40017103582147,-7.475409515540522],[109.39832708679545,-7.474543796153078],[109.39436496952548,-7.474285210772366],[109.39357071873808,-7.474770595774448],[109.39295845779372,-7.475437541893604],[109.39210309513089,-7.475922700815072],[109.38780036502662,-7.477118687375669],[109.38612187211665,-7.477627944166563],[109.38524450998308,-7.478547038296544],[109.38451618339982,-7.479059765895068],[109.38348587349095,-7.479435778312101],[109.38241369030276,-7.480146220546618],[109.38152723510558,-7.481056230690773],[109.38133794758576,-7.482267133095799],[109.38115178448506,-7.482610075765515],[109.38070216120822,-7.48284356526907],[109.37801462525461,-7.481278370239031],[109.3773014599147,-7.480434806892915],[109.37674839146659,-7.47985409451739],[109.37620115186492,-7.478929777555663],[109.37419749057413,-7.47777399298032],[109.37364506936053,-7.477726754065505],[109.3730912701228,-7.477950811450217],[109.37276294642261,-7.478392669393554],[109.37265781235782,-7.479649075856632],[109.37302607935774,-7.481956276080991],[109.37287185451059,-7.482932249197906],[109.37191039082697,-7.484682893729722],[109.37102908581915,-7.485204068469379],[109.3700980913869,-7.485526168958997],[109.36718179882621,-7.485940357048411],[109.3646640694251,-7.487215018345017],[109.36403555424437,-7.487357329796995],[109.36230768480968,-7.485750406991425],[109.36160557391415,-7.48529568913815],[109.36142201749958,-7.486316835440877]],[[109.37619671125046,-7.495187651865165],[109.37657013324836,-7.49294585509308],[109.3764988569097,-7.493506981817388],[109.37619671125046,-7.495187651865165]],[[109.38775230005342,-7.515502974984138],[109.38827561239624,-7.514651128608532],[109.38815550077804,-7.514961939373893],[109.38775230005342,-7.515502974984138]],[[109.38877539295927,-7.504886665695905],[109.38886151173313,-7.505008923132156],[109.3889350970466,-7.505416103424653],[109.38877539295927,-7.504886665695905]],[[109.39257509527577,-7.507038998109118],[109.39284348499893,-7.50865858445305],[109.39298375435892,-7.510702603809876],[109.39257509527577,-7.507038998109118]],[[109.39706536361604,-7.523485297992552],[109.39711909162861,-7.5207442030979905],[109.3971960131224,-7.525303272775269],[109.39706536361604,-7.523485297992552]],[[109.39977995537852,-7.529047158396571],[109.39984043529824,-7.529770798882259],[109.39980415622763,-7.5299979227701845],[109.39977995537852,-7.529047158396571]],[[109.40623331129734,-7.4826703995415],[109.4062468748853,-7.482493609775489],[109.40663611870349,-7.481871039725071],[109.40623331129734,-7.4826703995415]],[[109.41597214494462,-7.518128604820282],[109.41698526926595,-7.5176530217217],[109.41716181178101,-7.517618386675127],[109.41597214494462,-7.518128604820282]],[[109.41993223837741,-7.488103932299179],[109.4210448401337,-7.488233102175524],[109.4210448401337,-7.488233102175526],[109.41993223837741,-7.488103932299179]],[[109.42729375526939,-7.4894355909013255],[109.42870440877361,-7.48949887838324],[109.42807877890435,-7.489507530372037],[109.42729375526939,-7.4894355909013255]],[[109.43164482026882,-7.504074542872616],[109.43173374721928,-7.504151289222722],[109.43238109682395,-7.505473802215436],[109.43164482026882,-7.504074542872616]],[[109.4366132824545,-7.515914916456226],[109.43701232577982,-7.516522151714149],[109.43705485574516,-7.5166638803065],[109.4366132824545,-7.515914916456226]],[[109.43729068344531,-7.517449762159781],[109.4373464263831,-7.517635522200838],[109.43737563514057,-7.518008506006771],[109.43729068344531,-7.517449762159781]],[[109.43736410092863,-7.52148771444315],[109.43744734905556,-7.518924263172309],[109.43747746805751,-7.519308870425466],[109.43740283310414,-7.522032330740075],[109.43736410092863,-7.52148771444315]],[[109.4398482094848,-7.490435555442866],[109.44003954604983,-7.48920265818714],[109.44001735351861,-7.489595191729485],[109.4398482094848,-7.490435555442866]]]}},{"type":"Feature","properties":{"KECAMATAN":"Wanadadi","DESA_COUNT":11},"geometry":{"type":"Polygon","coordinates":[[[109.58409493980872,-7.384015565484741],[109.58423881844126,-7.384621878204942],[109.58566696341514,-7.385955745543344],[109.58976680203452,-7.391792491947152],[109.5917810054876,-7.393028745163816],[109.59395659615967,-7.395531465479557],[109.59447930936996,-7.396744921710565],[109.59561419155207,-7.400790783485954],[109.59665035847394,-7.400694594072043],[109.59779344815489,-7.40151209379881],[109.59867475046508,-7.401514867058368],[109.59902823790102,-7.401181359144852],[109.59891992916141,-7.400611324080209],[109.5985248751822,-7.400103676486956],[109.59848272635934,-7.399470469804169],[109.59901423087777,-7.398613033635283],[109.60080702311821,-7.397189862977765],[109.60166992988904,-7.395203113250348],[109.6022142781214,-7.394960613418089],[109.60485701118628,-7.394570980695229],[109.60527248797789,-7.394237659807924],[109.60846383596528,-7.389997371870713],[109.61121458463532,-7.387636648363923],[109.6135268548331,-7.38610643937912],[109.6162347943075,-7.384957271311812],[109.62069510461122,-7.383768384177802],[109.62352364811947,-7.383442489411434],[109.62500026869338,-7.38334758299765],[109.62888154778787,-7.3825546475485],[109.63072492006893,-7.382415640000646],[109.63163013284223,-7.382626368145282],[109.63385265501446,-7.383636956681623],[109.63471629161505,-7.383766269217448],[109.63547579436526,-7.383678085701145],[109.63597411344884,-7.383480695739829],[109.63749702135635,-7.38202939511753],[109.63857221117493,-7.381471920860297],[109.6393458024551,-7.381221116427866],[109.64201719755731,-7.380985035278072],[109.64403410358221,-7.380548038177791],[109.64510487278542,-7.380605536277926],[109.64554383323882,-7.380814912709267],[109.64736063996386,-7.382240207841236],[109.64832105795118,-7.382749531351325],[109.65177754824931,-7.382759979989147],[109.6534415138985,-7.382321874508411],[109.6538006263052,-7.382359123307049],[109.65417360841998,-7.382577334923694],[109.65500861577827,-7.383655975437575],[109.65831191903399,-7.385745923758342],[109.65873477889046,-7.385304067669173],[109.6592089887164,-7.384256490200945],[109.65974617858132,-7.384221936795003],[109.66079229244959,-7.384659070987273],[109.66235113422398,-7.384428663265771],[109.66272990943202,-7.384610629403764],[109.663056212245,-7.385027609515737],[109.6631272900659,-7.38595928544813],[109.66696273916534,-7.384985041642733],[109.6690869080943,-7.384105121808796],[109.67047724778368,-7.382942716428296],[109.67345527220026,-7.380889632764916],[109.67377523756632,-7.38030278746263],[109.67395129025961,-7.378802040141122],[109.67419753219174,-7.373946427283066],[109.6737878014923,-7.372570614916772],[109.67185796069255,-7.370475822975114],[109.6699135717628,-7.369032158912299],[109.66924928036366,-7.368035426253047],[109.66937716640918,-7.367683093593239],[109.66977496936435,-7.367367820141254],[109.67014837371997,-7.367368929984925],[109.67097592372579,-7.367724011340263],[109.67166547951254,-7.367337179101346],[109.67166304457824,-7.366649918882333],[109.67253371388013,-7.366471579569049],[109.6726277062397,-7.365911187708952],[109.67326448103853,-7.36548802922656],[109.67285146594033,-7.364917092481085],[109.67231772217171,-7.364779885476923],[109.67187001520878,-7.364923223209432],[109.67158106983426,-7.364027065246487],[109.67110118911694,-7.363862892026509],[109.6708382545326,-7.363563647896496],[109.67085789812823,-7.363238117789443],[109.67117150248892,-7.362199082351549],[109.67167917262229,-7.36178458387248],[109.67234909367126,-7.361641904608755],[109.6724748115287,-7.361162981136802],[109.67296394317208,-7.360802675532301],[109.67339055530164,-7.360894355566254],[109.67492397305573,-7.3605190562094],[109.67539405891107,-7.360258149039782],[109.67550478963234,-7.359869686436339],[109.67520784273981,-7.358521334415112],[109.67490590263547,-7.357824055300635],[109.67386491460881,-7.356428294035014],[109.67235224782551,-7.355456181077487],[109.66797084166622,-7.354095710791494],[109.66386448589599,-7.350538463382583],[109.66097191313251,-7.346595934789233],[109.66042157101941,-7.345301074912514],[109.6601654447809,-7.343582048442168],[109.66080835037992,-7.340626736144049],[109.66101779258307,-7.33807718154338],[109.6608785834048,-7.337597472157228],[109.66037334251214,-7.337008082121853],[109.65987694463873,-7.335360762548473],[109.65908353608125,-7.334426841874232],[109.65757384405512,-7.33199874101808],[109.65503089797619,-7.32944991817906],[109.65438320760708,-7.328995812129956],[109.65376012541167,-7.328903531966844],[109.6530083212198,-7.328250198349609],[109.65241086599768,-7.328130778196453],[109.65091844386521,-7.327999723005042],[109.64884345891298,-7.328608410749001],[109.6485490061582,-7.330054534855464],[109.64832470341052,-7.330478903669349],[109.64711642208763,-7.331650850978503],[109.64728181608103,-7.333966434456448],[109.64694559378229,-7.334598510835937],[109.64629443147184,-7.335220506264117],[109.64668539051138,-7.336026561191693],[109.64662445800552,-7.336713715124088],[109.64636780501274,-7.336966104919615],[109.64587582004373,-7.337064079258896],[109.64514934864619,-7.336555473123362],[109.64451975280937,-7.336589740357752],[109.64386892009193,-7.337076199636426],[109.6436511937779,-7.337545792027603],[109.64360916753999,-7.338449998260286],[109.6441557053159,-7.340242231678407],[109.64411879799192,-7.340640037714075],[109.64381344293221,-7.340892278296421],[109.64391682765937,-7.34219484101182],[109.64366396015778,-7.342872372126446],[109.64339444725199,-7.34315184492712],[109.64237188114551,-7.343582836889091],[109.64170365128933,-7.345145358936722],[109.64122991852894,-7.345550883385711],[109.64005676402138,-7.346080869252712],[109.63984983847863,-7.346532407832013],[109.63988486795193,-7.348522006913734],[109.64012933864583,-7.349110626773233],[109.6411373871814,-7.34891467797113],[109.64160879303225,-7.349350188679708],[109.64164787537182,-7.349983393652285],[109.64142038520968,-7.350516244153357],[109.64125506121628,-7.350796030109258],[109.64003624704837,-7.351696667088738],[109.63942403517416,-7.353349766489179],[109.63881470654046,-7.354152791134409],[109.63697076285918,-7.356010097201535],[109.63605809125164,-7.35666752995838],[109.6344565593403,-7.357286605211013],[109.63313132024409,-7.357074610580304],[109.63233136146015,-7.357144501472351],[109.63151131133283,-7.357530871438748],[109.63117744022833,-7.358307508427754],[109.63128479102774,-7.361518281381094],[109.63112680613773,-7.362177916091476],[109.62989916133614,-7.36399185733054],[109.62929920578138,-7.364577896575817],[109.62721106764312,-7.36546678246233],[109.62516405162262,-7.36575886720654],[109.6234461303137,-7.366296163646664],[109.62082736895667,-7.367490882456655],[109.61902509932771,-7.368633855743488],[109.61847093192863,-7.368876263205285],[109.61788975302274,-7.368892551004781],[109.61725459055538,-7.368420344406521],[109.61644207130283,-7.367260351061164],[109.61576561644456,-7.366760891129016],[109.61468937944205,-7.366676097819416],[109.61388598514004,-7.367125770724261],[109.6131821522645,-7.36716879705383],[109.61194911444741,-7.367689555815608],[109.61087398474608,-7.368879863829669],[109.6100244390577,-7.369419889295452],[109.60836035539847,-7.369740205491365],[109.60469265488302,-7.371419877782402],[109.60353996012255,-7.371967893599926],[109.59884735328677,-7.375018864185711],[109.59639827309861,-7.375978784654603],[109.59452309989022,-7.377166618493912],[109.59264932896751,-7.377884207969855],[109.59079473241148,-7.380518968536178],[109.58831926438164,-7.382202146847838],[109.58758948804359,-7.384505912831424],[109.58698157735243,-7.384820434575758],[109.58654445564608,-7.38481905084885],[109.584727057944,-7.383746240589392],[109.58436312249701,-7.383727004321415],[109.58409493980872,-7.384015565484741]],[[109.60886296895887,-7.385115854303231],[109.61063542091703,-7.387191727518919],[109.60904777377594,-7.385405269354242],[109.60886296895887,-7.385115854303231]],[[109.63059755631183,-7.370464112112276],[109.6311401091197,-7.369258871850842],[109.63107295953,-7.369647539795404],[109.63059755631183,-7.370464112112276]],[[109.63896740733085,-7.372755410015871],[109.63908134129626,-7.369274058349736],[109.63915559261561,-7.368284348438578],[109.63896740733085,-7.372755410015871]],[[109.6524990675924,-7.373428619160034],[109.65256384237713,-7.373348211198422],[109.65270317480335,-7.373236466076035],[109.6524990675924,-7.373428619160034]],[[109.65710157150062,-7.348085540258825],[109.65757787506459,-7.350067091143209],[109.65730851016484,-7.349316084185985],[109.65710157150062,-7.348085540258825]],[[109.65753582553756,-7.3524225146183895],[109.6575525239561,-7.35242774698075],[109.65808507108562,-7.352682595490193],[109.65753582553756,-7.3524225146183895]],[[109.657766064462,-7.351241696136611],[109.65776623976711,-7.3508507389491955],[109.65780638429037,-7.351017750959147],[109.657766064462,-7.351241696136611]],[[109.66005243490983,-7.364553375884154],[109.66178009237741,-7.362234512438118],[109.66131150973159,-7.362983637205791],[109.66005243490983,-7.364553375884154]],[[109.66259692339241,-7.360928641745318],[109.66282986643935,-7.36014735686981],[109.66279084382447,-7.36061862045046],[109.66259692339241,-7.360928641745318]],[[109.66275005560772,-7.358375733804567],[109.66290538621726,-7.359235328779056],[109.66286395568476,-7.359735672007014],[109.66275005560772,-7.358375733804567]]]}},{"type":"Feature","properties":{"KECAMATAN":"Wanayasa","DESA_COUNT":17},"geometry":{"type":"Polygon","coordinates":[[[109.70436085996188,-7.231779158235898],[109.70560345612071,-7.232406753382755],[109.70627209174238,-7.232933166270885],[109.70655223277652,-7.235438988399764],[109.70740207348496,-7.239520151350789],[109.70797455635197,-7.240118625025206],[109.71074572762453,-7.241826702144102],[109.71176678030163,-7.24464213614444],[109.71204504709132,-7.247817228922776],[109.71285634488406,-7.2486334692272],[109.71302268865057,-7.249068037064981],[109.71481884371958,-7.248620937200534],[109.71749989013948,-7.248293870042674],[109.71900681466352,-7.248533295882685],[109.72013046107432,-7.248916307448797],[109.72195993463322,-7.248993788585436],[109.72496429353619,-7.249029349753877],[109.73068222418101,-7.249687412475844],[109.73341029144348,-7.249667895910017],[109.73508597783541,-7.249464598361445],[109.73638718730473,-7.249703305927556],[109.73721990091381,-7.250411067673459],[109.7378156848465,-7.251190505512689],[109.73829344649954,-7.252195662445261],[109.73891917539339,-7.254747754641582],[109.73900607266746,-7.256475267923975],[109.7392090827709,-7.257054693269633],[109.74193165752305,-7.258735356256558],[109.7428218731888,-7.259506473965172],[109.74410101777943,-7.260658607414244],[109.74519448395863,-7.262036272671764],[109.7451889079878,-7.263239102182244],[109.74557052991891,-7.264316325228225],[109.7454973972038,-7.265292829870143],[109.74527025288788,-7.265952441680137],[109.74548629746613,-7.266332889747887],[109.74523967449366,-7.267498794264234],[109.74562828132503,-7.26912777415354],[109.74422026792132,-7.271638067685365],[109.74407972353347,-7.272306869296767],[109.74455996975227,-7.273664756309751],[109.74450827740316,-7.274125840446111],[109.74600862170944,-7.278416762308884],[109.74611708738213,-7.279402811054453],[109.74601634335649,-7.280234568022584],[109.74555800752849,-7.281282339723774],[109.74342945056911,-7.282750626457525],[109.74224775295656,-7.284158150002273],[109.74228514789817,-7.285478641008156],[109.74152210719237,-7.286570768161442],[109.7413322270868,-7.288695534881416],[109.74098423118154,-7.289056331912259],[109.74021676397072,-7.289189822674452],[109.73975071414057,-7.289568373365346],[109.73910965132144,-7.29107685077636],[109.73861786360588,-7.291310658005006],[109.73853439611935,-7.291726441715401],[109.73875196121037,-7.292658542703514],[109.73842542487043,-7.293435413294407],[109.7379832312304,-7.294067200087838],[109.7370292533313,-7.294923693141685],[109.73661293802702,-7.296206745484128],[109.73715721731483,-7.296832246532035],[109.73777371174059,-7.297114357944738],[109.73800932863026,-7.297974174744897],[109.73777736491886,-7.29823574074273],[109.73730031102156,-7.298379167538269],[109.73698175762085,-7.299635367393896],[109.7368744175939,-7.300864941615623],[109.73647017581138,-7.301089947475071],[109.73640064411316,-7.302871361490756],[109.735713199137,-7.30375571954198],[109.73329197780981,-7.305557662156958],[109.73310929968159,-7.306615226542325],[109.73237977100214,-7.307454249880041],[109.73179079662034,-7.307633521694056],[109.73044444789623,-7.306978541022009],[109.72824873749151,-7.307596423638729],[109.72816063989816,-7.308138775611368],[109.72879679850725,-7.308891222078285],[109.72890456027874,-7.309397958956486],[109.72856440710615,-7.310382740703741],[109.72852182836965,-7.311124231745355],[109.72805968880532,-7.311692653977252],[109.72771607817573,-7.314793664619608],[109.72729402454871,-7.316185185387518],[109.72732085409491,-7.316601275600857],[109.7265941429934,-7.317042361947466],[109.72664119894885,-7.319122566410025],[109.72704951497681,-7.319865240659429],[109.72750935095709,-7.319902707534994],[109.728467136058,-7.320339511100946],[109.72961789338194,-7.322106278001509],[109.73022798370546,-7.322469762927939],[109.73314994546473,-7.322713173482755],[109.73432223836416,-7.322653087666602],[109.73487996334286,-7.32283558281405],[109.73566412472275,-7.323796403091131],[109.73735593130763,-7.323936780087424],[109.73845637286257,-7.324355881854061],[109.73930206842901,-7.324394419016833],[109.74007086290271,-7.323890136920859],[109.74018978658782,-7.323592088185116],[109.73991894968403,-7.321945348654918],[109.73996955212066,-7.321267169398078],[109.74019699677154,-7.321023675402794],[109.74124061278401,-7.320637703223368],[109.74268763561327,-7.320623662214722],[109.74509909731033,-7.320304790817878],[109.74635361034595,-7.320516338953509],[109.74663331483929,-7.320788374278415],[109.74723938123853,-7.322625926569149],[109.7476343278279,-7.323088252418799],[109.7482114549433,-7.323306953588589],[109.74999834961977,-7.323556050613758],[109.75124055718722,-7.323604708119217],[109.7526169296679,-7.323861788394079],[109.75397504346368,-7.324589084080124],[109.75449528937087,-7.324717110948753],[109.75503289438909,-7.324592011617789],[109.75545391320628,-7.324140989737843],[109.75584372592608,-7.322903053182666],[109.756198045703,-7.322316217014667],[109.75692176188241,-7.32163084887301],[109.75776261098383,-7.321262360220566],[109.75857324168628,-7.320287886714096],[109.7594574069474,-7.320000891039148],[109.75990769102727,-7.320038298968623],[109.76132650940939,-7.320612026828598],[109.76227938862985,-7.320596563127851],[109.76257421860252,-7.320425486082789],[109.76285314016167,-7.319874603430975],[109.76283663464922,-7.319494705993766],[109.76264734530159,-7.319041998339801],[109.7616105719469,-7.318089564175104],[109.76140390601559,-7.317709144027901],[109.76138757570342,-7.317347331081332],[109.76166604759628,-7.316877825258532],[109.76234169416975,-7.316879681892568],[109.7635879733857,-7.3172087044831],[109.76542475426747,-7.316996734957941],[109.76845018546244,-7.315006289364603],[109.76874202722827,-7.313252583714172],[109.76917456993004,-7.312512142829784],[109.76995477197391,-7.312188761478896],[109.77157451395499,-7.312157010245376],[109.77477398401025,-7.311812989426115],[109.77543067457238,-7.311615759479081],[109.77580062794667,-7.3113093365196],[109.77598703305964,-7.310631512430008],[109.77573481055433,-7.309916419976737],[109.77509061613402,-7.309064542774562],[109.7755301198267,-7.308477826033542],[109.77618535773455,-7.308181218661212],[109.77730822610921,-7.30651113278909],[109.77730925873826,-7.306131281273015],[109.77654786901411,-7.304980612561629],[109.77646726824601,-7.304627756202518],[109.77663097451284,-7.304302597766934],[109.77787055078107,-7.303546247564609],[109.77996373639458,-7.303425322689807],[109.78064680703277,-7.30217005802366],[109.78127041780961,-7.301936649789345],[109.78153280830574,-7.301629839239094],[109.78177214617334,-7.300816523058359],[109.78276359106972,-7.300032360753343],[109.78269629523255,-7.299480525839035],[109.78166355109225,-7.297641850012968],[109.78129541128929,-7.296456081761796],[109.78131076643236,-7.294755862743305],[109.7811433852229,-7.294068127744121],[109.78132989874426,-7.293453592877023],[109.78050785455389,-7.29095532765376],[109.77995180392358,-7.290709602635383],[109.77770527115064,-7.290803087004355],[109.77691026886494,-7.290348655974118],[109.77594015913787,-7.289360271820581],[109.77476312811719,-7.289185286150419],[109.77419196335302,-7.288677296119428],[109.77323367891567,-7.287381421579074],[109.77327213310687,-7.286341425577265],[109.77280389238864,-7.285146431970194],[109.77290895936413,-7.284685484971688],[109.77351987180954,-7.283619914864224],[109.77390911653903,-7.282553833382646],[109.7752235079382,-7.281643969353969],[109.77538155133077,-7.281282626511707],[109.77673408940487,-7.280707504755105],[109.77753532534551,-7.278937073754237],[109.77743764461718,-7.278520787228556],[109.77620818952357,-7.27840896228034],[109.7753992938014,-7.278596657613148],[109.77527961230074,-7.278279773473971],[109.77586380626691,-7.277449307840776],[109.77584782446694,-7.276870485981021],[109.77563723894765,-7.276227844132649],[109.77492061989047,-7.276126354185785],[109.77435936776094,-7.274750180770711],[109.77358398567642,-7.274919970925366],[109.7730323223701,-7.274194936779573],[109.77264229357817,-7.273985914577454],[109.77152575694149,-7.274073308753167],[109.77021537261591,-7.273518102558303],[109.76979537954206,-7.272684919055522],[109.76979588988753,-7.27145493911295],[109.76920816026252,-7.271417175665624],[109.76881248496673,-7.27119900309315],[109.76844624812385,-7.270564979053085],[109.76844710828618,-7.27016704376267],[109.76900370913259,-7.269897295941969],[109.76908375670912,-7.269490533567332],[109.7683926955372,-7.268620445732426],[109.76867083309689,-7.267626311647651],[109.76758585445873,-7.26682757979477],[109.76696462309164,-7.265794834513338],[109.76680950035569,-7.265468901606282],[109.76593464437323,-7.265068585160983],[109.7657769937227,-7.264136651987553],[109.76610226835264,-7.262645248833874],[109.76684640394674,-7.261272619311978],[109.76735493710869,-7.259754676374608],[109.76844270639312,-7.258780822772518],[109.76846292626078,-7.258211142044728],[109.76793969705217,-7.256102487986714],[109.76822968975999,-7.254891467424941],[109.76817456514951,-7.254565716001387],[109.76623711205399,-7.253475240006098],[109.76503510860003,-7.252223910457444],[109.76463948954921,-7.250649169587179],[109.76648216489714,-7.24797720426058],[109.76753047733324,-7.247138961197608],[109.76784717756884,-7.246099809820368],[109.76711841771674,-7.244741265651192],[109.76429876445756,-7.242961025702695],[109.76315226694499,-7.241384245326613],[109.76033662775916,-7.238147969586838],[109.76264095865706,-7.23710518774115],[109.76368895279704,-7.236375453039228],[109.76557972228495,-7.233567981775137],[109.76799153657605,-7.231485357245362],[109.76904093021031,-7.230231083879976],[109.76935733957771,-7.229291389405528],[109.77124070393641,-7.22908850372491],[109.77176178429289,-7.22992195356607],[109.77280523185541,-7.230865314053414],[109.77503111431966,-7.229288587091464],[109.77534780326941,-7.228240382760751],[109.77650101401076,-7.227302927527542],[109.78152430083105,-7.226592834293478],[109.78351494275238,-7.225449537438211],[109.7854036153975,-7.223365494525845],[109.78676514114241,-7.222735992201966],[109.78770609237432,-7.222946551149758],[109.78854184681224,-7.223373838555283],[109.79011275942317,-7.222744881436233],[109.78960282289479,-7.221359821025139],[109.78940028630647,-7.218754625177973],[109.78793966729806,-7.217285663585991],[109.78731726204663,-7.215402899905843],[109.78753114188609,-7.213630861184228],[109.78732669812372,-7.211857711956561],[109.7862826882839,-7.211013847370992],[109.7846138370511,-7.209236807009093],[109.78420105631193,-7.207047079314036],[109.78588804248082,-7.204926224877261],[109.78871530889172,-7.203884659934123],[109.79028784362393,-7.202532238200213],[109.79081327522924,-7.201701574879237],[109.79290824718277,-7.200558489850454],[109.79521087963244,-7.200148530739185],[109.79751349693916,-7.199630054067371],[109.79971342169411,-7.198378703818776],[109.80118061207907,-7.197342524218437],[109.804530523839,-7.19641072133479],[109.80651715168621,-7.196732468750068],[109.80976182298934,-7.196008320085476],[109.81332547635527,-7.193304379419546],[109.81563543932705,-7.18996403309548],[109.81751948623968,-7.189552867737494],[109.82066155772317,-7.187996394727221],[109.82181539425099,-7.186742226484265],[109.82244735717667,-7.185079725564786],[109.82370558884286,-7.18393441518445],[109.82308364089054,-7.181735115055801],[109.82381918708323,-7.18038040073892],[109.82341457034074,-7.178281122366525],[109.82238967898012,-7.177256545763163],[109.82084994536312,-7.176610417569771],[109.81879474333974,-7.176469502133174],[109.81725202968485,-7.17698102517419],[109.81250013908961,-7.176588897848518],[109.81083260368592,-7.175680185589181],[109.8094231003931,-7.174265686404881],[109.80826916597474,-7.173493930250639],[109.80338783917341,-7.173481239784111],[109.80133498775146,-7.172453946201411],[109.80056711838594,-7.171420959045223],[109.8005724666588,-7.169377000744634],[109.80018871646413,-7.168733917866065],[109.79621077637792,-7.167185996068936],[109.79492918248786,-7.166025067804423],[109.79441837235011,-7.164866067854749],[109.79300917979363,-7.163451532165566],[109.79108453154768,-7.162677718581089],[109.7886449427601,-7.162291442657648],[109.7848557631591,-7.163122543376653],[109.78447876617402,-7.164224951696817],[109.78389691024692,-7.165091633326958],[109.78321400089585,-7.1676853529671],[109.78301746303543,-7.169041414215029],[109.78243612534601,-7.169709168273275],[109.78195053685836,-7.170675563219887],[109.78214130146712,-7.17163470852801],[109.78165409590018,-7.173179971177563],[109.78068269676334,-7.175302729530468],[109.78058239828442,-7.176740421612218],[109.7797109716867,-7.177515903820702],[109.77690624999798,-7.178955438324147],[109.77574408642676,-7.180109901955543],[109.77429394635104,-7.180585349380789],[109.77284538769976,-7.180581477912094],[109.7700473312006,-7.17941642720808],[109.76802239810608,-7.178253346956279],[109.76676947158788,-7.177282306493787],[109.76570817414148,-7.17680013750784],[109.76503240621024,-7.17669885822041],[109.76290682389005,-7.176982479830432],[109.76193968481856,-7.177468321399895],[109.76087531565452,-7.178234109449424],[109.76029347253365,-7.179100750260488],[109.75758386859673,-7.181019817370015],[109.75246619427818,-7.180526527142555],[109.75169309308308,-7.18071439630519],[109.75082144607354,-7.181580232974962],[109.74923840467318,-7.182019066301154],[109.74913870536898,-7.182380562943094],[109.74850108924515,-7.182089391223596],[109.7483437735663,-7.182604443527273],[109.74843766090606,-7.182921258287327],[109.74820582201882,-7.183164758285127],[109.74706484192872,-7.18255574261921],[109.74622968734487,-7.182689090042896],[109.74614505274462,-7.183846498354839],[109.74546506158467,-7.187326508191687],[109.74487701106132,-7.188998018184604],[109.7437244337085,-7.190432798708582],[109.74058229236665,-7.192784566986009],[109.73915807474366,-7.193585560545172],[109.73415675210336,-7.195697064563464],[109.73338966411735,-7.196183296121827],[109.73236669986412,-7.196985374300392],[109.72984236066986,-7.199980824862483],[109.72903834466935,-7.200611704948243],[109.72739322483555,-7.201755631382206],[109.7259721497277,-7.201842185809706],[109.72491525466829,-7.20160406291628],[109.72140149566995,-7.199866902816775],[109.71726514791428,-7.199466439132508],[109.71611625273795,-7.1991557955439],[109.71407144176155,-7.198245692004818],[109.71244905478692,-7.198259215350195],[109.71000573639111,-7.199572712339027],[109.70868628504076,-7.199849287587053],[109.70769761744309,-7.199810329816752],[109.70657684709896,-7.201462174622952],[109.70645348613066,-7.202755074202576],[109.7066153533841,-7.204763172558033],[109.70636448711733,-7.208886425975464],[109.70655340729007,-7.209727937952508],[109.70623128657778,-7.213642936466236],[109.7058435646954,-7.215360140139767],[109.7056704496514,-7.217313128177795],[109.70597426173241,-7.219846142517572],[109.7059225374712,-7.221229660809128],[109.7044218089708,-7.227293704373233],[109.70441956713262,-7.228080513774707],[109.7046812231263,-7.228605770981955],[109.70436085996188,-7.231779158235898]],[[109.7428218731888,-7.259506473965172],[109.74441799918803,-7.2588416995678],[109.74533051868806,-7.258600000126765],[109.7428218731888,-7.259506473965172]],[[109.73726091437672,-7.245337598493238],[109.73740320832748,-7.245862603796435],[109.73749688172055,-7.246577263351021],[109.73726091437672,-7.245337598493238]],[[109.73744169307976,-7.30836432532499],[109.73790625404881,-7.308524935632682],[109.73766432286853,-7.308472987650859],[109.73744169307976,-7.30836432532499]],[[109.73852251752695,-7.308657261048218],[109.74250130191777,-7.308929642184402],[109.73911494772572,-7.3087844689309],[109.73852251752695,-7.308657261048218]],[[109.74605725483072,-7.254527484956372],[109.74620302583193,-7.2541438429136],[109.74677769457894,-7.253277223675245],[109.74605725483072,-7.254527484956372]],[[109.74629022737685,-7.258819747355428],[109.74936408365404,-7.261306163374361],[109.74975953798162,-7.261705187863314],[109.74629022737685,-7.258819747355428]],[[109.74929576445065,-7.292931973795462],[109.7493730473967,-7.292399936482503],[109.74936968773586,-7.293610502423183],[109.74929576445065,-7.292931973795462]],[[109.75144978999084,-7.264549639148612],[109.75295731556436,-7.26739349453004],[109.75253937596256,-7.266750277653273],[109.75144978999084,-7.264549639148612]],[[109.75295731556436,-7.26739349453004],[109.75509164267666,-7.267914839213282],[109.75338484253949,-7.267539340832181],[109.75295731556436,-7.26739349453004]],[[109.75564024196916,-7.234056424343555],[109.75866353352134,-7.237826852143182],[109.75803750600055,-7.237201159367918],[109.75564024196916,-7.234056424343555]],[[109.75945899670454,-7.293565974971754],[109.76107775346222,-7.2949341993585035],[109.76092078247717,-7.294863255037278],[109.75945899670454,-7.293565974971754]]]}}]}