{
"type": "FeatureCollection",
"name": "badan_air_banjarnegara",
"crs": { "type": "name", "properties": { "name": "urn:ogc:def:crs:OGC:1.3:CRS84" } },
"features": [
{ "type": "Feature", "properties": { "natural": "water", "name": null, "water": null }, "geometry": { "type": "Polygon", "coordinates": [ [ [ 109.6247484, -7.3807493 ], [ 109.6247484, -7.3807214 ], [ 109.6247457, -7.3806921 ], [ 109.6247336, -7.3806655 ], [ 109.6246988, -7.3806243 ], [ 109.6246773, -7.380607 ], [ 109.6246679, -7.3805804 ], [ 109.6246773, -7.3805551 ], [ 109.6246907, -7.3805312 ], [ 109.6247001, -7.3805046 ], [ 109.6247068, -7.3804767 ], [ 109.6247108, -7.3804501 ], [ 109.6247095, -7.3804235 ], [ 109.6247095, -7.3803942 ], [ 109.6247108, -7.380365 ], [ 109.6247309, -7.3802692 ], [ 109.6247309, -7.3802399 ], [ 109.624739, -7.3801874 ], [ 109.6247859, -7.380095 ], [ 109.6248811, -7.379964 ], [ 109.6249227, -7.3798775 ], [ 109.6249328, -7.3798662 ], [ 109.6250032, -7.3798183 ], [ 109.6250367, -7.3797871 ], [ 109.6250582, -7.3797261 ], [ 109.625088, -7.3796773 ], [ 109.6251547, -7.3796601 ], [ 109.6251789, -7.3796414 ], [ 109.6251976, -7.3796188 ], [ 109.6252513, -7.3794725 ], [ 109.6252593, -7.3793023 ], [ 109.6252701, -7.3792384 ], [ 109.6253157, -7.3791267 ], [ 109.6253452, -7.379015 ], [ 109.6254337, -7.3788341 ], [ 109.625439, -7.3787809 ], [ 109.625439, -7.3786586 ], [ 109.6254283, -7.3784458 ], [ 109.6253559, -7.3781665 ], [ 109.6252969, -7.3780228 ], [ 109.6252835, -7.3779031 ], [ 109.6252808, -7.3777941 ], [ 109.6252727, -7.3777355 ], [ 109.6252593, -7.3776823 ], [ 109.6252111, -7.3775387 ], [ 109.6251896, -7.3774908 ], [ 109.6251574, -7.3774376 ], [ 109.6251172, -7.3773844 ], [ 109.6249992, -7.3772541 ], [ 109.6249589, -7.3772168 ], [ 109.6248677, -7.3771583 ], [ 109.6246746, -7.3770519 ], [ 109.6246237, -7.3770094 ], [ 109.6245351, -7.3768631 ], [ 109.6244627, -7.376762 ], [ 109.6244051, -7.3766489 ], [ 109.6244238, -7.3764388 ], [ 109.6243916, -7.3762659 ], [ 109.6243715, -7.3762034 ], [ 109.6243474, -7.3761542 ], [ 109.6242723, -7.3760664 ], [ 109.6241462, -7.375952 ], [ 109.6240725, -7.3758669 ], [ 109.6238995, -7.3757365 ], [ 109.6237875, -7.3755909 ], [ 109.623711, -7.3755244 ], [ 109.623583, -7.3753602 ], [ 109.6234649, -7.3752511 ], [ 109.6233737, -7.375174 ], [ 109.6233228, -7.37515 ], [ 109.6230371, -7.3750835 ], [ 109.6229862, -7.3751208 ], [ 109.6229674, -7.3751434 ], [ 109.6229003, -7.3752697 ], [ 109.6228588, -7.3753083 ], [ 109.6227837, -7.3753469 ], [ 109.6226683, -7.3753469 ], [ 109.6221895, -7.3752631 ], [ 109.622042, -7.375279 ], [ 109.6219857, -7.375295 ], [ 109.6219388, -7.3753229 ], [ 109.6219119, -7.3753269 ], [ 109.6218275, -7.3753109 ], [ 109.6217389, -7.3753362 ], [ 109.6216759, -7.375416 ], [ 109.6216276, -7.3754479 ], [ 109.6215767, -7.3754533 ], [ 109.6215257, -7.3754426 ], [ 109.6214238, -7.3754027 ], [ 109.6212253, -7.3753016 ], [ 109.6211743, -7.3752857 ], [ 109.621067, -7.3752671 ], [ 109.6208444, -7.3752538 ], [ 109.6207908, -7.3752325 ], [ 109.6207264, -7.3750809 ], [ 109.6205628, -7.3747563 ], [ 109.6204877, -7.3746712 ], [ 109.6204448, -7.3746366 ], [ 109.6203482, -7.3745861 ], [ 109.6202342, -7.3745129 ], [ 109.6202315, -7.3744863 ], [ 109.6202369, -7.3744584 ], [ 109.6202584, -7.3744411 ], [ 109.6203496, -7.3744371 ], [ 109.6204059, -7.3744544 ], [ 109.62054, -7.3745728 ], [ 109.6206231, -7.374622 ], [ 109.6206674, -7.3746592 ], [ 109.6207774, -7.3748109 ], [ 109.6208042, -7.3748321 ], [ 109.6208672, -7.3748508 ], [ 109.6209396, -7.3748388 ], [ 109.6209799, -7.37488 ], [ 109.6209906, -7.3749053 ], [ 109.6209946, -7.3749558 ], [ 109.6210322, -7.3750011 ], [ 109.6211368, -7.3750436 ], [ 109.6211958, -7.3750596 ], [ 109.6213648, -7.3750782 ], [ 109.6215954, -7.3751341 ], [ 109.6216544, -7.3751234 ], [ 109.6217027, -7.3750888 ], [ 109.6217564, -7.3750782 ], [ 109.6218905, -7.3750729 ], [ 109.6222338, -7.3751021 ], [ 109.6223438, -7.3751394 ], [ 109.6224511, -7.3751899 ], [ 109.6225047, -7.3752006 ], [ 109.6226308, -7.3751926 ], [ 109.6226817, -7.375174 ], [ 109.6227327, -7.3751394 ], [ 109.6227702, -7.3750942 ], [ 109.6227971, -7.3750383 ], [ 109.6228266, -7.3748095 ], [ 109.6228453, -7.3747537 ], [ 109.6228507, -7.3747005 ], [ 109.6228453, -7.374642 ], [ 109.6227354, -7.3743786 ], [ 109.6227059, -7.3743307 ], [ 109.6225262, -7.3741339 ], [ 109.6222901, -7.373812 ], [ 109.6221694, -7.3736843 ], [ 109.6220916, -7.3735806 ], [ 109.6218342, -7.3731789 ], [ 109.6217832, -7.3730725 ], [ 109.6216142, -7.372889 ], [ 109.6215123, -7.3728517 ], [ 109.621405, -7.3728251 ], [ 109.6213192, -7.3727613 ], [ 109.6212481, -7.3726975 ], [ 109.6212199, -7.3723091 ], [ 109.6213809, -7.372083 ], [ 109.6214466, -7.3720085 ], [ 109.621582, -7.3719606 ], [ 109.6216089, -7.3719407 ], [ 109.6216249, -7.3719168 ], [ 109.6216652, -7.3719074 ], [ 109.6216933, -7.3719141 ], [ 109.6218114, -7.3720059 ], [ 109.6218516, -7.3720524 ], [ 109.621869, -7.3720777 ], [ 109.6219254, -7.3722213 ], [ 109.621979, -7.3722346 ], [ 109.6220246, -7.3722027 ], [ 109.6221024, -7.3721229 ], [ 109.6221587, -7.3721149 ], [ 109.622215, -7.3721282 ], [ 109.6222687, -7.3721522 ], [ 109.6223116, -7.3721867 ], [ 109.6223438, -7.3722346 ], [ 109.6224189, -7.3723862 ], [ 109.6224752, -7.3726044 ], [ 109.6225128, -7.3726469 ], [ 109.622561, -7.3726842 ], [ 109.62262, -7.3726868 ], [ 109.6226495, -7.3726389 ], [ 109.6226576, -7.3725804 ], [ 109.6227568, -7.3722985 ], [ 109.6227542, -7.3721894 ], [ 109.6227153, -7.3720724 ], [ 109.6227139, -7.3719527 ], [ 109.6227005, -7.3718409 ], [ 109.6227139, -7.3717319 ], [ 109.62273, -7.3716707 ], [ 109.622789, -7.3715084 ], [ 109.622792, -7.3714574 ], [ 109.6228132, -7.3713675 ], [ 109.6228239, -7.3712198 ], [ 109.6228333, -7.3711946 ], [ 109.6228521, -7.3711746 ], [ 109.6228762, -7.3711573 ], [ 109.6230049, -7.3710775 ], [ 109.6230959, -7.3709832 ], [ 109.6231712, -7.3709405 ], [ 109.6233308, -7.3708714 ], [ 109.6234113, -7.3708035 ], [ 109.6234381, -7.3708142 ], [ 109.6234529, -7.3708394 ], [ 109.6234556, -7.3709246 ], [ 109.6234797, -7.3711054 ], [ 109.6235239, -7.3712132 ], [ 109.6235481, -7.3713861 ], [ 109.6235307, -7.3715736 ], [ 109.6234918, -7.3718303 ], [ 109.6234448, -7.3720072 ], [ 109.6234475, -7.3720351 ], [ 109.6234703, -7.3720857 ], [ 109.6235427, -7.3721894 ], [ 109.6235521, -7.3722479 ], [ 109.6235528, -7.3723849 ], [ 109.6234683, -7.3724714 ], [ 109.6234468, -7.3725252 ], [ 109.6234462, -7.3725705 ], [ 109.6234267, -7.3726143 ], [ 109.6234035, -7.3726287 ], [ 109.6233523, -7.3726629 ], [ 109.6232799, -7.3730566 ], [ 109.6233469, -7.3732268 ], [ 109.6233389, -7.3733439 ], [ 109.6232718, -7.3733904 ], [ 109.6231377, -7.3734316 ], [ 109.6231002, -7.3734955 ], [ 109.6231002, -7.3736045 ], [ 109.6231726, -7.3736897 ], [ 109.6232933, -7.3737349 ], [ 109.6233523, -7.3738067 ], [ 109.6233952, -7.3739131 ], [ 109.6234649, -7.3740115 ], [ 109.6235749, -7.3742882 ], [ 109.6236205, -7.3743227 ], [ 109.6237385, -7.3743174 ], [ 109.6238351, -7.3744398 ], [ 109.623701, -7.3745861 ], [ 109.6236272, -7.3746193 ], [ 109.6236017, -7.3746885 ], [ 109.6236205, -7.3748109 ], [ 109.623697, -7.3749385 ], [ 109.6238016, -7.3750569 ], [ 109.6239585, -7.3750995 ], [ 109.6240631, -7.3752431 ], [ 109.6240765, -7.3753695 ], [ 109.6241315, -7.3754466 ], [ 109.6243125, -7.3755503 ], [ 109.6244077, -7.3755809 ], [ 109.6245539, -7.3755863 ], [ 109.624621, -7.3756368 ], [ 109.6245995, -7.3757352 ], [ 109.6246411, -7.3758416 ], [ 109.6247014, -7.3759068 ], [ 109.6247967, -7.375952 ], [ 109.6248798, -7.3760438 ], [ 109.6249536, -7.376093 ], [ 109.625148, -7.3761741 ], [ 109.6252084, -7.376105 ], [ 109.6255128, -7.376218 ], [ 109.6257327, -7.3761475 ], [ 109.6258628, -7.3760225 ], [ 109.6259996, -7.3757751 ], [ 109.6260157, -7.3756687 ], [ 109.6261096, -7.3754745 ], [ 109.6261673, -7.3754253 ], [ 109.6262853, -7.3754213 ], [ 109.6263684, -7.3753894 ], [ 109.6263859, -7.375432 ], [ 109.6263778, -7.3754905 ], [ 109.6262276, -7.3756727 ], [ 109.6262182, -7.3757671 ], [ 109.6262893, -7.37594 ], [ 109.6263054, -7.3763271 ], [ 109.6264663, -7.3764361 ], [ 109.6264811, -7.3764814 ], [ 109.626461, -7.3765332 ], [ 109.626359, -7.3766343 ], [ 109.626351, -7.376746 ], [ 109.6263805, -7.3768205 ], [ 109.626469, -7.3768897 ], [ 109.6266836, -7.3769668 ], [ 109.6267292, -7.3769349 ], [ 109.6267801, -7.3767806 ], [ 109.6267748, -7.3766609 ], [ 109.626748, -7.376637 ], [ 109.626587, -7.3766689 ], [ 109.6265414, -7.376637 ], [ 109.6265951, -7.37648 ], [ 109.6265951, -7.3764215 ], [ 109.6265817, -7.376363 ], [ 109.6265146, -7.3762725 ], [ 109.6265146, -7.3762193 ], [ 109.6265629, -7.3761927 ], [ 109.6266219, -7.3761927 ], [ 109.6267292, -7.3762353 ], [ 109.6268311, -7.3764401 ], [ 109.6269062, -7.3765252 ], [ 109.6269572, -7.3765545 ], [ 109.6270725, -7.3765864 ], [ 109.6272482, -7.3765625 ], [ 109.6273287, -7.376508 ], [ 109.6273971, -7.3766011 ], [ 109.6274748, -7.376766 ], [ 109.6274842, -7.3768617 ], [ 109.6274628, -7.3769256 ], [ 109.6273474, -7.3769495 ], [ 109.6273421, -7.3770785 ], [ 109.6273984, -7.3771424 ], [ 109.6274775, -7.3771038 ], [ 109.6275352, -7.3771211 ], [ 109.6275486, -7.3771477 ], [ 109.6275271, -7.3771982 ], [ 109.6274306, -7.3772528 ], [ 109.627381, -7.3773046 ], [ 109.6273354, -7.3774669 ], [ 109.6273595, -7.3776903 ], [ 109.6272898, -7.377802 ], [ 109.6273005, -7.3782649 ], [ 109.6272576, -7.3784564 ], [ 109.6272925, -7.3787064 ], [ 109.6272173, -7.3788634 ], [ 109.6271744, -7.3790549 ], [ 109.6271798, -7.3791134 ], [ 109.6272442, -7.3792251 ], [ 109.6277028, -7.379531 ], [ 109.6279174, -7.3796055 ], [ 109.6280274, -7.3796162 ], [ 109.6281937, -7.3796667 ], [ 109.62825, -7.3796614 ], [ 109.6282929, -7.3796241 ], [ 109.6282849, -7.3795683 ], [ 109.6282205, -7.3794858 ], [ 109.6281964, -7.3793821 ], [ 109.628309, -7.3792597 ], [ 109.6283278, -7.3791453 ], [ 109.6282607, -7.3790389 ], [ 109.6282446, -7.3789751 ], [ 109.6283385, -7.3789139 ], [ 109.6285102, -7.3789538 ], [ 109.6285585, -7.3789192 ], [ 109.6287569, -7.3785176 ], [ 109.6289259, -7.3784218 ], [ 109.6291029, -7.3781731 ], [ 109.6291888, -7.3780986 ], [ 109.6293269, -7.3778925 ], [ 109.6294691, -7.3778725 ], [ 109.629575, -7.3778087 ], [ 109.6296072, -7.3777582 ], [ 109.629689, -7.3777249 ], [ 109.6297453, -7.3777289 ], [ 109.6299653, -7.3778193 ], [ 109.6300793, -7.3778353 ], [ 109.630098, -7.3778858 ], [ 109.6299854, -7.378072 ], [ 109.6298794, -7.3781079 ], [ 109.629862, -7.3781345 ], [ 109.6299103, -7.3782396 ], [ 109.630031, -7.3783274 ], [ 109.6300028, -7.3784032 ], [ 109.6299773, -7.3784112 ], [ 109.6297762, -7.3782941 ], [ 109.6296997, -7.3783301 ], [ 109.6297118, -7.3784218 ], [ 109.6298432, -7.378624 ], [ 109.6297976, -7.3787836 ], [ 109.6298513, -7.3789565 ], [ 109.6298325, -7.3791826 ], [ 109.6297279, -7.3793129 ], [ 109.6296287, -7.3793821 ], [ 109.6295589, -7.3794725 ], [ 109.629567, -7.3795816 ], [ 109.6295884, -7.3796241 ], [ 109.6295401, -7.379664 ], [ 109.6294489, -7.3796215 ], [ 109.6293953, -7.3796401 ], [ 109.6293846, -7.3798981 ], [ 109.6294034, -7.3800072 ], [ 109.6294248, -7.380063 ], [ 109.6295817, -7.380075 ], [ 109.6295951, -7.380216 ], [ 109.6296635, -7.3803064 ], [ 109.6296595, -7.3803809 ], [ 109.629693, -7.380466 ], [ 109.6297507, -7.3804847 ], [ 109.6298419, -7.3804195 ], [ 109.630039, -7.3804275 ], [ 109.6301329, -7.380486 ], [ 109.6302241, -7.3806044 ], [ 109.6303368, -7.3806443 ], [ 109.630428, -7.3806376 ], [ 109.6304736, -7.3805631 ], [ 109.6306157, -7.3805578 ], [ 109.630723, -7.3806057 ], [ 109.6309698, -7.3806137 ], [ 109.6311709, -7.3807147 ], [ 109.6314096, -7.3807147 ], [ 109.6315223, -7.3807334 ], [ 109.6316162, -7.3807945 ], [ 109.6318281, -7.3808025 ], [ 109.631981, -7.380736 ], [ 109.6320882, -7.380752 ], [ 109.6322599, -7.3807227 ], [ 109.6323672, -7.380744 ], [ 109.632386, -7.3808797 ], [ 109.6322411, -7.3811403 ], [ 109.632107, -7.3811856 ], [ 109.6317878, -7.3812361 ], [ 109.6312782, -7.3812521 ], [ 109.6310878, -7.3813558 ], [ 109.6308303, -7.3816617 ], [ 109.6305567, -7.3819091 ], [ 109.6304119, -7.3819915 ], [ 109.6302965, -7.3819995 ], [ 109.6301919, -7.3819676 ], [ 109.6299747, -7.3817894 ], [ 109.6298003, -7.3816803 ], [ 109.6296957, -7.3817415 ], [ 109.6296421, -7.3819277 ], [ 109.6296515, -7.3820128 ], [ 109.6297024, -7.3821285 ], [ 109.6297641, -7.3821511 ], [ 109.6298338, -7.3821471 ], [ 109.6298137, -7.3822522 ], [ 109.6295227, -7.3824464 ], [ 109.6294959, -7.3824384 ], [ 109.6294329, -7.38234 ], [ 109.6293269, -7.3823081 ], [ 109.629229, -7.3823453 ], [ 109.6291123, -7.3824264 ], [ 109.6290319, -7.3824171 ], [ 109.6289822, -7.3824344 ], [ 109.6288817, -7.3825621 ], [ 109.6287516, -7.3826539 ], [ 109.6286684, -7.3827948 ], [ 109.6284673, -7.3829731 ], [ 109.6283955, -7.3831566 ], [ 109.6283412, -7.383255 ], [ 109.6282983, -7.3832949 ], [ 109.6281534, -7.3833827 ], [ 109.6278852, -7.3834838 ], [ 109.6274963, -7.3836806 ], [ 109.6273595, -7.3837737 ], [ 109.6273193, -7.3838322 ], [ 109.627338, -7.3838828 ], [ 109.6278007, -7.3842193 ], [ 109.6278986, -7.384313 ], [ 109.6279791, -7.3844241 ], [ 109.627959, -7.3845863 ], [ 109.6279845, -7.3846329 ], [ 109.6282205, -7.3846316 ], [ 109.6285705, -7.3845451 ], [ 109.629174, -7.3843416 ], [ 109.6313144, -7.3835356 ], [ 109.6326555, -7.3829731 ], [ 109.6328339, -7.3828786 ], [ 109.6343279, -7.3821618 ], [ 109.6349435, -7.3818053 ], [ 109.6352358, -7.3816125 ], [ 109.6354115, -7.3814622 ], [ 109.6363335, -7.3810619 ], [ 109.6376793, -7.3805485 ], [ 109.6385832, -7.3802958 ], [ 109.639062, -7.3802333 ], [ 109.6395528, -7.3800803 ], [ 109.6396682, -7.3800391 ], [ 109.6397178, -7.3799207 ], [ 109.6398063, -7.3799167 ], [ 109.639864, -7.3799766 ], [ 109.639978, -7.3799819 ], [ 109.6404098, -7.379825 ], [ 109.6406552, -7.3794473 ], [ 109.6407719, -7.3793635 ], [ 109.6407866, -7.3792584 ], [ 109.6409892, -7.3791094 ], [ 109.641185, -7.3790203 ], [ 109.6413526, -7.3787995 ], [ 109.6414492, -7.3785043 ], [ 109.6417442, -7.3778818 ], [ 109.6417683, -7.3777528 ], [ 109.6417093, -7.3776584 ], [ 109.6415444, -7.3774961 ], [ 109.6412627, -7.3773206 ], [ 109.6411675, -7.3771743 ], [ 109.6411742, -7.3769535 ], [ 109.6412413, -7.3768471 ], [ 109.6414129, -7.3766543 ], [ 109.6415397, -7.3765851 ], [ 109.6415487, -7.3765938 ], [ 109.6415631, -7.3766077 ], [ 109.6414344, -7.3766981 ], [ 109.641244, -7.376899 ], [ 109.6412386, -7.3771171 ], [ 109.6412869, -7.3772248 ], [ 109.6414331, -7.3773552 ], [ 109.6417683, -7.3775839 ], [ 109.6418488, -7.3776983 ], [ 109.6418729, -7.37781 ], [ 109.6418247, -7.3780015 ], [ 109.6416128, -7.3784777 ], [ 109.6415296, -7.3788261 ], [ 109.6415685, -7.3789259 ], [ 109.6418032, -7.379027 ], [ 109.6419829, -7.3790522 ], [ 109.642109, -7.3791174 ], [ 109.6423128, -7.3791533 ], [ 109.642455, -7.3792185 ], [ 109.6427996, -7.3792744 ], [ 109.6437129, -7.3795989 ], [ 109.6442655, -7.3799354 ], [ 109.6445779, -7.380067 ], [ 109.6450071, -7.380067 ], [ 109.6456428, -7.3801389 ], [ 109.6456736, -7.3801349 ], [ 109.6458895, -7.3801096 ], [ 109.6461283, -7.3801242 ], [ 109.6461537, -7.3801136 ], [ 109.6461993, -7.380079 ], [ 109.6462463, -7.3800032 ], [ 109.646253, -7.3799766 ], [ 109.646257, -7.3798569 ], [ 109.6462463, -7.3798263 ], [ 109.6462087, -7.3797811 ], [ 109.6461363, -7.3797372 ], [ 109.6460035, -7.3796707 ], [ 109.6459459, -7.3796694 ], [ 109.6458949, -7.3796747 ], [ 109.6457863, -7.3797119 ], [ 109.6456696, -7.379833 ], [ 109.6455838, -7.3798542 ], [ 109.6453933, -7.3796773 ], [ 109.6453813, -7.3796255 ], [ 109.645687, -7.3796401 ], [ 109.6457326, -7.3796095 ], [ 109.6457528, -7.3795284 ], [ 109.645789, -7.3794938 ], [ 109.6459942, -7.3794632 ], [ 109.6461256, -7.3795231 ], [ 109.6461819, -7.3795217 ], [ 109.6462838, -7.3794047 ], [ 109.6464689, -7.3795098 ], [ 109.6465212, -7.3795058 ], [ 109.6465507, -7.3794047 ], [ 109.6464287, -7.379265 ], [ 109.6464394, -7.3792105 ], [ 109.6465655, -7.3791041 ], [ 109.6466567, -7.3789605 ], [ 109.6467371, -7.378898 ], [ 109.6473272, -7.3788461 ], [ 109.6474747, -7.3789099 ], [ 109.6475887, -7.3789964 ], [ 109.6475834, -7.3791307 ], [ 109.647637, -7.37914 ], [ 109.6477899, -7.3789911 ], [ 109.6478476, -7.37889 ], [ 109.648046, -7.3788541 ], [ 109.6482056, -7.3786732 ], [ 109.6484832, -7.3786878 ], [ 109.6485651, -7.3786532 ], [ 109.6487991, -7.3786965 ], [ 109.6488172, -7.3786951 ], [ 109.6489191, -7.3786559 ], [ 109.6489352, -7.3786426 ], [ 109.6489634, -7.378636 ], [ 109.6491122, -7.3786293 ], [ 109.6491431, -7.3786213 ], [ 109.6491645, -7.3786027 ], [ 109.649236, -7.3784594 ], [ 109.6492356, -7.3784005 ], [ 109.6492262, -7.3783713 ], [ 109.6492128, -7.3783473 ], [ 109.6491015, -7.378217 ], [ 109.6490371, -7.3781851 ], [ 109.6489593, -7.378092 ], [ 109.6485838, -7.3780787 ], [ 109.6485302, -7.3780654 ], [ 109.6484765, -7.3780494 ], [ 109.6484309, -7.3780148 ], [ 109.6483934, -7.3779749 ], [ 109.6483719, -7.3779244 ], [ 109.6483424, -7.37781 ], [ 109.648333, -7.377693 ], [ 109.6483329, -7.3776672 ], [ 109.6483518, -7.3775174 ], [ 109.6483693, -7.3774602 ], [ 109.6485181, -7.3771703 ], [ 109.6485583, -7.3771304 ], [ 109.6486066, -7.3771331 ], [ 109.6486951, -7.3770599 ], [ 109.6489218, -7.3769841 ], [ 109.6490599, -7.3769961 ], [ 109.6491712, -7.3769309 ], [ 109.6493965, -7.3769096 ], [ 109.6495213, -7.3768444 ], [ 109.6497412, -7.3768338 ], [ 109.6497606, -7.3768584 ], [ 109.6498364, -7.3772022 ], [ 109.6498284, -7.3773538 ], [ 109.649815, -7.3774749 ], [ 109.6497653, -7.377548 ], [ 109.649756, -7.3775733 ], [ 109.6497466, -7.3777382 ], [ 109.6498083, -7.377951 ], [ 109.6498109, -7.3779816 ], [ 109.6498874, -7.3781784 ], [ 109.6500295, -7.378467 ], [ 109.6500349, -7.3786107 ], [ 109.6500228, -7.3786971 ], [ 109.6499786, -7.3787424 ], [ 109.6498539, -7.3788155 ], [ 109.6497734, -7.3789046 ], [ 109.6496701, -7.3790429 ], [ 109.6496581, -7.3790695 ], [ 109.6495669, -7.379136 ], [ 109.6495078, -7.3792039 ], [ 109.6494381, -7.3793355 ], [ 109.649422, -7.3793595 ], [ 109.6494006, -7.3793768 ], [ 109.6492825, -7.3794273 ], [ 109.6491994, -7.3794539 ], [ 109.6490908, -7.3794512 ], [ 109.6489526, -7.3794725 ], [ 109.648844, -7.3794619 ], [ 109.6487622, -7.3794739 ], [ 109.6487072, -7.3794619 ], [ 109.6486817, -7.3794499 ], [ 109.64862, -7.3793834 ], [ 109.6485959, -7.3793661 ], [ 109.6485168, -7.3793754 ], [ 109.6484832, -7.3794193 ], [ 109.6484564, -7.3794991 ], [ 109.648435, -7.3795191 ], [ 109.648333, -7.3795936 ], [ 109.6482593, -7.3796281 ], [ 109.6481144, -7.3797518 ], [ 109.6480876, -7.3797611 ], [ 109.6479709, -7.3797691 ], [ 109.6479173, -7.3797917 ], [ 109.6478637, -7.3798542 ], [ 109.6478422, -7.3799088 ], [ 109.6477832, -7.3800059 ], [ 109.647633, -7.3801349 ], [ 109.6475525, -7.3801641 ], [ 109.6474077, -7.3801748 ], [ 109.6473514, -7.3801628 ], [ 109.6472079, -7.3801561 ], [ 109.6471193, -7.3801921 ], [ 109.6470496, -7.3802306 ], [ 109.6469785, -7.3802812 ], [ 109.646949, -7.3802878 ], [ 109.6466969, -7.3802679 ], [ 109.6466178, -7.3802492 ], [ 109.6465078, -7.3802054 ], [ 109.6463536, -7.380208 ], [ 109.646206, -7.380228 ], [ 109.646033, -7.3802386 ], [ 109.6459258, -7.3802572 ], [ 109.6458654, -7.3802559 ], [ 109.6458118, -7.3802399 ], [ 109.6456482, -7.3802266 ], [ 109.6455918, -7.380228 ], [ 109.6454054, -7.3802093 ], [ 109.6452874, -7.3802266 ], [ 109.6451493, -7.3802665 ], [ 109.6449763, -7.3802679 ], [ 109.6448971, -7.3803018 ], [ 109.6448784, -7.3803217 ], [ 109.6448784, -7.380351 ], [ 109.6449126, -7.3804029 ], [ 109.6450158, -7.380492 ], [ 109.6451017, -7.3805505 ], [ 109.6453679, -7.3808052 ], [ 109.6458158, -7.3811989 ], [ 109.6461242, -7.3814795 ], [ 109.6463227, -7.3816457 ], [ 109.6464488, -7.3817761 ], [ 109.646481, -7.3818319 ], [ 109.6467599, -7.3820953 ], [ 109.6468055, -7.3821298 ], [ 109.6469155, -7.3821777 ], [ 109.6469852, -7.382191 ], [ 109.6470416, -7.382191 ], [ 109.6474332, -7.3822256 ], [ 109.6477765, -7.3822203 ], [ 109.6479642, -7.3822096 ], [ 109.648101, -7.3821884 ], [ 109.6484309, -7.382199 ], [ 109.6485463, -7.3822123 ], [ 109.6487367, -7.3822123 ], [ 109.6490237, -7.382183 ], [ 109.6490854, -7.3821644 ], [ 109.6492597, -7.3821511 ], [ 109.6493214, -7.3821511 ], [ 109.6494904, -7.3821697 ], [ 109.6496916, -7.3821671 ], [ 109.6497533, -7.3821591 ], [ 109.6498659, -7.3821112 ], [ 109.6500322, -7.3820979 ], [ 109.6500885, -7.382074 ], [ 109.6501905, -7.3819889 ], [ 109.6502334, -7.3819357 ], [ 109.6503273, -7.3818772 ], [ 109.6503809, -7.3818612 ], [ 109.650743, -7.381792 ], [ 109.650802, -7.381792 ], [ 109.650912, -7.381808 ], [ 109.6510407, -7.3818053 ], [ 109.6512178, -7.3817654 ], [ 109.6513304, -7.3817176 ], [ 109.6514685, -7.3817335 ], [ 109.651659, -7.381788 ], [ 109.6517234, -7.3817894 ], [ 109.6518508, -7.3817628 ], [ 109.6523443, -7.3817096 ], [ 109.6528915, -7.3817176 ], [ 109.6532294, -7.3817069 ], [ 109.6533474, -7.3816989 ], [ 109.6534574, -7.3816697 ], [ 109.6535137, -7.3816644 ], [ 109.6538812, -7.3817708 ], [ 109.6540663, -7.3819224 ], [ 109.6541065, -7.3819676 ], [ 109.654144, -7.3820208 ], [ 109.6541682, -7.3820687 ], [ 109.6541923, -7.3821378 ], [ 109.6542031, -7.3821937 ], [ 109.6543989, -7.3825102 ], [ 109.6545625, -7.3828374 ], [ 109.6545786, -7.3828933 ], [ 109.6546939, -7.3831672 ], [ 109.6547314, -7.3832869 ], [ 109.6547824, -7.3835157 ], [ 109.6548307, -7.383662 ], [ 109.6548763, -7.3837631 ], [ 109.6549112, -7.3838056 ], [ 109.6549916, -7.3838801 ], [ 109.6551472, -7.3839519 ], [ 109.6554369, -7.3840557 ], [ 109.6557319, -7.3841089 ], [ 109.656141, -7.3840889 ], [ 109.6561946, -7.3841115 ], [ 109.65655, -7.3841129 ], [ 109.6567485, -7.3841288 ], [ 109.6570811, -7.3841807 ], [ 109.6571884, -7.3842206 ], [ 109.6572903, -7.3842685 ], [ 109.657352, -7.3842751 ], [ 109.6573788, -7.3842698 ], [ 109.6574351, -7.3842379 ], [ 109.6575826, -7.3842286 ], [ 109.657698, -7.3842033 ], [ 109.6577932, -7.3842046 ], [ 109.6579099, -7.3839972 ], [ 109.6580802, -7.3837179 ], [ 109.6581982, -7.3835649 ], [ 109.6583538, -7.3834519 ], [ 109.6586394, -7.3833747 ], [ 109.6588325, -7.3833561 ], [ 109.6590981, -7.3833774 ], [ 109.6592711, -7.3833774 ], [ 109.6599162, -7.3834598 ], [ 109.6601495, -7.3835051 ], [ 109.6606323, -7.3836487 ], [ 109.6607423, -7.3836753 ], [ 109.6608523, -7.3836913 ], [ 109.6609595, -7.383662 ], [ 109.6610239, -7.3836966 ], [ 109.6610776, -7.3837099 ], [ 109.6611312, -7.3837125 ], [ 109.6612412, -7.3836886 ], [ 109.6612921, -7.383662 ], [ 109.6613458, -7.3836434 ], [ 109.6614611, -7.3836248 ], [ 109.6615148, -7.3836035 ], [ 109.6616086, -7.383537 ], [ 109.6617508, -7.383404 ], [ 109.6618822, -7.3833933 ], [ 109.6619385, -7.383396 ], [ 109.6620646, -7.3834093 ], [ 109.6621478, -7.3834332 ], [ 109.662196, -7.3834625 ], [ 109.6623999, -7.3836434 ], [ 109.6625045, -7.3837844 ], [ 109.6625876, -7.3838695 ], [ 109.6626413, -7.3838961 ], [ 109.6627566, -7.3839067 ], [ 109.6628103, -7.3839306 ], [ 109.66299, -7.3841115 ], [ 109.6630651, -7.3841993 ], [ 109.6631911, -7.3843296 ], [ 109.663285, -7.3844799 ], [ 109.6633816, -7.384593 ], [ 109.6634258, -7.3846994 ], [ 109.6635197, -7.3847918 ], [ 109.6635552, -7.3847971 ], [ 109.6636847, -7.3848643 ], [ 109.6637611, -7.3849108 ], [ 109.6638107, -7.3849561 ], [ 109.6638469, -7.3850039 ], [ 109.6639033, -7.3851103 ], [ 109.6639314, -7.3851968 ], [ 109.6639341, -7.3852234 ], [ 109.6639341, -7.3852793 ], [ 109.6639207, -7.3853537 ], [ 109.6638738, -7.3854827 ], [ 109.6638563, -7.385508 ], [ 109.6638268, -7.3855772 ], [ 109.6638295, -7.3856304 ], [ 109.6638402, -7.385661 ], [ 109.6639006, -7.3857288 ], [ 109.6639261, -7.3858977 ], [ 109.6639328, -7.3861477 ], [ 109.6639194, -7.3862049 ], [ 109.6638952, -7.3862568 ], [ 109.6638335, -7.3863366 ], [ 109.6638134, -7.3863885 ], [ 109.6637933, -7.3864696 ], [ 109.6637557, -7.3865613 ], [ 109.6636766, -7.3867263 ], [ 109.6636686, -7.3867569 ], [ 109.6636337, -7.3868473 ], [ 109.6636096, -7.3869231 ], [ 109.6636082, -7.3869497 ], [ 109.6636096, -7.3869776 ], [ 109.6636243, -7.3870308 ], [ 109.663627, -7.3870581 ], [ 109.6636384, -7.3871146 ], [ 109.6636357, -7.3872104 ], [ 109.6636136, -7.3872649 ], [ 109.663509, -7.3873647 ], [ 109.6634245, -7.3874604 ], [ 109.6632072, -7.3876865 ], [ 109.6629417, -7.387886 ], [ 109.6627459, -7.3879844 ], [ 109.6626359, -7.3880243 ], [ 109.6625823, -7.3880376 ], [ 109.6624723, -7.3880496 ], [ 109.6622403, -7.3881015 ], [ 109.662066, -7.3881174 ], [ 109.6620405, -7.3881267 ], [ 109.6619667, -7.3881746 ], [ 109.6619184, -7.3882943 ], [ 109.6619023, -7.3883169 ], [ 109.6619144, -7.3884074 ], [ 109.6619278, -7.3884659 ], [ 109.6619546, -7.3885164 ], [ 109.6619976, -7.3885616 ], [ 109.6620619, -7.3886521 ], [ 109.6621075, -7.3886813 ], [ 109.6622711, -7.3887505 ], [ 109.6623275, -7.3887638 ], [ 109.6623838, -7.3887664 ], [ 109.6625796, -7.3888396 ], [ 109.6627754, -7.3889247 ], [ 109.6628304, -7.388926 ], [ 109.6628572, -7.3889154 ], [ 109.6630637, -7.3889766 ], [ 109.663159, -7.3890178 ], [ 109.6633185, -7.3890564 ], [ 109.6636337, -7.3891628 ], [ 109.6637249, -7.3891827 ], [ 109.6638697, -7.3891681 ], [ 109.6639207, -7.3891495 ], [ 109.6640334, -7.3891442 ], [ 109.6641487, -7.3891495 ], [ 109.6643941, -7.3891109 ], [ 109.6644853, -7.3891149 ], [ 109.664602, -7.3891442 ], [ 109.6647213, -7.3891415 ], [ 109.6647763, -7.3891335 ], [ 109.6649212, -7.3890431 ], [ 109.6649748, -7.3890191 ], [ 109.6650633, -7.3890311 ], [ 109.6653825, -7.3891388 ], [ 109.6656655, -7.3891681 ], [ 109.6658599, -7.3892851 ], [ 109.6659699, -7.389341 ], [ 109.6660182, -7.3893809 ], [ 109.6662998, -7.3895751 ], [ 109.6665439, -7.3898198 ], [ 109.6667075, -7.3900007 ], [ 109.6668658, -7.3900831 ], [ 109.6669838, -7.390123 ], [ 109.667201, -7.3902214 ], [ 109.6674639, -7.3903198 ], [ 109.6675095, -7.3903544 ], [ 109.66759, -7.3904502 ], [ 109.6677053, -7.3906577 ], [ 109.6678206, -7.3909423 ], [ 109.6678635, -7.3911258 ], [ 109.6678206, -7.3913705 ], [ 109.6677858, -7.3914875 ], [ 109.6676946, -7.391719 ], [ 109.6675765, -7.3919291 ], [ 109.6675175, -7.3921658 ], [ 109.6674585, -7.3922722 ], [ 109.6675336, -7.3923706 ], [ 109.6675605, -7.3924265 ], [ 109.6676195, -7.3925196 ], [ 109.667657, -7.3925648 ], [ 109.6677965, -7.3926845 ], [ 109.6679091, -7.3928228 ], [ 109.6679547, -7.3928521 ], [ 109.6680111, -7.392868 ], [ 109.6682096, -7.393001 ], [ 109.6687004, -7.3932777 ], [ 109.6689364, -7.3933548 ], [ 109.6692261, -7.3933867 ], [ 109.6694916, -7.3935729 ], [ 109.6695453, -7.3935969 ], [ 109.669607, -7.3935942 ], [ 109.6696633, -7.3935782 ], [ 109.6697652, -7.3935091 ], [ 109.6698108, -7.3934665 ], [ 109.6698886, -7.3935117 ], [ 109.6699288, -7.3935596 ], [ 109.6700093, -7.3936341 ], [ 109.6702293, -7.3937884 ], [ 109.6703795, -7.3939293 ], [ 109.6705323, -7.3941076 ], [ 109.6706155, -7.3941794 ], [ 109.6706906, -7.3943603 ], [ 109.6707174, -7.3944693 ], [ 109.670763, -7.3945757 ], [ 109.670822, -7.3946848 ], [ 109.670932, -7.3947646 ], [ 109.671042, -7.3947779 ], [ 109.6711627, -7.3948151 ], [ 109.671219, -7.3948151 ], [ 109.6712726, -7.3948098 ], [ 109.6713665, -7.3947353 ], [ 109.6713906, -7.3946874 ], [ 109.6714336, -7.3945305 ], [ 109.6714792, -7.3944321 ], [ 109.6714926, -7.3943789 ], [ 109.6715167, -7.3943257 ], [ 109.671573, -7.3941129 ], [ 109.6716025, -7.3940464 ], [ 109.6715999, -7.39394 ], [ 109.6715757, -7.3938203 ], [ 109.6715704, -7.3936501 ], [ 109.6715113, -7.393416 ], [ 109.6714684, -7.3931207 ], [ 109.6714175, -7.3930064 ], [ 109.671388, -7.3929585 ], [ 109.671447, -7.3928042 ], [ 109.6714671, -7.3927058 ], [ 109.6714617, -7.3926792 ], [ 109.6714362, -7.39263 ], [ 109.6713544, -7.3925369 ], [ 109.6712807, -7.3924917 ], [ 109.6711989, -7.3925063 ], [ 109.6711707, -7.3925076 ], [ 109.6711439, -7.3924996 ], [ 109.6711077, -7.3924611 ], [ 109.6710782, -7.3924145 ], [ 109.6710044, -7.3923746 ], [ 109.6709977, -7.3923374 ], [ 109.6710715, -7.3921778 ], [ 109.6711466, -7.3920515 ], [ 109.6711949, -7.391981 ], [ 109.6712525, -7.3919145 ], [ 109.6713772, -7.3916418 ], [ 109.6713906, -7.3915833 ], [ 109.6714309, -7.3914742 ], [ 109.6715006, -7.3913945 ], [ 109.6715435, -7.3913625 ], [ 109.6715918, -7.3913333 ], [ 109.6716455, -7.391312 ], [ 109.6717447, -7.3912455 ], [ 109.6718842, -7.3911737 ], [ 109.6719861, -7.3911364 ], [ 109.6721604, -7.3910886 ], [ 109.6722141, -7.3910593 ], [ 109.6723294, -7.3910327 ], [ 109.6724957, -7.3910061 ], [ 109.672662, -7.3910008 ], [ 109.6727693, -7.3910247 ], [ 109.6730563, -7.3911072 ], [ 109.6731716, -7.3911258 ], [ 109.6735579, -7.3911311 ], [ 109.6736732, -7.3911444 ], [ 109.6737322, -7.3911444 ], [ 109.6737859, -7.3911391 ], [ 109.6738395, -7.3911205 ], [ 109.6739227, -7.3911072 ], [ 109.6740755, -7.3911311 ], [ 109.6741721, -7.391187 ], [ 109.6742177, -7.3912269 ], [ 109.6742606, -7.3912694 ], [ 109.6742901, -7.3913147 ], [ 109.6743116, -7.3913705 ], [ 109.6743169, -7.3914237 ], [ 109.6743974, -7.391586 ], [ 109.6746576, -7.3919743 ], [ 109.6748453, -7.3924584 ], [ 109.6749017, -7.3929798 ], [ 109.6749097, -7.393033 ], [ 109.6749258, -7.3930888 ], [ 109.6749473, -7.3931447 ], [ 109.6749634, -7.3931979 ], [ 109.6749741, -7.3932644 ], [ 109.6750706, -7.3937166 ], [ 109.6751457, -7.3943124 ], [ 109.6751484, -7.3946848 ], [ 109.6752235, -7.3950305 ], [ 109.6752664, -7.3951343 ], [ 109.6752906, -7.3951848 ], [ 109.675304, -7.3952407 ], [ 109.6753831, -7.3954974 ], [ 109.6755078, -7.395766 ], [ 109.6756969, -7.3960227 ], [ 109.6757358, -7.3960546 ], [ 109.6757747, -7.3960998 ], [ 109.6758471, -7.3961517 ], [ 109.6760631, -7.3962913 ], [ 109.6762508, -7.3964376 ], [ 109.6762884, -7.3964829 ], [ 109.6764225, -7.3965972 ], [ 109.6765673, -7.396685 ], [ 109.6766853, -7.3967382 ], [ 109.6767363, -7.3967701 ], [ 109.6767873, -7.3967941 ], [ 109.6769053, -7.396834 ], [ 109.6769616, -7.3968499 ], [ 109.6770206, -7.3968632 ], [ 109.6770743, -7.3968685 ], [ 109.6774095, -7.3968685 ], [ 109.6776134, -7.3968074 ], [ 109.6776697, -7.396802 ], [ 109.6777984, -7.3967701 ], [ 109.6780908, -7.3966371 ], [ 109.6781981, -7.3965839 ], [ 109.6783724, -7.3965095 ], [ 109.6784288, -7.3964908 ], [ 109.6784824, -7.3964642 ], [ 109.6786112, -7.396443 ], [ 109.6786675, -7.396443 ], [ 109.6787211, -7.3964376 ], [ 109.6787775, -7.3964243 ], [ 109.6788257, -7.3963951 ], [ 109.6788633, -7.3963445 ], [ 109.6790162, -7.396286 ], [ 109.6791288, -7.3962807 ], [ 109.6791825, -7.3962727 ], [ 109.6792281, -7.3962435 ], [ 109.6792656, -7.3962009 ], [ 109.6793112, -7.3961557 ], [ 109.6794775, -7.3960333 ], [ 109.6795821, -7.3959722 ], [ 109.6796304, -7.3959402 ], [ 109.6797377, -7.395895 ], [ 109.6798503, -7.395887 ], [ 109.679971, -7.3958498 ], [ 109.6800193, -7.3958232 ], [ 109.6800649, -7.3957833 ], [ 109.6801132, -7.3957514 ], [ 109.6801642, -7.3957248 ], [ 109.6802098, -7.3956955 ], [ 109.6802795, -7.3956264 ], [ 109.680309, -7.3955785 ], [ 109.6803331, -7.395528 ], [ 109.6803465, -7.3954748 ], [ 109.680427, -7.395395 ], [ 109.6804753, -7.3953684 ], [ 109.6805531, -7.3952886 ], [ 109.6805987, -7.3952247 ], [ 109.6806094, -7.3951715 ], [ 109.6806148, -7.3951157 ], [ 109.6806148, -7.3950571 ], [ 109.6806067, -7.3949986 ], [ 109.6807033, -7.3948922 ], [ 109.6807516, -7.394863 ], [ 109.6808052, -7.3948523 ], [ 109.6808642, -7.3948497 ], [ 109.6809179, -7.3948736 ], [ 109.6810278, -7.394871 ], [ 109.6810842, -7.394855 ], [ 109.6811298, -7.3948257 ], [ 109.681178, -7.3947991 ], [ 109.6812344, -7.3947965 ], [ 109.6812478, -7.3949082 ], [ 109.6812773, -7.3949587 ], [ 109.6813175, -7.394996 ], [ 109.6813711, -7.3950146 ], [ 109.681296, -7.3950997 ], [ 109.6812424, -7.3951955 ], [ 109.6812075, -7.395246 ], [ 109.6811351, -7.3953418 ], [ 109.6810681, -7.3954535 ], [ 109.6810386, -7.395512 ], [ 109.6810091, -7.3957407 ], [ 109.6808642, -7.3959057 ], [ 109.6808347, -7.3959535 ], [ 109.6807998, -7.3959961 ], [ 109.6807569, -7.3960333 ], [ 109.6807113, -7.3960679 ], [ 109.6806094, -7.3961344 ], [ 109.680368, -7.3962408 ], [ 109.6802527, -7.3962647 ], [ 109.6801963, -7.3962727 ], [ 109.6797913, -7.3964749 ], [ 109.6797404, -7.3965041 ], [ 109.6795875, -7.3966371 ], [ 109.6795499, -7.396677 ], [ 109.679507, -7.3967116 ], [ 109.6794614, -7.3967382 ], [ 109.6794105, -7.3967621 ], [ 109.6793568, -7.3967808 ], [ 109.67922, -7.3968393 ], [ 109.6791208, -7.3968925 ], [ 109.678984, -7.3969297 ], [ 109.6789411, -7.3969696 ], [ 109.6789035, -7.3970095 ], [ 109.6782142, -7.3973074 ], [ 109.6781659, -7.3973367 ], [ 109.6781096, -7.3973606 ], [ 109.6779808, -7.3973899 ], [ 109.6779218, -7.3974138 ], [ 109.6773693, -7.3975308 ], [ 109.677211, -7.3975601 ], [ 109.6770447, -7.3976053 ], [ 109.6769535, -7.3975415 ], [ 109.6768892, -7.397451 ], [ 109.6768194, -7.3973659 ], [ 109.6765754, -7.3971797 ], [ 109.676519, -7.3971691 ], [ 109.676401, -7.3971398 ], [ 109.6763474, -7.3971159 ], [ 109.6762964, -7.3970973 ], [ 109.6762454, -7.3970733 ], [ 109.6761918, -7.39706 ], [ 109.6761328, -7.3970494 ], [ 109.6760765, -7.3970334 ], [ 109.6760309, -7.3970015 ], [ 109.6759772, -7.3969723 ], [ 109.6759263, -7.3969483 ], [ 109.6758726, -7.3969271 ], [ 109.6758163, -7.3969005 ], [ 109.6757627, -7.3968685 ], [ 109.6757197, -7.396826 ], [ 109.6756822, -7.3967834 ], [ 109.675642, -7.3967462 ], [ 109.6752772, -7.3962488 ], [ 109.6750653, -7.3959988 ], [ 109.6748453, -7.3956077 ], [ 109.6747327, -7.3953657 ], [ 109.6747166, -7.3952433 ], [ 109.6747059, -7.3951103 ], [ 109.6747005, -7.3949986 ], [ 109.6745932, -7.3942751 ], [ 109.6745396, -7.3941687 ], [ 109.6744296, -7.3938309 ], [ 109.6742713, -7.3933229 ], [ 109.6742552, -7.3932617 ], [ 109.6742392, -7.3932059 ], [ 109.6742177, -7.3931527 ], [ 109.6742284, -7.3930516 ], [ 109.6742552, -7.3929984 ], [ 109.6742767, -7.3929505 ], [ 109.6742928, -7.3928946 ], [ 109.6743062, -7.3928388 ], [ 109.6743169, -7.3927829 ], [ 109.6743169, -7.3927271 ], [ 109.6743116, -7.3926686 ], [ 109.6741909, -7.3924983 ], [ 109.6741345, -7.392493 ], [ 109.6740863, -7.3924637 ], [ 109.6740916, -7.3923387 ], [ 109.6740782, -7.3922855 ], [ 109.6740568, -7.3922297 ], [ 109.6739066, -7.3918706 ], [ 109.6738797, -7.39182 ], [ 109.6738502, -7.3917722 ], [ 109.6738127, -7.3917296 ], [ 109.6737725, -7.3916897 ], [ 109.6737269, -7.3916578 ], [ 109.6736839, -7.3916059 ], [ 109.6736692, -7.3916299 ], [ 109.6737094, -7.391699 ], [ 109.6737282, -7.3917243 ], [ 109.6737926, -7.3917895 ], [ 109.6739334, -7.3920701 ], [ 109.6739575, -7.3921233 ], [ 109.6739978, -7.3922297 ], [ 109.6740192, -7.3922802 ], [ 109.6740165, -7.3923361 ], [ 109.6739897, -7.3923839 ], [ 109.6739522, -7.3924238 ], [ 109.6739146, -7.3923813 ], [ 109.6739066, -7.3923254 ], [ 109.6738878, -7.3922722 ], [ 109.673861, -7.3921658 ], [ 109.6738341, -7.3920515 ], [ 109.6736464, -7.3918174 ], [ 109.6736142, -7.3917722 ], [ 109.6735632, -7.3917376 ], [ 109.6735176, -7.391703 ], [ 109.6734694, -7.3916737 ], [ 109.6734184, -7.3916551 ], [ 109.6733648, -7.3916392 ], [ 109.6733138, -7.3916152 ], [ 109.6732628, -7.3915886 ], [ 109.6732065, -7.3915727 ], [ 109.6731475, -7.39157 ], [ 109.6730979, -7.39159 ], [ 109.6730724, -7.3916737 ], [ 109.673067, -7.3917349 ], [ 109.673059, -7.3917961 ], [ 109.6730483, -7.3918493 ], [ 109.6730268, -7.3919025 ], [ 109.6729946, -7.3919477 ], [ 109.6729597, -7.3919025 ], [ 109.6729651, -7.391844 ], [ 109.6729732, -7.3917908 ], [ 109.6729732, -7.3917376 ], [ 109.6729678, -7.3916844 ], [ 109.6729597, -7.3916312 ], [ 109.6729115, -7.3915993 ], [ 109.6727988, -7.3915886 ], [ 109.6726835, -7.3915886 ], [ 109.6726245, -7.3915913 ], [ 109.6725145, -7.3916019 ], [ 109.6724582, -7.3916126 ], [ 109.6724018, -7.3916126 ], [ 109.6722919, -7.3916179 ], [ 109.6722329, -7.3916179 ], [ 109.6721739, -7.3916205 ], [ 109.6720639, -7.3916312 ], [ 109.6720076, -7.3916445 ], [ 109.6719485, -7.3916604 ], [ 109.6718976, -7.3916791 ], [ 109.6718493, -7.391703 ], [ 109.6717903, -7.3917296 ], [ 109.6717447, -7.3917615 ], [ 109.671632, -7.3918919 ], [ 109.6716052, -7.3919983 ], [ 109.6715891, -7.3921046 ], [ 109.6716106, -7.3922164 ], [ 109.6716964, -7.3924292 ], [ 109.6717769, -7.3925036 ], [ 109.6718734, -7.3925515 ], [ 109.6719539, -7.3926313 ], [ 109.6720451, -7.3926898 ], [ 109.672206, -7.3928281 ], [ 109.672367, -7.393275 ], [ 109.6723884, -7.3933814 ], [ 109.6724474, -7.3937378 ], [ 109.6724474, -7.3939453 ], [ 109.6724421, -7.3940623 ], [ 109.6724421, -7.3941847 ], [ 109.6724153, -7.3944134 ], [ 109.6723831, -7.3945305 ], [ 109.6723509, -7.3946369 ], [ 109.6723348, -7.3947433 ], [ 109.6722865, -7.394839 ], [ 109.6722007, -7.3949135 ], [ 109.6720719, -7.3948763 ], [ 109.6719593, -7.3948922 ], [ 109.6718842, -7.394972 ], [ 109.6718359, -7.3950731 ], [ 109.6717232, -7.3952167 ], [ 109.6716428, -7.3953125 ], [ 109.6715462, -7.395387 ], [ 109.671455, -7.3954508 ], [ 109.6713585, -7.3955093 ], [ 109.6712458, -7.3955519 ], [ 109.6711385, -7.3955732 ], [ 109.6710205, -7.3955785 ], [ 109.6709186, -7.3955253 ], [ 109.6708649, -7.3954295 ], [ 109.6707791, -7.3952061 ], [ 109.6707362, -7.395105 ], [ 109.6706879, -7.3949986 ], [ 109.6706074, -7.3949188 ], [ 109.6703768, -7.3947433 ], [ 109.6702802, -7.3946794 ], [ 109.6701783, -7.3946156 ], [ 109.670071, -7.3945518 ], [ 109.6699798, -7.3944826 ], [ 109.669733, -7.3944241 ], [ 109.6691322, -7.3942007 ], [ 109.6690303, -7.3941581 ], [ 109.6689337, -7.3940996 ], [ 109.6688265, -7.3940464 ], [ 109.6686119, -7.3939613 ], [ 109.66851, -7.3939081 ], [ 109.6684134, -7.3938602 ], [ 109.66829, -7.393807 ], [ 109.6681827, -7.3937591 ], [ 109.6680647, -7.3937219 ], [ 109.6679574, -7.3937059 ], [ 109.6674317, -7.3934133 ], [ 109.6673781, -7.3933122 ], [ 109.6672064, -7.3931633 ], [ 109.6671045, -7.3931048 ], [ 109.6670026, -7.3930516 ], [ 109.666906, -7.3929931 ], [ 109.6667075, -7.3928494 ], [ 109.666627, -7.3927749 ], [ 109.6664286, -7.3924983 ], [ 109.6663481, -7.3922802 ], [ 109.6663427, -7.3921685 ], [ 109.666391, -7.3919451 ], [ 109.6664983, -7.3919185 ], [ 109.6666056, -7.391961 ], [ 109.6666861, -7.3920302 ], [ 109.6667826, -7.3920674 ], [ 109.6668738, -7.3920089 ], [ 109.6669382, -7.3919185 ], [ 109.6669865, -7.3918653 ], [ 109.6670079, -7.3917589 ], [ 109.667024, -7.3916471 ], [ 109.667024, -7.3915354 ], [ 109.6670937, -7.3914556 ], [ 109.6669328, -7.3909901 ], [ 109.6667397, -7.3906257 ], [ 109.6666646, -7.3905353 ], [ 109.666568, -7.3904768 ], [ 109.6664715, -7.3904129 ], [ 109.6663427, -7.3903597 ], [ 109.6662408, -7.3903119 ], [ 109.6661442, -7.3902587 ], [ 109.6660423, -7.3902001 ], [ 109.6659458, -7.3901469 ], [ 109.6658492, -7.3900778 ], [ 109.6657419, -7.3900246 ], [ 109.66564, -7.3899554 ], [ 109.6655381, -7.3898916 ], [ 109.6654415, -7.3898331 ], [ 109.6653342, -7.3897746 ], [ 109.6652323, -7.389732 ], [ 109.6651304, -7.3896788 ], [ 109.6650177, -7.3896469 ], [ 109.6649051, -7.3896256 ], [ 109.6645671, -7.3896043 ], [ 109.6644384, -7.3896203 ], [ 109.6642077, -7.3896628 ], [ 109.6641004, -7.3897001 ], [ 109.6639824, -7.3897267 ], [ 109.6638697, -7.3897373 ], [ 109.6637732, -7.3897905 ], [ 109.6636712, -7.3898278 ], [ 109.663564, -7.3898384 ], [ 109.6634406, -7.3898597 ], [ 109.6633333, -7.3898756 ], [ 109.6632153, -7.389881 ], [ 109.663108, -7.3898916 ], [ 109.6629953, -7.3898969 ], [ 109.662872, -7.3899076 ], [ 109.6623033, -7.3899076 ], [ 109.662196, -7.3899129 ], [ 109.662078, -7.3899022 ], [ 109.6618473, -7.389849 ], [ 109.6617401, -7.3898171 ], [ 109.6616435, -7.3897639 ], [ 109.6615469, -7.3896948 ], [ 109.6614557, -7.3896362 ], [ 109.6613645, -7.3895724 ], [ 109.661268, -7.3895139 ], [ 109.6611768, -7.3894554 ], [ 109.6610802, -7.389083 ], [ 109.6610695, -7.3889447 ], [ 109.6610212, -7.3888276 ], [ 109.6609729, -7.3887319 ], [ 109.6609354, -7.3886308 ], [ 109.6609247, -7.3885244 ], [ 109.6609461, -7.3884871 ], [ 109.6610212, -7.3883967 ], [ 109.6610963, -7.3883169 ], [ 109.6611607, -7.3882318 ], [ 109.6614128, -7.3879977 ], [ 109.6614772, -7.3879073 ], [ 109.6615523, -7.3878222 ], [ 109.661665, -7.3878222 ], [ 109.6617669, -7.3878275 ], [ 109.6618742, -7.3878381 ], [ 109.6619815, -7.3878328 ], [ 109.662357, -7.3874072 ], [ 109.6629631, -7.3867103 ], [ 109.6631831, -7.3864337 ], [ 109.6632367, -7.3863326 ], [ 109.6632689, -7.3862262 ], [ 109.6633279, -7.3859442 ], [ 109.6633279, -7.3858272 ], [ 109.6633172, -7.3855984 ], [ 109.6632877, -7.3853245 ], [ 109.6632287, -7.3851729 ], [ 109.6629846, -7.3849281 ], [ 109.6626091, -7.3845478 ], [ 109.6625501, -7.3845132 ], [ 109.6624964, -7.3844839 ], [ 109.6624482, -7.384444 ], [ 109.6623972, -7.3844094 ], [ 109.6623516, -7.3843749 ], [ 109.6623006, -7.3843403 ], [ 109.662255, -7.384303 ], [ 109.6622041, -7.3842738 ], [ 109.6621478, -7.3842445 ], [ 109.6620968, -7.3842153 ], [ 109.6620458, -7.3841913 ], [ 109.6619949, -7.3841647 ], [ 109.6619385, -7.3841434 ], [ 109.6618849, -7.3841328 ], [ 109.6618205, -7.3841301 ], [ 109.6616408, -7.3841301 ], [ 109.6615818, -7.3841142 ], [ 109.6615282, -7.3841062 ], [ 109.6614692, -7.3841062 ], [ 109.6614128, -7.3841009 ], [ 109.6612975, -7.3841009 ], [ 109.6610454, -7.3842232 ], [ 109.6608764, -7.3842924 ], [ 109.6608281, -7.384327 ], [ 109.6607691, -7.3843509 ], [ 109.6607128, -7.3843642 ], [ 109.6606618, -7.3843802 ], [ 109.6605545, -7.3844281 ], [ 109.6602139, -7.3845451 ], [ 109.6601549, -7.3845744 ], [ 109.6600986, -7.3845956 ], [ 109.6600395, -7.3846116 ], [ 109.6599779, -7.3846249 ], [ 109.6599188, -7.3846409 ], [ 109.6598598, -7.3846595 ], [ 109.6598062, -7.3846701 ], [ 109.6596801, -7.3846861 ], [ 109.6595541, -7.3846914 ], [ 109.6592563, -7.3846914 ], [ 109.6592027, -7.3846887 ], [ 109.6589184, -7.3846488 ], [ 109.6588594, -7.3846542 ], [ 109.6587896, -7.3846568 ], [ 109.6586582, -7.3846568 ], [ 109.6585321, -7.3846621 ], [ 109.6584141, -7.3846728 ], [ 109.6582344, -7.3846834 ], [ 109.6581835, -7.38471 ], [ 109.6581244, -7.3847233 ], [ 109.6580654, -7.384734 ], [ 109.6580064, -7.3847393 ], [ 109.6579501, -7.3847526 ], [ 109.6577007, -7.3847872 ], [ 109.6575451, -7.3848537 ], [ 109.6574351, -7.3849095 ], [ 109.6573386, -7.384968 ], [ 109.6570301, -7.3850798 ], [ 109.6569711, -7.3850984 ], [ 109.6569067, -7.3851143 ], [ 109.6568531, -7.385125 ], [ 109.6567914, -7.3851436 ], [ 109.6567324, -7.3851675 ], [ 109.6566707, -7.3851808 ], [ 109.6564829, -7.3851968 ], [ 109.6560565, -7.3852713 ], [ 109.6560028, -7.3852846 ], [ 109.6559438, -7.3852926 ], [ 109.6558794, -7.3852979 ], [ 109.6558177, -7.3853005 ], [ 109.6557587, -7.3853005 ], [ 109.6557024, -7.3852952 ], [ 109.6556488, -7.3852872 ], [ 109.655453, -7.3852101 ], [ 109.655394, -7.3851197 ], [ 109.6553135, -7.3850452 ], [ 109.6552062, -7.3849973 ], [ 109.6550989, -7.3849813 ], [ 109.654997, -7.3849281 ], [ 109.6549112, -7.384859 ], [ 109.6548146, -7.3847845 ], [ 109.654761, -7.3846887 ], [ 109.6546966, -7.3845877 ], [ 109.6546215, -7.3844919 ], [ 109.6545732, -7.3843908 ], [ 109.6545249, -7.3842844 ], [ 109.6543318, -7.383779 ], [ 109.6543103, -7.3836726 ], [ 109.6542674, -7.3835556 ], [ 109.6542191, -7.3834492 ], [ 109.6541655, -7.3833428 ], [ 109.6541011, -7.3832417 ], [ 109.654026, -7.3831566 ], [ 109.6537363, -7.3828214 ], [ 109.6536344, -7.3827576 ], [ 109.6535486, -7.3826884 ], [ 109.6534681, -7.382614 ], [ 109.6532643, -7.3825076 ], [ 109.6530712, -7.3823905 ], [ 109.6529746, -7.3823267 ], [ 109.6528727, -7.3822682 ], [ 109.65276, -7.3822469 ], [ 109.6526474, -7.3822735 ], [ 109.6525347, -7.3823054 ], [ 109.6522504, -7.3823267 ], [ 109.6521324, -7.3823373 ], [ 109.652009, -7.3823586 ], [ 109.6518964, -7.3823746 ], [ 109.6517837, -7.3824065 ], [ 109.6516764, -7.3824331 ], [ 109.6500295, -7.3828268 ], [ 109.6491122, -7.3830183 ], [ 109.6483505, -7.3831247 ], [ 109.6482378, -7.3831513 ], [ 109.6480983, -7.3831619 ], [ 109.6479857, -7.3831672 ], [ 109.6478784, -7.3831779 ], [ 109.6477658, -7.3831779 ], [ 109.6476477, -7.3831885 ], [ 109.6474117, -7.3831885 ], [ 109.647299, -7.3831938 ], [ 109.6471864, -7.3831938 ], [ 109.6470898, -7.383146 ], [ 109.647004, -7.3830768 ], [ 109.6469235, -7.382981 ], [ 109.646886, -7.38288 ], [ 109.646607, -7.382614 ], [ 109.6465212, -7.3825182 ], [ 109.6463871, -7.3824597 ], [ 109.6462905, -7.3824118 ], [ 109.6461725, -7.3823799 ], [ 109.6460652, -7.3823746 ], [ 109.6460029, -7.3823806 ], [ 109.6459613, -7.3823513 ], [ 109.645856, -7.3822628 ], [ 109.6457702, -7.3821884 ], [ 109.6454698, -7.3818532 ], [ 109.6453337, -7.3817887 ], [ 109.6452565, -7.3817395 ], [ 109.6448797, -7.3815127 ], [ 109.6435386, -7.3807147 ], [ 109.642911, -7.3803583 ], [ 109.6423236, -7.3801029 ], [ 109.6422806, -7.380063 ], [ 109.642227, -7.3800285 ], [ 109.6421599, -7.3799886 ], [ 109.6421036, -7.379962 ], [ 109.64205, -7.3799327 ], [ 109.6420017, -7.3799034 ], [ 109.6419534, -7.3798715 ], [ 109.6418998, -7.3798449 ], [ 109.6418515, -7.3798157 ], [ 109.6417952, -7.3798024 ], [ 109.6417388, -7.3797997 ], [ 109.6416798, -7.3797997 ], [ 109.6416262, -7.3797864 ], [ 109.6415672, -7.3797678 ], [ 109.6415055, -7.3797518 ], [ 109.6414492, -7.3797359 ], [ 109.6413901, -7.3797305 ], [ 109.6413338, -7.3797279 ], [ 109.6412721, -7.3797305 ], [ 109.6412158, -7.3797385 ], [ 109.64113, -7.3798635 ], [ 109.6410763, -7.3799646 ], [ 109.6409959, -7.3800391 ], [ 109.6408939, -7.380087 ], [ 109.6407974, -7.3801455 ], [ 109.6406921, -7.3801894 ], [ 109.640619, -7.3802785 ], [ 109.6400893, -7.3807733 ], [ 109.6394871, -7.3812042 ], [ 109.6386838, -7.3815979 ], [ 109.6377557, -7.3818958 ], [ 109.6365702, -7.3823639 ], [ 109.6351111, -7.3829651 ], [ 109.6337016, -7.3835716 ], [ 109.63193, -7.384311 ], [ 109.6317027, -7.3844271 ], [ 109.6314749, -7.3845367 ], [ 109.631356, -7.3846196 ], [ 109.6312004, -7.3846302 ], [ 109.6310824, -7.3846409 ], [ 109.6309537, -7.3846462 ], [ 109.630841, -7.3846568 ], [ 109.6307123, -7.3846728 ], [ 109.6305996, -7.3846941 ], [ 109.630385, -7.3847579 ], [ 109.6298425, -7.3849677 ], [ 109.6282661, -7.3855772 ], [ 109.6263564, -7.386439 ], [ 109.6242106, -7.3873593 ], [ 109.6223392, -7.3880031 ], [ 109.6219683, -7.3881307 ], [ 109.6196884, -7.3889606 ], [ 109.6180308, -7.3894288 ], [ 109.6160942, -7.3897639 ], [ 109.614619, -7.3900725 ], [ 109.6138671, -7.3902323 ], [ 109.6135676, -7.3902959 ], [ 109.6132162, -7.3903544 ], [ 109.6131572, -7.390373 ], [ 109.6130982, -7.390381 ], [ 109.6130446, -7.3903917 ], [ 109.6129936, -7.3904129 ], [ 109.6129399, -7.39053 ], [ 109.6130419, -7.3904981 ], [ 109.6131438, -7.3904821 ], [ 109.6133584, -7.3905725 ], [ 109.6135461, -7.3907162 ], [ 109.6136534, -7.39078 ], [ 109.6137553, -7.3908279 ], [ 109.6138573, -7.3908651 ], [ 109.6139967, -7.3908651 ], [ 109.6140531, -7.3908784 ], [ 109.614104, -7.3908944 ], [ 109.6141469, -7.3909742 ], [ 109.6140906, -7.3909901 ], [ 109.6140343, -7.3909955 ], [ 109.6139753, -7.3910034 ], [ 109.6139163, -7.3910034 ], [ 109.6138707, -7.3910354 ], [ 109.6138465, -7.3911364 ], [ 109.6138519, -7.3912428 ], [ 109.6138358, -7.3913226 ], [ 109.6138841, -7.3913226 ], [ 109.6138948, -7.391429 ], [ 109.6138465, -7.3915301 ], [ 109.6136105, -7.3915301 ], [ 109.6135032, -7.3915354 ], [ 109.613353, -7.3916205 ], [ 109.6132564, -7.3916844 ], [ 109.6131492, -7.3917323 ], [ 109.6130365, -7.3917482 ], [ 109.6129239, -7.3917535 ], [ 109.6128005, -7.3917535 ], [ 109.6126932, -7.3917642 ], [ 109.6125698, -7.3917695 ], [ 109.6122909, -7.391828 ], [ 109.6121997, -7.3919025 ], [ 109.6120924, -7.3919344 ], [ 109.6119851, -7.3919131 ], [ 109.6118671, -7.3919078 ], [ 109.6117356, -7.3919211 ], [ 109.611682, -7.3919504 ], [ 109.6115184, -7.3920009 ], [ 109.6114621, -7.3920169 ], [ 109.6114165, -7.3920541 ], [ 109.6113762, -7.392094 ], [ 109.6113333, -7.3921339 ], [ 109.6113011, -7.3921791 ], [ 109.6112743, -7.392227 ], [ 109.6112394, -7.3922775 ], [ 109.6111878, -7.3923397 ], [ 109.6111456, -7.3923653 ], [ 109.6111207, -7.3923736 ], [ 109.6111, -7.3923829 ], [ 109.6110356, -7.3923972 ], [ 109.6109283, -7.3924398 ], [ 109.610821, -7.3924664 ], [ 109.6107298, -7.3925302 ], [ 109.6106547, -7.39261 ], [ 109.6105689, -7.3926792 ], [ 109.6104777, -7.392759 ], [ 109.6103865, -7.3928175 ], [ 109.6102792, -7.3928494 ], [ 109.6101719, -7.392876 ], [ 109.6100593, -7.3928813 ], [ 109.6099466, -7.3928973 ], [ 109.6098286, -7.3929558 ], [ 109.6097857, -7.3929984 ], [ 109.6097428, -7.3930356 ], [ 109.6096945, -7.3930729 ], [ 109.6096408, -7.3931048 ], [ 109.6095872, -7.3931287 ], [ 109.6095335, -7.3931394 ], [ 109.6093619, -7.3931473 ], [ 109.6093056, -7.3931447 ], [ 109.6092492, -7.393134 ], [ 109.6090749, -7.3931154 ], [ 109.6090078, -7.3931154 ], [ 109.6089542, -7.3931234 ], [ 109.6088952, -7.393134 ], [ 109.6088442, -7.3931553 ], [ 109.6087879, -7.393166 ], [ 109.6087316, -7.393166 ], [ 109.6086752, -7.393158 ], [ 109.6086162, -7.3931473 ], [ 109.6085519, -7.3931261 ], [ 109.6084365, -7.3930808 ], [ 109.6083882, -7.3930542 ], [ 109.6079725, -7.3929026 ], [ 109.6078813, -7.3928122 ], [ 109.6077686, -7.392743 ], [ 109.6076721, -7.3926792 ], [ 109.6072644, -7.3925409 ], [ 109.6071464, -7.3924877 ], [ 109.6070284, -7.3924504 ], [ 109.6068821, -7.3924584 ], [ 109.6062371, -7.3921392 ], [ 109.6056081, -7.3918759 ], [ 109.6044146, -7.3914889 ], [ 109.6037333, -7.391308 ], [ 109.6034342, -7.3911989 ], [ 109.603394, -7.3911192 ], [ 109.6032961, -7.3910846 ], [ 109.6031941, -7.3910566 ], [ 109.6031204, -7.3910407 ], [ 109.6030889, -7.3909921 ], [ 109.6031439, -7.3909243 ], [ 109.6033041, -7.3909476 ], [ 109.6033782, -7.3909572 ], [ 109.6033779, -7.3909403 ], [ 109.603225, -7.3908864 ], [ 109.6033135, -7.3905566 ], [ 109.6033108, -7.3903198 ], [ 109.6033055, -7.390256 ], [ 109.6032894, -7.3901948 ], [ 109.6032394, -7.390087 ], [ 109.6032009, -7.3899874 ], [ 109.6031693, -7.3899418 ], [ 109.6031311, -7.3898969 ], [ 109.6030828, -7.3898623 ], [ 109.6030372, -7.3898331 ], [ 109.6029863, -7.3898091 ], [ 109.6028173, -7.3897852 ], [ 109.6026966, -7.3897666 ], [ 109.602643, -7.3897799 ], [ 109.6025893, -7.3897985 ], [ 109.6025383, -7.3898251 ], [ 109.6024713, -7.3898916 ], [ 109.6024177, -7.389724 ], [ 109.6022808, -7.3896203 ], [ 109.6021682, -7.3895352 ], [ 109.6020663, -7.3894766 ], [ 109.6019, -7.3893224 ], [ 109.6018249, -7.3892372 ], [ 109.601739, -7.3891628 ], [ 109.6016425, -7.3890936 ], [ 109.601562, -7.3890191 ], [ 109.6014869, -7.3889181 ], [ 109.6013582, -7.3887372 ], [ 109.6012616, -7.3886334 ], [ 109.6012053, -7.3886175 ], [ 109.6011409, -7.3886068 ], [ 109.6011034, -7.3886521 ], [ 109.6010739, -7.3886973 ], [ 109.601047, -7.3887478 ], [ 109.6009907, -7.3888462 ], [ 109.6009424, -7.3888782 ], [ 109.6008888, -7.3888835 ], [ 109.6008298, -7.3888968 ], [ 109.6007708, -7.3889048 ], [ 109.6007144, -7.3888994 ], [ 109.6006769, -7.3888569 ], [ 109.6006501, -7.388809 ], [ 109.600642, -7.3887558 ], [ 109.600642, -7.3886999 ], [ 109.6007171, -7.3882983 ], [ 109.6009102, -7.3878993 ], [ 109.601157, -7.3875828 ], [ 109.6013153, -7.3874418 ], [ 109.6018141, -7.3871253 ], [ 109.6019644, -7.3870614 ], [ 109.602018, -7.3870561 ], [ 109.6021146, -7.3870987 ], [ 109.6021655, -7.3871572 ], [ 109.6022192, -7.3872024 ], [ 109.6022648, -7.3872317 ], [ 109.6023258, -7.3872642 ], [ 109.6023734, -7.3872968 ], [ 109.6023519, -7.3873228 ], [ 109.6021079, -7.387495 ], [ 109.6018812, -7.3876719 ], [ 109.6015191, -7.3880256 ], [ 109.6014869, -7.3880762 ], [ 109.6014842, -7.3881041 ], [ 109.6016291, -7.3880163 ], [ 109.6017739, -7.3878408 ], [ 109.6018624, -7.3877769 ], [ 109.6020234, -7.3877025 ], [ 109.6021333, -7.3876759 ], [ 109.6022487, -7.3876732 ], [ 109.6023989, -7.3877876 ], [ 109.6024418, -7.3878301 ], [ 109.6024901, -7.3878541 ], [ 109.6026188, -7.3878913 ], [ 109.6028092, -7.3879073 ], [ 109.6028656, -7.3879206 ], [ 109.6029675, -7.3879711 ], [ 109.6030238, -7.3879711 ], [ 109.6030667, -7.3879312 ], [ 109.6031365, -7.387886 ], [ 109.603174, -7.3877823 ], [ 109.6032277, -7.3877636 ], [ 109.6032813, -7.3877769 ], [ 109.6033162, -7.3878248 ], [ 109.6033645, -7.3878514 ], [ 109.603402, -7.3878089 ], [ 109.6034932, -7.3877477 ], [ 109.603579, -7.3876652 ], [ 109.6035871, -7.387612 ], [ 109.6036166, -7.3875641 ], [ 109.6036595, -7.3875269 ], [ 109.603909, -7.38737 ], [ 109.6040779, -7.3871891 ], [ 109.6042201, -7.3869497 ], [ 109.6043435, -7.3867076 ], [ 109.6046305, -7.3864097 ], [ 109.6047592, -7.3862315 ], [ 109.6050864, -7.385899 ], [ 109.6053493, -7.3855213 ], [ 109.6055987, -7.3850904 ], [ 109.6057999, -7.3848005 ], [ 109.6063149, -7.3839812 ], [ 109.6068406, -7.383412 ], [ 109.6069372, -7.3833588 ], [ 109.6071732, -7.3833588 ], [ 109.6072859, -7.3833322 ], [ 109.6073127, -7.3831194 ], [ 109.6073395, -7.383013 ], [ 109.6074307, -7.3828108 ], [ 109.6074682, -7.3826991 ], [ 109.6075541, -7.3824969 ], [ 109.6077123, -7.3822176 ], [ 109.607825, -7.3820687 ], [ 109.6078786, -7.3819596 ], [ 109.6090132, -7.3805418 ], [ 109.60904, -7.380494 ], [ 109.6090829, -7.3804594 ], [ 109.6091768, -7.3803211 ], [ 109.6092962, -7.3801761 ], [ 109.6094906, -7.3800471 ], [ 109.6096019, -7.3800032 ], [ 109.60985, -7.3799407 ], [ 109.6100552, -7.3799141 ], [ 109.6102779, -7.3798423 ], [ 109.6103342, -7.3798157 ], [ 109.6103771, -7.3797758 ], [ 109.6105595, -7.3794379 ], [ 109.6106923, -7.3790868 ], [ 109.6109149, -7.3783979 ], [ 109.6110262, -7.3782702 ], [ 109.6110772, -7.3782383 ], [ 109.6111053, -7.378225 ], [ 109.6111295, -7.3782104 ], [ 109.6111523, -7.3781917 ], [ 109.611285, -7.3781159 ], [ 109.6113105, -7.3780986 ], [ 109.6113414, -7.3780747 ], [ 109.6113829, -7.3780308 ], [ 109.6114741, -7.3779537 ], [ 109.611509, -7.3779071 ], [ 109.6117035, -7.3777621 ], [ 109.6117558, -7.3777329 ], [ 109.6118161, -7.3777103 ], [ 109.6118429, -7.377697 ], [ 109.6118698, -7.3776797 ], [ 109.6120106, -7.3776225 ], [ 109.6120401, -7.3776025 ], [ 109.6123184, -7.3774975 ], [ 109.6124357, -7.3774336 ], [ 109.6125235, -7.3773824 ], [ 109.6125886, -7.3773405 ], [ 109.6127938, -7.3771902 ], [ 109.6129453, -7.3771131 ], [ 109.612999, -7.3770865 ], [ 109.6130526, -7.3770705 ], [ 109.613235, -7.3770705 ], [ 109.6134415, -7.3770386 ], [ 109.6136776, -7.3770386 ], [ 109.6137339, -7.3770413 ], [ 109.6137929, -7.3770466 ], [ 109.6139082, -7.3770519 ], [ 109.6140289, -7.3770626 ], [ 109.6141416, -7.3770626 ], [ 109.6142864, -7.3770493 ], [ 109.6143588, -7.377036 ], [ 109.6144205, -7.3770094 ], [ 109.6145922, -7.3769828 ], [ 109.614678, -7.3770865 ], [ 109.6146914, -7.3771397 ], [ 109.6147022, -7.3771956 ], [ 109.6147183, -7.3772488 ], [ 109.6147504, -7.377294 ], [ 109.6148041, -7.3773099 ], [ 109.6148443, -7.3773498 ], [ 109.614839, -7.377403 ], [ 109.6148229, -7.3775148 ], [ 109.6148121, -7.3775733 ], [ 109.614796, -7.3776291 ], [ 109.6147558, -7.3778925 ], [ 109.6147478, -7.3780867 ], [ 109.6147424, -7.3781425 ], [ 109.6147424, -7.3783846 ], [ 109.614737, -7.378491 ], [ 109.6147156, -7.3785974 ], [ 109.614678, -7.3787038 ], [ 109.6146405, -7.3788049 ], [ 109.6146083, -7.3789272 ], [ 109.6145654, -7.3790443 ], [ 109.6145278, -7.379156 ], [ 109.6145117, -7.3793103 ], [ 109.6145117, -7.3794326 ], [ 109.6145171, -7.3795443 ], [ 109.614501, -7.3796561 ], [ 109.6142623, -7.3798449 ], [ 109.6141872, -7.379946 ], [ 109.6140611, -7.3801801 ], [ 109.6140289, -7.380228 ], [ 109.6139941, -7.3802732 ], [ 109.6139082, -7.3803982 ], [ 109.6138787, -7.3804461 ], [ 109.6138492, -7.3804993 ], [ 109.6138224, -7.3805525 ], [ 109.6137661, -7.3806589 ], [ 109.6137285, -7.3807068 ], [ 109.6136856, -7.3807546 ], [ 109.6136373, -7.3807945 ], [ 109.6133155, -7.3813053 ], [ 109.6133262, -7.3813585 ], [ 109.613353, -7.3814143 ], [ 109.6133959, -7.3815181 ], [ 109.6134254, -7.3815792 ], [ 109.6134576, -7.3816351 ], [ 109.6134925, -7.381683 ], [ 109.613522, -7.3817335 ], [ 109.6135408, -7.3817947 ], [ 109.6136534, -7.3819836 ], [ 109.6136615, -7.3820421 ], [ 109.6136802, -7.3820953 ], [ 109.6137044, -7.3821485 ], [ 109.6137178, -7.3822043 ], [ 109.6137366, -7.3822655 ], [ 109.613758, -7.3823187 ], [ 109.6138117, -7.382348 ], [ 109.6138734, -7.3823879 ], [ 109.613919, -7.3824331 ], [ 109.6139431, -7.3825687 ], [ 109.6139377, -7.3826246 ], [ 109.6139377, -7.3826831 ], [ 109.6139324, -7.3827363 ], [ 109.6139243, -7.3827948 ], [ 109.6139136, -7.3828507 ], [ 109.6139082, -7.3829039 ], [ 109.6138948, -7.3829571 ], [ 109.6138841, -7.3830103 ], [ 109.6138787, -7.3830715 ], [ 109.6139082, -7.383114 ], [ 109.6139646, -7.3831273 ], [ 109.6140262, -7.3831114 ], [ 109.6140853, -7.3830928 ], [ 109.6141362, -7.3830635 ], [ 109.6142676, -7.3829438 ], [ 109.6143079, -7.3828986 ], [ 109.6143401, -7.3828534 ], [ 109.614383, -7.3828081 ], [ 109.6144178, -7.3827576 ], [ 109.6144527, -7.3827017 ], [ 109.6144876, -7.3826565 ], [ 109.6145251, -7.3826113 ], [ 109.61456, -7.3825661 ], [ 109.6147075, -7.3824597 ], [ 109.6147612, -7.3824437 ], [ 109.6148175, -7.3824384 ], [ 109.6148819, -7.3824251 ], [ 109.6149302, -7.3824012 ], [ 109.6149811, -7.3823613 ], [ 109.615016, -7.3823187 ], [ 109.6150428, -7.3822708 ], [ 109.6151957, -7.3821777 ], [ 109.6152467, -7.3821591 ], [ 109.6153083, -7.3821458 ], [ 109.6154237, -7.3821298 ], [ 109.6156919, -7.3820633 ], [ 109.6157509, -7.38205 ], [ 109.6161666, -7.3819942 ], [ 109.61629, -7.3819942 ], [ 109.6163437, -7.3819995 ], [ 109.6163973, -7.3820128 ], [ 109.6164536, -7.3820208 ], [ 109.6166173, -7.3820687 ], [ 109.616679, -7.3820846 ], [ 109.6167299, -7.3821059 ], [ 109.6167836, -7.3821219 ], [ 109.6168345, -7.3821405 ], [ 109.6169579, -7.3821697 ], [ 109.6170115, -7.3821777 ], [ 109.6170706, -7.3821804 ], [ 109.6171322, -7.3821804 ], [ 109.6171886, -7.3821751 ], [ 109.6172476, -7.3821671 ], [ 109.6174648, -7.3821538 ], [ 109.6175212, -7.3821564 ], [ 109.6175802, -7.3821564 ], [ 109.6176338, -7.3821591 ], [ 109.6176901, -7.3821671 ], [ 109.6177572, -7.3821804 ], [ 109.6178189, -7.382191 ], [ 109.617894, -7.3822123 ], [ 109.6184774, -7.3822788 ], [ 109.618991, -7.3823998 ], [ 109.6194175, -7.3825155 ], [ 109.6194765, -7.3825235 ], [ 109.6195891, -7.3825342 ], [ 109.6196428, -7.3825368 ], [ 109.6197689, -7.3825368 ], [ 109.6198386, -7.3825342 ], [ 109.6198922, -7.3825235 ], [ 109.6199432, -7.3825022 ], [ 109.6199968, -7.3824756 ], [ 109.6200451, -7.3824437 ], [ 109.6200934, -7.3824091 ], [ 109.6201417, -7.3823772 ], [ 109.620198, -7.3823506 ], [ 109.6202543, -7.3823187 ], [ 109.6203026, -7.3822868 ], [ 109.6203509, -7.3822416 ], [ 109.6204957, -7.3821458 ], [ 109.6205494, -7.3821086 ], [ 109.620603, -7.3820607 ], [ 109.6210402, -7.3816191 ], [ 109.6210818, -7.3815407 ], [ 109.6210925, -7.3815154 ], [ 109.6210966, -7.3814236 ], [ 109.6210872, -7.3813944 ], [ 109.6210644, -7.3813438 ], [ 109.621063, -7.3813186 ], [ 109.6210872, -7.3812906 ], [ 109.6211167, -7.3812787 ], [ 109.6211448, -7.3812733 ], [ 109.621173, -7.3812693 ], [ 109.6212307, -7.381268 ], [ 109.6212602, -7.3812654 ], [ 109.621295, -7.3812574 ], [ 109.6213165, -7.3812388 ], [ 109.6213312, -7.3812122 ], [ 109.6213675, -7.3811656 ], [ 109.6213916, -7.381151 ], [ 109.6214198, -7.3811417 ], [ 109.6214479, -7.381139 ], [ 109.6215338, -7.381143 ], [ 109.6215579, -7.3811284 ], [ 109.6215767, -7.3811044 ], [ 109.6215941, -7.3810805 ], [ 109.6216236, -7.3810299 ], [ 109.621633, -7.3810007 ], [ 109.6216397, -7.3809741 ], [ 109.6216504, -7.3809488 ], [ 109.6217322, -7.3808052 ], [ 109.621743, -7.3807773 ], [ 109.62181, -7.3805764 ], [ 109.6219441, -7.3802306 ], [ 109.6220702, -7.3798981 ], [ 109.6221077, -7.3796374 ], [ 109.6221185, -7.3795816 ], [ 109.6221265, -7.3795257 ], [ 109.6221372, -7.3794752 ], [ 109.6221399, -7.3794193 ], [ 109.622148, -7.3793661 ], [ 109.6221815, -7.3792544 ], [ 109.6221828, -7.3792265 ], [ 109.6221936, -7.3791719 ], [ 109.6222043, -7.3791427 ], [ 109.6222526, -7.3790988 ], [ 109.6222714, -7.3790749 ], [ 109.6222942, -7.3790522 ], [ 109.6223465, -7.3790163 ], [ 109.6224564, -7.3789272 ], [ 109.6224819, -7.3789166 ], [ 109.6225128, -7.3789099 ], [ 109.6225396, -7.3789126 ], [ 109.6225691, -7.3789179 ], [ 109.6225999, -7.3789166 ], [ 109.6226308, -7.3789059 ], [ 109.6226549, -7.37889 ], [ 109.6226723, -7.378866 ], [ 109.6227179, -7.3788355 ], [ 109.6227461, -7.3788355 ], [ 109.6227756, -7.3788328 ], [ 109.6228078, -7.3788261 ], [ 109.6228333, -7.3788155 ], [ 109.6228601, -7.3788022 ], [ 109.6228869, -7.3787995 ], [ 109.6230412, -7.3788062 ], [ 109.6231163, -7.3788062 ], [ 109.6231458, -7.3788128 ], [ 109.6232316, -7.3788182 ], [ 109.6232624, -7.3788182 ], [ 109.6233188, -7.3788142 ], [ 109.6233469, -7.3788208 ], [ 109.6233697, -7.3788394 ], [ 109.6233952, -7.3788567 ], [ 109.6234287, -7.3788647 ], [ 109.6234596, -7.378866 ], [ 109.6235012, -7.378866 ], [ 109.6235307, -7.3788634 ], [ 109.6235682, -7.3788541 ], [ 109.6236232, -7.3788594 ], [ 109.62365, -7.3788607 ], [ 109.6236782, -7.3788607 ], [ 109.6237077, -7.3788581 ], [ 109.6237372, -7.3788527 ], [ 109.623764, -7.3788408 ], [ 109.6237935, -7.3788235 ], [ 109.6238606, -7.3787503 ], [ 109.6238874, -7.3787809 ], [ 109.6238472, -7.3788355 ], [ 109.6238311, -7.3788594 ], [ 109.623819, -7.3788833 ], [ 109.623819, -7.3789113 ], [ 109.6238217, -7.3789392 ], [ 109.6238217, -7.3789685 ], [ 109.6238203, -7.3789951 ], [ 109.6238136, -7.379027 ], [ 109.6238002, -7.3790536 ], [ 109.6237519, -7.3791852 ], [ 109.6237734, -7.3792384 ], [ 109.6237975, -7.379289 ], [ 109.6238163, -7.3793422 ], [ 109.6238297, -7.3793954 ], [ 109.6238297, -7.3794512 ], [ 109.6238109, -7.3795071 ], [ 109.623768, -7.3796241 ], [ 109.6237653, -7.379688 ], [ 109.6237653, -7.3797412 ], [ 109.6237627, -7.3797997 ], [ 109.6237573, -7.3798529 ], [ 109.62376, -7.3800072 ], [ 109.6237814, -7.3800657 ], [ 109.6238351, -7.3801694 ], [ 109.6238914, -7.3802705 ], [ 109.6239155, -7.3803211 ], [ 109.6239692, -7.380494 ], [ 109.6239813, -7.3805219 ], [ 109.623996, -7.3805512 ], [ 109.6240255, -7.3806017 ], [ 109.6240376, -7.3806283 ], [ 109.6240443, -7.3806562 ], [ 109.6240564, -7.3807879 ], [ 109.6240751, -7.3808118 ], [ 109.6240966, -7.3808344 ], [ 109.6241207, -7.3808517 ], [ 109.6241462, -7.3808371 ], [ 109.6241596, -7.3808225 ], [ 109.6241824, -7.3808078 ], [ 109.6242066, -7.3808225 ], [ 109.6242468, -7.380861 ], [ 109.6242736, -7.3808743 ], [ 109.6243004, -7.3808836 ], [ 109.62433, -7.3808863 ], [ 109.6243595, -7.380885 ], [ 109.6243863, -7.3808783 ], [ 109.6244399, -7.380877 ], [ 109.6244681, -7.3808797 ], [ 109.6244949, -7.380885 ], [ 109.6245284, -7.3808797 ], [ 109.6245526, -7.3808597 ], [ 109.6245606, -7.3808331 ], [ 109.62457, -7.3808078 ], [ 109.6245727, -7.3807799 ], [ 109.6246022, -7.380744 ], [ 109.624629, -7.3807427 ], [ 109.6247068, -7.3807719 ], [ 109.6247366, -7.3807736 ], [ 109.6247484, -7.3807493 ] ], [ [ 109.6271503, -7.3839599 ], [ 109.6271154, -7.38392 ], [ 109.6270189, -7.3838522 ], [ 109.6269317, -7.383803 ], [ 109.6268875, -7.38378 ], [ 109.6269143, -7.3837245 ], [ 109.6269384, -7.3835051 ], [ 109.6269304, -7.3834066 ], [ 109.6268311, -7.3832151 ], [ 109.6266809, -7.3830209 ], [ 109.6264797, -7.3827895 ], [ 109.6263027, -7.3826512 ], [ 109.6260077, -7.3825235 ], [ 109.6259326, -7.382449 ], [ 109.6258628, -7.3823604 ], [ 109.6256751, -7.3822735 ], [ 109.6253425, -7.3822682 ], [ 109.6251333, -7.382199 ], [ 109.6248436, -7.3823639 ], [ 109.6247953, -7.3824597 ], [ 109.6247578, -7.3825661 ], [ 109.6247524, -7.3827842 ], [ 109.6247685, -7.3828959 ], [ 109.6246934, -7.382997 ], [ 109.6246344, -7.3828906 ], [ 109.6245485, -7.3826884 ], [ 109.6245432, -7.3825661 ], [ 109.6245539, -7.3824597 ], [ 109.6245861, -7.3823533 ], [ 109.624688, -7.3821564 ], [ 109.624747, -7.382066 ], [ 109.6247899, -7.3819064 ], [ 109.6247846, -7.3817947 ], [ 109.6247363, -7.3816936 ], [ 109.6246719, -7.3815979 ], [ 109.6246022, -7.3815074 ], [ 109.624511, -7.3814383 ], [ 109.624334, -7.3813691 ], [ 109.6240979, -7.3813691 ], [ 109.6239853, -7.3813478 ], [ 109.6238619, -7.3813319 ], [ 109.6237546, -7.3812893 ], [ 109.6235883, -7.3811191 ], [ 109.6235293, -7.3810233 ], [ 109.6234864, -7.3809222 ], [ 109.6234596, -7.3808158 ], [ 109.6234596, -7.3805924 ], [ 109.6234488, -7.3803849 ], [ 109.6234596, -7.3802785 ], [ 109.6235079, -7.3801827 ], [ 109.6235239, -7.3800178 ], [ 109.6235025, -7.3799061 ], [ 109.6234971, -7.3797891 ], [ 109.6235239, -7.3796773 ], [ 109.6235561, -7.3795709 ], [ 109.6235722, -7.3794645 ], [ 109.6235722, -7.3793528 ], [ 109.6235561, -7.3792464 ], [ 109.6234596, -7.3791932 ], [ 109.6233469, -7.3791826 ], [ 109.6231323, -7.3791028 ], [ 109.6230197, -7.3790868 ], [ 109.6229017, -7.3790868 ], [ 109.6227944, -7.3791028 ], [ 109.6226871, -7.3791453 ], [ 109.6224832, -7.3792464 ], [ 109.6222901, -7.37943 ], [ 109.6220595, -7.3801402 ], [ 109.6219254, -7.3806057 ], [ 109.6217296, -7.3812095 ], [ 109.6215257, -7.3816431 ], [ 109.6214989, -7.381691 ], [ 109.621464, -7.3817442 ], [ 109.6213889, -7.3818426 ], [ 109.6213084, -7.3819277 ], [ 109.6212736, -7.3819782 ], [ 109.6211234, -7.3821272 ], [ 109.6209732, -7.3822575 ], [ 109.6206513, -7.3824863 ], [ 109.6204716, -7.3825581 ], [ 109.6204153, -7.3825847 ], [ 109.620308, -7.3826219 ], [ 109.6201363, -7.3826645 ], [ 109.6200183, -7.3826831 ], [ 109.6198493, -7.3826991 ], [ 109.6197313, -7.3827071 ], [ 109.6196106, -7.3827071 ], [ 109.6191385, -7.3826246 ], [ 109.6190876, -7.3826007 ], [ 109.6190286, -7.382582 ], [ 109.6189159, -7.3825581 ], [ 109.6188033, -7.3825448 ], [ 109.618071, -7.3825155 ], [ 109.6178859, -7.3825129 ], [ 109.6177116, -7.3824836 ], [ 109.6175989, -7.3824544 ], [ 109.617489, -7.3824437 ], [ 109.61743, -7.3824384 ], [ 109.6170062, -7.3824331 ], [ 109.6165851, -7.3823719 ], [ 109.6165287, -7.3823586 ], [ 109.616392, -7.3823426 ], [ 109.616223, -7.3823107 ], [ 109.6161666, -7.3823054 ], [ 109.6160459, -7.3823001 ], [ 109.6158609, -7.3823001 ], [ 109.6156892, -7.3823134 ], [ 109.6156248, -7.382324 ], [ 109.615362, -7.3824065 ], [ 109.6151286, -7.3826033 ], [ 109.6150374, -7.3826751 ], [ 109.6149972, -7.3827257 ], [ 109.6149194, -7.3828055 ], [ 109.6147639, -7.3830103 ], [ 109.6146941, -7.3831087 ], [ 109.6146485, -7.3831646 ], [ 109.6144795, -7.3833428 ], [ 109.6142891, -7.3835024 ], [ 109.6142381, -7.383537 ], [ 109.6139324, -7.3836992 ], [ 109.6136641, -7.3838775 ], [ 109.6135622, -7.3839546 ], [ 109.6134147, -7.3841434 ], [ 109.6133611, -7.3842605 ], [ 109.6133316, -7.384311 ], [ 109.613302, -7.3843562 ], [ 109.6132296, -7.3844467 ], [ 109.6131358, -7.3846488 ], [ 109.6129855, -7.3847446 ], [ 109.6129534, -7.3847925 ], [ 109.6130902, -7.3849228 ], [ 109.6131277, -7.3849654 ], [ 109.6132457, -7.3850798 ], [ 109.6133798, -7.3851888 ], [ 109.6134818, -7.3851994 ], [ 109.6135944, -7.3851782 ], [ 109.6136963, -7.3851356 ], [ 109.6137929, -7.3850771 ], [ 109.6138948, -7.3850399 ], [ 109.6141094, -7.3849973 ], [ 109.6142167, -7.3849973 ], [ 109.6143186, -7.3850026 ], [ 109.6143991, -7.3850718 ], [ 109.6145278, -7.3853058 ], [ 109.614678, -7.3854601 ], [ 109.6149784, -7.3857953 ], [ 109.6150589, -7.3858644 ], [ 109.6151233, -7.3859442 ], [ 109.6151125, -7.3860453 ], [ 109.6150052, -7.3860985 ], [ 109.614898, -7.3861092 ], [ 109.614678, -7.3861198 ], [ 109.6145654, -7.3861198 ], [ 109.6144527, -7.3860879 ], [ 109.6142274, -7.3860347 ], [ 109.6141148, -7.386024 ], [ 109.6140021, -7.3860347 ], [ 109.6139002, -7.3860772 ], [ 109.6136105, -7.3862741 ], [ 109.6135032, -7.3863113 ], [ 109.6133852, -7.3863273 ], [ 109.6132886, -7.3862634 ], [ 109.6132618, -7.386157 ], [ 109.6132618, -7.3860506 ], [ 109.6133262, -7.3858378 ], [ 109.6133476, -7.3857261 ], [ 109.6133584, -7.3856091 ], [ 109.6133584, -7.3854867 ], [ 109.613353, -7.385375 ], [ 109.6133047, -7.3852739 ], [ 109.6130365, -7.3850505 ], [ 109.612956, -7.384976 ], [ 109.6127468, -7.3848483 ], [ 109.6126395, -7.3848111 ], [ 109.6125215, -7.3847951 ], [ 109.6122748, -7.3847951 ], [ 109.6120548, -7.3848217 ], [ 109.6118349, -7.3848803 ], [ 109.6117169, -7.3849228 ], [ 109.611513, -7.3850186 ], [ 109.6114379, -7.3851037 ], [ 109.6113682, -7.3851941 ], [ 109.6113735, -7.3853058 ], [ 109.6114647, -7.385375 ], [ 109.6116579, -7.3854814 ], [ 109.6117651, -7.3855186 ], [ 109.6118349, -7.3856144 ], [ 109.6118939, -7.3857048 ], [ 109.6119583, -7.38579 ], [ 109.6120012, -7.385891 ], [ 109.6120924, -7.3860028 ], [ 109.6121407, -7.3862156 ], [ 109.6121782, -7.386322 ], [ 109.6122318, -7.386423 ], [ 109.6122801, -7.3865294 ], [ 109.6123391, -7.3866305 ], [ 109.6124196, -7.3867103 ], [ 109.6125108, -7.3867848 ], [ 109.6126127, -7.3868273 ], [ 109.61272, -7.386838 ], [ 109.6128327, -7.386838 ], [ 109.6129399, -7.3868327 ], [ 109.6130311, -7.3867688 ], [ 109.6131116, -7.3866837 ], [ 109.6132886, -7.3865454 ], [ 109.61353, -7.3864762 ], [ 109.6136481, -7.3864762 ], [ 109.6137607, -7.3865188 ], [ 109.6138573, -7.3865667 ], [ 109.6139485, -7.3866252 ], [ 109.6140289, -7.386705 ], [ 109.6140933, -7.3868273 ], [ 109.6140718, -7.3869657 ], [ 109.6140236, -7.3870774 ], [ 109.6139592, -7.3871678 ], [ 109.6138895, -7.3872476 ], [ 109.6137983, -7.3873168 ], [ 109.6137553, -7.3874232 ], [ 109.6137875, -7.3875296 ], [ 109.613868, -7.387604 ], [ 109.6139699, -7.3876413 ], [ 109.6140772, -7.3876732 ], [ 109.6141899, -7.3876838 ], [ 109.6142918, -7.3876626 ], [ 109.6143883, -7.3876094 ], [ 109.6144903, -7.3875934 ], [ 109.6145788, -7.3876306 ], [ 109.6146136, -7.3876705 ], [ 109.6147236, -7.38787 ], [ 109.6147612, -7.3879153 ], [ 109.6148068, -7.3879472 ], [ 109.6148604, -7.3879605 ], [ 109.6149167, -7.3879498 ], [ 109.615016, -7.3878567 ], [ 109.6151957, -7.3877264 ], [ 109.6153459, -7.3876626 ], [ 109.6154505, -7.3876865 ], [ 109.6155041, -7.3877676 ], [ 109.6155256, -7.387878 ], [ 109.6155229, -7.3879552 ], [ 109.6155149, -7.3879871 ], [ 109.6155283, -7.3880828 ], [ 109.6155283, -7.3881174 ], [ 109.6155041, -7.3881946 ], [ 109.6155176, -7.3883063 ], [ 109.6155015, -7.3884366 ], [ 109.6154264, -7.3885483 ], [ 109.6153969, -7.3886361 ], [ 109.6153781, -7.3887186 ], [ 109.6153674, -7.388809 ], [ 109.6154854, -7.388793 ], [ 109.6158153, -7.3887212 ], [ 109.6168023, -7.3885297 ], [ 109.6181434, -7.3881946 ], [ 109.6206325, -7.3873647 ], [ 109.6223921, -7.3867901 ], [ 109.6229553, -7.3865986 ], [ 109.6235883, -7.3863911 ], [ 109.6260077, -7.385524 ], [ 109.6277243, -7.3847739 ], [ 109.6277337, -7.3846901 ], [ 109.6277457, -7.3846342 ], [ 109.627786, -7.3845265 ], [ 109.6277806, -7.3844733 ], [ 109.6277565, -7.3844254 ], [ 109.6277136, -7.3843908 ], [ 109.6276224, -7.3843376 ], [ 109.6275768, -7.3843057 ], [ 109.6274936, -7.3842365 ], [ 109.6273729, -7.3841248 ], [ 109.6273273, -7.3840902 ], [ 109.6272871, -7.384053 ], [ 109.6272442, -7.3840184 ], [ 109.6272013, -7.3839892 ], [ 109.6271503, -7.3839599 ] ] ] } },
{ "type": "Feature", "properties": { "natural": "water", "name": "Telaga Merdada", "water": "lake" }, "geometry": { "type": "Polygon", "coordinates": [ [ [ 109.8936304, -7.2080509 ], [ 109.8933685, -7.2090166 ], [ 109.8932335, -7.2097593 ], [ 109.8932388, -7.2100094 ], [ 109.8931003, -7.2103152 ], [ 109.8930323, -7.2103873 ], [ 109.8929438, -7.210523 ], [ 109.892832, -7.211039 ], [ 109.8927247, -7.2112998 ], [ 109.8926863, -7.2113905 ], [ 109.8926067, -7.2116138 ], [ 109.8925048, -7.2117628 ], [ 109.8923001, -7.211904 ], [ 109.8921177, -7.2119493 ], [ 109.8918629, -7.2119546 ], [ 109.8916581, -7.2119172 ], [ 109.8914363, -7.2118928 ], [ 109.8913593, -7.2118439 ], [ 109.8912915, -7.2118286 ], [ 109.8912021, -7.2117827 ], [ 109.8911251, -7.211743 ], [ 109.8909711, -7.2116666 ], [ 109.8908201, -7.2115841 ], [ 109.8906814, -7.2114954 ], [ 109.8905397, -7.2113854 ], [ 109.8904011, -7.2112681 ], [ 109.890283, -7.2111403 ], [ 109.8902554, -7.2111092 ], [ 109.890093, -7.2109269 ], [ 109.889982, -7.2108443 ], [ 109.889982, -7.2107404 ], [ 109.8899204, -7.2106671 ], [ 109.889828, -7.2104133 ], [ 109.8897332, -7.2101611 ], [ 109.8896955, -7.2098907 ], [ 109.8896955, -7.2098204 ], [ 109.8896742, -7.2096768 ], [ 109.8896768, -7.2095291 ], [ 109.8896983, -7.209275 ], [ 109.8897448, -7.2090134 ], [ 109.8897613, -7.2088899 ], [ 109.8897885, -7.2087749 ], [ 109.8898083, -7.208653 ], [ 109.889848, -7.20853 ], [ 109.8899256, -7.2083982 ], [ 109.8899811, -7.2082495 ], [ 109.8901704, -7.2079518 ], [ 109.8902798, -7.2077537 ], [ 109.8903796, -7.2076072 ], [ 109.8904656, -7.2075241 ], [ 109.890566, -7.2074083 ], [ 109.8907055, -7.207242 ], [ 109.8908309, -7.2071276 ], [ 109.8909254, -7.2070371 ], [ 109.8910046, -7.2069759 ], [ 109.8911279, -7.2068588 ], [ 109.8912661, -7.2066954 ], [ 109.8913023, -7.2066525 ], [ 109.8914062, -7.2065434 ], [ 109.8915338, -7.2064685 ], [ 109.8916027, -7.206413 ], [ 109.8916565, -7.2063707 ], [ 109.8917046, -7.206304 ], [ 109.8917282, -7.2062509 ], [ 109.8917712, -7.2062016 ], [ 109.8918046, -7.2061615 ], [ 109.8918836, -7.2061117 ], [ 109.8919252, -7.2060877 ], [ 109.8920084, -7.2060366 ], [ 109.8920788, -7.2060206 ], [ 109.8921666, -7.2060093 ], [ 109.8922679, -7.2059853 ], [ 109.8923644, -7.2059839 ], [ 109.8924619, -7.2059778 ], [ 109.8927594, -7.2059667 ], [ 109.8929196, -7.2059274 ], [ 109.8930477, -7.2059979 ], [ 109.8932469, -7.2060026 ], [ 109.89341, -7.2059757 ], [ 109.8935211, -7.2059873 ], [ 109.8936875, -7.2060434 ], [ 109.8938301, -7.206073 ], [ 109.893921, -7.2060948 ], [ 109.8938352, -7.2064248 ], [ 109.8934253, -7.2066272 ], [ 109.8934244, -7.2066458 ], [ 109.8934024, -7.2071235 ], [ 109.8936474, -7.2072817 ], [ 109.893719, -7.2074229 ], [ 109.8936304, -7.2080509 ] ] ] } },
{ "type": "Feature", "properties": { "natural": "water", "name": null, "water": "reservoir" }, "geometry": { "type": "Polygon", "coordinates": [ [ [ 109.9007935, -7.2029585 ], [ 109.9007017, -7.2029532 ], [ 109.9006324, -7.2029657 ], [ 109.9005685, -7.20299 ], [ 109.9005343, -7.2031035 ], [ 109.9005156, -7.2032186 ], [ 109.9005249, -7.2032958 ], [ 109.9005958, -7.2033655 ], [ 109.9006458, -7.2033662 ], [ 109.9007235, -7.2033422 ], [ 109.9008188, -7.2032983 ], [ 109.9008684, -7.203273 ], [ 109.9009006, -7.2032451 ], [ 109.9009167, -7.2031892 ], [ 109.9009072, -7.2031373 ], [ 109.9009019, -7.2030864 ], [ 109.9009006, -7.2030561 ], [ 109.9008872, -7.2030163 ], [ 109.900857, -7.2029629 ], [ 109.9007935, -7.2029585 ] ] ] } },
{ "type": "Feature", "properties": { "natural": "water", "name": "Tlaga Sewiwi", "water": "lake" }, "geometry": { "type": "Polygon", "coordinates": [ [ [ 109.8823849, -7.2007048 ], [ 109.8822739, -7.2006314 ], [ 109.8819381, -7.2005153 ], [ 109.8816762, -7.2004908 ], [ 109.8815314, -7.2004358 ], [ 109.881402, -7.2004174 ], [ 109.8812818, -7.2003991 ], [ 109.8812017, -7.2004113 ], [ 109.8811432, -7.2004908 ], [ 109.881137, -7.2005825 ], [ 109.8812664, -7.2007873 ], [ 109.8813435, -7.200824 ], [ 109.8814975, -7.2008484 ], [ 109.8816701, -7.2008393 ], [ 109.8817933, -7.2007934 ], [ 109.8819227, -7.2007659 ], [ 109.8820151, -7.2008943 ], [ 109.881972, -7.2009585 ], [ 109.8818703, -7.2011022 ], [ 109.8817912, -7.2011642 ], [ 109.8817552, -7.2012324 ], [ 109.881895, -7.2012091 ], [ 109.8819874, -7.2012183 ], [ 109.8820429, -7.2012458 ], [ 109.8823664, -7.2008729 ], [ 109.8824126, -7.200824 ], [ 109.8824126, -7.2007445 ], [ 109.8823849, -7.2007048 ] ] ] } },
{ "type": "Feature", "properties": { "natural": "water", "name": null, "water": null }, "geometry": { "type": "Polygon", "coordinates": [ [ [ 109.9086312, -7.2094833 ], [ 109.9086339, -7.2095272 ], [ 109.9085735, -7.2095738 ], [ 109.9085655, -7.2096044 ], [ 109.9085923, -7.2096469 ], [ 109.9085776, -7.2096988 ], [ 109.9085883, -7.2097321 ], [ 109.9085762, -7.2097707 ], [ 109.9086057, -7.2098252 ], [ 109.9086272, -7.2098279 ], [ 109.9086594, -7.2098039 ], [ 109.9086916, -7.209796 ], [ 109.9087197, -7.2098199 ], [ 109.9087301, -7.2098308 ], [ 109.9087479, -7.2098492 ], [ 109.908772, -7.2098332 ], [ 109.9088015, -7.2098332 ], [ 109.9088257, -7.2098239 ], [ 109.9088444, -7.209768 ], [ 109.9088364, -7.2097135 ], [ 109.9088136, -7.2096722 ], [ 109.9087982, -7.2096333 ], [ 109.9087841, -7.2095977 ], [ 109.9087492, -7.2095418 ], [ 109.9087358, -7.2095112 ], [ 109.9087492, -7.2094713 ], [ 109.9086887, -7.20946 ], [ 109.9086849, -7.2094593 ], [ 109.9086794, -7.20946 ], [ 109.9086513, -7.2094633 ], [ 109.9086312, -7.2094833 ] ] ] } },
{ "type": "Feature", "properties": { "natural": "water", "name": "Telaga Sinila", "water": "lake" }, "geometry": { "type": "Polygon", "coordinates": [ [ [ 109.8490119, -7.19298 ], [ 109.8490749, -7.1928989 ], [ 109.8492533, -7.1928669 ], [ 109.8494048, -7.1928962 ], [ 109.8494866, -7.1929215 ], [ 109.849555, -7.1930146 ], [ 109.8495993, -7.193157 ], [ 109.8496141, -7.1932727 ], [ 109.8495819, -7.1933885 ], [ 109.8495395, -7.1934779 ], [ 109.849464, -7.1935305 ], [ 109.8494558, -7.1935362 ], [ 109.8493177, -7.1935841 ], [ 109.8492238, -7.1935907 ], [ 109.8490696, -7.1935136 ], [ 109.8489743, -7.1934337 ], [ 109.8488604, -7.1932129 ], [ 109.8488764, -7.1931104 ], [ 109.8490119, -7.19298 ] ] ] } },
{ "type": "Feature", "properties": { "natural": "water", "name": "Kawah Timbang (Rawan Gas Beracun)", "water": "pond" }, "geometry": { "type": "Polygon", "coordinates": [ [ [ 109.8406596, -7.1970867 ], [ 109.8405577, -7.1973491 ], [ 109.8406212, -7.1976136 ], [ 109.8408053, -7.1977961 ], [ 109.8409114, -7.1981543 ], [ 109.8410742, -7.1984914 ], [ 109.841166, -7.1987876 ], [ 109.8413078, -7.1988917 ], [ 109.8413928, -7.1987933 ], [ 109.8413008, -7.1984282 ], [ 109.841319, -7.1982335 ], [ 109.841378, -7.1980348 ], [ 109.84129, -7.1977851 ], [ 109.8412478, -7.1975051 ], [ 109.8410955, -7.1972835 ], [ 109.8409822, -7.197143 ], [ 109.8408123, -7.1970166 ], [ 109.8406596, -7.1970867 ] ] ] } },
{ "type": "Feature", "properties": { "natural": "water", "name": "Sumur Jalatunda", "water": "lake" }, "geometry": { "type": "Polygon", "coordinates": [ [ [ 109.8523213, -7.1968511 ], [ 109.8522319, -7.196784 ], [ 109.8520719, -7.1967834 ], [ 109.8520294, -7.1968612 ], [ 109.8520502, -7.1969581 ], [ 109.8521625, -7.1973322 ], [ 109.8521647, -7.1975574 ], [ 109.8522829, -7.1976289 ], [ 109.8524927, -7.197578 ], [ 109.8526379, -7.197431 ], [ 109.8526594, -7.1972722 ], [ 109.8526597, -7.1971499 ], [ 109.8525665, -7.1970261 ], [ 109.8523213, -7.1968511 ] ] ] } },
{ "type": "Feature", "properties": { "natural": "water", "name": null, "water": "shallow" }, "geometry": { "type": "Polygon", "coordinates": [ [ [ 109.5447639, -7.3536619 ], [ 109.5447826, -7.3536552 ], [ 109.5447887, -7.3536718 ], [ 109.5447699, -7.3536785 ], [ 109.5447639, -7.3536619 ] ] ] } },
{ "type": "Feature", "properties": { "natural": "water", "name": null, "water": null }, "geometry": { "type": "Polygon", "coordinates": [ [ [ 109.4400501, -7.4527732 ], [ 109.4404632, -7.4526189 ], [ 109.4404793, -7.4520764 ], [ 109.44049, -7.4517572 ], [ 109.4404149, -7.4515125 ], [ 109.4405222, -7.4510285 ], [ 109.4406778, -7.450454 ], [ 109.4408119, -7.4500391 ], [ 109.4408333, -7.4493796 ], [ 109.4406456, -7.4486774 ], [ 109.4403613, -7.4482413 ], [ 109.4396585, -7.4481987 ], [ 109.4388807, -7.4484381 ], [ 109.4384354, -7.4486296 ], [ 109.4381243, -7.448837 ], [ 109.4377166, -7.4490657 ], [ 109.4371694, -7.4493583 ], [ 109.4368583, -7.4495711 ], [ 109.436354, -7.4499806 ], [ 109.4361126, -7.4502466 ], [ 109.4359463, -7.4504062 ], [ 109.4358605, -7.450587 ], [ 109.4357639, -7.4508317 ], [ 109.4356459, -7.4510551 ], [ 109.4355762, -7.4514008 ], [ 109.4356191, -7.4515604 ], [ 109.4358069, -7.4517998 ], [ 109.4359732, -7.4519594 ], [ 109.4360536, -7.4522253 ], [ 109.4361663, -7.45247 ], [ 109.4365203, -7.4527679 ], [ 109.4368154, -7.4530764 ], [ 109.436928, -7.4533583 ], [ 109.4370568, -7.453571 ], [ 109.4371051, -7.4538795 ], [ 109.4370836, -7.4542838 ], [ 109.4368797, -7.4546136 ], [ 109.4365096, -7.4550391 ], [ 109.4361716, -7.4553742 ], [ 109.4354796, -7.4559646 ], [ 109.4348788, -7.4564274 ], [ 109.4342565, -7.4568582 ], [ 109.4333875, -7.4573635 ], [ 109.4327652, -7.4575869 ], [ 109.4322771, -7.4578476 ], [ 109.4316763, -7.4583369 ], [ 109.4309682, -7.4587784 ], [ 109.4305927, -7.4590018 ], [ 109.4302332, -7.4591348 ], [ 109.4299596, -7.4591454 ], [ 109.4296968, -7.4589592 ], [ 109.429611, -7.4586241 ], [ 109.4294125, -7.4582039 ], [ 109.4292515, -7.4575497 ], [ 109.4292408, -7.4570444 ], [ 109.4291764, -7.456587 ], [ 109.4289297, -7.4560285 ], [ 109.42864, -7.4553476 ], [ 109.4280446, -7.4548849 ], [ 109.4275939, -7.4546934 ], [ 109.4274491, -7.4544912 ], [ 109.427138, -7.4543955 ], [ 109.4268751, -7.4544912 ], [ 109.4266874, -7.4546029 ], [ 109.4263709, -7.4548636 ], [ 109.4258934, -7.4550923 ], [ 109.4251907, -7.4556136 ], [ 109.4250888, -7.4558636 ], [ 109.4250083, -7.4560125 ], [ 109.4253033, -7.4561933 ], [ 109.4254911, -7.4565763 ], [ 109.4257003, -7.4568848 ], [ 109.4260168, -7.4571135 ], [ 109.4262636, -7.4572518 ], [ 109.4263172, -7.4576561 ], [ 109.4264674, -7.4579486 ], [ 109.4266444, -7.458305 ], [ 109.4267195, -7.4586241 ], [ 109.4266981, -7.4588263 ], [ 109.4265264, -7.4588635 ], [ 109.4262582, -7.4588156 ], [ 109.4259846, -7.458789 ], [ 109.4256788, -7.4587784 ], [ 109.4253141, -7.4588263 ], [ 109.4250351, -7.4587571 ], [ 109.4248152, -7.4586295 ], [ 109.4245684, -7.4585018 ], [ 109.4242626, -7.4583795 ], [ 109.4237477, -7.4584114 ], [ 109.4234043, -7.4585231 ], [ 109.4229537, -7.4586507 ], [ 109.4226211, -7.4587944 ], [ 109.4222134, -7.4589858 ], [ 109.422031, -7.4592624 ], [ 109.4220364, -7.4594911 ], [ 109.4221115, -7.4599699 ], [ 109.4221759, -7.4600762 ], [ 109.4222993, -7.4601933 ], [ 109.4225085, -7.4601773 ], [ 109.4227821, -7.4601082 ], [ 109.4230503, -7.4603209 ], [ 109.4230503, -7.4605177 ], [ 109.423179, -7.4608741 ], [ 109.4233292, -7.4611507 ], [ 109.4234312, -7.461507 ], [ 109.4234848, -7.4620709 ], [ 109.4233936, -7.4623209 ], [ 109.4233292, -7.4624804 ], [ 109.4232675, -7.4625602 ], [ 109.4231227, -7.4626825 ], [ 109.4231066, -7.4628395 ], [ 109.4232327, -7.4630283 ], [ 109.4233668, -7.4633501 ], [ 109.4234902, -7.4635043 ], [ 109.423753, -7.463874 ], [ 109.4238281, -7.463991 ], [ 109.4239247, -7.4642889 ], [ 109.4239354, -7.4646399 ], [ 109.4239193, -7.4647835 ], [ 109.4240051, -7.4651133 ], [ 109.4240963, -7.4653793 ], [ 109.4241875, -7.4658686 ], [ 109.4242787, -7.466092 ], [ 109.424268, -7.4663473 ], [ 109.424268, -7.4667409 ], [ 109.4243485, -7.4671186 ], [ 109.4243431, -7.4675281 ], [ 109.4241607, -7.4679164 ], [ 109.4238335, -7.4682674 ], [ 109.4236028, -7.4684483 ], [ 109.4231898, -7.4686876 ], [ 109.4230074, -7.4688472 ], [ 109.4226104, -7.4691185 ], [ 109.4222832, -7.4693046 ], [ 109.421854, -7.4696025 ], [ 109.4214678, -7.4697993 ], [ 109.4209313, -7.4701291 ], [ 109.4203681, -7.4704003 ], [ 109.4195312, -7.4707035 ], [ 109.4189304, -7.4709056 ], [ 109.4184154, -7.471145 ], [ 109.4180936, -7.4714747 ], [ 109.4179004, -7.4717779 ], [ 109.4177449, -7.4721609 ], [ 109.4177288, -7.4724109 ], [ 109.417938, -7.4727938 ], [ 109.418335, -7.4733948 ], [ 109.4187641, -7.4738895 ], [ 109.4190752, -7.4743416 ], [ 109.419381, -7.4746714 ], [ 109.4195634, -7.4750224 ], [ 109.4197458, -7.4753415 ], [ 109.4196707, -7.4760436 ], [ 109.4193649, -7.4766606 ], [ 109.4191182, -7.4772723 ], [ 109.4188607, -7.4780329 ], [ 109.4185334, -7.4786126 ], [ 109.4181901, -7.4788998 ], [ 109.4177931, -7.478937 ], [ 109.4177771, -7.4793413 ], [ 109.4181579, -7.4794423 ], [ 109.4184262, -7.4794742 ], [ 109.418968, -7.4791551 ], [ 109.4195098, -7.4785169 ], [ 109.4197887, -7.4777988 ], [ 109.4199496, -7.4774744 ], [ 109.4200087, -7.4772138 ], [ 109.4200087, -7.4769265 ], [ 109.4199979, -7.47665 ], [ 109.4200623, -7.4762032 ], [ 109.4202179, -7.4759319 ], [ 109.4203198, -7.4757404 ], [ 109.4203681, -7.475549 ], [ 109.4203573, -7.4753203 ], [ 109.420293, -7.4748788 ], [ 109.4200784, -7.4745065 ], [ 109.4197887, -7.4742512 ], [ 109.4196063, -7.4739374 ], [ 109.4192094, -7.473581 ], [ 109.4189304, -7.4732778 ], [ 109.4185978, -7.4729746 ], [ 109.4183618, -7.4725651 ], [ 109.4183242, -7.4722938 ], [ 109.4183779, -7.4720385 ], [ 109.4186139, -7.4717779 ], [ 109.4188499, -7.4716449 ], [ 109.4192469, -7.4714056 ], [ 109.4196653, -7.4712779 ], [ 109.4204324, -7.4710333 ], [ 109.420824, -7.4708737 ], [ 109.4210279, -7.4706397 ], [ 109.4212907, -7.4703844 ], [ 109.4215912, -7.4702567 ], [ 109.4218594, -7.470145 ], [ 109.4222081, -7.4698791 ], [ 109.4225836, -7.469645 ], [ 109.4237369, -7.4687674 ], [ 109.4242305, -7.4683898 ], [ 109.4246542, -7.4679909 ], [ 109.4247615, -7.4676664 ], [ 109.424842, -7.4668845 ], [ 109.4247454, -7.4660494 ], [ 109.4245309, -7.4646984 ], [ 109.4243002, -7.4641825 ], [ 109.4240481, -7.4632676 ], [ 109.4241017, -7.4626879 ], [ 109.4240105, -7.462257 ], [ 109.4239622, -7.4618581 ], [ 109.4239569, -7.4615283 ], [ 109.4240427, -7.4613049 ], [ 109.424209, -7.4610337 ], [ 109.4244343, -7.4608049 ], [ 109.4244772, -7.4605603 ], [ 109.4243538, -7.4603635 ], [ 109.4240051, -7.4601454 ], [ 109.4238013, -7.4596986 ], [ 109.4236779, -7.4593209 ], [ 109.4241446, -7.4592252 ], [ 109.424547, -7.4591135 ], [ 109.4251746, -7.4594007 ], [ 109.425534, -7.4595071 ], [ 109.4261777, -7.4593794 ], [ 109.4268966, -7.4592252 ], [ 109.4273204, -7.4589486 ], [ 109.4276583, -7.4585603 ], [ 109.4278783, -7.4581348 ], [ 109.4277656, -7.4577997 ], [ 109.4275832, -7.457555 ], [ 109.4271594, -7.4572412 ], [ 109.4266015, -7.4569859 ], [ 109.4260812, -7.4566933 ], [ 109.4258022, -7.456337 ], [ 109.4257218, -7.4560657 ], [ 109.4260168, -7.4556402 ], [ 109.4266444, -7.4551987 ], [ 109.4272613, -7.4551668 ], [ 109.427771, -7.4554008 ], [ 109.428066, -7.4558689 ], [ 109.4282967, -7.4562412 ], [ 109.4283503, -7.456555 ], [ 109.4283074, -7.4568316 ], [ 109.4283342, -7.4571561 ], [ 109.4285327, -7.457454 ], [ 109.4288546, -7.4582252 ], [ 109.4290799, -7.4586667 ], [ 109.4293427, -7.4591029 ], [ 109.429568, -7.4594114 ], [ 109.4298416, -7.459656 ], [ 109.430244, -7.4597571 ], [ 109.4304317, -7.4597996 ], [ 109.4307858, -7.4598262 ], [ 109.4310647, -7.4596507 ], [ 109.4313222, -7.4593369 ], [ 109.4316119, -7.4590869 ], [ 109.4321054, -7.4586135 ], [ 109.432379, -7.4584007 ], [ 109.4325024, -7.4582571 ], [ 109.4328135, -7.4581188 ], [ 109.4333821, -7.4581454 ], [ 109.4337684, -7.4579805 ], [ 109.4343156, -7.4575657 ], [ 109.4352651, -7.4568104 ], [ 109.436118, -7.4561189 ], [ 109.4364399, -7.4557199 ], [ 109.4368207, -7.4553848 ], [ 109.4370943, -7.4549753 ], [ 109.4373518, -7.4546136 ], [ 109.4376737, -7.4542625 ], [ 109.4377166, -7.4538317 ], [ 109.4377273, -7.4534647 ], [ 109.4379097, -7.4533423 ], [ 109.4379312, -7.4530179 ], [ 109.4377112, -7.4526668 ], [ 109.4374269, -7.4523636 ], [ 109.4367778, -7.4517679 ], [ 109.4363862, -7.4516189 ], [ 109.4360805, -7.4514328 ], [ 109.4361824, -7.4510179 ], [ 109.4365311, -7.4505551 ], [ 109.437046, -7.4500657 ], [ 109.4376254, -7.4496349 ], [ 109.4382262, -7.4492732 ], [ 109.4385749, -7.4490072 ], [ 109.4393045, -7.4486083 ], [ 109.4397122, -7.4486136 ], [ 109.4401467, -7.4489221 ], [ 109.4402432, -7.4495232 ], [ 109.4401038, -7.4501562 ], [ 109.4399857, -7.4507998 ], [ 109.4398731, -7.4515657 ], [ 109.4398785, -7.4521508 ], [ 109.4399375, -7.452454 ], [ 109.4399857, -7.4526881 ], [ 109.4400501, -7.4527732 ] ] ] } },
{ "type": "Feature", "properties": { "natural": "water", "name": null, "water": null }, "geometry": { "type": "Polygon", "coordinates": [ [ [ 109.3506814, -7.4809171 ], [ 109.3509149, -7.4808252 ], [ 109.351092, -7.4808518 ], [ 109.3512744, -7.4807614 ], [ 109.3515265, -7.4808518 ], [ 109.3518645, -7.4810433 ], [ 109.3519878, -7.4812082 ], [ 109.3521112, -7.4813677 ], [ 109.3522561, -7.4816549 ], [ 109.352358, -7.4819262 ], [ 109.352358, -7.4822187 ], [ 109.3524492, -7.4825964 ], [ 109.3525028, -7.4828197 ], [ 109.3525296, -7.483208 ], [ 109.3525404, -7.4834952 ], [ 109.3525672, -7.4838356 ], [ 109.3526262, -7.4841388 ], [ 109.3527442, -7.48441 ], [ 109.3528515, -7.484559 ], [ 109.3529427, -7.4847345 ], [ 109.3530393, -7.4848249 ], [ 109.3531895, -7.4850057 ], [ 109.3533236, -7.4852025 ], [ 109.3535328, -7.4852983 ], [ 109.3539244, -7.4853142 ], [ 109.3541121, -7.4853302 ], [ 109.3541872, -7.4852398 ], [ 109.3542892, -7.4851068 ], [ 109.3543535, -7.4850749 ], [ 109.354434, -7.4849206 ], [ 109.3544555, -7.4848302 ], [ 109.3544877, -7.48466 ], [ 109.3545467, -7.4844473 ], [ 109.3545306, -7.4842611 ], [ 109.3545252, -7.4840962 ], [ 109.3545306, -7.4839739 ], [ 109.3546057, -7.4838835 ], [ 109.3546352, -7.483708 ], [ 109.354603, -7.483575 ], [ 109.3545601, -7.483458 ], [ 109.3545413, -7.4832692 ], [ 109.3545011, -7.4830857 ], [ 109.3544742, -7.4829075 ], [ 109.3545574, -7.4827905 ], [ 109.3546084, -7.4827267 ], [ 109.354713, -7.4825618 ], [ 109.3548176, -7.4824793 ], [ 109.355, -7.4824315 ], [ 109.355303, -7.4823384 ], [ 109.3555444, -7.4822373 ], [ 109.3557885, -7.4822267 ], [ 109.355869, -7.4822267 ], [ 109.3559495, -7.4822746 ], [ 109.356046, -7.4824022 ], [ 109.3562043, -7.4825006 ], [ 109.3563732, -7.4825937 ], [ 109.3565154, -7.4826389 ], [ 109.3566683, -7.4827267 ], [ 109.356789, -7.4828517 ], [ 109.3569446, -7.4830006 ], [ 109.357025, -7.4831123 ], [ 109.3571913, -7.4832798 ], [ 109.3573549, -7.483333 ], [ 109.3574354, -7.4833755 ], [ 109.3575534, -7.4835564 ], [ 109.3576983, -7.4837346 ], [ 109.3578002, -7.4838489 ], [ 109.3578753, -7.483942 ], [ 109.3579209, -7.484043 ], [ 109.3579906, -7.4841441 ], [ 109.3580201, -7.4841893 ], [ 109.3582025, -7.4844978 ], [ 109.3582106, -7.4846201 ], [ 109.3582186, -7.4846733 ], [ 109.3582669, -7.484918 ], [ 109.3584117, -7.4851387 ], [ 109.3585137, -7.4852265 ], [ 109.3585566, -7.4853089 ], [ 109.3584895, -7.4854233 ], [ 109.3584278, -7.4854658 ], [ 109.3584868, -7.485527 ], [ 109.358637, -7.4855669 ], [ 109.3588382, -7.4855589 ], [ 109.3589401, -7.4855296 ], [ 109.3590662, -7.4855137 ], [ 109.3591922, -7.4854951 ], [ 109.3592191, -7.4855243 ], [ 109.3593746, -7.4854871 ], [ 109.3594551, -7.4854259 ], [ 109.359608, -7.4853515 ], [ 109.359785, -7.4853328 ], [ 109.3600264, -7.4853408 ], [ 109.3602169, -7.4852983 ], [ 109.3603671, -7.485269 ], [ 109.3605924, -7.4851573 ], [ 109.3607372, -7.4850829 ], [ 109.3609437, -7.4849738 ], [ 109.3610671, -7.4849233 ], [ 109.3611449, -7.4849605 ], [ 109.361228, -7.4850483 ], [ 109.3612736, -7.4851307 ], [ 109.3614158, -7.4851972 ], [ 109.3617591, -7.4854685 ], [ 109.3619817, -7.4856307 ], [ 109.3622526, -7.4857876 ], [ 109.3624645, -7.4859498 ], [ 109.3626443, -7.4860854 ], [ 109.3629956, -7.4862742 ], [ 109.3632826, -7.4864737 ], [ 109.3635535, -7.486721 ], [ 109.3636501, -7.4868168 ], [ 109.363752, -7.4868673 ], [ 109.363862, -7.4869151 ], [ 109.3639666, -7.4869683 ], [ 109.3641114, -7.4870428 ], [ 109.3642938, -7.4870588 ], [ 109.3645245, -7.4870029 ], [ 109.3647873, -7.4868939 ], [ 109.3650368, -7.4867689 ], [ 109.3654445, -7.4865242 ], [ 109.3658307, -7.4863115 ], [ 109.3660694, -7.4861785 ], [ 109.3662894, -7.4861173 ], [ 109.3663779, -7.4861705 ], [ 109.3665066, -7.4860136 ], [ 109.3666086, -7.4858833 ], [ 109.3668473, -7.4858009 ], [ 109.3672335, -7.4857397 ], [ 109.3676278, -7.4856679 ], [ 109.3679711, -7.485652 ], [ 109.368183, -7.4855589 ], [ 109.3687382, -7.4854312 ], [ 109.369095, -7.485394 ], [ 109.369449, -7.4853461 ], [ 109.3697843, -7.4853302 ], [ 109.3701598, -7.4853062 ], [ 109.3704361, -7.485261 ], [ 109.3707338, -7.4852105 ], [ 109.3710208, -7.4850908 ], [ 109.3714178, -7.4848329 ], [ 109.3716189, -7.4846361 ], [ 109.3716967, -7.4844818 ], [ 109.3718255, -7.4842771 ], [ 109.3722868, -7.4849153 ], [ 109.3720722, -7.4851493 ], [ 109.3716109, -7.4853568 ], [ 109.3712139, -7.4854844 ], [ 109.3708867, -7.4855908 ], [ 109.3706238, -7.4856546 ], [ 109.3703341, -7.4857769 ], [ 109.3699211, -7.4858993 ], [ 109.3695348, -7.485995 ], [ 109.3688428, -7.4860961 ], [ 109.3683869, -7.4861599 ], [ 109.3680435, -7.4861971 ], [ 109.3676841, -7.486245 ], [ 109.366976, -7.4862024 ], [ 109.3666756, -7.4863141 ], [ 109.3663269, -7.4866226 ], [ 109.3659139, -7.486963 ], [ 109.3654257, -7.4872289 ], [ 109.365018, -7.4874098 ], [ 109.3648732, -7.487463 ], [ 109.3646479, -7.487463 ], [ 109.3645459, -7.4874789 ], [ 109.3644869, -7.48758 ], [ 109.3644333, -7.4876864 ], [ 109.3644226, -7.4878034 ], [ 109.3642884, -7.4878459 ], [ 109.3640202, -7.4877768 ], [ 109.3638325, -7.4875693 ], [ 109.3637198, -7.4873194 ], [ 109.3636018, -7.487213 ], [ 109.3633228, -7.4871173 ], [ 109.3630922, -7.486963 ], [ 109.3629742, -7.486846 ], [ 109.3628669, -7.4869151 ], [ 109.3624753, -7.4866386 ], [ 109.3620783, -7.4862982 ], [ 109.3617403, -7.4860535 ], [ 109.3616009, -7.4859259 ], [ 109.3613112, -7.4856599 ], [ 109.3607587, -7.4855908 ], [ 109.3603831, -7.4855961 ], [ 109.3598628, -7.4858514 ], [ 109.359262, -7.4860163 ], [ 109.3590474, -7.4861652 ], [ 109.3587685, -7.4862184 ], [ 109.3585163, -7.486229 ], [ 109.358232, -7.4862184 ], [ 109.3580496, -7.4860535 ], [ 109.3580174, -7.4857876 ], [ 109.3579262, -7.48516 ], [ 109.3578029, -7.4848249 ], [ 109.3576634, -7.4845749 ], [ 109.3574917, -7.4844313 ], [ 109.3572986, -7.4843143 ], [ 109.3571377, -7.4840165 ], [ 109.3570304, -7.4837612 ], [ 109.3568963, -7.4835856 ], [ 109.356671, -7.4834261 ], [ 109.3563491, -7.4831708 ], [ 109.356097, -7.4829474 ], [ 109.3558019, -7.4828516 ], [ 109.3554372, -7.4828144 ], [ 109.3551153, -7.4828942 ], [ 109.3549544, -7.4829953 ], [ 109.3549114, -7.4833144 ], [ 109.355008, -7.4836069 ], [ 109.3550509, -7.4837452 ], [ 109.355008, -7.4839473 ], [ 109.3550992, -7.4841122 ], [ 109.3552065, -7.4842505 ], [ 109.3552548, -7.4843303 ], [ 109.3552279, -7.4845802 ], [ 109.3553084, -7.4847877 ], [ 109.3552709, -7.4850483 ], [ 109.3550509, -7.4853355 ], [ 109.3549007, -7.485527 ], [ 109.3545949, -7.4856759 ], [ 109.3538707, -7.4856918 ], [ 109.353404, -7.4856759 ], [ 109.3528891, -7.4854312 ], [ 109.3525457, -7.4850376 ], [ 109.3523365, -7.4845856 ], [ 109.3522024, -7.484059 ], [ 109.3521561, -7.4834115 ], [ 109.3520254, -7.4827652 ], [ 109.3519275, -7.4825033 ], [ 109.3519047, -7.4823065 ], [ 109.3518162, -7.4819953 ], [ 109.3517143, -7.4817879 ], [ 109.3514769, -7.4813784 ], [ 109.3512905, -7.4812095 ], [ 109.351147, -7.4811576 ], [ 109.3510316, -7.4811749 ], [ 109.3509538, -7.4812321 ], [ 109.3509196, -7.4813165 ], [ 109.3506814, -7.4809171 ] ] ] } },
{ "type": "Feature", "properties": { "natural": "water", "name": null, "water": "reservoir" }, "geometry": { "type": "Polygon", "coordinates": [ [ [ 109.8871382, -7.1871881 ], [ 109.8872146, -7.1872174 ], [ 109.8873326, -7.187216 ], [ 109.887346, -7.1870737 ], [ 109.8873514, -7.1869712 ], [ 109.887346, -7.1868714 ], [ 109.8872863, -7.1868515 ], [ 109.8872019, -7.1868608 ], [ 109.8871133, -7.1869 ], [ 109.8870999, -7.1870205 ], [ 109.8871227, -7.1871535 ], [ 109.8871382, -7.1871881 ] ] ] } },
{ "type": "Feature", "properties": { "natural": "water", "name": null, "water": "lake" }, "geometry": { "type": "Polygon", "coordinates": [ [ [ 109.8830344, -7.1938968 ], [ 109.8830739, -7.1938249 ], [ 109.8830867, -7.1937717 ], [ 109.8830793, -7.1937451 ], [ 109.8830786, -7.1936945 ], [ 109.8830605, -7.1936493 ], [ 109.8830585, -7.1935994 ], [ 109.8829955, -7.1935774 ], [ 109.8829754, -7.1934617 ], [ 109.8829781, -7.1933991 ], [ 109.8830304, -7.1933087 ], [ 109.8830464, -7.1932075 ], [ 109.8830652, -7.1930971 ], [ 109.8830156, -7.1930851 ], [ 109.8831671, -7.1929428 ], [ 109.8832114, -7.1929454 ], [ 109.8832758, -7.1929095 ], [ 109.8833241, -7.192855 ], [ 109.8833562, -7.1927818 ], [ 109.88332, -7.1927113 ], [ 109.8833576, -7.1926354 ], [ 109.8833748, -7.1926239 ], [ 109.8834273, -7.1925888 ], [ 109.8834796, -7.1926248 ], [ 109.883603, -7.1925848 ], [ 109.883713, -7.1926008 ], [ 109.8839262, -7.1926567 ], [ 109.8840657, -7.192694 ], [ 109.8841301, -7.1926713 ], [ 109.8841622, -7.1927232 ], [ 109.8843151, -7.1927898 ], [ 109.8843352, -7.1928284 ], [ 109.884409, -7.1929707 ], [ 109.8844439, -7.1930692 ], [ 109.8844861, -7.1931011 ], [ 109.8845351, -7.1930798 ], [ 109.8845378, -7.1931623 ], [ 109.8844948, -7.1932182 ], [ 109.884578, -7.1932475 ], [ 109.8845914, -7.1933379 ], [ 109.8846558, -7.1934125 ], [ 109.884696, -7.1934657 ], [ 109.8847631, -7.1935907 ], [ 109.884814, -7.1936573 ], [ 109.884755, -7.1936333 ], [ 109.884741, -7.193625 ], [ 109.884586, -7.1935322 ], [ 109.8844841, -7.1935615 ], [ 109.8844519, -7.1935987 ], [ 109.8843634, -7.1935641 ], [ 109.8843178, -7.1935934 ], [ 109.8842186, -7.1935774 ], [ 109.8841462, -7.1935402 ], [ 109.8840684, -7.193471 ], [ 109.8839584, -7.1934284 ], [ 109.8838484, -7.1934311 ], [ 109.8837867, -7.193463 ], [ 109.8836285, -7.1934444 ], [ 109.8835266, -7.1934923 ], [ 109.8834863, -7.1935535 ], [ 109.88343, -7.19362 ], [ 109.8833817, -7.1937052 ], [ 109.8832878, -7.1936998 ], [ 109.8832664, -7.1936573 ], [ 109.8831819, -7.1936726 ], [ 109.8831316, -7.1939087 ], [ 109.8831034, -7.193948 ], [ 109.8830867, -7.1939596 ], [ 109.8830666, -7.19395 ], [ 109.8830604, -7.1939415 ], [ 109.8830542, -7.193933 ], [ 109.8830344, -7.1938968 ] ] ] } },
{ "type": "Feature", "properties": { "natural": "water", "name": null, "water": "reservoir" }, "geometry": { "type": "Polygon", "coordinates": [ [ [ 109.8947316, -7.1878773 ], [ 109.8948136, -7.1878807 ], [ 109.8948181, -7.1877743 ], [ 109.894736, -7.1877709 ], [ 109.8947316, -7.1878773 ] ] ] } },
{ "type": "Feature", "properties": { "natural": "water", "name": null, "water": "reservoir" }, "geometry": { "type": "Polygon", "coordinates": [ [ [ 109.8822465, -7.1913468 ], [ 109.882213, -7.1913594 ], [ 109.8818629, -7.1913222 ], [ 109.8818904, -7.1911585 ], [ 109.8819092, -7.1910427 ], [ 109.882109, -7.1910308 ], [ 109.8822471, -7.1910547 ], [ 109.8823236, -7.1910667 ], [ 109.8823263, -7.191096 ], [ 109.8822465, -7.1913468 ] ] ] } },
{ "type": "Feature", "properties": { "natural": "water", "name": null, "water": "reservoir" }, "geometry": { "type": "Polygon", "coordinates": [ [ [ 109.8818032, -7.191861 ], [ 109.8818234, -7.1918996 ], [ 109.8820312, -7.1919076 ], [ 109.882042, -7.1918836 ], [ 109.8821814, -7.1915204 ], [ 109.882172, -7.1914978 ], [ 109.8818985, -7.1914512 ], [ 109.881877, -7.1914592 ], [ 109.8818126, -7.1916561 ], [ 109.8818032, -7.191861 ] ] ] } },
{ "type": "Feature", "properties": { "natural": "water", "name": null, "water": "reservoir" }, "geometry": { "type": "Polygon", "coordinates": [ [ [ 109.8806553, -7.1974453 ], [ 109.8808618, -7.1975172 ], [ 109.8809101, -7.1974028 ], [ 109.8807116, -7.1973269 ], [ 109.8806553, -7.1974453 ] ] ] } },
{ "type": "Feature", "properties": { "natural": "water", "name": null, "water": "reservoir" }, "geometry": { "type": "Polygon", "coordinates": [ [ [ 109.8806016, -7.1975158 ], [ 109.8808095, -7.197601 ], [ 109.8807585, -7.1977314 ], [ 109.880548, -7.1976569 ], [ 109.8806016, -7.1975158 ] ] ] } },
{ "type": "Feature", "properties": { "natural": "water", "name": null, "water": "reservoir" }, "geometry": { "type": "Polygon", "coordinates": [ [ [ 109.8804273, -7.1976276 ], [ 109.8797835, -7.1973549 ], [ 109.8798814, -7.1970502 ], [ 109.8805533, -7.1972976 ], [ 109.8805305, -7.1973988 ], [ 109.8804769, -7.1975212 ], [ 109.8804273, -7.1976276 ] ] ] } },
{ "type": "Feature", "properties": { "natural": "water", "name": null, "water": "reservoir" }, "geometry": { "type": "Polygon", "coordinates": [ [ [ 109.8809798, -7.1966723 ], [ 109.8805399, -7.1964182 ], [ 109.8802999, -7.1963184 ], [ 109.8802355, -7.1964953 ], [ 109.8807907, -7.1967734 ], [ 109.8809168, -7.19682 ], [ 109.8809798, -7.1966723 ] ] ] } },
{ "type": "Feature", "properties": { "natural": "water", "name": null, "water": "reservoir" }, "geometry": { "type": "Polygon", "coordinates": [ [ [ 109.8912289, -7.183093 ], [ 109.8914144, -7.1831084 ], [ 109.8913812, -7.183501 ], [ 109.8911958, -7.1834856 ], [ 109.8912268, -7.1831186 ], [ 109.8912289, -7.183093 ] ] ] } },
{ "type": "Feature", "properties": { "natural": "water", "name": null, "water": "reservoir" }, "geometry": { "type": "Polygon", "coordinates": [ [ [ 109.8892973, -7.1828351 ], [ 109.8893014, -7.1827619 ], [ 109.8893671, -7.18276 ], [ 109.8893744, -7.1827952 ], [ 109.8892973, -7.1828351 ] ] ] } },
{ "type": "Feature", "properties": { "natural": "water", "name": null, "water": "reservoir" }, "geometry": { "type": "Polygon", "coordinates": [ [ [ 109.8893087, -7.1828731 ], [ 109.8893718, -7.1828471 ], [ 109.8894174, -7.1829635 ], [ 109.8893617, -7.1829901 ], [ 109.8893087, -7.1828731 ] ] ] } },
{ "type": "Feature", "properties": { "natural": "water", "name": null, "water": "reservoir" }, "geometry": { "type": "Polygon", "coordinates": [ [ [ 109.8898177, -7.1829383 ], [ 109.8900068, -7.1829622 ], [ 109.889992, -7.1830341 ], [ 109.8899303, -7.183062 ], [ 109.8898083, -7.1829928 ], [ 109.8898177, -7.1829383 ] ] ] } },
{ "type": "Feature", "properties": { "natural": "water", "name": null, "water": "reservoir" }, "geometry": { "type": "Polygon", "coordinates": [ [ [ 109.8898613, -7.1827433 ], [ 109.8900698, -7.1827985 ], [ 109.8900235, -7.1829263 ], [ 109.8898291, -7.1829043 ], [ 109.8898613, -7.1827433 ] ] ] } },
{ "type": "Feature", "properties": { "natural": "water", "name": "Telaga Dringo", "water": null }, "geometry": { "type": "Polygon", "coordinates": [ [ [ 109.8487262, -7.1854025 ], [ 109.848863, -7.1854717 ], [ 109.8489059, -7.1855382 ], [ 109.8489086, -7.1856367 ], [ 109.848969, -7.1857178 ], [ 109.8490575, -7.1858336 ], [ 109.8491822, -7.1859972 ], [ 109.8493123, -7.1860917 ], [ 109.8494022, -7.1861582 ], [ 109.8494759, -7.1862421 ], [ 109.8494987, -7.1863565 ], [ 109.8495041, -7.1864523 ], [ 109.8495001, -7.1865494 ], [ 109.8495108, -7.1866585 ], [ 109.849488, -7.1867756 ], [ 109.8494853, -7.1869233 ], [ 109.8494759, -7.1871735 ], [ 109.8494545, -7.1873597 ], [ 109.8493351, -7.1874901 ], [ 109.8491836, -7.1876112 ], [ 109.8490146, -7.1876724 ], [ 109.8487624, -7.1877256 ], [ 109.848564, -7.187896 ], [ 109.8484808, -7.1880237 ], [ 109.8483896, -7.1881195 ], [ 109.848285, -7.1881887 ], [ 109.8481214, -7.1882526 ], [ 109.847939, -7.1884894 ], [ 109.8479202, -7.1887289 ], [ 109.847821, -7.1888114 ], [ 109.8476922, -7.1887528 ], [ 109.8476091, -7.1886384 ], [ 109.8474884, -7.1883696 ], [ 109.847475, -7.1882392 ], [ 109.8474294, -7.1880955 ], [ 109.8473784, -7.1880024 ], [ 109.8473167, -7.1877948 ], [ 109.8470485, -7.1874356 ], [ 109.8468822, -7.1872493 ], [ 109.8466247, -7.1868129 ], [ 109.8465389, -7.1863711 ], [ 109.8465604, -7.1861157 ], [ 109.8466569, -7.1858176 ], [ 109.8469305, -7.1855941 ], [ 109.8472846, -7.1853705 ], [ 109.847542, -7.1853173 ], [ 109.8477513, -7.1853067 ], [ 109.8481053, -7.1853546 ], [ 109.8484111, -7.1853918 ], [ 109.848572, -7.1854078 ], [ 109.8487262, -7.1854025 ] ] ] } },
{ "type": "Feature", "properties": { "natural": "water", "name": "Telaga Balai Kambang", "water": null }, "geometry": { "type": "Polygon", "coordinates": [ [ [ 109.9087581, -7.207713 ], [ 109.9087755, -7.2076385 ], [ 109.9087899, -7.207559 ], [ 109.9087916, -7.2075493 ], [ 109.9088071, -7.2075465 ], [ 109.9088573, -7.2075373 ], [ 109.9088962, -7.2075639 ], [ 109.9089056, -7.2076371 ], [ 109.9090049, -7.2076597 ], [ 109.9090116, -7.2076957 ], [ 109.9090075, -7.2077343 ], [ 109.9090478, -7.2077755 ], [ 109.9090961, -7.2078008 ], [ 109.909143, -7.2078088 ], [ 109.9091551, -7.207862 ], [ 109.9092396, -7.2078633 ], [ 109.9092664, -7.2079471 ], [ 109.9092932, -7.2080389 ], [ 109.909308, -7.2081307 ], [ 109.9093281, -7.2081933 ], [ 109.9092892, -7.2081933 ], [ 109.9091028, -7.2081321 ], [ 109.9089955, -7.2080695 ], [ 109.908864, -7.208023 ], [ 109.9087822, -7.2079791 ], [ 109.9087094, -7.2079654 ], [ 109.908683, -7.2079604 ], [ 109.9085127, -7.207991 ], [ 109.9084108, -7.2080456 ], [ 109.9083236, -7.2080363 ], [ 109.9082391, -7.2079804 ], [ 109.9081694, -7.2078819 ], [ 109.9081707, -7.2078021 ], [ 109.907995, -7.2077515 ], [ 109.9078555, -7.2077529 ], [ 109.9077938, -7.2077156 ], [ 109.9077764, -7.2076558 ], [ 109.9078804, -7.2076012 ], [ 109.9078904, -7.2075959 ], [ 109.9079036, -7.207594 ], [ 109.9080124, -7.2075786 ], [ 109.9080808, -7.207552 ], [ 109.9082351, -7.2075706 ], [ 109.9084014, -7.2076079 ], [ 109.9084778, -7.2076704 ], [ 109.9086159, -7.207693 ], [ 109.9086884, -7.207693 ], [ 109.9087259, -7.2077156 ], [ 109.9087581, -7.207713 ] ] ] } },
{ "type": "Feature", "properties": { "natural": "water", "name": "수영장", "water": "pond" }, "geometry": { "type": "Polygon", "coordinates": [ [ [ 109.5935336, -7.4155122 ], [ 109.5935259, -7.4154942 ], [ 109.5935243, -7.4154746 ], [ 109.5935293, -7.4154556 ], [ 109.5935404, -7.4154389 ], [ 109.5935564, -7.4154267 ], [ 109.5935755, -7.4154203 ], [ 109.5935957, -7.4154206 ], [ 109.5936146, -7.4154274 ], [ 109.5936303, -7.4154399 ], [ 109.593641, -7.4154569 ], [ 109.5936455, -7.4154764 ], [ 109.5936433, -7.4154963 ], [ 109.5936357, -7.4155144 ], [ 109.5936208, -7.4155284 ], [ 109.5936032, -7.4155373 ], [ 109.5935836, -7.4155401 ], [ 109.5935641, -7.4155365 ], [ 109.5935468, -7.4155269 ], [ 109.5935336, -7.4155122 ] ] ] } },
{ "type": "Feature", "properties": { "natural": "water", "name": "Empang Guntur", "water": "pond" }, "geometry": { "type": "Polygon", "coordinates": [ [ [ 109.5935214, -7.4155766 ], [ 109.5935444, -7.4155744 ], [ 109.5935684, -7.4157003 ], [ 109.5935431, -7.4157019 ], [ 109.5935214, -7.4155766 ] ] ] } },
{ "type": "Feature", "properties": { "natural": "water", "name": null, "water": null }, "geometry": { "type": "Polygon", "coordinates": [ [ [ 109.6297494, -7.3871572 ], [ 109.6296421, -7.3871226 ], [ 109.6296099, -7.3870774 ], [ 109.6295562, -7.3870534 ], [ 109.6295187, -7.3870933 ], [ 109.6294731, -7.3871226 ], [ 109.6294194, -7.3871199 ], [ 109.6293819, -7.3870774 ], [ 109.6293282, -7.3870588 ], [ 109.6292719, -7.3870588 ], [ 109.6292183, -7.3870827 ], [ 109.629119, -7.3871731 ], [ 109.6291137, -7.387229 ], [ 109.6291244, -7.3872822 ], [ 109.6291834, -7.3873354 ], [ 109.6292344, -7.3873514 ], [ 109.6293443, -7.3873354 ], [ 109.6294516, -7.3873327 ], [ 109.6296635, -7.3874099 ], [ 109.6297172, -7.3874418 ], [ 109.6298432, -7.3875641 ], [ 109.6298727, -7.3876173 ], [ 109.6298674, -7.3876759 ], [ 109.6297252, -7.3877743 ], [ 109.6297467, -7.3878275 ], [ 109.6298566, -7.3878461 ], [ 109.6299049, -7.3878754 ], [ 109.6299586, -7.3878807 ], [ 109.6299881, -7.3878355 ], [ 109.6300739, -7.3877663 ], [ 109.6300739, -7.3877104 ], [ 109.6300337, -7.3876014 ], [ 109.6299961, -7.3875508 ], [ 109.6299076, -7.3874764 ], [ 109.6298057, -7.3873354 ], [ 109.6297494, -7.3871572 ] ] ] } },
{ "type": "Feature", "properties": { "natural": "water", "name": null, "water": null }, "geometry": { "type": "Polygon", "coordinates": [ [ [ 109.636286, -7.3869406 ], [ 109.6361815, -7.3868636 ], [ 109.6361699, -7.3867775 ], [ 109.636157, -7.3867566 ], [ 109.6359378, -7.386461 ], [ 109.635794, -7.3863464 ], [ 109.6357503, -7.3863183 ], [ 109.6357332, -7.3863119 ], [ 109.6356525, -7.3863073 ], [ 109.6356331, -7.3863115 ], [ 109.6355513, -7.3863514 ], [ 109.6354372, -7.3863922 ], [ 109.635389, -7.3864193 ], [ 109.6352017, -7.3865012 ], [ 109.6351108, -7.3865274 ], [ 109.6350258, -7.3865323 ], [ 109.6348961, -7.3864805 ], [ 109.6343325, -7.3861326 ], [ 109.634175, -7.3860081 ], [ 109.6340249, -7.3858883 ], [ 109.6337064, -7.3857414 ], [ 109.6336191, -7.3857129 ], [ 109.6333806, -7.3856827 ], [ 109.6332429, -7.3856565 ], [ 109.633152, -7.3856236 ], [ 109.6330807, -7.3855931 ], [ 109.6330174, -7.3855526 ], [ 109.6329259, -7.3854633 ], [ 109.6328781, -7.3853733 ], [ 109.6328716, -7.3852979 ], [ 109.6328831, -7.3851651 ], [ 109.6329228, -7.3850456 ], [ 109.6330175, -7.3849006 ], [ 109.6330636, -7.3847889 ], [ 109.6331084, -7.3846545 ], [ 109.6331075, -7.3846451 ], [ 109.6331031, -7.384636 ], [ 109.6330498, -7.3845926 ], [ 109.6328943, -7.3845354 ], [ 109.6327842, -7.3845153 ], [ 109.6326074, -7.3845054 ], [ 109.6325828, -7.384516 ], [ 109.6324385, -7.3845508 ], [ 109.6321712, -7.3845851 ], [ 109.631973, -7.3846541 ], [ 109.6318776, -7.3846676 ], [ 109.6317846, -7.3846542 ], [ 109.6317009, -7.3846288 ], [ 109.631498, -7.3846226 ], [ 109.631458, -7.3846202 ], [ 109.631356, -7.3846196 ], [ 109.6314749, -7.3845367 ], [ 109.6314958, -7.3845476 ], [ 109.6317114, -7.384585 ], [ 109.6317945, -7.3846103 ], [ 109.6318777, -7.3846222 ], [ 109.6319622, -7.3846103 ], [ 109.6321607, -7.3845411 ], [ 109.6324302, -7.3845065 ], [ 109.6325684, -7.3844733 ], [ 109.6325992, -7.38446 ], [ 109.6327896, -7.3844706 ], [ 109.6329063, -7.3844919 ], [ 109.6330726, -7.3845531 ], [ 109.6331397, -7.3846076 ], [ 109.6331517, -7.3846329 ], [ 109.6331544, -7.3846595 ], [ 109.6331061, -7.3848044 ], [ 109.6330579, -7.3849215 ], [ 109.632964, -7.3850651 ], [ 109.6329278, -7.3851742 ], [ 109.632917, -7.3852979 ], [ 109.6329224, -7.3853604 ], [ 109.6329626, -7.3854362 ], [ 109.6330445, -7.385516 ], [ 109.6331705, -7.3855825 ], [ 109.633255, -7.3856131 ], [ 109.6333878, -7.3856383 ], [ 109.6336292, -7.3856689 ], [ 109.633723, -7.3856995 ], [ 109.6340489, -7.3858498 ], [ 109.6343587, -7.3860959 ], [ 109.6349166, -7.3864403 ], [ 109.6350333, -7.3864869 ], [ 109.635103, -7.3864829 ], [ 109.6351862, -7.3864589 ], [ 109.6353686, -7.3863791 ], [ 109.6354182, -7.3863512 ], [ 109.6355335, -7.38631 ], [ 109.635618, -7.3862688 ], [ 109.6356489, -7.3862621 ], [ 109.6357428, -7.3862674 ], [ 109.6357709, -7.3862781 ], [ 109.6358205, -7.38631 ], [ 109.6359707, -7.3864297 ], [ 109.6361947, -7.3867316 ], [ 109.6362135, -7.3867622 ], [ 109.6362229, -7.3868313 ], [ 109.6363127, -7.3868659 ], [ 109.6363395, -7.3868686 ], [ 109.636365, -7.3868566 ], [ 109.6363972, -7.3868087 ], [ 109.636424, -7.3867462 ], [ 109.6364294, -7.386717 ], [ 109.6363503, -7.3866092 ], [ 109.6363556, -7.3864975 ], [ 109.6363503, -7.3864417 ], [ 109.6363261, -7.3863353 ], [ 109.6363261, -7.3862821 ], [ 109.6363074, -7.3862289 ], [ 109.6362403, -7.3861437 ], [ 109.6362108, -7.3860932 ], [ 109.6361679, -7.3860586 ], [ 109.636066, -7.3860187 ], [ 109.635964, -7.3859655 ], [ 109.6358246, -7.3858352 ], [ 109.6357495, -7.3857554 ], [ 109.6357012, -7.3856596 ], [ 109.6355832, -7.3855346 ], [ 109.6354812, -7.3854841 ], [ 109.635433, -7.3854495 ], [ 109.635331, -7.3853963 ], [ 109.6352854, -7.3853511 ], [ 109.6351701, -7.3852739 ], [ 109.6351406, -7.3851675 ], [ 109.6351352, -7.3851117 ], [ 109.6351728, -7.3847579 ], [ 109.6352157, -7.384718 ], [ 109.6353203, -7.3846621 ], [ 109.6353766, -7.3846409 ], [ 109.6356623, -7.3845943 ], [ 109.6357843, -7.3845611 ], [ 109.6358407, -7.3845717 ], [ 109.6358889, -7.3845956 ], [ 109.6359989, -7.3846276 ], [ 109.6361223, -7.3846409 ], [ 109.6362939, -7.3846409 ], [ 109.6363503, -7.3846595 ], [ 109.6363771, -7.3847074 ], [ 109.6365032, -7.3848537 ], [ 109.6365514, -7.3849521 ], [ 109.6365836, -7.3849973 ], [ 109.6366239, -7.3850399 ], [ 109.6367231, -7.3850904 ], [ 109.6368304, -7.3851197 ], [ 109.6368518, -7.3851702 ], [ 109.6368438, -7.3852261 ], [ 109.6368518, -7.3853165 ], [ 109.6368518, -7.3854309 ], [ 109.6368626, -7.3854841 ], [ 109.6369296, -7.3857128 ], [ 109.6369779, -7.3858219 ], [ 109.637002, -7.3859017 ], [ 109.6369759, -7.3859276 ], [ 109.6369055, -7.3859522 ], [ 109.636648, -7.3858671 ], [ 109.6365514, -7.3857208 ], [ 109.6364549, -7.385633 ], [ 109.6363556, -7.3856011 ], [ 109.6363047, -7.3855958 ], [ 109.6361384, -7.3856038 ], [ 109.6360847, -7.3856171 ], [ 109.6360391, -7.385649 ], [ 109.6360445, -7.3857022 ], [ 109.6360686, -7.3857501 ], [ 109.6361008, -7.3857953 ], [ 109.6361813, -7.3858777 ], [ 109.6362081, -7.3859256 ], [ 109.6362537, -7.3859629 ], [ 109.63631, -7.3859629 ], [ 109.6363905, -7.3861278 ], [ 109.6365434, -7.3863831 ], [ 109.6365434, -7.386439 ], [ 109.6366855, -7.3865002 ], [ 109.6367124, -7.386548 ], [ 109.636707, -7.3866039 ], [ 109.6366131, -7.3866438 ], [ 109.6365756, -7.386681 ], [ 109.6364951, -7.3868752 ], [ 109.6364468, -7.3869045 ], [ 109.6363342, -7.3869949 ], [ 109.636286, -7.3869406 ] ] ] } },
{ "type": "Feature", "properties": { "natural": "water", "name": null, "water": "canal" }, "geometry": { "type": "Polygon", "coordinates": [ [ [ 109.6008183, -7.3949458 ], [ 109.6009911, -7.395094 ], [ 109.6010658, -7.3949319 ], [ 109.6016928, -7.3947704 ], [ 109.6021259, -7.3946587 ], [ 109.6020839, -7.3944827 ], [ 109.6023123, -7.3936328 ], [ 109.6026116, -7.3925191 ], [ 109.6026998, -7.3921497 ], [ 109.6027864, -7.3917869 ], [ 109.6029406, -7.3912655 ], [ 109.6029849, -7.3911125 ], [ 109.60236, -7.3909715 ], [ 109.6023034, -7.3912224 ], [ 109.6013507, -7.3946911 ], [ 109.600837, -7.3948625 ], [ 109.6008183, -7.3949458 ] ] ] } },
{ "type": "Feature", "properties": { "natural": "water", "name": null, "water": "river" }, "geometry": { "type": "Polygon", "coordinates": [ [ [ 109.6050224, -7.3938815 ], [ 109.6043075, -7.3943132 ], [ 109.603943, -7.3944901 ], [ 109.6037188, -7.3944715 ], [ 109.6030743, -7.3947309 ], [ 109.6027381, -7.3947772 ], [ 109.6024205, -7.3947448 ], [ 109.6022478, -7.394717 ], [ 109.6021259, -7.3946587 ], [ 109.6010658, -7.3949319 ], [ 109.6009911, -7.395094 ], [ 109.600924, -7.3952574 ], [ 109.6008532, -7.3955452 ], [ 109.6009488, -7.3956469 ], [ 109.6010089, -7.3957557 ], [ 109.6010231, -7.3958856 ], [ 109.6009346, -7.3963068 ], [ 109.600878, -7.3965419 ], [ 109.600924, -7.3967595 ], [ 109.6008992, -7.3968648 ], [ 109.6008355, -7.3971035 ], [ 109.6006303, -7.397279 ], [ 109.6002657, -7.3974229 ], [ 109.6001065, -7.3975352 ], [ 109.5997207, -7.3977844 ], [ 109.5992924, -7.3981003 ], [ 109.5987502, -7.3986766 ], [ 109.59849, -7.3990152 ], [ 109.5982949, -7.3995635 ], [ 109.598303, -7.3997087 ], [ 109.5988153, -7.3996845 ], [ 109.5989698, -7.3990717 ], [ 109.5993275, -7.3987008 ], [ 109.5999373, -7.398217 ], [ 109.6002707, -7.3979267 ], [ 109.6004658, -7.3977009 ], [ 109.6007586, -7.3976122 ], [ 109.6011001, -7.3974429 ], [ 109.6013196, -7.3968704 ], [ 109.6014741, -7.3964431 ], [ 109.6016611, -7.3962254 ], [ 109.6021164, -7.3954593 ], [ 109.6022872, -7.3952013 ], [ 109.6028807, -7.3950078 ], [ 109.6032629, -7.3949433 ], [ 109.6036613, -7.394903 ], [ 109.6043443, -7.3949514 ], [ 109.6046045, -7.3950723 ], [ 109.6047834, -7.3952739 ], [ 109.6050761, -7.3954593 ], [ 109.6051017, -7.3952458 ], [ 109.6050761, -7.3949594 ], [ 109.6049135, -7.394911 ], [ 109.6048809, -7.3948385 ], [ 109.6049169, -7.3947997 ], [ 109.6050925, -7.3947814 ], [ 109.6052311, -7.3947386 ], [ 109.6052157, -7.3943444 ], [ 109.605151, -7.3943322 ], [ 109.6052157, -7.3941794 ], [ 109.605148, -7.3939931 ], [ 109.6050224, -7.3938815 ] ] ] } },
{ "type": "Feature", "properties": { "natural": "water", "name": null, "water": "pond" }, "geometry": { "type": "Polygon", "coordinates": [ [ [ 109.574462, -7.4298867 ], [ 109.5744787, -7.4298885 ], [ 109.5744902, -7.429894 ], [ 109.5744967, -7.429914 ], [ 109.5745024, -7.4299312 ], [ 109.5744729, -7.4300532 ], [ 109.5744404, -7.4301026 ], [ 109.5744261, -7.430102 ], [ 109.5744139, -7.4301016 ], [ 109.5744007, -7.4300512 ], [ 109.5744332, -7.4299141 ], [ 109.574462, -7.4298867 ] ] ] } }
]
}
