{"type":"FeatureCollection","features":[{"type":"Feature","properties":{"waterway":"river","name":"Serayu"},"geometry":{"type":"Polygon","coordinates":[[[109.42285585982424,-7.459421412365847],[109.42370064612912,-7.459007664287751],[109.4257231588772,-7.4595813682277985],[109.42715188705068,-7.459203978488209],[109.42758948588259,-7.458601221129478],[109.42767137200723,-7.457751428904108],[109.42733182735766,-7.457226621696297],[109.42627844171056,-7.456504057683945],[109.42582585198639,-7.4558992119801015],[109.4270134904487,-7.455162556055996],[109.42780134940244,-7.45552566218276],[109.42931881577789,-7.459686549167761],[109.43061586979815,-7.4600190049925414],[109.4309523368984,-7.459953657970732],[109.4325938847638,-7.458371584054154],[109.43491835903154,-7.457215268630257],[109.43687035944113,-7.455556967337588],[109.4377970242444,-7.4544178966728945],[109.43789006709757,-7.45406504747202],[109.43762955557051,-7.452652132001817],[109.43658881105851,-7.451731389159402],[109.43635052882077,-7.451045856521418],[109.43707873835626,-7.450224033587262],[109.43876598551863,-7.449149627829789],[109.43969176962902,-7.448851440743811],[109.43997411041373,-7.4489767503423066],[109.4401021092519,-7.449373474407757],[109.44012955768177,-7.4502897484949555],[109.43963569446119,-7.4518232161423255],[109.44033372784745,-7.454309715714328],[109.4411871688573,-7.454889775100551],[109.44229568760171,-7.45440944995625],[109.44335149642251,-7.454523031674458],[109.44584507015824,-7.456046711945961],[109.44750106874615,-7.455898862986069],[109.44899450188737,-7.453973930209104],[109.44888963069907,-7.453062954944492],[109.4478165529608,-7.451907429096337],[109.44810515625869,-7.4498363331997774],[109.44853860358724,-7.448639775094024],[109.44937038590525,-7.447639551474688],[109.45029262787467,-7.4468892469457995],[109.45121606319071,-7.446877188261385],[109.45282668654322,-7.4474482245809215],[109.4532992280011,-7.448643425386633],[109.4534296139311,-7.451315239617741],[109.45374477027822,-7.451993240423187],[109.45398803760186,-7.4522062409736405],[109.45649202817582,-7.4531106511510306],[109.45781142952583,-7.453172951216097],[109.4603265472031,-7.452862676600748],[109.46123711991045,-7.4518944343450935],[109.46182531873798,-7.4504397337884285],[109.46180552986647,-7.448747918449721],[109.46233912690924,-7.447871841776168],[109.46505859484883,-7.446349347750777],[109.46677275564562,-7.447807239877739],[109.46882178095893,-7.448932393862495],[109.47029742970486,-7.449240194078538],[109.47131681983522,-7.449225215074754],[109.47225653073262,-7.448971532106142],[109.47344320528434,-7.448288483776004],[109.47364159853993,-7.447558494864631],[109.47240120927806,-7.444234945092405],[109.47236717526513,-7.443404131049785],[109.47305602461132,-7.442326838342582],[109.47387941011903,-7.442141221045876],[109.47427491735901,-7.4424030314984115],[109.47512651314233,-7.4443376084324235],[109.4759993484142,-7.445467578416978],[109.47674018201819,-7.446000105893467],[109.47755193014049,-7.446249753183062],[109.47922197858591,-7.4461199799452835],[109.48026712458503,-7.44583686873937],[109.48106651494645,-7.4452699836133815],[109.48158626963969,-7.444236526224471],[109.48085794318499,-7.442280026101584],[109.48123055512042,-7.441806934895049],[109.48208481723869,-7.44168531302193],[109.48345931004768,-7.442657244822201],[109.48478470218772,-7.445041266944628],[109.48580900250693,-7.445837567587805],[109.48655030740998,-7.446164530400198],[109.48748963020641,-7.446004979820396],[109.4879706293238,-7.44542903868844],[109.4883487632073,-7.44356494032964],[109.48829375540679,-7.442834599984161],[109.48851219131448,-7.4428091208943465],[109.48954397385651,-7.443672584228322],[109.49131036917906,-7.447406692124725],[109.49344139771488,-7.449537723836777],[109.49374221644825,-7.4496696012361365],[109.49437973215572,-7.449569473206112],[109.49535183230186,-7.448706272545772],[109.49667035170079,-7.447039008871263],[109.49691324918882,-7.447055892889635],[109.49790005805858,-7.447788992074636],[109.49865948842783,-7.449523393907417],[109.49906125343492,-7.449974620646072],[109.49972792401694,-7.450007859654005],[109.50112156446436,-7.449172114619171],[109.50284576395406,-7.448489515910798],[109.50341995535415,-7.448820973799351],[109.50454980186385,-7.450317744064565],[109.5050917882679,-7.450588800581466],[109.50559224779224,-7.450553641262307],[109.50591300359429,-7.450377289651653],[109.50639027981521,-7.44972457881863],[109.50669823313294,-7.448691096216191],[109.50674738328468,-7.447754208717936],[109.50834843653136,-7.448746240842748],[109.5105303420501,-7.449702713658835],[109.51195852448177,-7.451010782695388],[109.51258782469769,-7.451119235159914],[109.51298091194572,-7.4507813206854046],[109.51315335903969,-7.4501453154005715],[109.51334450431636,-7.448179628617401],[109.51376412719836,-7.447416501311213],[109.51398123515983,-7.447333969653534],[109.51448728743757,-7.447468689874292],[109.51517766209038,-7.4480312079848705],[109.51667504702729,-7.450009673420157],[109.51744833954096,-7.450459177713629],[109.51818623777656,-7.4504640579571095],[109.51878156417958,-7.4501124881910386],[109.5190890308244,-7.449722030205544],[109.51922592622229,-7.449176401455547],[109.51909326949901,-7.447647295355234],[109.51929719828689,-7.44745967336889],[109.52079311104161,-7.447287373260181],[109.52316398267855,-7.447287747024947],[109.52410068464928,-7.446940630854028],[109.52484200270548,-7.446378675350516],[109.52509499754639,-7.44555326697292],[109.52500794509653,-7.442547279679944],[109.525135457705,-7.44219875201068],[109.52706627303878,-7.4424061438219935],[109.52851147446842,-7.442185943595415],[109.52929944452339,-7.44183735496822],[109.53075343728452,-7.439879056778909],[109.53513383119964,-7.436954670355244],[109.53526258117947,-7.436901520197433],[109.53545149364528,-7.437160256024722],[109.53578635183293,-7.437250762044122],[109.53608767259048,-7.437079970742438],[109.53617894606992,-7.436747929547272],[109.53585139384208,-7.436110750661833],[109.53555897044052,-7.435895596109051],[109.53464280971944,-7.43619668275458],[109.5301930467442,-7.4391661172375425],[109.52880308451059,-7.44107525743193],[109.52830851127396,-7.441306992985717],[109.52699157749686,-7.441507649504791],[109.52523015567425,-7.441284563617175],[109.52461627799408,-7.441432842911258],[109.52420587912532,-7.441935513504047],[109.52410432672765,-7.442447558865315],[109.52420179073022,-7.44484485060923],[109.5240630010852,-7.445872207988566],[109.52302110538092,-7.446397546887273],[109.5196331538991,-7.446442971538661],[109.51884674940112,-7.446664333653127],[109.51821756616992,-7.447265748848282],[109.51831442693779,-7.449167821591511],[109.51792592252104,-7.449584682851971],[109.51722394894026,-7.449289490833432],[109.51584558944846,-7.447421381218117],[109.51498740875157,-7.446712187812287],[109.51388576101668,-7.44641764428652],[109.51314726925992,-7.446717503800235],[109.51252624992837,-7.447789045773294],[109.51233954153658,-7.448424080009204],[109.51223128321631,-7.450074529515072],[109.51104742339162,-7.448962648652118],[109.50875845397421,-7.447943578291393],[109.50688822753611,-7.4468265953556045],[109.5063813922995,-7.446886579894295],[109.50601949720811,-7.447174437218305],[109.5058173999635,-7.44772348288561],[109.50573036301061,-7.448929907792994],[109.50531105639571,-7.449675822950302],[109.50509554008782,-7.4495924961676465],[109.50401023995008,-7.44813483049207],[109.50290357464029,-7.447576509364817],[109.50222634659775,-7.447708871761936],[109.50076426656736,-7.4483449957009675],[109.49946073176125,-7.449094276287414],[109.49856746227316,-7.447177385836583],[109.49782065217784,-7.446498990189709],[109.49680230915818,-7.446105490673196],[109.496048656039,-7.446356921938326],[109.49472431449028,-7.448056265585325],[109.49393628193558,-7.448756018279863],[109.49200123550719,-7.446820598368197],[109.49034643743744,-7.443246839282683],[109.48958779748786,-7.442410405525501],[109.48872604160921,-7.441918185432991],[109.48767752397924,-7.442120310607872],[109.48737616685963,-7.4426924695628145],[109.4874457655277,-7.443457769934865],[109.48713367541208,-7.445050176145079],[109.48664605099265,-7.44525068559746],[109.48541290740059,-7.444386871077388],[109.48410819387033,-7.442020995512037],[109.48246653551318,-7.440860481682811],[109.4816233304436,-7.440769027916333],[109.48045360833504,-7.44122881577264],[109.48000553807469,-7.441833743690482],[109.48006492351878,-7.442903930914831],[109.4806628409364,-7.444170578634621],[109.4803548395503,-7.444705992166301],[109.47994832206165,-7.444991297775394],[109.47818737754898,-7.445346902828798],[109.47762382696308,-7.445350021054869],[109.47667716505015,-7.444866621623158],[109.47591165850996,-7.443885655862346],[109.47510781338927,-7.442042375947698],[109.47471228438367,-7.441509022517447],[109.47389532797263,-7.4412353688852475],[109.4725226330175,-7.441582472691156],[109.47195993961422,-7.442206129023904],[109.4714595504236,-7.443248431530173],[109.47153098557274,-7.444500106706689],[109.47273039288451,-7.447601019590682],[109.47195518238541,-7.448121742093327],[109.47123554272997,-7.448327652302262],[109.47042273054907,-7.448348131489538],[109.46919571388194,-7.448110099966605],[109.4673346295755,-7.44709951342681],[109.46545579732103,-7.4454946072358315],[109.4650891046311,-7.445431354186733],[109.46420506546656,-7.4456825562186575],[109.46161981513967,-7.447313238374467],[109.46089988282213,-7.448558917962187],[109.46094790676284,-7.4501930473568905],[109.4604290840068,-7.451476164769029],[109.45979791204255,-7.452113003030967],[109.45660591383343,-7.452215689276347],[109.45446815332045,-7.451424043607922],[109.45432734436862,-7.451156836705212],[109.4541791317922,-7.448414050956248],[109.453449217813,-7.446747737372446],[109.45144448181762,-7.446003092339644],[109.44992547666489,-7.446039273557037],[109.44876095282204,-7.446972074695897],[109.44778862107094,-7.448128029900493],[109.44723560879493,-7.449576394826282],[109.44689503782499,-7.452155029500665],[109.44806410921925,-7.4534886487038206],[109.44808837079475,-7.453720815621786],[109.44704928018258,-7.455069247472092],[109.44602551356773,-7.455142336420209],[109.44355441383294,-7.453640263134797],[109.44224931514918,-7.453499863280093],[109.44131644830966,-7.453922854033107],[109.44109834571564,-7.453773604468075],[109.44056226837124,-7.451809242388247],[109.44103858876957,-7.4503449486209785],[109.44100678767201,-7.449283448651609],[109.44077622216835,-7.448511386463761],[109.44052956834636,-7.448237977397732],[109.43974189918963,-7.447921280523523],[109.43843009946983,-7.448312236633578],[109.43653505114456,-7.4495014420003685],[109.4354822697436,-7.4507202151402625],[109.43542890806867,-7.451509225254783],[109.43593851716791,-7.452363160637463],[109.43681331376912,-7.453106891494018],[109.43696251474316,-7.454013062110245],[109.43624758859127,-7.454901772133907],[109.43437130123195,-7.456495750444054],[109.43212692074434,-7.4575973074420165],[109.43055668418971,-7.459090906478935],[109.42997114933313,-7.458976700171797],[109.42909467571467,-7.456242748004393],[109.42848235828349,-7.454903975120445],[109.4276136483044,-7.4543393908561555],[109.42697335987634,-7.454252328318273],[109.42532753914557,-7.455068314521176],[109.4248726962494,-7.455846992481244],[109.42517504539956,-7.456630972760929],[109.42676013212001,-7.457980644030603],[109.42653898698349,-7.458520958165255],[109.42577420862474,-7.458679935271235],[109.42528413622912,-7.458609183397094],[109.42366935183566,-7.458085905474567],[109.42293391504488,-7.458317609302613],[109.42185355968299,-7.459013179823648],[109.42176372510205,-7.459326926266474],[109.42200594463606,-7.4600749606907515],[109.42277710090956,-7.460319520949519],[109.4235510170049,-7.460853013330196],[109.42316770544726,-7.463239475171612],[109.42361556993848,-7.464396668339447],[109.42395236653354,-7.46593194424405],[109.42404167124086,-7.4676341872046414],[109.4232670731496,-7.468354638884419],[109.42048875467749,-7.4701175470361685],[109.4186736830601,-7.470647944182561],[109.41762739253471,-7.471707121881415],[109.4175112658416,-7.472406562482193],[109.41761883715569,-7.4727694876210995],[109.41977489127216,-7.475494308887856],[109.42006834171511,-7.475678121600403],[109.4204069319672,-7.475602359467802],[109.4205877889936,-7.475136011873976],[109.4194540076485,-7.473484091685166],[109.41843940018727,-7.472333249619668],[109.41847693248943,-7.4720841436970575],[109.41916551088944,-7.471419640396607],[109.42092075262569,-7.470911144411991],[109.42379125410143,-7.469089742838804],[109.42479267041548,-7.468168752346943],[109.42493492043828,-7.467870441533122],[109.4248522219867,-7.465816339801686],[109.42449424122404,-7.4641708274553515],[109.42407822963708,-7.4630975936548865],[109.42452041071796,-7.460512420830256],[109.42320937020516,-7.459522198138119],[109.42285585982424,-7.459421412365847]]]}},{"type":"Feature","properties":{"waterway":"river","name":"Serayu"},"geometry":{"type":"Polygon","coordinates":[[[109.41398223664932,-7.473124938321449],[109.41468656141308,-7.472632628224299],[109.41495616656307,-7.471861751454692],[109.41471888608922,-7.471310714958159],[109.41231029524198,-7.469896441374177],[109.41090158829168,-7.468547095727811],[109.40952308923553,-7.467856196361813],[109.40823348389488,-7.468009560380184],[109.40737150984923,-7.46884787773288],[109.40717490221589,-7.469692648685777],[109.40683643132081,-7.47000092797937],[109.40592173571311,-7.4693896655089524],[109.40488282502884,-7.468134651934569],[109.40280590591136,-7.4668149699867445],[109.40155734921382,-7.466683787934366],[109.40025100502045,-7.466912707905996],[109.39989589407737,-7.467240006912076],[109.40000525125133,-7.468152645551387],[109.40133580235963,-7.46978461161872],[109.4027309514056,-7.4705534469616],[109.40353173981202,-7.471301293409106],[109.40396838720402,-7.4725581735151305],[109.40370824269294,-7.473697181719479],[109.40282349990238,-7.475304525129853],[109.40235798582366,-7.47553978013308],[109.40115488638483,-7.475272415028502],[109.3981686692721,-7.473975424105203],[109.39702816836721,-7.473718482131655],[109.39430179542632,-7.47351472225785],[109.39371489090809,-7.473942171260345],[109.39267437139651,-7.475172411963337],[109.38678696639735,-7.476845696055485],[109.38449188274751,-7.477648134850023],[109.38369258290442,-7.478333734315956],[109.38316640252829,-7.479250191664557],[109.38205368126029,-7.479881404703492],[109.38103266231214,-7.480747163231207],[109.38110044916517,-7.481748867158054],[109.3808037343859,-7.482636913208427],[109.37861372729793,-7.481452881410281],[109.37645600657764,-7.47939144167865],[109.37543871289901,-7.477492020217372],[109.37397825572222,-7.477133467851792],[109.37299625481063,-7.477425054827677],[109.37206889203308,-7.47835501142039],[109.37168353640743,-7.479708876235947],[109.3717200476075,-7.480037045211556],[109.37228631569137,-7.480752997774481],[109.37199964087569,-7.483745549815896],[109.3715619452023,-7.484576438768556],[109.36692125911333,-7.485816153037783],[109.36434549671146,-7.486856451091428],[109.36386564680792,-7.486848718863213],[109.36359952267297,-7.487069678233664],[109.36356892971149,-7.48741249395911],[109.36379178932565,-7.487676349278171],[109.36448332338273,-7.4877585885986235],[109.36716239146338,-7.4866838636062445],[109.37214778333998,-7.4852956831501505],[109.37262237745583,-7.484621517149775],[109.37289652380086,-7.483894779542633],[109.37320667305262,-7.48065727538587],[109.37261921606884,-7.479725007024463],[109.37287463093729,-7.478795690193025],[109.37338036158106,-7.478248869452348],[109.37404700546836,-7.478045871905093],[109.37486486295812,-7.4782411057523825],[109.37575981455134,-7.479975198484462],[109.37803901467052,-7.482152700099926],[109.38073170994684,-7.483627695920372],[109.38134140481537,-7.48339002107954],[109.38159931445801,-7.483115604028064],[109.38201711122694,-7.481825656776481],[109.3819240272272,-7.481137986442804],[109.38385900642953,-7.479857435733943],[109.38434998237811,-7.478958999727543],[109.38500461608409,-7.478397487021769],[109.39310508589517,-7.475977650953207],[109.39457175584675,-7.474411528001757],[109.39784576923905,-7.474817000245364],[109.40083103269303,-7.4761135770593565],[109.4023191127036,-7.47645277410419],[109.40336034755514,-7.476042621862515],[109.40453468649758,-7.474073012923959],[109.40488782582035,-7.472466873209207],[109.40423504276836,-7.470722672305718],[109.40320815306377,-7.4697862046490835],[109.40198054466023,-7.469145448709825],[109.40083912783611,-7.467756286054092],[109.40156024897993,-7.4675847730685],[109.4024112498299,-7.467633505941919],[109.40433345064339,-7.468854278193645],[109.40535683468623,-7.470096674561819],[109.40678457353853,-7.471011756920912],[109.40711756702314,-7.470954944699456],[109.4078938978113,-7.4702589499633065],[109.40819895081128,-7.469262555354729],[109.40868137117953,-7.468813945586436],[109.40924504887722,-7.468724530048588],[109.41042891297515,-7.469317879129448],[109.41180644069213,-7.470646471768846],[109.41393859011758,-7.471846783002042],[109.41377259241449,-7.472239334756605],[109.41290230474002,-7.472342454841882],[109.41265652198976,-7.472778629474246],[109.4129688898121,-7.4731706914199245],[109.41398223664932,-7.473124938321449]]]}},{"type":"Feature","properties":{"waterway":"river","name":"Merawu"},"geometry":{"type":"Polygon","coordinates":[[[109.72179161154371,-7.330839134005993],[109.72124563625637,-7.330638149277681],[109.7208254571036,-7.330888180520818],[109.72027975845175,-7.332819515245965],[109.72075586184074,-7.334322958358038],[109.7203164537552,-7.335920947583896],[109.7181923494896,-7.33770353357723],[109.71803469309828,-7.337996315719318],[109.71812250850788,-7.338316605785405],[109.71921366060361,-7.339759473091304],[109.71461940613885,-7.340573350282743],[109.71248955692364,-7.344184305839638],[109.71139019553848,-7.344790097007698],[109.71066961432413,-7.344073940920174],[109.7092155006963,-7.344066739829412],[109.70888199645975,-7.34421179008131],[109.70842231778961,-7.3471847309955844],[109.7088493429914,-7.349141979037014],[109.70634098114903,-7.349873608250223],[109.70601885671645,-7.350250499116026],[109.70653051214836,-7.352238017913255],[109.70653051113841,-7.353228174533856],[109.70528999347314,-7.3537325538698814],[109.70439289005807,-7.354622340152565],[109.70270034896441,-7.354652653500564],[109.70245833073281,-7.3548711924541275],[109.70217870316988,-7.35581404009798],[109.7018514747517,-7.355814040105179],[109.70134658547099,-7.353791724333132],[109.70105910987644,-7.353608496113953],[109.70072430838454,-7.353676357736516],[109.69853382419774,-7.355170260290069],[109.6985125048257,-7.3563801172522325],[109.69720538097607,-7.356302836748494],[109.69687414062207,-7.356418325946337],[109.6966893403837,-7.357627874265554],[109.69636002064611,-7.358361375021402],[109.69312424046856,-7.359788924545773],[109.69246955017258,-7.360525487907691],[109.69199681439483,-7.3637934284253275],[109.69127135092336,-7.364697933247581],[109.69061081972045,-7.366105839891466],[109.69056861683481,-7.367407158984124],[109.69120076293369,-7.369243630435619],[109.69105864165662,-7.369826578426465],[109.68999180492598,-7.370907621841285],[109.68895113948943,-7.3715768438583025],[109.68863648661596,-7.372252304929644],[109.68854669906067,-7.373086937923199],[109.68924299198284,-7.374566473473539],[109.68921029797731,-7.375841402558046],[109.68884269535911,-7.376602869598594],[109.6864433502024,-7.379151212747809],[109.68453974614916,-7.380350666007891],[109.68234040338855,-7.382136757342594],[109.68184226697407,-7.383267267808961],[109.68064558959112,-7.385106393596814],[109.68015537170956,-7.387650334226544],[109.67977133182696,-7.388814885558482],[109.67983880489945,-7.390359618242836],[109.68012927231014,-7.391196388906962],[109.68213309124837,-7.392607630302914],[109.68263677214323,-7.392619515431245],[109.6828363862438,-7.392337990095595],[109.68277679776418,-7.391998946412367],[109.68085796525489,-7.3906190792881175],[109.68072468974084,-7.390160460252838],[109.68066459264094,-7.388986466588476],[109.68102040551854,-7.387923950748849],[109.68151249385839,-7.385383294027571],[109.6826207697046,-7.3837303773516325],[109.68307621526549,-7.3826854587265185],[109.6850483756321,-7.381095669333706],[109.68706670489776,-7.379806882609024],[109.68955300465187,-7.377166180782946],[109.69007005940142,-7.376143072509687],[109.69014261219782,-7.37437792405041],[109.68945516938425,-7.372908566575694],[109.6895234005085,-7.372451795866197],[109.68966526818639,-7.372159910943375],[109.69107897193297,-7.371165456064983],[109.69191400745072,-7.370144774876663],[109.6921205017237,-7.369184069271815],[109.69145339608234,-7.367189497280023],[109.69151047923663,-7.36625045526147],[109.69206214589867,-7.365140926334352],[109.6928578497262,-7.364122742291401],[109.69327947146644,-7.3609572942933825],[109.69365809852012,-7.360535652372418],[109.6970294930061,-7.359011756328795],[109.69755308918057,-7.357914907586778],[109.6976129688846,-7.357227851697381],[109.6992795480581,-7.357206232314535],[109.6994408679535,-7.356919415330805],[109.69938197218049,-7.355644704400003],[109.70068152013977,-7.3547854892922855],[109.70111938730365,-7.356521592339614],[109.70140428290904,-7.356705097526515],[109.70252070050186,-7.356713360162844],[109.70292637067665,-7.356464507271141],[109.70320599657985,-7.355521660684038],[109.7047542129234,-7.355487428647615],[109.70586175370465,-7.354437332984805],[109.7072971549713,-7.353864874121243],[109.70743728918049,-7.353539799761444],[109.7074372877904,-7.352177799759942],[109.70702326900049,-7.350612007600425],[109.70951512168838,-7.349885190890451],[109.7098354200256,-7.3495214801554045],[109.70933205751996,-7.347217114792704],[109.70961574066455,-7.344966060601804],[109.7103708991969,-7.34496606045022],[109.71106007687125,-7.34576335861912],[109.71141237229176,-7.345796379931232],[109.71316697426595,-7.344806302587899],[109.71516845782078,-7.341347279458831],[109.72009915807732,-7.34053422848782],[109.72040605585715,-7.34034126081005],[109.72039289178204,-7.339819992684355],[109.71910440225906,-7.338116187710041],[109.72112162319954,-7.336376446570359],[109.72166919506854,-7.334419411751458],[109.72119299468473,-7.332917924014339],[109.72152981465479,-7.3317070039119],[109.72234258290169,-7.3320509077129215],[109.72278600127372,-7.3317779883936325],[109.7228960778052,-7.331075826129813],[109.72240556362537,-7.330023081182797],[109.7228967298203,-7.326941764161319],[109.72334665110644,-7.325501550040326],[109.72401870621427,-7.324883250809032],[109.72476457583483,-7.323750837919944],[109.72458604416205,-7.323289389349669],[109.72415719246483,-7.323036664730221],[109.72381799909712,-7.323038122745314],[109.7267302167026,-7.320925982994031],[109.72711390520395,-7.320141864897355],[109.72780370150926,-7.3202372992846865],[109.7291571232726,-7.322419043753956],[109.72990352643647,-7.322935876234025],[109.7308436504064,-7.32303540241376],[109.73242523012259,-7.322697925543649],[109.73437969830049,-7.323275507422665],[109.73749449244859,-7.325137958978921],[109.73833692249494,-7.325139176149522],[109.73925088349016,-7.324309081468959],[109.73988483274589,-7.322690094797974],[109.74057119572187,-7.3218930996898335],[109.74211991297425,-7.3211250563005645],[109.74507658147166,-7.320985955111154],[109.74597077065359,-7.320592012981888],[109.74640115736193,-7.321002445165317],[109.74666853814989,-7.3227547804849165],[109.748035068652,-7.3237026968965635],[109.75164247422654,-7.323928869559859],[109.7550139731481,-7.32460793030207],[109.75595624076718,-7.323712880501616],[109.7565392291649,-7.322560811151147],[109.75737121476374,-7.3219195702044395],[109.75825410357898,-7.321582611756585],[109.75912666893664,-7.320343393594179],[109.76000970295861,-7.32090687354381],[109.76256237635164,-7.3212561132094836],[109.76337478482473,-7.320753533144357],[109.76345791723158,-7.319586426429279],[109.76313785921798,-7.318777856451345],[109.762026733746,-7.31785521521496],[109.76183641163966,-7.317120589143067],[109.76320953824826,-7.317664058332513],[109.76594891409528,-7.317281956477071],[109.76647712928111,-7.316669016460593],[109.76764114408164,-7.316562139485523],[109.76861904384153,-7.315835046824684],[109.76948253286766,-7.3127993167996665],[109.77132879914011,-7.312453671352529],[109.77437579145037,-7.312317605035891],[109.77469895126805,-7.31216179154568],[109.77578169376598,-7.310247876068826],[109.77614335760771,-7.3085632866434915],[109.77731474614858,-7.30750949909922],[109.77822814344356,-7.3059909394387885],[109.77813878415373,-7.3056474083456475],[109.77720305664884,-7.305089872217488],[109.7771420421938,-7.3048102508863035],[109.77779749485474,-7.3040185030343014],[109.78046596491299,-7.303846526613015],[109.78089080586166,-7.302689364531168],[109.78179645420039,-7.302226644891595],[109.78227635786135,-7.301132093239644],[109.78341510538637,-7.300333133193401],[109.7834750199335,-7.299982134076953],[109.78301568978608,-7.298999608943815],[109.7816174893224,-7.294541567529652],[109.78172085134986,-7.293433741419251],[109.78132809293867,-7.292044629483021],[109.78105646452114,-7.291830505136684],[109.78071175090967,-7.291869613055437],[109.7804216946775,-7.29226318572266],[109.7803910589837,-7.292599645050536],[109.78081867802729,-7.293541472226347],[109.78065037120267,-7.294214199881223],[109.78084741843834,-7.295179718745401],[109.7824572808299,-7.299930542705881],[109.78153022124286,-7.300587289275984],[109.7811121391189,-7.301587948059711],[109.78015524385746,-7.3020877211630495],[109.7798832317639,-7.302960357010804],[109.77734329278123,-7.303200529009095],[109.77630224337172,-7.304407542770384],[109.7761995075992,-7.304707742893474],[109.77643932975921,-7.305651937280355],[109.77714275476161,-7.306085504213833],[109.77658061165835,-7.306977734005946],[109.77531357556187,-7.308146194462553],[109.77495473728736,-7.309872484709383],[109.77408206974526,-7.311430490968676],[109.77125591168743,-7.311556694818733],[109.76888099596198,-7.312027922083236],[109.76868410153588,-7.312289374166338],[109.7678725103639,-7.315280331311547],[109.767305826609,-7.315701033032392],[109.7664223596843,-7.315703823902539],[109.76597606356688,-7.315912354970033],[109.76548108091075,-7.316481733325117],[109.76330381027078,-7.316755573933355],[109.76182596963694,-7.316141103704762],[109.76131800448631,-7.316250344576676],[109.76081864515704,-7.3172835989449485],[109.76128507855303,-7.318396205495026],[109.76240557197994,-7.319334593036663],[109.76256486949536,-7.320219437125142],[109.76225551783394,-7.320394405741677],[109.76035820759449,-7.320061320745178],[109.75945540222484,-7.319375964334461],[109.75870238754771,-7.319533941164813],[109.7576563270048,-7.320876050151506],[109.75687572338977,-7.3211625384923735],[109.75582488764907,-7.321987427105407],[109.75524257138306,-7.323154258655358],[109.75476344606784,-7.323673510612277],[109.75179108043972,-7.3230407187890565],[109.74830757912686,-7.322829459051441],[109.74747927104,-7.322263933258703],[109.74725567808967,-7.320632213588884],[109.74621514409691,-7.319628518222773],[109.74585638266747,-7.319645923476513],[109.74493974868119,-7.320092061444825],[109.74198132164202,-7.320231244741277],[109.7399414795811,-7.321239652240932],[109.73906645280647,-7.322295302140517],[109.73851717846394,-7.323772960836224],[109.73807075264396,-7.324262355902268],[109.73782478712158,-7.324287577562485],[109.73480781814582,-7.322480427276539],[109.73257285426013,-7.321803161407658],[109.73030809268434,-7.322121456287462],[109.72983800491527,-7.321805590775783],[109.7289307689388,-7.320156425368176],[109.72837697600553,-7.319523910049846],[109.72726442426672,-7.319222218517071],[109.72666889999738,-7.319321931359961],[109.72638657324677,-7.319524294870576],[109.72610347483882,-7.320259949641912],[109.72307012416786,-7.322468170323446],[109.72289750290554,-7.3227305401494185],[109.7228078889426,-7.3237614740349954],[109.72310911352093,-7.323954416653275],[109.72356797744683,-7.323947084690265],[109.72251709572144,-7.325086239227655],[109.722004046556,-7.326762563324703],[109.72148960099273,-7.330042905893633],[109.72179161154371,-7.330839134005993]]]}},{"type":"Feature","properties":{"waterway":"river","name":"Serayu"},"geometry":{"type":"Polygon","coordinates":[[[109.59867253625036,-7.4009166097975525],[109.59847494329372,-7.401128903898923],[109.59776913842461,-7.401109030590646],[109.59704649028085,-7.400290074755672],[109.59627714255697,-7.40000545396921],[109.59579678673312,-7.400058907352116],[109.59445203099573,-7.400719604214661],[109.59408775950185,-7.401379288508486],[109.5938572813862,-7.4024695698085345],[109.59296200566949,-7.402955680997115],[109.59253816067942,-7.403696917323021],[109.59184149647528,-7.403738335997156],[109.59138791970113,-7.404149200982608],[109.59098980750186,-7.406155084118784],[109.59066030790336,-7.406077811548055],[109.59007942579701,-7.4055606823896],[109.5894214008518,-7.405476771109793],[109.58840673452262,-7.40627690202917],[109.58789803386342,-7.407256901571627],[109.58746170315113,-7.4087525879374665],[109.58607594438138,-7.412198304365612],[109.58550745674111,-7.412707033475247],[109.58446593107234,-7.413267690284031],[109.58336638266604,-7.413655537047747],[109.58194285892853,-7.413822184685087],[109.58090075059354,-7.414342556132589],[109.57649287682958,-7.415880960296421],[109.57507526449525,-7.417361893416645],[109.57485800945749,-7.419109184304038],[109.57447871947522,-7.417989542668221],[109.57328750512924,-7.416972639713539],[109.5725618233958,-7.416930580366905],[109.57186084093829,-7.417301321787609],[109.57055993181524,-7.418524321602853],[109.56936234962572,-7.422307206661298],[109.56893607772679,-7.422417568299019],[109.5680377355186,-7.421663242208611],[109.56691800632574,-7.421122084428491],[109.56574877428372,-7.421196985544616],[109.56511080978606,-7.420672287230694],[109.56462232915351,-7.420794772761153],[109.56454951300123,-7.421289163305443],[109.56546321003951,-7.422097763384511],[109.56665004566958,-7.421991149103184],[109.56749717131869,-7.42238776962194],[109.56859325621687,-7.42326835278428],[109.56932164286195,-7.423342152388321],[109.56998176291653,-7.4229819118123395],[109.57033072430322,-7.4224921097529855],[109.57135679322795,-7.418983453196981],[109.57243531767735,-7.41799925303268],[109.57278752807274,-7.417805085723864],[109.57370726994712,-7.41850589169556],[109.57398938990812,-7.419577295584352],[109.57464390736995,-7.420076610947307],[109.5749775934664,-7.420051691583835],[109.57562815442726,-7.419696638295335],[109.57593356162486,-7.417718344003909],[109.57698613723834,-7.41665015290518],[109.58122764683391,-7.415181937282086],[109.58227485723809,-7.414663307751338],[109.58361756740157,-7.414521456410965],[109.58480316839776,-7.414103256008719],[109.58607499280848,-7.413410527198684],[109.58688107802598,-7.41262554595926],[109.588312045133,-7.409066111329538],[109.58872513707333,-7.407628484038292],[109.58916843018936,-7.406774487639209],[109.58965538864109,-7.406390564143958],[109.59024848633013,-7.406884605758188],[109.59073558672729,-7.407068605933524],[109.59166809739642,-7.406856785708844],[109.5921435622398,-7.404669216612905],[109.59288876051357,-7.40455149296049],[109.5934824250435,-7.404064048188276],[109.59362762368606,-7.403637419764209],[109.59458901066795,-7.403007996158762],[109.59485857054602,-7.402520192741996],[109.59505246181546,-7.401409990493197],[109.59633659892515,-7.4009150973827875],[109.5970506765464,-7.401746412369181],[109.59791174277598,-7.402045538777911],[109.59887399749539,-7.401976653686684],[109.59943340165009,-7.401425080741981],[109.59960478966597,-7.400639135770687],[109.5989598134666,-7.4000635993665576],[109.5989537979658,-7.399712826613226],[109.59931108539905,-7.39897445726287],[109.601358360696,-7.397433835246948],[109.60197263923597,-7.395430847893889],[109.60181760381266,-7.39495545546286],[109.60148372112752,-7.394861584751201],[109.60118069693586,-7.395029334970265],[109.60057052333754,-7.3969634466350245],[109.59865908418695,-7.3983444093161355],[109.59829757110145,-7.398926993756937],[109.59805476193918,-7.399576296941485],[109.59803319938317,-7.400208510899244],[109.5983326267924,-7.400766948808469],[109.59867253625036,-7.4009166097975525]]]}},{"type":"Feature","properties":{"waterway":"river","name":null},"geometry":{"type":"Polygon","coordinates":[[[109.7606630582466,-7.385762849468137],[109.75885122863428,-7.384750866558405],[109.75786947238174,-7.384810144125205],[109.75657397827837,-7.385288890868895],[109.7560513899325,-7.385329849279084],[109.7547843066617,-7.383556350312461],[109.75338570668244,-7.383364587955122],[109.75263483638032,-7.3840356332600825],[109.75250069421436,-7.38617170065751],[109.75095804430336,-7.38820371189091],[109.75011326932236,-7.391009508979929],[109.75016416466033,-7.391349942790638],[109.75061959843741,-7.391563598143748],[109.75091727665732,-7.391386688840176],[109.75178518729663,-7.388577917193413],[109.75336712413912,-7.386449387714832],[109.75348603519674,-7.384449804200021],[109.75373967044035,-7.384236567383387],[109.75426642918102,-7.3843383457419405],[109.75545172924524,-7.386052866248316],[109.75576653115836,-7.3862444151781474],[109.7567086236741,-7.38618046238882],[109.75811955885875,-7.385677456378516],[109.75869024419006,-7.385651475447235],[109.76037159212223,-7.386660200337896],[109.76094822359609,-7.386662091216614],[109.76126295763859,-7.386511206100718],[109.76234581233494,-7.385047917582264],[109.76227013786561,-7.384123992447977],[109.76174657529032,-7.383195430718479],[109.76193109820316,-7.383118779273885],[109.76279678386116,-7.383631129677331],[109.76340057605866,-7.38358973534626],[109.76487717804208,-7.382814058307086],[109.76524365179094,-7.381789917321417],[109.76490804720783,-7.380447568159963],[109.76501436148723,-7.379569312431698],[109.76528175847143,-7.379156792156182],[109.76631764775358,-7.3785946679420364],[109.76694337495613,-7.377936280914946],[109.76735877819202,-7.376336817626953],[109.76794274935529,-7.375418208849093],[109.76828868683334,-7.374451199413114],[109.76874064009213,-7.37206519925126],[109.76906610541764,-7.371538562550198],[109.76976488822218,-7.370955043460289],[109.7701403054288,-7.370817137755722],[109.77081419283857,-7.370967613866927],[109.77162290714568,-7.370808868012003],[109.77253096697677,-7.37003227425847],[109.77309757899472,-7.368813782692768],[109.77291730997574,-7.366946626722439],[109.77394230278686,-7.3662275289389525],[109.77492052451124,-7.36470263403019],[109.77577578612431,-7.364399714623575],[109.77630909315019,-7.364663391026102],[109.7769484864747,-7.364561163318251],[109.77748244778427,-7.365134158778659],[109.77891463870253,-7.365795729407043],[109.77957328065082,-7.365625618235869],[109.78235315197401,-7.364046595502635],[109.78361409857473,-7.362785899320335],[109.78386862853552,-7.362058625869655],[109.78320869751916,-7.360947794009356],[109.7834207069795,-7.360438308531511],[109.78390240245749,-7.3599949567919865],[109.78537374888943,-7.359877989190229],[109.7858263436333,-7.3594330463420485],[109.78693922134264,-7.357297885918298],[109.78729919153626,-7.355990910017176],[109.78737051978263,-7.354729036800224],[109.78662247236456,-7.353229170881074],[109.78606107894386,-7.350379332072952],[109.78659459410912,-7.348657282625124],[109.78661638278666,-7.347273231990989],[109.78696642651519,-7.345945881757258],[109.78712271971035,-7.344251147686169],[109.78764837615705,-7.343517459471134],[109.78782454397098,-7.342967160648125],[109.78775686623584,-7.341321680876891],[109.78854311690544,-7.341071822242621],[109.78969252294868,-7.341028015822307],[109.79057222316219,-7.340304415258724],[109.79119755326982,-7.339389190333038],[109.7922604361763,-7.33882437341827],[109.79305592773238,-7.337973688237923],[109.79318551656361,-7.337426844930847],[109.79210472797384,-7.335827613259415],[109.79274386779969,-7.33526100355498],[109.79300705014388,-7.333878022902747],[109.79281594486208,-7.333231278034608],[109.7943421909502,-7.332792716830388],[109.79552953684905,-7.331128362012203],[109.79558985067024,-7.3301511125265355],[109.79628264265784,-7.329565800954079],[109.79658831330495,-7.328259594164955],[109.79817946407178,-7.326445192547595],[109.79848669407355,-7.325504706240048],[109.80016302312063,-7.324909583721346],[109.80160485186285,-7.325658529844008],[109.80237932772441,-7.3256948634689945],[109.80336545060179,-7.325272301769225],[109.80434702071528,-7.32541935905771],[109.80513784594926,-7.325115205268459],[109.80571857797604,-7.324329189321236],[109.80667831077318,-7.324178024513035],[109.80713174318181,-7.323883026897892],[109.80777579659915,-7.322827365804171],[109.8085915701186,-7.322176081728213],[109.809063204594,-7.32143601034763],[109.80920796343209,-7.3205603911992],[109.80905776577256,-7.319628661493189],[109.80966215397925,-7.318887598240687],[109.81048344410188,-7.31573085861111],[109.81135815262338,-7.315995389165818],[109.81208055659718,-7.31588135492169],[109.81318327897908,-7.314716425632671],[109.81523914991102,-7.313886999149428],[109.81559684459502,-7.313251884443098],[109.81574704388142,-7.312506984296478],[109.81548006426378,-7.311690998596273],[109.81614147337827,-7.311171854889276],[109.8163228394567,-7.310564757565052],[109.81613525304705,-7.309957992015365],[109.81622645554211,-7.309686556330865],[109.81724815019406,-7.308863988908769],[109.81757359371167,-7.308179778252159],[109.8185962562837,-7.307084189848788],[109.81871660591655,-7.30676140056636],[109.81857159085287,-7.306448745151095],[109.81824615924707,-7.306329372731997],[109.81793094417266,-7.306473209905951],[109.8168581440479,-7.307622509117374],[109.81652234305041,-7.30830365345667],[109.81544413504507,-7.309196717809296],[109.81519359607222,-7.310024381328882],[109.81537722257089,-7.310621581000653],[109.81464203385342,-7.3111026853744825],[109.81441668620809,-7.311760798549949],[109.81445951796728,-7.312111921124935],[109.81482553125254,-7.312371365444145],[109.81455353476976,-7.313274564464114],[109.81266537763287,-7.313962733984899],[109.81164448090519,-7.315060102232607],[109.81043669860189,-7.3148000342032375],[109.80980590667676,-7.3150639003369],[109.8093835533632,-7.316095189546439],[109.80884255321928,-7.318451846261345],[109.8084101901011,-7.318871707577656],[109.8081740897274,-7.3193825073628975],[109.80823336536213,-7.321061774586203],[109.80795825141827,-7.3215272353026295],[109.8070373441289,-7.322299190469975],[109.80646982703348,-7.323250341385933],[109.80527701669676,-7.3235315307611435],[109.80454678051645,-7.324405891183316],[109.80423638364104,-7.324512490983446],[109.80320813305909,-7.324366718082363],[109.80221645968619,-7.324796426926592],[109.80176556919625,-7.324767614944795],[109.80022920375475,-7.323954589192112],[109.79789563473665,-7.324773834711429],[109.7975237833236,-7.325377603705578],[109.79738218151044,-7.32596019161855],[109.79578499032087,-7.327833456730828],[109.79549767521421,-7.329049540003454],[109.79491237621745,-7.329483222653811],[109.79470060344408,-7.329913200754172],[109.79468092759035,-7.330779053784481],[109.79371980009543,-7.332110111004257],[109.79275651312558,-7.332233971468536],[109.79209899907039,-7.332586917181029],[109.79189173368555,-7.333278457573843],[109.79209006281329,-7.333956430389097],[109.79189463482197,-7.3348932661128625],[109.79139199308486,-7.335252524353138],[109.79117235551111,-7.335828170648981],[109.79133979723476,-7.336462820960554],[109.79224256104256,-7.33755137859045],[109.79166211252738,-7.338144532380391],[109.79055234013265,-7.338736301798978],[109.78994043053682,-7.339655736164503],[109.78925379982067,-7.340220526272733],[109.78838930764006,-7.34018252661438],[109.78755240840603,-7.3403953264057],[109.78689703149047,-7.340984590162835],[109.78680603286708,-7.34157652979257],[109.78692701938576,-7.342815997188169],[109.7862563695888,-7.343970172979563],[109.78607731984567,-7.345763266938061],[109.78570961727236,-7.347215399772523],[109.78569118181073,-7.3485481948355655],[109.78520459535034,-7.349774767497437],[109.78515213959352,-7.350409421320047],[109.78573578926837,-7.353430810891536],[109.78647415759897,-7.35494597189362],[109.78641109285897,-7.355804765542783],[109.78612642357757,-7.356894117889011],[109.78510419930574,-7.35888379965694],[109.78496282828235,-7.359037680111055],[109.78355007920086,-7.359132333196996],[109.78274858084204,-7.359830004947389],[109.78227342131406,-7.36104397894722],[109.78290937435,-7.362177358604629],[109.78187796119069,-7.363276757509322],[109.77916586204407,-7.364819147649527],[109.77899240516494,-7.364860105981633],[109.77803889872789,-7.3643860435109065],[109.777690478843,-7.3639149604798675],[109.77700271103532,-7.363641645166044],[109.7764521722357,-7.36374465060151],[109.77573459464996,-7.3634840903034],[109.77494069538567,-7.363675690115128],[109.77428370690401,-7.364043139641081],[109.77329607311192,-7.365572347405054],[109.77271031184429,-7.365880126933388],[109.77210886601301,-7.366510705857285],[109.77193896933385,-7.367202774923709],[109.77217559380539,-7.3687281172116315],[109.77183976720747,-7.369444222299],[109.77130705345228,-7.3699559902671075],[109.77082737301161,-7.37005692568826],[109.77004160504694,-7.369903686355336],[109.76937581461878,-7.37013893571455],[109.76842586440573,-7.370897533101063],[109.76792362363256,-7.3716662251320155],[109.76741985066855,-7.374191569778158],[109.76714729414066,-7.374983197317884],[109.76649737276111,-7.376046873036967],[109.7661188713801,-7.377528565508026],[109.76462723126426,-7.378514901039878],[109.76414996325069,-7.379260856846508],[109.76399761575765,-7.380423502934512],[109.76431950144566,-7.381802909800438],[109.7642114466686,-7.382135233980641],[109.76320890135803,-7.382703649370853],[109.76297560877683,-7.382723972006156],[109.76216477055424,-7.382231918886832],[109.76137444626966,-7.38224059950138],[109.76088801505436,-7.382566865218881],[109.76085529638803,-7.383386833229577],[109.76147905003167,-7.384688006268709],[109.7606630582466,-7.385762849468137]]]}},{"type":"Feature","properties":{"waterway":"river","name":"Serayu"},"geometry":{"type":"Polygon","coordinates":[[[109.6816598992521,-7.392706606412256],[109.68074351478278,-7.393978800754936],[109.68018899124499,-7.395501913115639],[109.67884453653276,-7.396502864096527],[109.6778531453336,-7.396687055617032],[109.67666562719194,-7.396395991141628],[109.67620170078376,-7.396137684247508],[109.67585608969972,-7.395657279836589],[109.67456623411675,-7.391385317840303],[109.67432953827657,-7.391109450853987],[109.67364565374095,-7.390825766318981],[109.672421554986,-7.390796966346614],[109.67150665420081,-7.39113093510931],[109.6709973091363,-7.391801802279766],[109.67091798307969,-7.392158291895781],[109.67107824710737,-7.392746730240106],[109.67183248078653,-7.393450971975052],[109.6718515999834,-7.393975695175108],[109.67171458132715,-7.394303775241108],[109.67106610962634,-7.394378233105911],[109.66761563613326,-7.392338593473673],[109.66797116206047,-7.391374466465319],[109.6679094785256,-7.390611745121495],[109.66705583838221,-7.38975251811381],[109.66611083162594,-7.389129674379956],[109.66500586682075,-7.388858273104375],[109.66287884628943,-7.388964861541792],[109.66196744813311,-7.388744116112105],[109.66187117141311,-7.388452180124616],[109.662021011601,-7.388276217840001],[109.66290200717481,-7.387904571357765],[109.66364470717258,-7.387167170827468],[109.66398862295785,-7.386192036999933],[109.6640546327141,-7.385197954647899],[109.66384371401169,-7.384697424808162],[109.66318217675254,-7.383935750498811],[109.66247635161106,-7.383535577770283],[109.66168360863355,-7.383354015858893],[109.65758257024228,-7.384139852190085],[109.65568992925928,-7.384256413158403],[109.65513741127954,-7.383850914008655],[109.65422198368239,-7.382068638224253],[109.65337382100905,-7.381717663103215],[109.65195251110991,-7.381425041806794],[109.64922522337481,-7.382107792902213],[109.64748879496246,-7.382192212988512],[109.64650991093775,-7.381797626097692],[109.64501963555091,-7.380372399905152],[109.64345423664655,-7.379619600594141],[109.64266584915518,-7.37963899583175],[109.64140906209856,-7.3792117398469035],[109.63774289704496,-7.380392600857988],[109.63401767752862,-7.382244096982118],[109.62974273978189,-7.384090289283222],[109.62180590142268,-7.387088200052277],[109.61588003951167,-7.3887127389963485],[109.60937781136354,-7.388638669543122],[109.60329804631387,-7.38923665520833],[109.60297957603136,-7.389415209557684],[109.60231284734651,-7.390902721014168],[109.60257549521313,-7.391329093408377],[109.60292224704168,-7.391343083377344],[109.60317741268257,-7.391109822437593],[109.60364573014024,-7.390106074943385],[109.60939253536023,-7.389538217094601],[109.61605981051322,-7.389596505703991],[109.62206651595834,-7.387949804094427],[109.6300786401826,-7.384925693282896],[109.63439123425876,-7.383063664513396],[109.63805060751268,-7.381239333719288],[109.64140872739766,-7.3801401963829205],[109.64255743325919,-7.380544422963735],[109.64317723541363,-7.380485869114525],[109.64455657994215,-7.3811491951676445],[109.64593708172606,-7.382500523995985],[109.64724016525284,-7.383062763625847],[109.64931310245494,-7.383003920772784],[109.65198009290359,-7.382337320139159],[109.65359200241299,-7.382751157144593],[109.6544191753788,-7.384431566944979],[109.65542064681335,-7.385144617848274],[109.6576793358773,-7.385034725887837],[109.66173569804388,-7.384257209199748],[109.66209809129697,-7.384354443623124],[109.6625621501968,-7.384596912680346],[109.66304500938666,-7.3851291565696995],[109.66310420549907,-7.38598749480686],[109.66292091561947,-7.386613220305041],[109.6623297239189,-7.387200192738559],[109.66145882898158,-7.387552569998522],[109.66099317725785,-7.388150428855932],[109.66096193942617,-7.38886605005481],[109.66145211569645,-7.389517913206132],[109.66272982066963,-7.389854520794002],[109.66487209235892,-7.389749934434504],[109.6656837353822,-7.389927284671845],[109.66705390615681,-7.390999624634514],[109.66670008837907,-7.392213383089208],[109.66689174687845,-7.392934646642757],[109.67086664174683,-7.395262542116095],[109.67164706410556,-7.395311337524991],[109.67224932427312,-7.39505186517755],[109.67272722289658,-7.394229359560279],[109.67269085225331,-7.393060034037107],[109.6718632397263,-7.39225476197943],[109.67209634655981,-7.391838869332091],[109.67248568563015,-7.391698048670881],[109.67375450903783,-7.391832459951477],[109.67502847584478,-7.3960295772747395],[109.6755222769133,-7.396741752334213],[109.6763884024321,-7.397254424388329],[109.67773110367959,-7.3975835247116954],[109.67911559879296,-7.397367470330261],[109.68084173445757,-7.396140497993994],[109.6815743593845,-7.394344973312999],[109.68280145632419,-7.392436883231803],[109.68273347213318,-7.391941817199979],[109.68242154236788,-7.3917909762101575],[109.68209342011777,-7.391903049881604],[109.6816598992521,-7.392706606412256]]]}},{"type":"Feature","properties":{"waterway":"river","name":"Serayu"},"geometry":{"type":"Polygon","coordinates":[[[109.74277493861727,-7.387930688410248],[109.74275282989203,-7.387437997574036],[109.74200569877102,-7.38635943617421],[109.74097193120583,-7.3860716564470374],[109.73979859696391,-7.386512730069802],[109.73809612868196,-7.388755264756131],[109.73762793256796,-7.388841237581668],[109.73428227356243,-7.387566482307208],[109.73396350818439,-7.387702538335906],[109.73383511827747,-7.3880222744712025],[109.73412075065171,-7.388433855507505],[109.73758264136507,-7.389756359292942],[109.7385922364357,-7.38954737758184],[109.74038330390755,-7.387224679694673],[109.74104628147465,-7.386989861759616],[109.74145218530381,-7.387107701112653],[109.74186558765422,-7.387720335959928],[109.7420937386371,-7.3885695213863505],[109.742622354418,-7.388859622779818],[109.74306699066116,-7.389403486659572],[109.74397906968996,-7.390101173896392],[109.7454846698746,-7.390598332700281],[109.74653694698198,-7.390552048948731],[109.7481854737856,-7.390847727621765],[109.74979086384269,-7.391646657784331],[109.75076944639679,-7.391513974781691],[109.75368171919513,-7.389749798904517],[109.75685593409472,-7.389240457219713],[109.75762073705728,-7.389274939329556],[109.75971190172919,-7.390665809162339],[109.76044173975626,-7.391670955363729],[109.76137635780721,-7.39247623749837],[109.76285523073805,-7.39325413813953],[109.76450948376156,-7.393602457493148],[109.76564509572113,-7.393225086181045],[109.76680694645015,-7.39312604650735],[109.76753342343817,-7.393241650919964],[109.76804032512943,-7.393546598416969],[109.7681870941392,-7.393827336217846],[109.76771136315713,-7.394794442045538],[109.76773550288759,-7.395456211379531],[109.77142585294135,-7.396956802130376],[109.77221530794587,-7.398956722691908],[109.7728033549825,-7.399486174131049],[109.77425160946441,-7.4001192867463095],[109.77607705075967,-7.400420832553486],[109.77682677190113,-7.400760555591143],[109.7780225978732,-7.4017427744722015],[109.77989629927998,-7.403884096718079],[109.7799573772547,-7.4058595550992345],[109.78061549006824,-7.406581015129972],[109.78167607322452,-7.406794029768571],[109.78281926801488,-7.406415057306869],[109.78463283269936,-7.406167960244608],[109.78571128954512,-7.406393156805526],[109.78722201711348,-7.407507819630752],[109.7902610225537,-7.408858738922651],[109.79074170435096,-7.409318951741425],[109.79139404596972,-7.411441681027998],[109.79190297787892,-7.411877654968926],[109.79475039598222,-7.411852709360467],[109.79553446554422,-7.410794673033883],[109.79581579056187,-7.410785363968484],[109.7975930292549,-7.411733371257287],[109.79864488788438,-7.411886502039069],[109.79992342697835,-7.4117842471857776],[109.80082082750239,-7.411916743913228],[109.80195305464231,-7.412376716953516],[109.80423698921561,-7.412574724904141],[109.80745865932833,-7.414201314623781],[109.80833922898833,-7.414446995807369],[109.81058507568554,-7.414262415161614],[109.81579256190227,-7.415836814698782],[109.81708343611173,-7.415980068698063],[109.8207287474991,-7.420544213297393],[109.8219625477327,-7.42160811411664],[109.82285015400782,-7.421930638862508],[109.82350839178336,-7.421815838468373],[109.82421221667207,-7.421267237768265],[109.82759733031303,-7.419983196337901],[109.82877659221423,-7.420116460047347],[109.82826328554187,-7.420513522390847],[109.82807648163512,-7.421002739334279],[109.82840895439371,-7.421915146808587],[109.82957576167648,-7.4223034663605185],[109.83078574621817,-7.4222503224183685],[109.83223298542252,-7.421389498068598],[109.83220090650268,-7.42078171238626],[109.83191440105507,-7.420141903782114],[109.83369371180294,-7.419426422594611],[109.83526335855893,-7.41927146019613],[109.83695952656757,-7.419820864444904],[109.84020832253009,-7.422390031975917],[109.84176142435625,-7.4227039348233275],[109.84239462575422,-7.422376123468287],[109.84255752578736,-7.422067730917041],[109.84385956999336,-7.4224341653872195],[109.84419923313348,-7.422363259078246],[109.8444838473226,-7.421993096832159],[109.84454046747403,-7.421625561537667],[109.84420796640708,-7.420455261863772],[109.84366968440413,-7.419563246516694],[109.84449265042535,-7.419341400684533],[109.84605266699822,-7.419223130672395],[109.84649890305208,-7.419350554736506],[109.84636763791558,-7.420538940908212],[109.84655194868313,-7.421379388990413],[109.84682014845751,-7.4218049892211235],[109.84732540202813,-7.422168908624459],[109.84920836307019,-7.422046484097567],[109.8498184447684,-7.421751683129856],[109.85030374995253,-7.421940432641417],[109.85071102882776,-7.422453599024231],[109.85145994917667,-7.422849290268308],[109.85438428918789,-7.42314699991733],[109.8558167273411,-7.4236814591988525],[109.85668602463655,-7.423607607001507],[109.85764702746746,-7.423071539266278],[109.85909195149507,-7.422895726349013],[109.85994309269628,-7.4231078267211075],[109.86041621960635,-7.423722595492785],[109.86115519267777,-7.424156050822703],[109.86215894127723,-7.4242768230438685],[109.86260022455954,-7.424035667437323],[109.86262981231285,-7.423692765417054],[109.86240621614522,-7.423429550675356],[109.86149692015721,-7.4233180458166705],[109.86107657398145,-7.423098254697247],[109.86038027909912,-7.422251297057611],[109.85924052504542,-7.421995341316986],[109.8574181208804,-7.42219781281596],[109.8560298709894,-7.422801781555428],[109.85453080191776,-7.422257199883016],[109.85179722082579,-7.422009872918812],[109.85130172766485,-7.421756316356606],[109.85084685636195,-7.4212033737011565],[109.84999111862153,-7.420842176847872],[109.8490307119372,-7.421159301364818],[109.84760004284198,-7.4212857642820165],[109.84727707187005,-7.4205652485234435],[109.84734510920148,-7.418864441124171],[109.8470316640506,-7.418579813291573],[109.84606503178475,-7.418320248357903],[109.84438063348938,-7.418447948224423],[109.84319114803415,-7.418760286883025],[109.84263385900735,-7.419093793315208],[109.8424364813858,-7.419381960751224],[109.84246252134804,-7.419888677295898],[109.84299794131694,-7.42019509552081],[109.84354509013525,-7.421438477752738],[109.8422749482324,-7.421064617191748],[109.84197630957085,-7.42120021774573],[109.8415735489678,-7.421804171427205],[109.84065652007543,-7.42160618277368],[109.83996877762016,-7.42116098454064],[109.83867008826418,-7.419904368614893],[109.83744106489503,-7.419057776246464],[109.83662139001862,-7.418678827982558],[109.83531709956705,-7.418372139848995],[109.83348720021203,-7.418549589853378],[109.831373328435,-7.419372051351933],[109.83113224911997,-7.419594488864373],[109.83098156446377,-7.420222750680466],[109.83127883177535,-7.420916208894409],[109.83048362699269,-7.42138556633773],[109.82963381245759,-7.421402782430544],[109.82903399213312,-7.421209481478649],[109.8290352771553,-7.42100972331693],[109.82981753004805,-7.420694359599911],[109.83014895763722,-7.420384701556718],[109.83017908789446,-7.420030806086482],[109.82982360614224,-7.41936167294762],[109.82759004436176,-7.419077231632124],[109.82381479191555,-7.420455117308299],[109.82299357603814,-7.421031448726606],[109.82248776546338,-7.420869223278867],[109.82136719367189,-7.419902959913815],[109.818301993903,-7.415895988524294],[109.81747483339036,-7.415163131414561],[109.81680449954285,-7.414957039825872],[109.81599238805879,-7.41495703988646],[109.81077844251759,-7.413380686817026],[109.80848224630246,-7.41355374736816],[109.80782691709497,-7.413378172931886],[109.8045115405302,-7.411717011062271],[109.80208369506039,-7.4114830450164835],[109.80112906471814,-7.411068846629862],[109.8000055777846,-7.410887142538782],[109.79862604035387,-7.410985764736682],[109.7978145738097,-7.410857697276419],[109.79599252216475,-7.409886975524771],[109.79509817748277,-7.409942265957287],[109.7943277112127,-7.410988640459249],[109.79220289383844,-7.410988640357089],[109.79157495177675,-7.408945319216032],[109.79083385386183,-7.408157107314754],[109.78765330298508,-7.406713994615771],[109.7861253025649,-7.40558899704986],[109.78462240900976,-7.405266262800778],[109.78261894598097,-7.405537421070367],[109.78157727242379,-7.405895788063658],[109.78104176914415,-7.405784708022549],[109.78082120710947,-7.405520443720105],[109.78077182539356,-7.403554520611928],[109.77868307867148,-7.401125398508947],[109.77725825060385,-7.39996731371895],[109.77641545122151,-7.399585414073755],[109.7745329818161,-7.399260380675457],[109.77300494702496,-7.3984995347752625],[109.77205838058059,-7.396267920647919],[109.76864710276475,-7.394922448979193],[109.76910636914704,-7.393967530110654],[109.76908724562354,-7.393595234406906],[109.76868589604788,-7.392891832004982],[109.76792797581763,-7.392427149438887],[109.76678486690176,-7.392225291946751],[109.76552376817273,-7.392332791839367],[109.76448733526887,-7.392699934393697],[109.76327299411254,-7.392455282733851],[109.76189161680688,-7.391734879194516],[109.76115291212425,-7.39111136155019],[109.76030339549543,-7.389980285511748],[109.7583427793058,-7.388614563282505],[109.75776338947665,-7.388384295950856],[109.75681731748097,-7.388341241655329],[109.75343344029405,-7.38888041173553],[109.75077747356599,-7.390486337223544],[109.74999790845543,-7.3907398811634115],[109.7484630039265,-7.389990639984294],[109.74664109906234,-7.389656818794136],[109.74567780020713,-7.389715220870694],[109.74442297528057,-7.389314668394276],[109.74277493861727,-7.387930688410248]]]}},{"type":"Feature","properties":{"waterway":"river","name":null},"geometry":{"type":"Polygon","coordinates":[[[109.75689732627296,-7.38814106665067],[109.75558802554214,-7.3877401016959645],[109.75404648277853,-7.388058982843963],[109.75343881021975,-7.3884709045174],[109.75308499747484,-7.3894681962166135],[109.75331427908355,-7.389726541377302],[109.75366061333325,-7.38974843872755],[109.75440001957752,-7.388888889704349],[109.7555628746866,-7.388643548332533],[109.75736046514359,-7.38921422390472],[109.75761922596814,-7.388984892362201],[109.75763867756606,-7.38864127839371],[109.75689732627296,-7.38814106665067]]]}},{"type":"Feature","properties":{"waterway":"river","name":null},"geometry":{"type":"Polygon","coordinates":[[[109.60448096887473,-7.394391176111699],[109.60384156851991,-7.394292945486555],[109.60211566428862,-7.394534793724406],[109.60119904345152,-7.395007749857678],[109.60112739099348,-7.39550230697165],[109.60156071499947,-7.395757213201858],[109.60243951488438,-7.395378097981095],[109.60390897356523,-7.395191931098561],[109.60505066485948,-7.395692602916936],[109.60538420040155,-7.395597524363641],[109.60555225072143,-7.395296410345071],[109.60545637446626,-7.394965649563519],[109.60448096887473,-7.394391176111699]]]}},{"type":"Feature","properties":{"waterway":"river","name":"Serayu"},"geometry":{"type":"Polygon","coordinates":[[[109.76428421361064,-7.392801252970867],[109.76554661429483,-7.393230180648674],[109.76587172030483,-7.393109769624429],[109.76601574750697,-7.392796652577364],[109.76575078071362,-7.39237169298292],[109.76423157652877,-7.391881449791371],[109.76266795639043,-7.392359601027179],[109.76243413684905,-7.392802172241983],[109.76260025480762,-7.393104338389927],[109.76295278831954,-7.393211944035957],[109.76428421361064,-7.392801252970867]]]}},{"type":"Feature","properties":{"waterway":"river","name":"Serayu"},"geometry":{"type":"Polygon","coordinates":[[[109.75891760938835,-7.389027000927436],[109.75932038621492,-7.38953177501451],[109.75968135919857,-7.390622987441238],[109.75998429527557,-7.390790888939411],[109.76031822229827,-7.390697184469239],[109.76047349619674,-7.390221869108554],[109.7602010660855,-7.389278903471831],[109.759450751575,-7.388221235670677],[109.75913827755966,-7.388080368633374],[109.75863000264334,-7.388141897834841],[109.75771482663671,-7.388666297816325],[109.75760335232708,-7.388992214464065],[109.7577569157707,-7.389300842032435],[109.75808556186576,-7.389411390496013],[109.75891760938835,-7.389027000927436]]]}},{"type":"Feature","properties":{"waterway":"river","name":null},"geometry":{"type":"Polygon","coordinates":[[[109.6994089515582,-7.298593465815498],[109.70017727856757,-7.298041401745743],[109.7003628017702,-7.297632674936765],[109.70026532223409,-7.297101858977066],[109.70056390169582,-7.296529659026585],[109.70027336050319,-7.295484768854824],[109.70096440723971,-7.293797078764928],[109.70138752264035,-7.293366424613977],[109.70184723192486,-7.293576135102063],[109.70334693337284,-7.293334334862903],[109.70370938856841,-7.293016424922099],[109.70355900493281,-7.2924518440629535],[109.70409752548426,-7.2916086677932075],[109.70433225806178,-7.290368006702184],[109.70388362437244,-7.289651687979375],[109.7039541100626,-7.288959263457163],[109.70284855901288,-7.2880753986071625],[109.70283588540656,-7.28769057797027],[109.70306731298791,-7.28695536891291],[109.70451318020595,-7.285752484870629],[109.70454203387902,-7.284597928199766],[109.70535441157767,-7.284214501992942],[109.70529279091643,-7.283150624041509],[109.70542198375523,-7.28278128424519],[109.70579368973222,-7.282413730825078],[109.70567382918749,-7.281496378200018],[109.70605076007676,-7.280818514800103],[109.70617018388728,-7.280173418779404],[109.70695592982396,-7.27916035599176],[109.70725872891775,-7.278138055702184],[109.70717646058017,-7.276946322380796],[109.70775136214054,-7.2759088951252595],[109.70704463122738,-7.274698368167184],[109.70709028744768,-7.273924602160082],[109.7074164895978,-7.27331996040069],[109.70707695585038,-7.272684076002959],[109.70657686876184,-7.272743711886632],[109.70620974680216,-7.27362968959441],[109.70615739624537,-7.274965309356828],[109.70676243456344,-7.275964812083401],[109.70627095530261,-7.2767096100019435],[109.70636421920143,-7.277967773214462],[109.70611180342033,-7.278819965453114],[109.70531928397695,-7.279825215832066],[109.70517392209003,-7.28057569705176],[109.7047530813338,-7.281324759076101],[109.70485232087228,-7.282065572650135],[109.70440092990607,-7.28295680040152],[109.70445032273427,-7.283687064535854],[109.70368422183272,-7.284038978106324],[109.70366178801656,-7.285305962078028],[109.70227067041806,-7.28649329609679],[109.7019475807586,-7.287495180365208],[109.70198270976942,-7.288473025219318],[109.70303053627399,-7.2893447874368595],[109.70297079131575,-7.289907623319174],[109.70340275107428,-7.2905476441580435],[109.70323037654259,-7.291332029746028],[109.70265926105864,-7.292164909146681],[109.70259530685533,-7.2925307473846415],[109.70200307881879,-7.292639884320567],[109.70160993336309,-7.2923474954554015],[109.70109522452755,-7.292415044212173],[109.70025314377699,-7.293232466756313],[109.69937469048209,-7.295289593395305],[109.69961288042903,-7.296470376178893],[109.69928447048936,-7.296937907608745],[109.69944107658213,-7.297483014216888],[109.69863951883539,-7.298069017043793],[109.69838183001046,-7.298838941045631],[109.69855181441095,-7.2991628876274035],[109.69975446880056,-7.299941748525517],[109.69998914798248,-7.30056992576583],[109.69855831397619,-7.301907265960991],[109.69860025576091,-7.302704456534616],[109.69955732254166,-7.303147667440784],[109.70049550309616,-7.303108630977971],[109.70052404114826,-7.304193449339519],[109.7013514455439,-7.3050560554787864],[109.70161835962865,-7.305911817767371],[109.70246522506056,-7.306155119209236],[109.70281608300695,-7.3074412936468605],[109.70312853956317,-7.307685061539649],[109.70325060876685,-7.308548969333512],[109.70309960539711,-7.30970518067828],[109.7034916195367,-7.310917302340073],[109.70509256878667,-7.312180790573333],[109.70592657059947,-7.312551432775396],[109.70738522750327,-7.312844578718543],[109.70942163419673,-7.313643968958561],[109.7114350462574,-7.3130419503057436],[109.7121117521955,-7.312101950430257],[109.71252374752305,-7.312453962563079],[109.71396403107869,-7.312492211917517],[109.71539670616357,-7.312948992020415],[109.71686797313953,-7.314456464342158],[109.71737076492256,-7.3146328339324],[109.71827964177925,-7.314512101333879],[109.71898662274376,-7.315859370244779],[109.71988490906203,-7.3160465297043675],[109.71980222532092,-7.316638560977034],[109.72058368347318,-7.317595384495606],[109.72111171984794,-7.317689177147357],[109.72185034713912,-7.318577761095348],[109.7224954383659,-7.3187241832498895],[109.72302398358201,-7.319660698320791],[109.72331788025885,-7.320794261539613],[109.72565853410985,-7.3208661789545815],[109.72580746678099,-7.321115451595276],[109.72613111415845,-7.321239532233161],[109.72644842673303,-7.321100282759575],[109.72653488840581,-7.3206080617607],[109.72610366994302,-7.320015673867286],[109.72398819819263,-7.319969002753946],[109.72386572316316,-7.319318698432697],[109.72312879859962,-7.318055000651481],[109.7223356214406,-7.317781168543931],[109.72167132976368,-7.31693918690785],[109.72115863879561,-7.316780225701253],[109.72076362628489,-7.316370909168945],[109.72083356643367,-7.3160484251683355],[109.7205634188159,-7.315329552797291],[109.71962318449768,-7.315122354536774],[109.71876278938883,-7.313657307631552],[109.71746019284664,-7.313723965950569],[109.7157992519709,-7.312108103937199],[109.7151768629588,-7.312029535895036],[109.71415730786329,-7.311611262695878],[109.71288011832628,-7.311588743301835],[109.7121314981556,-7.3110262224463405],[109.71146911200373,-7.311253685507149],[109.71098880159985,-7.31224706673041],[109.70940047720579,-7.312721129241465],[109.7077096910547,-7.312003224422614],[109.70564013545663,-7.311459910873183],[109.7045086350627,-7.31069162802963],[109.70431414535571,-7.310520127358612],[109.70401472831915,-7.309622928259666],[109.70410055950633,-7.30769221151697],[109.7036140446376,-7.306925532708609],[109.70321271354447,-7.305616669114434],[109.7026711807706,-7.305144876432072],[109.7023132347002,-7.305040528861133],[109.70186818999196,-7.304216845766655],[109.7013844682781,-7.303790582877852],[109.70141586716747,-7.302952392191924],[109.70125013397973,-7.302447049796569],[109.70048867073444,-7.302183592925092],[109.69956222486479,-7.302202809170173],[109.70083622680919,-7.301000691644171],[109.70096819914502,-7.300694424264256],[109.70047341853332,-7.299366265077549],[109.6994089515582,-7.298593465815498]]]}},{"type":"Feature","properties":{"waterway":"river","name":null},"geometry":{"type":"Polygon","coordinates":[[[109.71885326672106,-7.3088073110806375],[109.71878928347465,-7.310172366026214],[109.71780124533039,-7.311335143009102],[109.71734417822123,-7.313249717021508],[109.71750926397884,-7.313693238714405],[109.71848054210733,-7.314473884014466],[109.71880687813224,-7.314356949696689],[109.71895426888881,-7.314045387931662],[109.718288451042,-7.31315592502559],[109.71856379808587,-7.3119183111472426],[109.71973063170982,-7.310444065141662],[109.71972998949289,-7.309953818687175],[109.71996026932382,-7.309574396198336],[109.71981635284982,-7.3092065562554644],[109.71983135872425,-7.308224435335656],[109.72064385501155,-7.30700532129362],[109.72059616952215,-7.3060270938730865],[109.72035900572554,-7.305544303343383],[109.72063656416145,-7.305186743750402],[109.72068422534454,-7.304143672290626],[109.72033307210152,-7.303785454234182],[109.71999185239443,-7.303847852616943],[109.71957814791361,-7.304436388615669],[109.71965678898316,-7.304888956380767],[109.71945078565088,-7.305406101146803],[109.71945608515152,-7.305898401152108],[109.71974254235423,-7.306578856087315],[109.71896041413306,-7.307918126756919],[109.71885326672106,-7.3088073110806375]]]}},{"type":"Feature","properties":{"waterway":"river","name":null},"geometry":{"type":"Polygon","coordinates":[[[109.74519978829869,-7.319177931812649],[109.74454115537218,-7.320110098831582],[109.7446976883647,-7.320813432069412],[109.74499958796133,-7.320983076515213],[109.74544955081107,-7.320758450799124],[109.7454441354314,-7.320245176642321],[109.74610400914717,-7.319493357071412],[109.74635711970996,-7.319312956150346],[109.74671339528956,-7.3194779521543065],[109.74721270457263,-7.319336246550689],[109.7475672124595,-7.318207747187934],[109.7479420496485,-7.317739770014101],[109.74790938905458,-7.317148143464729],[109.74822887371381,-7.316686136609446],[109.74761452705447,-7.3150385135014035],[109.74760378635428,-7.3143648977168025],[109.74779272809549,-7.313794872312989],[109.74760583947824,-7.312898400294491],[109.74780893920706,-7.31205962134348],[109.74832608419229,-7.310988341579783],[109.74772386709469,-7.309670051903351],[109.7483345802777,-7.309358245875607],[109.74853176499545,-7.308609123576886],[109.74845917557678,-7.308286380995925],[109.7480239450658,-7.307869762311659],[109.74816013813168,-7.306902148206386],[109.74870533165885,-7.3061938887845965],[109.74927776834058,-7.305895518586948],[109.74932527619235,-7.305118801963132],[109.74957615885336,-7.304474131773794],[109.7493164294358,-7.303368578257864],[109.74893861868868,-7.3030198659277925],[109.7485428219579,-7.302300107812282],[109.74822342625716,-7.302165656682822],[109.74790173061379,-7.302294600284063],[109.7477661796447,-7.30261140536041],[109.74807760007911,-7.303395685825088],[109.7484981488225,-7.303935566270752],[109.74853941460803,-7.304462271934407],[109.74829632958097,-7.304787714667221],[109.74830702968006,-7.305251866062972],[109.74756388036104,-7.306076988928669],[109.74715172322914,-7.306940774161505],[109.74708816070381,-7.308019647951276],[109.74752871832682,-7.308642722907778],[109.74687828269596,-7.308976691659677],[109.74673585677861,-7.3093600627652755],[109.74687628572245,-7.310006013835928],[109.74739564268837,-7.310952877847198],[109.74694560791984,-7.3117689657824405],[109.74674007001208,-7.312541407548435],[109.74686995061239,-7.313762406129398],[109.74662315013515,-7.314934099773565],[109.7472621810222,-7.316435240039939],[109.74699053288504,-7.316802672679727],[109.7470279872116,-7.317392438856379],[109.74652008488526,-7.318405827705176],[109.74589957424315,-7.318507891982578],[109.74529069751944,-7.318950457060593],[109.74519978829869,-7.319177931812649]]]}},{"type":"Feature","properties":{"waterway":"river","name":null},"geometry":{"type":"Polygon","coordinates":[[[109.72612740032378,-7.316921236969008],[109.72588843251714,-7.317475368461099],[109.72621643531875,-7.318377282751164],[109.72610047458245,-7.318777629635011],[109.72622206123333,-7.319329518286562],[109.72697665783079,-7.320065593042308],[109.72732266828625,-7.320091341861757],[109.72758569118918,-7.3198668765764126],[109.72761165122208,-7.319523686130123],[109.72739130833573,-7.319055813705401],[109.72713499301321,-7.31888857876377],[109.72715115710038,-7.3182681574691495],[109.72683328487065,-7.317489132356896],[109.7275770854645,-7.3170147126099225],[109.72823738472255,-7.315949908213914],[109.72820644405245,-7.314537164257971],[109.72860424850998,-7.313599799773576],[109.72861830621328,-7.312113323852616],[109.72947385521402,-7.310917133523776],[109.72921662355331,-7.310270618469249],[109.72952873684272,-7.309218750195415],[109.72918170007577,-7.308349279192937],[109.72871516984357,-7.308019154891296],[109.72867490664906,-7.30562554292404],[109.72832544643992,-7.305265698565338],[109.72798393489767,-7.30532651215493],[109.72778580313951,-7.305609038657938],[109.72785348639485,-7.307604705353014],[109.72765825697775,-7.308194299773695],[109.72779993638478,-7.3086569068625975],[109.72839967062016,-7.308893837293642],[109.72856171234618,-7.309328804609042],[109.72822108965137,-7.31030957285668],[109.72838804139751,-7.310753054029281],[109.72750787156978,-7.312261540914946],[109.7274921017167,-7.313139324094505],[109.7276469736077,-7.3134221978721285],[109.72725940116153,-7.3144775577819265],[109.72738786876052,-7.315535718738815],[109.72698270079869,-7.316275631281938],[109.72612740032378,-7.316921236969008]]]}},{"type":"Feature","properties":{"waterway":"river","name":null},"geometry":{"type":"Polygon","coordinates":[[[109.72359474080945,-7.304338192830564],[109.72345437739077,-7.304767794130576],[109.72365330753911,-7.305049767964888],[109.72399498971836,-7.305109630214047],[109.72453288167489,-7.304937455919072],[109.72530647700887,-7.3052522714607555],[109.72549826782092,-7.305859590772233],[109.72639547093101,-7.306431095724471],[109.72775539124724,-7.307623337304465],[109.72832601684881,-7.307658376532628],[109.72859832265667,-7.307445088305118],[109.72855838436415,-7.306947025565103],[109.72812661487308,-7.306758067160498],[109.72697742261063,-7.305651723885343],[109.72622004900725,-7.305205190447823],[109.72579835417835,-7.304458986525782],[109.72412599182229,-7.3039133895956825],[109.72385920278744,-7.303997764859593],[109.72359474080945,-7.304338192830564]]]}},{"type":"Feature","properties":{"waterway":"river","name":null},"geometry":{"type":"Polygon","coordinates":[[[109.72829232506906,-7.307071905684184],[109.72790536354103,-7.307471040656702],[109.72796402919016,-7.307810240729261],[109.72824732712976,-7.308008945358239],[109.72931046017975,-7.307687705196309],[109.72999804099851,-7.307721700987518],[109.7303748283362,-7.307467789577582],[109.73088693906232,-7.307748653258497],[109.73238413504735,-7.307934147625874],[109.73363170159647,-7.307439901866272],[109.73378916174873,-7.307026348034873],[109.73374654336696,-7.306013741863171],[109.73408384948668,-7.305426378702863],[109.73577600385958,-7.304530231364679],[109.73693833883216,-7.303040185004559],[109.73697724651703,-7.3017107595347195],[109.73762243376794,-7.300589105999548],[109.73748799696436,-7.299320145297152],[109.73778502200098,-7.298648600661459],[109.73833439880889,-7.298491239792653],[109.73858361914569,-7.2980327228234705],[109.7381334488576,-7.2969470644858205],[109.73767249907218,-7.296698529578549],[109.73722618298112,-7.296197095060278],[109.73748444115142,-7.295793815330022],[109.73757732390847,-7.295002646172458],[109.73835032395564,-7.294617370818792],[109.7386138949648,-7.294296571632532],[109.73902410401685,-7.293383129838721],[109.73899184001492,-7.2930096728404274],[109.73962663490828,-7.292268084111985],[109.73958366524583,-7.291598080566221],[109.74044518406201,-7.289648350684753],[109.74147102830347,-7.289463038210955],[109.74180169570731,-7.289171502760354],[109.74196286593032,-7.288802524669108],[109.74210735034175,-7.286616714534393],[109.74217591811365,-7.286537243372745],[109.74225604719734,-7.286840400850285],[109.74268123150964,-7.287089096133428],[109.74306150390865,-7.2870360688551274],[109.74355799554624,-7.286710820266812],[109.74488018705183,-7.286694153538585],[109.7453031090228,-7.286299892920174],[109.74617453917016,-7.285955854844577],[109.74765583166821,-7.284687869392043],[109.74777576070389,-7.284364928323844],[109.74763035152822,-7.2840524563341615],[109.74730478315921,-7.283933495104736],[109.74683333000279,-7.284110211475848],[109.74644829663187,-7.284571250236045],[109.74572248951769,-7.284859437708558],[109.7455452075707,-7.285184347265904],[109.74464935267599,-7.285633395927172],[109.74397631726004,-7.285745744187185],[109.74345799837303,-7.285538599053104],[109.7428777722158,-7.285794342857216],[109.7420491045126,-7.285367739919985],[109.7415944714572,-7.285591460846288],[109.74123052714485,-7.286284970909032],[109.74105607665031,-7.287797690603376],[109.74079394864599,-7.288177390202353],[109.74093790705602,-7.288637130278505],[109.73995199568725,-7.288835455712472],[109.7394009741558,-7.2895097736588115],[109.7390608589481,-7.290625643897362],[109.73839033935349,-7.2908428634748335],[109.7382842662838,-7.2914254285148346],[109.73866613199499,-7.291988431484917],[109.73794273390818,-7.292684238123349],[109.73804033184773,-7.293389049920859],[109.73782017189167,-7.293841456547498],[109.7368297780839,-7.294336667006003],[109.73658914560725,-7.294694938493784],[109.73665044337412,-7.295361142158751],[109.73626356066497,-7.295982184169612],[109.73626297211308,-7.296502097457671],[109.73704119346739,-7.297530790733218],[109.73757105052117,-7.297774492386014],[109.73706019674401,-7.298099744567279],[109.73663056855597,-7.298951681675148],[109.73663782916485,-7.299632724643233],[109.73641026518847,-7.300098199774234],[109.73655933308622,-7.3005100858247785],[109.7360905551191,-7.301484823870483],[109.73605141868684,-7.302768507541612],[109.73540996693619,-7.303177682546633],[109.73530896352965,-7.303538128652189],[109.73497048558157,-7.303880090589378],[109.73426383335801,-7.30419228295166],[109.73401440191572,-7.3045151933575045],[109.73342082066598,-7.304676961896926],[109.73284580854082,-7.305850148702788],[109.7328162456306,-7.306768661731262],[109.7325023911985,-7.30699169117443],[109.73125859998764,-7.306870439819111],[109.73040839714193,-7.306379025708434],[109.73008038706611,-7.306443658429113],[109.72974898415188,-7.306762684007387],[109.72909984397921,-7.306749159257284],[109.72829232506906,-7.307071905684184]]]}},{"type":"Feature","properties":{"waterway":"stream","name":"Kali Sampang"},"geometry":{"type":"Polygon","coordinates":[[[109.717815630972,-7.27819402025786],[109.7185318238805,-7.2785343407871315],[109.72019051873495,-7.277610980144306],[109.72090707044639,-7.277619044363724],[109.72132113086492,-7.277843417179127],[109.72214107134164,-7.277705203686931],[109.72302589342351,-7.2784534629012665],[109.7235384010386,-7.278623761849933],[109.72418780684208,-7.2786582734773955],[109.72446460078073,-7.2782408401321685],[109.72411604155293,-7.277739238426137],[109.72367358590337,-7.277634736102993],[109.72309719054857,-7.277131915855245],[109.72227699745272,-7.276811233190315],[109.71977535232962,-7.276689779083719],[109.71857096009052,-7.277481417937868],[109.71824669228113,-7.277206954936804],[109.71782359131754,-7.27718874133495],[109.71726151185926,-7.276707435650833],[109.71660888236805,-7.276636395207565],[109.71640218255904,-7.2769128066876245],[109.71645306311177,-7.2772532407822785],[109.717815630972,-7.27819402025786]]]}},{"type":"Feature","properties":{"waterway":"river","name":"Kali Telatasuren"},"geometry":{"type":"Polygon","coordinates":[[[109.71335855621737,-7.279383703366458],[109.71443571057672,-7.280008633594545],[109.7150112375163,-7.279902370222542],[109.71530856839198,-7.279481018535015],[109.71538366938694,-7.278724095665054],[109.71565273251991,-7.278657643676668],[109.71633150003896,-7.278879960181805],[109.71675467438992,-7.278656503071711],[109.71726567654792,-7.277181753225647],[109.71725536370475,-7.276837750292402],[109.71700284967119,-7.276601736957401],[109.71665605371632,-7.276611966406443],[109.71624345350817,-7.276953757001839],[109.71604369624576,-7.2778064602487955],[109.71556942725468,-7.277750544870418],[109.71480932779762,-7.277975275242539],[109.71441467748737,-7.278959296274255],[109.71347082314803,-7.27847144591193],[109.71285619855138,-7.27862487790732],[109.71241348733972,-7.279270885298779],[109.71215888838653,-7.279978815286339],[109.71222621993486,-7.280316427385365],[109.71251449874651,-7.280507928300187],[109.71285485483037,-7.28044113918368],[109.71335855621737,-7.279383703366458]]]}},{"type":"Feature","properties":{"waterway":"canal","name":null},"geometry":{"type":"Polygon","coordinates":[[[109.69733919816824,-7.403938931990602],[109.69512286973094,-7.404251486613238],[109.6934334831596,-7.403027885923192],[109.69293045477141,-7.403056154164667],[109.69275427989514,-7.403352667874745],[109.69297311643531,-7.403802713958288],[109.6947538043783,-7.405090600179101],[109.69533943207645,-7.405157642057703],[109.69730944844483,-7.404890446613493],[109.69779641919426,-7.404732923654623],[109.69812672111465,-7.404396362204908],[109.6984468139813,-7.4025353552345585],[109.69889265909532,-7.40144546006652],[109.69927221950252,-7.401144421795727],[109.70184070484203,-7.401212314377524],[109.70696822421954,-7.400842799952965],[109.70748821897116,-7.400673376016371],[109.708170548741,-7.400018482709202],[109.70865734607457,-7.398817195568645],[109.70898847079803,-7.395500701151773],[109.71026001019209,-7.394937402582245],[109.7107598553471,-7.394229986095978],[109.71449839141492,-7.393154166767429],[109.71527493258053,-7.393274068220553],[109.7161145248985,-7.392861154688614],[109.7176294417866,-7.392706415301875],[109.71854181640482,-7.392866956664177],[109.71922655520962,-7.3925569082050355],[109.71942069832636,-7.39211070250277],[109.71938677823289,-7.39149104005256],[109.71981649624536,-7.391128869377227],[109.71999149238081,-7.390702619920661],[109.71990434974381,-7.3872476583384685],[109.7200520036037,-7.387149091756198],[109.72153473043558,-7.387267721197466],[109.7234536662307,-7.388686942217079],[109.7247641279192,-7.38920878395752],[109.72677638434695,-7.389193918599616],[109.72767085012704,-7.388609193338444],[109.72843059643925,-7.388336477679783],[109.72904699076895,-7.388865151150297],[109.73432933957513,-7.3893403451183035],[109.73565339626849,-7.389651156207742],[109.73663263961826,-7.390070642779147],[109.73870631260834,-7.3900437677920765],[109.74007171279392,-7.389436462879728],[109.74096543474404,-7.388279500755543],[109.74181223202619,-7.3886757266103125],[109.74247176327984,-7.388724563731388],[109.7428473768422,-7.388412401269923],[109.7428322461014,-7.388068573543715],[109.7425763889582,-7.387836060775129],[109.74212348619687,-7.38782655701309],[109.74091683011768,-7.387280717176216],[109.74057882662719,-7.387275674928193],[109.73948239664999,-7.388751063732793],[109.73833745675604,-7.389211991409321],[109.73675490585764,-7.389173858759827],[109.7358577477984,-7.388773013400448],[109.73351715020775,-7.388324367215853],[109.7294084162608,-7.388019267020632],[109.72903204146263,-7.387616091883463],[109.72852488194724,-7.387440359347239],[109.7275202730625,-7.387679129845779],[109.72662222777537,-7.388296944955815],[109.724927135363,-7.388323423990149],[109.72400512926548,-7.387971975562295],[109.72232836393142,-7.386678458839652],[109.72169216086205,-7.386367955413344],[109.7201696879194,-7.386228717202982],[109.7196592149954,-7.386328281354747],[109.71925105484195,-7.3866049414557065],[109.71901126710384,-7.387046808202068],[109.71909980468288,-7.390531013828046],[109.71853185312922,-7.391139279519216],[109.71851630762325,-7.391894117319543],[109.71759718660942,-7.391807501554123],[109.71588572663073,-7.391984477900807],[109.7151428696109,-7.392383114664335],[109.71416700779666,-7.392303245300076],[109.71025568726701,-7.393411957396807],[109.70969425087482,-7.394232266773003],[109.70861797227708,-7.394646906847454],[109.70811526091651,-7.39520062552592],[109.70781115713788,-7.398451812796046],[109.70745647030262,-7.399430993220067],[109.7071257746802,-7.3998257474301345],[109.70125496727418,-7.400344995722867],[109.6993171454188,-7.4002189260687095],[109.69873841451468,-7.400391839179882],[109.69823439616701,-7.400808812128043],[109.69780603051582,-7.401658518320022],[109.69745138912472,-7.402816717453459],[109.69733919816824,-7.403938931990602]]]}},{"type":"Feature","properties":{"waterway":"canal","name":null},"geometry":{"type":"Polygon","coordinates":[[[109.6715153142251,-7.406970640310315],[109.67225892169488,-7.407876453088139],[109.67581952350695,-7.408830329092507],[109.67789052746336,-7.409789501306235],[109.67911414356598,-7.4108365513289],[109.68165139296217,-7.412282373034578],[109.68210103566918,-7.412297864623075],[109.68264610139957,-7.4120645296298715],[109.68296015619235,-7.411679935856835],[109.68327854144879,-7.410773679229387],[109.68345229571854,-7.410684958898832],[109.68464805509177,-7.411263988024655],[109.68598643026569,-7.411264727098681],[109.68673817345311,-7.411670031463906],[109.68705758459286,-7.412139091291797],[109.68739271820789,-7.412167124322347],[109.68852335530269,-7.411763888230536],[109.68947300154727,-7.41111670299681],[109.6906154575346,-7.409941155105745],[109.69125988297935,-7.408891693687575],[109.69143932306332,-7.407962129071137],[109.69149624276463,-7.405817099770147],[109.69095935219438,-7.40373657528648],[109.69106043394487,-7.403413095975414],[109.69141520631743,-7.403241424554449],[109.69202513409174,-7.403333581289962],[109.69315251664888,-7.403862131232008],[109.69348600453495,-7.403766867163144],[109.6936390224365,-7.403290831396949],[109.69271185029402,-7.402632153976971],[109.69163131801076,-7.402352994464478],[109.69093404594564,-7.402433197596185],[109.69030624239431,-7.402909546869413],[109.69004617436522,-7.40367304801844],[109.69057561121312,-7.405577296805325],[109.69041842937365,-7.40855417059384],[109.68993147103228,-7.409350305981316],[109.6888608908457,-7.41045299330688],[109.68754617579411,-7.411174053559492],[109.68626630604746,-7.410408090816953],[109.68496791489882,-7.410398798781327],[109.68337883503466,-7.409772333591175],[109.6828711807653,-7.409931327316575],[109.68256187004843,-7.410216423827165],[109.68214802824521,-7.411275689949068],[109.68191420340266,-7.411417325229803],[109.67957591616377,-7.410060570322093],[109.67831666250962,-7.408992968752971],[109.67610623051455,-7.407976726590082],[109.67275426147853,-7.407110667251242],[109.67216909338856,-7.406340070184284],[109.6717356803566,-7.406092464687867],[109.67107235441587,-7.406177938959925],[109.67037272400442,-7.406714778579798],[109.66864347574824,-7.407559705106259],[109.66842402882,-7.407826325071648],[109.66845897187874,-7.4081687311834985],[109.66872783620789,-7.408386346539618],[109.66907312463746,-7.4083516947909684],[109.67079110832982,-7.407513336211374],[109.6715153142251,-7.406970640310315]]]}},{"type":"Feature","properties":{"waterway":"canal","name":null},"geometry":{"type":"Polygon","coordinates":[[[109.664652425797,-7.406506269431054],[109.66495510936862,-7.407339552639976],[109.66583862166995,-7.407929791056636],[109.66882184855703,-7.408403904930862],[109.66926192357,-7.408160616037796],[109.66928982194541,-7.4078175748080834],[109.66906494080905,-7.407555445506837],[109.66613151910047,-7.407064382603137],[109.66566842053125,-7.406769138372718],[109.66528248658683,-7.405850803351745],[109.6645327049047,-7.405492575434379],[109.6634529259366,-7.405549048539037],[109.66168432585874,-7.407187346967313],[109.66022907164334,-7.407881217121824],[109.65787360375806,-7.406853877138248],[109.65644579673904,-7.406848904597215],[109.6558083605874,-7.405605368200878],[109.65530730447067,-7.405657803346583],[109.65514584189602,-7.405962443525054],[109.65559295751714,-7.407276099354424],[109.65601200403773,-7.40765351674485],[109.6576082221086,-7.407718237087043],[109.6600054653296,-7.408788128144999],[109.66049210366911,-7.40874552031983],[109.66218203383775,-7.407943728323751],[109.66383236670978,-7.40637419955177],[109.664652425797,-7.406506269431054]]]}},{"type":"Feature","properties":{"waterway":"canal","name":null},"geometry":{"type":"Polygon","coordinates":[[[109.64309597629976,-7.410234082387483],[109.6443692459375,-7.410053976785817],[109.64483105073451,-7.409700692980178],[109.6449143240097,-7.409401111683387],[109.64484305916878,-7.408347848943656],[109.64420690223132,-7.407607052156275],[109.64399840650952,-7.406949891198434],[109.64351844918191,-7.406499206027119],[109.64393678022824,-7.4046960342955215],[109.64419886790127,-7.404334962444557],[109.64470274092342,-7.404105583558138],[109.64545449069557,-7.404250798252305],[109.6460643668797,-7.40414925252985],[109.64697900076312,-7.403569807409071],[109.6473459858068,-7.402881858370785],[109.6485415764648,-7.4029910517659925],[109.64902685953145,-7.403691721340657],[109.64957693078925,-7.403919888403875],[109.65387880318332,-7.4028413084040725],[109.65420491522012,-7.402895895957776],[109.65528973216362,-7.404891309226372],[109.65515396953444,-7.4060973722068],[109.65551525603078,-7.406445620267103],[109.65585464324207,-7.406373696819534],[109.65604334054535,-7.4060848583923535],[109.65614169698992,-7.404571972993298],[109.65496737020827,-7.4024049317008584],[109.65429510489953,-7.401958570459553],[109.65376229045162,-7.401948764649656],[109.64963119398179,-7.403013086099449],[109.64896808372222,-7.402189410607774],[109.64712346700858,-7.401997874367698],[109.646685733596,-7.402262081962743],[109.6463131178885,-7.402955574770875],[109.6457234168215,-7.403314465587796],[109.64473152878392,-7.403201185199864],[109.64424844461905,-7.403300037278283],[109.64354891086754,-7.403701013652285],[109.64309798411654,-7.404348467085199],[109.6426234548509,-7.40677158087531],[109.64292640653835,-7.407275312016814],[109.64324698295589,-7.407478112852183],[109.64344197521831,-7.408116804461394],[109.64401072523432,-7.408737969775851],[109.64402360186291,-7.409212793560058],[109.6428827645806,-7.409350807442772],[109.64251939533995,-7.409530742627494],[109.6421561408656,-7.4099806012231815],[109.64123112490338,-7.410184618047324],[109.63733323308658,-7.409385514853464],[109.63676867578612,-7.409391662720484],[109.63630004264009,-7.409568657508859],[109.63497449674922,-7.410555201537653],[109.63481608565695,-7.41102950013264],[109.63502939598166,-7.411300974673706],[109.63537380794597,-7.411343362824556],[109.63701827872663,-7.410267419186458],[109.64136337421841,-7.411076301375048],[109.64261833291224,-7.4107595219161615],[109.64309597629976,-7.410234082387483]]]}},{"type":"Feature","properties":{"waterway":"canal","name":null},"geometry":{"type":"Polygon","coordinates":[[[109.65583395377071,-7.40547780403717],[109.6553342993006,-7.404724196495487],[109.6545781114024,-7.404098805174425],[109.65376470710677,-7.403871621249448],[109.65238334557127,-7.403804006146882],[109.65162150920628,-7.403977046279618],[109.64959645891868,-7.4054245260282645],[109.64734971605334,-7.40438176794192],[109.64591895259278,-7.404051777643584],[109.64449603409916,-7.40415870654807],[109.64408395273021,-7.404524876231963],[109.64383423371319,-7.405044161689412],[109.64394939690216,-7.406989851719175],[109.64410257616774,-7.407298670035531],[109.64443109559912,-7.407409627158099],[109.64483113112495,-7.40710587213213],[109.64474417336731,-7.4052033847318],[109.64518865583568,-7.404910057372785],[109.64640634277286,-7.405006534101332],[109.64884617618276,-7.406161718318159],[109.64959369240773,-7.406357647485068],[109.65009634283508,-7.4061767387535875],[109.65218199553622,-7.40470624266763],[109.65420404045898,-7.404919928371516],[109.65545971066788,-7.406431828452664],[109.65580553243005,-7.4064028933783925],[109.65602943277068,-7.406139940340192],[109.65583395377071,-7.40547780403717]]]}},{"type":"Feature","properties":{"waterway":"canal","name":null},"geometry":{"type":"Polygon","coordinates":[[[109.5994327391012,-7.426097595532691],[109.59729102295242,-7.4259399619658435],[109.59576737515201,-7.425049679903247],[109.59508390738156,-7.42512167602198],[109.59454077676075,-7.425473223566054],[109.59398536776081,-7.426512415978513],[109.5910508474501,-7.4293396685090585],[109.58907232338701,-7.429596776912077],[109.58858246688202,-7.4298822234198285],[109.58695072622825,-7.43209210801997],[109.5833987185329,-7.433443403411389],[109.5829830981453,-7.433337686833777],[109.582478575628,-7.432822677015239],[109.58175067616627,-7.432495377320758],[109.58051918714575,-7.432658369671955],[109.57959715207026,-7.43381179406943],[109.57892282829266,-7.435225137220618],[109.5776656866466,-7.4356129712245425],[109.57747315133952,-7.4358993165891345],[109.57754120221897,-7.436236791474912],[109.57800691324366,-7.436427532097374],[109.57930970383198,-7.436092865172434],[109.57990127222088,-7.435400524695613],[109.58035727636303,-7.434303567534202],[109.58099605795199,-7.433459447059018],[109.58150350921764,-7.4333717016862915],[109.5820134788633,-7.433601009387666],[109.58249308942698,-7.43411123928617],[109.58352901106095,-7.434346629453168],[109.58745969517325,-7.432843774542949],[109.58915085572941,-7.430585977734669],[109.5897438881086,-7.430392511037508],[109.59104540989296,-7.43031642625399],[109.59163715200373,-7.430029530693632],[109.59464379099718,-7.427132933599596],[109.5954336579487,-7.425957866137746],[109.597010852736,-7.426808581493225],[109.59951560883538,-7.4270000273392185],[109.5998715416771,-7.4268939706454775],[109.60116782294556,-7.425462512583409],[109.6046685867023,-7.4235955817451735],[109.60524835454483,-7.422729724576212],[109.60577480123935,-7.422332436432985],[109.60874741756426,-7.42178728405582],[109.61108666901384,-7.4205343737989695],[109.61188045744574,-7.419091212078684],[109.6149606474751,-7.418580934811592],[109.61764610996758,-7.41674766863784],[109.61910321993783,-7.416461052472875],[109.6198118387976,-7.415865696210751],[109.62090178157487,-7.413635554840679],[109.62121280781277,-7.413609914058095],[109.62207274470049,-7.41446107111619],[109.62333606321599,-7.414700325556562],[109.62480112296281,-7.414253633205908],[109.62627001301276,-7.413014630182834],[109.62776963339675,-7.412189184062166],[109.62962621531861,-7.413054862967794],[109.63049761959451,-7.413143597535421],[109.63471800976366,-7.412032881858158],[109.63530424561957,-7.4116343147508355],[109.63569541030465,-7.4108104131046755],[109.63549494948113,-7.4105294742862835],[109.63515287538566,-7.41047138355373],[109.63461421106845,-7.411047000870057],[109.63416046657112,-7.411291956193897],[109.6303154660148,-7.412261167120502],[109.63000563311056,-7.412236943088497],[109.62822688991342,-7.411360962887935],[109.62756607939735,-7.411307088679685],[109.62678409922616,-7.411591916437822],[109.62573693651687,-7.412286413273662],[109.62433460924808,-7.413478177861482],[109.62315562256155,-7.413815173450297],[109.62247055597216,-7.4136471358191915],[109.62173538848174,-7.412834644800615],[109.62111790525937,-7.412692448267831],[109.6204981357062,-7.412826467818422],[109.61986405175611,-7.413483843135968],[109.61918383426793,-7.415161384780816],[109.61866261729679,-7.415673088501759],[109.61720861940647,-7.415954871995292],[109.61460703027649,-7.417751231604386],[109.61149095658557,-7.4182767275251225],[109.61114060754188,-7.418566484300666],[109.61046934878789,-7.419873751887333],[109.60840020848481,-7.42095633937674],[109.605358055335,-7.42153019624194],[109.60462313756837,-7.422075334675113],[109.6040867954279,-7.422896224255644],[109.60061477812906,-7.424747922908337],[109.5994327391012,-7.426097595532691]]]}},{"type":"Feature","properties":{"waterway":"canal","name":null},"geometry":{"type":"Polygon","coordinates":[[[109.69410397773174,-7.400562547074491],[109.69533218556145,-7.40077243748578],[109.69750338223429,-7.399597110027494],[109.69838985300078,-7.3997660882768574],[109.69906839786074,-7.399351620946983],[109.70107782929864,-7.400390647413042],[109.70181041736517,-7.4002874075235034],[109.70237595446568,-7.399805623519192],[109.70263603230303,-7.399291010841831],[109.70313630719228,-7.399157061814956],[109.70357429261874,-7.398821244539935],[109.70411824309926,-7.398751982015765],[109.70438243140643,-7.3982178590038865],[109.70488113029846,-7.39785848118668],[109.70517373811312,-7.396896325718399],[109.70504868238116,-7.396495309943597],[109.70475617217558,-7.396225553389908],[109.70497853891017,-7.395942365383365],[109.70571711719234,-7.39582994494754],[109.70597345461233,-7.395501404024136],[109.70729878330242,-7.396035239797257],[109.70822541795906,-7.396047875879664],[109.70871454646957,-7.395542336531736],[109.70865003044706,-7.394830152335984],[109.70984744650048,-7.394953127522537],[109.71026864186324,-7.394667603371627],[109.7106515311939,-7.393999037691636],[109.71433176848691,-7.393056881822157],[109.71616980490057,-7.39282168598566],[109.71638386135463,-7.3925507965508706],[109.7163420687619,-7.392209146206451],[109.7158924958158,-7.391983612258878],[109.71419601644989,-7.3921674426121],[109.71049134245676,-7.39308707455699],[109.70995530436734,-7.393416700972624],[109.70953378380068,-7.394097036954203],[109.70836624314921,-7.393830935288252],[109.7079928469329,-7.393912297496976],[109.70774438358373,-7.394087322634608],[109.70759475824457,-7.394470506248887],[109.70781851313724,-7.395189300425799],[109.7065097133397,-7.394685525439863],[109.7059012419135,-7.394584412231911],[109.70544899354466,-7.394704575924524],[109.70521702734972,-7.39497610297296],[109.70443419858555,-7.395219708655832],[109.70395983176378,-7.3956535808208725],[109.70381676601693,-7.396093914047074],[109.70405328063421,-7.39681503291612],[109.70394311813632,-7.397227608759968],[109.70345044832402,-7.397811555784131],[109.70298126430674,-7.397992562328823],[109.70277584428459,-7.398331148745826],[109.70200521847214,-7.39861963767869],[109.70145008039556,-7.399459031499033],[109.69931170843647,-7.398479911715045],[109.69890212406108,-7.398452617201702],[109.69820311988748,-7.3988769814160955],[109.69763804190424,-7.3986895836479505],[109.69713838211874,-7.398773839260163],[109.6952254693507,-7.399873472969655],[109.69372876729062,-7.3996541056629725],[109.69310842475062,-7.4002380983201945],[109.69127461262133,-7.400607954099335],[109.6910872345193,-7.401071751207132],[109.69144762072384,-7.401420911225021],[109.69193461112073,-7.401406919687971],[109.69342085197714,-7.401083435485678],[109.69410397773174,-7.400562547074491]]]}},{"type":"Feature","properties":{"waterway":"ditch","name":null},"geometry":{"type":"Polygon","coordinates":[[[109.62921480720368,-7.397821210615044],[109.63030644241839,-7.397269416021623],[109.63049142595607,-7.396748208919637],[109.63035710971332,-7.396248669211958],[109.63095741935842,-7.395973768188665],[109.63164074653096,-7.397012105808996],[109.63211852856847,-7.398259836484084],[109.63262361704653,-7.398624910145916],[109.63358841014627,-7.398365606010737],[109.6356723680555,-7.397420148187753],[109.63679681020461,-7.397245395971612],[109.63957478074273,-7.3971932875343525],[109.64728814563777,-7.398242270890093],[109.64830497834377,-7.398681587974062],[109.65455194076588,-7.398764613867278],[109.6553147939161,-7.3998870252754925],[109.65741658810349,-7.400593621870843],[109.65916536437263,-7.399449140857959],[109.65994283053033,-7.398380507700431],[109.66099633444273,-7.398318311596144],[109.66191499169749,-7.39776578683486],[109.66309360582954,-7.397651560179291],[109.66400915382121,-7.39775936175318],[109.66651891743555,-7.398728373896149],[109.6668975874762,-7.399018046577563],[109.66730374930974,-7.398856451319275],[109.66740409915015,-7.398526997894958],[109.6671502871769,-7.397974569607803],[109.66473058400095,-7.397037403161276],[109.66358769974659,-7.396752239823697],[109.66163987574423,-7.396903836069301],[109.66069651688943,-7.397464385598202],[109.65936750558251,-7.397491729370966],[109.65856976976514,-7.398766548223496],[109.65731912271724,-7.399682639742911],[109.65588135115715,-7.399167611147734],[109.65525085012766,-7.39818060062858],[109.65484962229515,-7.397895672753855],[109.64853681251074,-7.397799909492725],[109.64745656095651,-7.397357118607299],[109.63964261425468,-7.396296424548741],[109.63672533044742,-7.396348579075269],[109.63551529697203,-7.396534261894089],[109.63486481455689,-7.3967003447419835],[109.6328604286805,-7.397681922425777],[109.63243432403509,-7.396575128330325],[109.6316459238037,-7.395309724546413],[109.63110574554646,-7.395035914287943],[109.6302497186594,-7.395223166630879],[109.629608759465,-7.395551728547982],[109.62938679426041,-7.396041804636144],[109.62954170480755,-7.396666614131989],[109.6283589929066,-7.39737536814547],[109.6283084652428,-7.398249449917745],[109.62844095221197,-7.39856753938973],[109.62876144636918,-7.398699559948655],[109.62908220625799,-7.39856817557901],[109.62921480720368,-7.397821210615044]]]}},{"type":"Feature","properties":{"waterway":"stream","name":null},"geometry":{"type":"Polygon","coordinates":[[[109.64095368418185,-7.386592370644966],[109.64206183072845,-7.387084590315342],[109.64307175703037,-7.38693755938985],[109.6432796892573,-7.3870312892727314],[109.64303222904998,-7.38781489247654],[109.64327125205806,-7.388198896303862],[109.64332333202186,-7.388751765740507],[109.64402530536721,-7.389853582773878],[109.64420191174986,-7.390484847710487],[109.64391039223096,-7.390929624670969],[109.6440879602055,-7.392018456220227],[109.64376112789458,-7.392881972169617],[109.64409005639278,-7.393477642853214],[109.64508648092706,-7.394230568568208],[109.64628470232715,-7.393807005575877],[109.64764709112488,-7.39396291725323],[109.64888205091616,-7.394919024842087],[109.64969945862833,-7.39632371303959],[109.65012208351143,-7.39670800239767],[109.65191932018485,-7.397007752554421],[109.65223696383457,-7.39686912528809],[109.65236272470631,-7.396548362145004],[109.65222293412769,-7.396233361978625],[109.65178401488983,-7.396027402975459],[109.65045888756396,-7.395827259110307],[109.64952911030868,-7.394286308997936],[109.6481535532265,-7.393211270241218],[109.64669087350084,-7.392860585436572],[109.64600638704036,-7.392948806308795],[109.64528708028405,-7.3932633732158966],[109.644752874792,-7.392848885016869],[109.64499837307108,-7.392056681756535],[109.64483039745112,-7.3911522078439535],[109.64515917843745,-7.390499267842235],[109.64483062630592,-7.389433807570606],[109.64422223377558,-7.388468750844728],[109.64449062353967,-7.3878388077536465],[109.64408816338405,-7.387439540449322],[109.64416390064352,-7.386689042789835],[109.64398196165448,-7.386370784908107],[109.64312235898552,-7.386016839839961],[109.64223401815295,-7.386193547538475],[109.64096928683885,-7.385649822348568],[109.64036918854623,-7.385768301257298],[109.64006729737144,-7.386355051756698],[109.6395626819637,-7.386352647387368],[109.63893249147576,-7.385831149614145],[109.6380838124898,-7.385670772386231],[109.63774684599431,-7.385753067970946],[109.63756725306034,-7.386047554050233],[109.63778085051712,-7.3865000647308205],[109.63850828626789,-7.3866555808812775],[109.63904227645841,-7.387283101264516],[109.63937019815187,-7.3874423816155375],[109.6397769653937,-7.387278355822652],[109.64025409004022,-7.387322387419852],[109.64080818480214,-7.386898629220917],[109.64095368418185,-7.386592370644966]]]}},{"type":"Feature","properties":{"waterway":"stream","name":null},"geometry":{"type":"Polygon","coordinates":[[[109.6438895172127,-7.394122870482533],[109.6434094667733,-7.394412039863475],[109.64320754688282,-7.395195892280842],[109.64346909328971,-7.396084830959459],[109.64389390656703,-7.3963534571409575],[109.64430673577354,-7.396067044789302],[109.64413320041716,-7.395045069009688],[109.64462470436334,-7.394740342360216],[109.64484280824055,-7.394408596089729],[109.645442858659,-7.394286502065608],[109.64566710569595,-7.3937013343923415],[109.64530012338402,-7.393359004283602],[109.64423881152163,-7.39355254533421],[109.6438895172127,-7.394122870482533]]]}},{"type":"Feature","properties":{"waterway":"stream","name":null},"geometry":{"type":"Polygon","coordinates":[[[109.6430914550435,-7.386179189596318],[109.64388754725339,-7.386003514741969],[109.64566161420977,-7.38636213123775],[109.64695374466886,-7.386994015681753],[109.64680536552946,-7.387808911251243],[109.64697437967071,-7.38809257412853],[109.64736827524843,-7.388285042891475],[109.6476314823157,-7.388965929675882],[109.64820054043975,-7.389219647979093],[109.64899429301593,-7.38898040749014],[109.64919173479682,-7.389387288145556],[109.64971714525653,-7.389864750721752],[109.65093414632487,-7.390623130536145],[109.6513233696402,-7.391216342462925],[109.65172990471092,-7.392413556051068],[109.65149964992595,-7.394552817429931],[109.65182916338323,-7.395248905348412],[109.65259575878414,-7.395867777322459],[109.65442736570414,-7.396533327503119],[109.65492431669199,-7.397376689486372],[109.65572732601329,-7.397556528530682],[109.65606714943439,-7.397899966226527],[109.6571999986505,-7.398426008248078],[109.65769896127529,-7.398356725096804],[109.65784989231236,-7.398046821580614],[109.65759440098796,-7.397616191665421],[109.65601958034007,-7.396697039965055],[109.65558926121858,-7.3966636251280065],[109.65493417387718,-7.395766365919056],[109.65363669441386,-7.3953666558219195],[109.65247447510646,-7.394609449086194],[109.65245053491878,-7.393369859694244],[109.65262779842683,-7.392266197192136],[109.65211137095659,-7.390765594573536],[109.65150240135067,-7.3898951659875065],[109.65022756205884,-7.389107031763683],[109.64936743849793,-7.388055754845915],[109.6490199299207,-7.388012248147345],[109.64830598386656,-7.388284346622265],[109.64824072576779,-7.387911900947541],[109.64785514367472,-7.3874966505800606],[109.64785002174933,-7.386777776592268],[109.64752940847639,-7.386277565602042],[109.64654303623156,-7.385664786215852],[109.64383169400823,-7.38510187818837],[109.64252172992526,-7.385459972847578],[109.64219999908755,-7.385943650420178],[109.64223301042975,-7.386855996697111],[109.6425342609233,-7.387026850281255],[109.64286909995224,-7.386936413436487],[109.6430914550435,-7.386179189596318]]]}},{"type":"Feature","properties":{"waterway":"stream","name":null},"geometry":{"type":"Polygon","coordinates":[[[109.73203471776243,-7.455445089019718],[109.73244592716877,-7.455498221842033],[109.7327715017839,-7.4553068023824745],[109.7333738055164,-7.455394760214895],[109.73394008909118,-7.454992579697889],[109.73423229702156,-7.455183948130202],[109.73457915380594,-7.455171359451171],[109.7348154409215,-7.454919266276445],[109.7348027446146,-7.454575341599064],[109.73455187687566,-7.454220226609984],[109.73393188951749,-7.453980307007551],[109.73349123341711,-7.45411562999772],[109.7331941884194,-7.454449093372392],[109.73255502155769,-7.454388670055805],[109.73184628474422,-7.454550978119419],[109.731591566228,-7.454721189520947],[109.73149009530256,-7.455050309021128],[109.7316530511896,-7.455354175934027],[109.73203471776243,-7.455445089019718]]]}},{"type":"Feature","properties":{"waterway":"stream","name":null},"geometry":{"type":"Polygon","coordinates":[[[109.73110026365036,-7.4619553432581265],[109.7314291121977,-7.4625768049215555],[109.73179594493148,-7.4628073175195055],[109.73176189021098,-7.46346994769425],[109.73141699562859,-7.464170496438448],[109.73159114162654,-7.464849933755934],[109.73129911413488,-7.46567979074067],[109.73143256582736,-7.465958381287971],[109.7317718764441,-7.466155652917349],[109.73225693309493,-7.467390204054725],[109.73296496531923,-7.4679032823658895],[109.73254166357957,-7.469216939479738],[109.73234091367273,-7.469584374532046],[109.73182684148306,-7.469947818106111],[109.73163472189991,-7.470354907710966],[109.73181347236263,-7.471431766454374],[109.73200335656036,-7.471672895286449],[109.73238616629102,-7.471774929161582],[109.73281826248322,-7.47151785774694],[109.73283512600827,-7.471174109152399],[109.73256248547392,-7.470552423519667],[109.73295344832094,-7.470303979184427],[109.73337703810374,-7.469641695293588],[109.73382312302948,-7.468362882104073],[109.73387830667403,-7.467679699769007],[109.73375350716404,-7.467369908308499],[109.73303692236904,-7.4668292520094495],[109.73233431775147,-7.465373940290884],[109.73251003400696,-7.464886754359574],[109.73236319896004,-7.464237537265158],[109.73265698545387,-7.463742031073038],[109.73276080601119,-7.462489525730314],[109.73253931288309,-7.462119707274661],[109.73200888125798,-7.461826747163103],[109.73204610152699,-7.461260892207517],[109.73256061937907,-7.4608571958356364],[109.73256540872066,-7.460290936764882],[109.73279025389498,-7.459664851517643],[109.73241839209415,-7.458749445465957],[109.73260991412393,-7.457520534673514],[109.7322468783625,-7.456901502694371],[109.73239234173883,-7.454958643628826],[109.73206878709911,-7.454575615698418],[109.7315880798627,-7.45472543569265],[109.73139124192438,-7.455253157976019],[109.7312829852518,-7.4570297245501225],[109.73167909609246,-7.457657275206794],[109.73149637476912,-7.458993483784957],[109.73185408203538,-7.45970847024387],[109.73165171234616,-7.460419860588913],[109.73108740530252,-7.460897004695842],[109.73110026365036,-7.4619553432581265]]]}},{"type":"Feature","properties":{"waterway":"stream","name":null},"geometry":{"type":"Polygon","coordinates":[[[109.73123248874963,-7.449811193585141],[109.73128160035355,-7.45167805885963],[109.73173725036887,-7.4528348309066335],[109.73160387007498,-7.453651963904126],[109.73108877587593,-7.454111688933846],[109.73106372022359,-7.4545728713459445],[109.73144342032433,-7.455185148726009],[109.73198636461908,-7.455454654279299],[109.73237558709573,-7.455137334037888],[109.73234124891516,-7.454794867389445],[109.7320272229893,-7.454491281460133],[109.73254456228699,-7.453993906191602],[109.73266576718534,-7.452717485863155],[109.73229663109302,-7.451758073411043],[109.73205508161858,-7.44942739608901],[109.73177473328276,-7.449224495673823],[109.7314318036095,-7.449277586253434],[109.73123248874963,-7.449811193585141]]]}},{"type":"Feature","properties":{"waterway":"river","name":null},"geometry":{"type":"Polygon","coordinates":[[[109.6463596487509,-7.501259668989882],[109.64640134453715,-7.5002517972696765],[109.64665563981708,-7.499798562851235],[109.64886097102902,-7.499059163365656],[109.64953033192023,-7.499438284289267],[109.65072139105469,-7.499455649302718],[109.65106044724715,-7.499188432388815],[109.65136873262848,-7.49844831561153],[109.65262679541011,-7.497708559423407],[109.6531339143221,-7.496964055058584],[109.65312419463125,-7.496456647430805],[109.65239402317637,-7.495766806546928],[109.65137890421757,-7.4952811467200995],[109.65138271177598,-7.494747018869441],[109.6509996014538,-7.494145020938385],[109.65268103616218,-7.493845953947474],[109.6536358562643,-7.493889385021324],[109.65426861840614,-7.493589514270627],[109.65502649518251,-7.492608702188086],[109.65499422754309,-7.492286576330589],[109.65472594703816,-7.491925099825254],[109.65544908180794,-7.491699114996032],[109.65568068873988,-7.491039157728231],[109.65640930565475,-7.491015085834287],[109.65732004702112,-7.490317946643311],[109.65837412853712,-7.489958701718391],[109.65895228389563,-7.489463341475706],[109.65892930398307,-7.488979787386499],[109.65715626238386,-7.487260630957039],[109.65648552578564,-7.486935515000208],[109.65684174429205,-7.48675369587329],[109.6569786792318,-7.4864551089358615],[109.65642474931454,-7.485606864867363],[109.65887390181165,-7.484216681363097],[109.66035039077502,-7.482620820084781],[109.66097836303709,-7.482487863428241],[109.662014212437,-7.48160903195905],[109.6629870720357,-7.4818505120845815],[109.66359626990022,-7.48174402238912],[109.66379881076081,-7.481458234743368],[109.66365464274152,-7.480291561434707],[109.66502268135767,-7.480163259780601],[109.66592750043623,-7.479429586852605],[109.66588998013245,-7.478931338086955],[109.66541135043332,-7.478775035593918],[109.66464938068812,-7.479322261004521],[109.662899650341,-7.479580468326577],[109.66266546613707,-7.479990155016115],[109.66286491535297,-7.480912644259366],[109.66177891678514,-7.480684239179843],[109.6604897694884,-7.481699294112829],[109.6598011046968,-7.481881139823816],[109.65837621427657,-7.483460528471771],[109.65573012596747,-7.484920662836381],[109.65546844183498,-7.485752706127503],[109.65578562161562,-7.486251440778095],[109.65517187283801,-7.486579795699673],[109.65508711320753,-7.487054117409087],[109.6556846019148,-7.487558808086628],[109.65657745358665,-7.487958051695096],[109.65786839053561,-7.489204784029528],[109.65685348760663,-7.489532776456557],[109.65613972640861,-7.490139735673465],[109.65565168402864,-7.49005475589079],[109.65507070744657,-7.4903498412740275],[109.6547417656046,-7.491014801343262],[109.65383127267263,-7.491006599053796],[109.65363346942334,-7.491302443154774],[109.65363699014264,-7.491850626120775],[109.6540220258047,-7.49249300095917],[109.6537701058995,-7.492830265192543],[109.6534220720754,-7.4929995097869755],[109.65257882491157,-7.492950562362252],[109.65047070183567,-7.493329112975761],[109.65018545916934,-7.493510494196266],[109.65008069150726,-7.494240719727395],[109.65049185941805,-7.495018972694596],[109.65056114238871,-7.495858323992853],[109.65182823162526,-7.496473555308302],[109.65216613716753,-7.496787123629143],[109.65199424868672,-7.497046890028328],[109.65063219467753,-7.49788261247819],[109.65033725079611,-7.498581822181366],[109.64976538116753,-7.498555264117141],[109.64904653568495,-7.498148749202375],[109.6481239801927,-7.498274864232005],[109.64606615886558,-7.499068088081253],[109.64555625474442,-7.49990801116904],[109.64544044128702,-7.501533420163451],[109.64555671868773,-7.501852964205072],[109.64607519877097,-7.502198490314554],[109.6467860113921,-7.502088821317625],[109.64780999561492,-7.502566287805917],[109.64837223587662,-7.502376228216327],[109.64800873001539,-7.503682066961992],[109.64798656228128,-7.504929374607746],[109.64753585453941,-7.5058067427256105],[109.64768822625803,-7.506499509650154],[109.64888920322426,-7.507939905873735],[109.64954554621681,-7.508098438437173],[109.64928796749136,-7.508559267060082],[109.64957926958182,-7.50915940215404],[109.65070928945715,-7.509462198987498],[109.65199076024672,-7.509523425258888],[109.65078548208452,-7.509889617057111],[109.65056835908538,-7.510773884138949],[109.65010302226145,-7.5115375409562235],[109.65003573559746,-7.512103352514253],[109.65025553090379,-7.512656635284981],[109.650143479146,-7.513712180017456],[109.65035308690275,-7.513986512907744],[109.65069696487252,-7.514033552950672],[109.65103159786607,-7.51365996049171],[109.65117079685214,-7.512659760350208],[109.6509804837209,-7.511784378785752],[109.6513729549704,-7.511198315706805],[109.65154526403943,-7.510525343219952],[109.65305119362073,-7.510057304296123],[109.65342005338613,-7.5096122717303],[109.65341329459751,-7.5091610605194274],[109.65299545508506,-7.50869275694989],[109.65049414491939,-7.508513213375252],[109.65135351917442,-7.507702964618939],[109.6514861771901,-7.507128329004396],[109.65134058102907,-7.506759371931128],[109.6509726825623,-7.5064721376033114],[109.65028096942072,-7.506400648570744],[109.64974814587465,-7.5066239148893175],[109.64941436238897,-7.507087313157707],[109.64844293604304,-7.505996125777764],[109.64885714909313,-7.505188036840106],[109.6488998266449,-7.503861394516622],[109.64934046861721,-7.502317248186124],[109.64913577731845,-7.501682088571245],[109.64860122626328,-7.501478164711071],[109.64786088032248,-7.501633427875428],[109.64694002887006,-7.501168403042803],[109.6463596487509,-7.501259668989882]],[[109.65010804682397,-7.507671100997903],[109.65035849592793,-7.5073148455240295],[109.6505454241886,-7.507283745643419],[109.65010804682397,-7.507671100997903]]]}},{"type":"Feature","properties":{"waterway":"river","name":null},"geometry":{"type":"Polygon","coordinates":[[[109.65358934208125,-7.477607820983446],[109.65357963074226,-7.478248206645868],[109.65394448756071,-7.478978508426246],[109.65442656940284,-7.479285571651095],[109.65492166673825,-7.47922791328433],[109.65579586632535,-7.480756266834376],[109.6564873630092,-7.481065749393241],[109.6566318920531,-7.482812006352991],[109.65708249284052,-7.48301430261107],[109.65770883117467,-7.4843917743468],[109.65800447910718,-7.484572101876142],[109.65834214026918,-7.484492338904671],[109.65852401691428,-7.4841992096038075],[109.65839901144044,-7.483587446301705],[109.65781846089175,-7.482337464627515],[109.65741731522779,-7.482061960133826],[109.65734916310493,-7.480532009717168],[109.65647612947996,-7.480104101210906],[109.65587302423891,-7.479113982880073],[109.6559505879722,-7.478777692988474],[109.65581494896014,-7.4784817738421845],[109.65526211131099,-7.478228372011607],[109.65466804400336,-7.478364363259389],[109.6544792369424,-7.4780360764015406],[109.65450752192227,-7.477450505113703],[109.65398140185648,-7.476643411720354],[109.65421701863784,-7.476112730127756],[109.65405717065593,-7.475100187360602],[109.65465081854379,-7.47435506443659],[109.65437908672679,-7.473005112042202],[109.65476914700459,-7.472444990021132],[109.65452246089332,-7.471698961191797],[109.6546808724641,-7.471260089815709],[109.65432094222791,-7.4709104096147],[109.65398121718238,-7.470980983998892],[109.65353491549365,-7.47143068268463],[109.6537551673014,-7.472239451342709],[109.65339744114637,-7.472846087506641],[109.65371505708531,-7.4741748683097065],[109.65313297770741,-7.474791464088079],[109.65329597160643,-7.475913749125994],[109.65277950931339,-7.476719040582737],[109.65282701912884,-7.477042217361546],[109.6531701798639,-7.47745634076366],[109.65358934208125,-7.477607820983446]]]}},{"type":"Feature","properties":{"waterway":"stream","name":null},"geometry":{"type":"Polygon","coordinates":[[[109.68733378164303,-7.501499021705872],[109.6865981373741,-7.502071054964876],[109.68664307824635,-7.502412313537506],[109.68691824621797,-7.502622113717916],[109.687262451503,-7.502577557181496],[109.68823012299599,-7.501889664196305],[109.68828029237947,-7.501400146944164],[109.68893095738466,-7.499874448744975],[109.68890267655219,-7.498997020679615],[109.68868560318042,-7.498474283584792],[109.6889335068417,-7.498289229106776],[109.68909082192927,-7.49783268756214],[109.68877876561646,-7.497248533426054],[109.68784949083197,-7.497076181712449],[109.68758123902035,-7.496411444909748],[109.6875917615057,-7.4959825618530465],[109.68900660637338,-7.495547404935807],[109.69034067162282,-7.494780675863514],[109.69065170492574,-7.494082371348227],[109.69138862454207,-7.4936665028138085],[109.69176393520577,-7.492869458079121],[109.69245931922175,-7.4931219990639155],[109.69335700224434,-7.493094379150283],[109.69376652609002,-7.492377047864605],[109.69413405362778,-7.492355990445847],[109.69485611711917,-7.491814432802189],[109.69495380680286,-7.490292689907237],[109.69590503465693,-7.490222519505714],[109.69646034767378,-7.4896720203844875],[109.69669729332867,-7.488897585360459],[109.696698556621,-7.487909281120327],[109.69625502755775,-7.487120114749848],[109.69559998927392,-7.486921125047623],[109.69662098029384,-7.48626190383568],[109.69687646695667,-7.485850420462214],[109.69692918230483,-7.485529995869827],[109.69651450118837,-7.48471083859654],[109.69709817336157,-7.483930978369979],[109.69714599254742,-7.483369652170929],[109.69750649723004,-7.483592147664077],[109.69806506663487,-7.483547097610836],[109.69835996000079,-7.483379603117326],[109.69861082011654,-7.48291344248205],[109.69847535316906,-7.481124727893072],[109.6991889458628,-7.479899401990405],[109.69951290877312,-7.47855842091422],[109.69998851326751,-7.477661727199132],[109.69989293764976,-7.477004837050282],[109.69918432704158,-7.476347228845382],[109.69918829511359,-7.4757628647419025],[109.69893845392227,-7.475189087961798],[109.69919633784183,-7.473854112016491],[109.69930633580182,-7.47364810474034],[109.6999043418966,-7.473389645315413],[109.70035787081656,-7.472587196571067],[109.70134059042604,-7.472105133221075],[109.70163668118428,-7.471353927994041],[109.70132436523936,-7.470961826431189],[109.70097835757858,-7.47098912840031],[109.7006366885352,-7.471516402020466],[109.6993247727218,-7.472141779128002],[109.69922085513045,-7.472717605635612],[109.6986845581021,-7.472951843385664],[109.69830413834961,-7.473630317275495],[109.69803590014256,-7.475363918481885],[109.69828769656775,-7.475943665202104],[109.69829866895182,-7.476604250231507],[109.69854072133354,-7.477049648158652],[109.6990687385258,-7.477476733707068],[109.69863639102098,-7.4783151494000135],[109.69838547140581,-7.479475119718141],[109.69755634546794,-7.480968567010296],[109.69774256520792,-7.48262111006903],[109.69711074769374,-7.482120798988756],[109.69634067265306,-7.482113490859355],[109.69608248983893,-7.4823420852666755],[109.69603919130978,-7.482934571862063],[109.69624982476066,-7.483583268144285],[109.69545796621432,-7.484635117139575],[109.69598005805892,-7.48558789426006],[109.69470191537928,-7.486487053719041],[109.6944071745788,-7.487071001352678],[109.69452624858287,-7.487400459555443],[109.69563071963778,-7.4878439518014055],[109.69581333443229,-7.488172580626269],[109.69563291081933,-7.489287602149623],[109.69440840941668,-7.489466665268685],[109.6940470981309,-7.490106138457323],[109.69404771053769,-7.49112880252204],[109.69360986671731,-7.490843015081014],[109.69266420181701,-7.491216685799538],[109.69252887415922,-7.491534860466669],[109.69272801648926,-7.492247116516758],[109.69156768370054,-7.491914845696553],[109.69122422882361,-7.491985038922282],[109.6907329439328,-7.493010779107151],[109.6899074856748,-7.493496623306256],[109.68970770691801,-7.4941116087940145],[109.68861587414477,-7.494734020749865],[109.6869916133388,-7.495241458455394],[109.68673254484017,-7.495479261164242],[109.68670122464404,-7.496697998957249],[109.68721808991143,-7.4978267171904465],[109.68769299341905,-7.4980183868425065],[109.68774562594376,-7.498602759929747],[109.6880001850072,-7.499128657934494],[109.68802357620086,-7.499708222426315],[109.68733378164303,-7.501499021705872]]]}},{"type":"Feature","properties":{"waterway":"stream","name":null},"geometry":{"type":"Polygon","coordinates":[[[109.67157381026666,-7.499437453116215],[109.67117750610878,-7.499717701016248],[109.67100113545264,-7.500289365427186],[109.67122010952932,-7.500668482678384],[109.67180411798317,-7.500889276249359],[109.67172213839143,-7.502574753115165],[109.67207107670612,-7.5032718419646836],[109.67252340634636,-7.503492120432581],[109.67282375414163,-7.503319574347228],[109.67291306962676,-7.502987006409135],[109.67258705242429,-7.502120038857975],[109.67274867009732,-7.500563706395458],[109.67232340157697,-7.500130008906924],[109.67277211484563,-7.499905057814686],[109.67300173771629,-7.49957586423146],[109.67334771902956,-7.498322547004056],[109.67380383864871,-7.49764388841343],[109.67363791422449,-7.497172111383025],[109.6733018889671,-7.497085786781811],[109.67271064559327,-7.49747448333896],[109.67221069977825,-7.499099070665936],[109.67186161700255,-7.499141261703581],[109.67157381026666,-7.499437453116215]]]}},{"type":"Feature","properties":{"waterway":"stream","name":null},"geometry":{"type":"Polygon","coordinates":[[[109.66546937152332,-7.506024180603633],[109.66510753317147,-7.506362272576405],[109.66516265409389,-7.506702061043851],[109.66544397434711,-7.5069036853166216],[109.66592121973942,-7.506862254905727],[109.66640573881126,-7.506309929154224],[109.6662941892843,-7.505649932482186],[109.66683923388662,-7.505787987322551],[109.66751647409404,-7.505640214035147],[109.66827577206807,-7.5044791254192615],[109.66932374025187,-7.505140655683188],[109.66964521439667,-7.50518691337755],[109.67006001361426,-7.504879249060378],[109.67032745934932,-7.504310444623877],[109.67046331609198,-7.504351332219199],[109.67022881840604,-7.504930639269695],[109.67026982419846,-7.505450743622716],[109.67062453670101,-7.506044701485667],[109.67124884289136,-7.506125348868444],[109.67171997443776,-7.505648688651728],[109.67285201042115,-7.503329279604335],[109.67332648662189,-7.503342464692776],[109.67390513792088,-7.502896846608725],[109.67483174327467,-7.503041700456474],[109.67586349075566,-7.502927917662455],[109.67686793334481,-7.5034799779121375],[109.67751623819207,-7.503553892101042],[109.67808256617433,-7.503187936571914],[109.6786666773977,-7.502135898765011],[109.68180615197296,-7.502324335451069],[109.68278325416195,-7.50328633364193],[109.6840764285446,-7.503768212081845],[109.6846193002023,-7.503793960180308],[109.68610762945205,-7.50293298598688],[109.68723908785752,-7.502656463151287],[109.68751360440291,-7.502237462962755],[109.68728132500175,-7.50180963547647],[109.68693687597688,-7.501749132755773],[109.68575530661312,-7.502103264921159],[109.68440341197481,-7.502894639862469],[109.68329767743295,-7.502529884588916],[109.68208108239588,-7.501445911115182],[109.67957015451117,-7.50137454123493],[109.67860994935799,-7.501206971864516],[109.67827031178763,-7.501272316662111],[109.6777937654619,-7.501726406971236],[109.67736061991214,-7.5026156110157345],[109.67591736602321,-7.501996477357955],[109.67495260923069,-7.502149200611766],[109.6735441348645,-7.502009708361838],[109.67313958185476,-7.502408314231239],[109.6725790881851,-7.502433586656314],[109.67219011771948,-7.502687609404468],[109.67182556268853,-7.503575771493238],[109.67136202602894,-7.504165151762196],[109.67084378916803,-7.503358089281637],[109.67044636100523,-7.5032146644136075],[109.66980739512468,-7.503488205291453],[109.66940854543664,-7.504080757963519],[109.6683342340633,-7.503530140548865],[109.66766080724064,-7.503773177501467],[109.66727061483327,-7.504192283700978],[109.66707794050946,-7.5047714952409335],[109.66687666896838,-7.504877177053233],[109.66602385403112,-7.504693543887837],[109.66550730797935,-7.505036876002627],[109.66534280799021,-7.5055667186073824],[109.66546937152332,-7.506024180603633]]]}},{"type":"Feature","properties":{"waterway":"stream","name":null},"geometry":{"type":"Polygon","coordinates":[[[109.62185062206451,-7.478675806199626],[109.6217062460095,-7.479136570408932],[109.62214706422789,-7.48016378038708],[109.62215237355151,-7.480872627541635],[109.62240720754139,-7.481233646095281],[109.62290079500227,-7.481269407232066],[109.62319549187069,-7.481090247290359],[109.62329978430061,-7.4807619941405115],[109.62313942767206,-7.480456765923496],[109.62318978553589,-7.479830508774113],[109.62288263865122,-7.479155652175642],[109.62299971728625,-7.478747416028498],[109.62286159907846,-7.477958302341816],[109.6232459615131,-7.477654335380939],[109.62348350015473,-7.47699270786506],[109.62391870190295,-7.476787612668849],[109.62400019141076,-7.476149763823024],[109.62443522793606,-7.4757555070864745],[109.62420697261123,-7.474931292947902],[109.62423367633825,-7.473769135387725],[109.62442280361176,-7.473363018262819],[109.62434087031725,-7.47288005756774],[109.62456080009326,-7.472419597494218],[109.62391084717714,-7.4707923365813755],[109.62363636758569,-7.470468990745335],[109.62310871265751,-7.470422639459795],[109.62274077547424,-7.470193879777587],[109.62261368380675,-7.469361051256301],[109.62232943650834,-7.469163538013896],[109.62185971307925,-7.469344436156174],[109.62171633054618,-7.470069095843888],[109.6221406945468,-7.470875111842195],[109.62267251544027,-7.471256334444886],[109.62310600706506,-7.471352950563479],[109.62355794934197,-7.4723443698453655],[109.62336261361651,-7.4727855608370435],[109.62349365161437,-7.473247883808416],[109.62332803431701,-7.473703842307369],[109.62327242628912,-7.47488886240015],[109.62341831976299,-7.475415901487361],[109.62311617244295,-7.475755132801343],[109.62307062281614,-7.4761379738842475],[109.62199248256223,-7.477603753941787],[109.62174206460234,-7.478236329465795],[109.62185062206451,-7.478675806199626]]]}},{"type":"Feature","properties":{"waterway":"river","name":"Kali Sapi"},"geometry":{"type":"Polygon","coordinates":[[[109.48415601654165,-7.489644920624987],[109.48457387819924,-7.491466064298868],[109.48522954752751,-7.492425554298089],[109.48607936061917,-7.492585913907397],[109.48695916121602,-7.492139113498112],[109.48963151235375,-7.490114360248106],[109.4899237312024,-7.490114360252162],[109.49009998424054,-7.490369638434046],[109.48930089533758,-7.491587504385956],[109.48925753058931,-7.492176064073036],[109.48981290086374,-7.49282273977311],[109.49114803894403,-7.492689914929902],[109.49332055093318,-7.49151825673589],[109.49360643297564,-7.490579563346234],[109.49351056313768,-7.490233460710019],[109.49312156961619,-7.48979968529172],[109.4915489951651,-7.489118134312716],[109.49284590155875,-7.488564383533607],[109.49339495788432,-7.487975542266548],[109.4940961871629,-7.486698001524564],[109.49490729513654,-7.487016936605202],[109.49598879715855,-7.486823352233667],[109.49665591949314,-7.486144119763872],[109.49715184055145,-7.4846576727338565],[109.49899491389998,-7.484554251077094],[109.49923314345203,-7.48470576802208],[109.49883088685624,-7.486254000858586],[109.49907942172723,-7.487283392083145],[109.4999221142784,-7.487991227421997],[109.50212205566712,-7.487744891166787],[109.50296119448238,-7.487396873224115],[109.50365252070101,-7.48684777207222],[109.50424850828063,-7.486799635142235],[109.5036028059362,-7.488158363564053],[109.50357581887434,-7.489125133943985],[109.50408504761174,-7.490328044725056],[109.5047855825302,-7.490843571399076],[109.50555595952675,-7.4910820306646455],[109.50780369817113,-7.490478562102036],[109.5089089507408,-7.490613047741686],[109.51082021368097,-7.490099518107876],[109.51388665033294,-7.489014985533649],[109.51557800649442,-7.48786233057607],[109.51569157947449,-7.487104442011513],[109.51477682339194,-7.485896227251646],[109.51451396212177,-7.485230863953],[109.51432085454059,-7.483991180550836],[109.51447023171636,-7.482341885488592],[109.51493777747187,-7.481742836058281],[109.51546836770393,-7.481803329613054],[109.51619814604062,-7.483062228337467],[109.51712438806668,-7.483697575109488],[109.51746308960276,-7.483648493310366],[109.51850641632971,-7.482996227811454],[109.51898007134307,-7.481977716967664],[109.5193376399347,-7.481686501269003],[109.52018986648172,-7.4830696888329316],[109.5210209145724,-7.48351916083361],[109.52140742812597,-7.483538552390267],[109.5226438083007,-7.482997231016053],[109.52463174506161,-7.481016283159534],[109.52573958776694,-7.477287495083087],[109.52600802783456,-7.4768116919948495],[109.5271799628332,-7.476732358147591],[109.52800053210024,-7.476437569409487],[109.52979516164048,-7.477405374482729],[109.5305939994175,-7.477214162580844],[109.5317900765367,-7.476156718947621],[109.5325582288178,-7.4758921231284035],[109.53367720032874,-7.477310488747319],[109.53486882683124,-7.477621734728543],[109.53557327907154,-7.477346301912224],[109.53588085460666,-7.476820565005002],[109.53592008141062,-7.476168066598331],[109.53565578426955,-7.475600787498322],[109.53590326246403,-7.4749936597988125],[109.53766069975241,-7.47582816016914],[109.53828751135231,-7.475801186435162],[109.53912636133725,-7.475141101078281],[109.53962870028823,-7.474008849395359],[109.54001896609778,-7.4723600264953935],[109.53989169066323,-7.473466561584522],[109.54000990571039,-7.474512104018309],[109.54054531408647,-7.475374756023132],[109.54119981407197,-7.476034356499718],[109.54182405846034,-7.476358096112445],[109.54233415479564,-7.476309873733492],[109.54277767861309,-7.475930408173096],[109.54294672097954,-7.475194598962401],[109.54282786058496,-7.473971951756486],[109.54293247029757,-7.473789031628404],[109.5433356112038,-7.473721445851156],[109.54471714361813,-7.4740898071265605],[109.54605637350757,-7.475032461274484],[109.54682375143712,-7.475274528290048],[109.54763567582832,-7.474757117593362],[109.54784953150767,-7.473644806962755],[109.5485968637634,-7.473954256862946],[109.55108263641728,-7.473755000775359],[109.55215314204668,-7.473109164774195],[109.5528175949986,-7.473046046704151],[109.55348030413604,-7.47353476733818],[109.55485033828634,-7.473574401446718],[109.55455096077938,-7.474993850846479],[109.55471584030136,-7.475799564447346],[109.55504365688726,-7.476274661443091],[109.55575642466829,-7.476441377728356],[109.55769454198466,-7.47575100063713],[109.5578610245814,-7.4758314308096026],[109.55831343235492,-7.477152380351997],[109.55936745974067,-7.477790322478643],[109.56015164979573,-7.4777664506674535],[109.5609426568107,-7.47712829455782],[109.56106659992146,-7.4766429080746315],[109.56175426340646,-7.476816554840757],[109.56253323204561,-7.476410691238326],[109.56276088289937,-7.475124054041706],[109.56287523103056,-7.4754035849466804],[109.56326296282792,-7.475663296116638],[109.56401136983739,-7.475611046886492],[109.56478145746307,-7.474613970286714],[109.56523680348013,-7.474268798402127],[109.5663728809174,-7.474723115055684],[109.56550610933365,-7.475076622596799],[109.56544951467221,-7.475728503119032],[109.56717077019964,-7.477209550583121],[109.56755774872327,-7.477201621865531],[109.56802648094987,-7.476770940760612],[109.56820769256873,-7.475681307562914],[109.57028514543738,-7.475450680662242],[109.5709280910839,-7.474553203191236],[109.57248504325847,-7.475298999754312],[109.57397899169158,-7.475476620064011],[109.57477700503007,-7.475365761594464],[109.57525909389017,-7.474971272568944],[109.57534374044033,-7.474450933106879],[109.57497939982386,-7.473968515199047],[109.57406462591756,-7.4736453595079215],[109.57437769422569,-7.473283234112791],[109.57466710162923,-7.472183297517727],[109.57568741547664,-7.472065544134833],[109.5774421942185,-7.472356384141033],[109.57781922622965,-7.472169018080047],[109.57797974293872,-7.471859466108423],[109.57797429331399,-7.470885112816219],[109.57832229290297,-7.470787763337442],[109.5787029080852,-7.471159700829064],[109.57961849960047,-7.473369343174092],[109.58012060377072,-7.473906477094806],[109.58079048759734,-7.474008536924989],[109.58133333027087,-7.4735619445229355],[109.58134813293067,-7.474172495563516],[109.58157113250655,-7.474548270935722],[109.5833567756867,-7.475567064014163],[109.58390917150794,-7.475442441313213],[109.58500198526052,-7.474764453484666],[109.58559965786588,-7.475832382127265],[109.58641275169414,-7.47633826552216],[109.58730640753359,-7.476142295624334],[109.58827427062869,-7.4754419230348885],[109.58853804076178,-7.474883751307729],[109.58845443501652,-7.474470462432045],[109.58815865995292,-7.47414439503412],[109.5887004657722,-7.474249152115236],[109.5893301136805,-7.473847020403783],[109.58973279803055,-7.473267429863534],[109.5897255697804,-7.472808314850115],[109.59049172453652,-7.472809113510041],[109.5905659747389,-7.47358573707349],[109.59108999392417,-7.473911710740356],[109.59143284388479,-7.473836510288967],[109.59194240894709,-7.473329929743666],[109.59252420514215,-7.472276025370042],[109.59351520696188,-7.472439506329479],[109.59419379391828,-7.472172333554181],[109.59492288903056,-7.472742939205985],[109.59547659070228,-7.472836310578329],[109.59600261993502,-7.4724687906222815],[109.59617855139892,-7.471895959817799],[109.59587403905293,-7.47121251283459],[109.59519684324789,-7.4709512669087434],[109.5955281053287,-7.470592878689519],[109.59974719613172,-7.470605169559287],[109.60066364727176,-7.470472689069363],[109.60114198659153,-7.470159742120795],[109.60121997986676,-7.469603087309354],[109.60241756715556,-7.469948324175476],[109.60312484046369,-7.469941708646072],[109.60361052938069,-7.469593239810479],[109.60372990068976,-7.4690900876014865],[109.60337782456486,-7.468330914217725],[109.60298168077811,-7.467889713842716],[109.60411277880499,-7.466921259112531],[109.60522308458236,-7.467307367028623],[109.60590423759294,-7.466751605336803],[109.60685978812607,-7.467340759293256],[109.60762030957152,-7.467516285887207],[109.60792024149283,-7.46734307235442],[109.60800879704429,-7.467010306767498],[109.60783410199183,-7.466712918806735],[109.60592600072745,-7.465794068102827],[109.6053600822472,-7.4659613751192495],[109.60507174961737,-7.466366423252266],[109.60425814202792,-7.466013595164566],[109.60382282571861,-7.466064621234724],[109.60214293333775,-7.467472025607287],[109.60212188171724,-7.468202680184182],[109.60273730821858,-7.4690687918066105],[109.60166748421473,-7.468754062255547],[109.60128173274838,-7.4671158311787265],[109.60074314281614,-7.466816418779078],[109.6001381142811,-7.466823463802802],[109.59969347358715,-7.46715688590845],[109.59942842707765,-7.468306479868846],[109.59961820424752,-7.468931009789906],[109.60012757774248,-7.469643011687206],[109.59597742837026,-7.469607851622883],[109.59527818470734,-7.469724164030786],[109.59444024877745,-7.470241997426924],[109.59428604380874,-7.470671399449208],[109.59433291829421,-7.471254219853455],[109.59334697865864,-7.471541821485086],[109.5922779773585,-7.471369472377394],[109.59177324402773,-7.471766601840887],[109.591378230612,-7.472584848013799],[109.59089104300946,-7.471977020169506],[109.58973917946527,-7.471897367502108],[109.5889127490618,-7.472156397987153],[109.58873882056625,-7.4724434733741285],[109.58880065335366,-7.472935634189332],[109.58854361834645,-7.473319186071582],[109.58781164066156,-7.472665124111816],[109.58727895267634,-7.47264085439314],[109.58686455665374,-7.4730085953154575],[109.58679118810412,-7.473566973127482],[109.58691780843328,-7.474131504594095],[109.58758460732231,-7.4748514248678966],[109.5868722779574,-7.475348853434899],[109.58652037932734,-7.475421021506039],[109.58567067174596,-7.474151405649016],[109.585292973734,-7.473862703287276],[109.58457516813473,-7.473890057498501],[109.58351042024393,-7.474631927739743],[109.58223321097465,-7.473905809501752],[109.58212611712753,-7.472823183355257],[109.58174054253563,-7.472328457151329],[109.58101862289135,-7.472436370464189],[109.58055198603357,-7.473104956698862],[109.57950454543149,-7.470737402905344],[109.57901427567579,-7.470093437068493],[109.57840236316761,-7.4698882413245045],[109.57785605567878,-7.469912857828392],[109.577277332331,-7.470217114569405],[109.57707526234152,-7.470752858048962],[109.57709179718263,-7.471466514444731],[109.57505140911516,-7.471134374564678],[109.5739847244601,-7.471567884120725],[109.57358909544233,-7.472777905026458],[109.57298761458846,-7.4734404299182495],[109.57290083502116,-7.4737461222313035],[109.57311984085985,-7.474256840146828],[109.57404660113433,-7.4745724399173685],[109.57273998254377,-7.474434997741521],[109.57189428303995,-7.474125304595122],[109.57120527528937,-7.473658818354286],[109.57076321898441,-7.473588794705187],[109.57025030426264,-7.473910700519976],[109.56984446863042,-7.474636723700802],[109.56792202760401,-7.474794659211671],[109.56750539176096,-7.47510728555926],[109.56747146339985,-7.4746138519883845],[109.56690528337155,-7.473981102323392],[109.56516028313146,-7.473348174250081],[109.56438427521888,-7.473747033703316],[109.56373597111345,-7.474562218591781],[109.56359574081002,-7.474243309835294],[109.56314347938222,-7.474057002054347],[109.56227625562737,-7.474334940659604],[109.56183791243856,-7.474813110809082],[109.5617510698194,-7.475881846892381],[109.56163373032626,-7.475923015231348],[109.56109631411829,-7.475269556087521],[109.56049503130166,-7.4753711106759],[109.56023146421336,-7.475709236008154],[109.56015945981538,-7.476638925623804],[109.55993082230334,-7.476875660922765],[109.55956408762428,-7.476891188833705],[109.55901137804865,-7.4765404824830775],[109.55864439828615,-7.475346610710705],[109.55818333584632,-7.47491781053061],[109.55753558497476,-7.474862011627431],[109.55567497348035,-7.475530381309369],[109.5554621752883,-7.474945932483976],[109.55575233712472,-7.473854929279797],[109.5556229531397,-7.472936543667558],[109.55481285438712,-7.472615950881767],[109.55377939220102,-7.472663726116612],[109.55291674832783,-7.472133189478976],[109.55180863797887,-7.472249833228296],[109.55091645631484,-7.4728663088212794],[109.5487166412366,-7.473048424274349],[109.54792950266302,-7.472727403614358],[109.54722366881185,-7.4728481485685565],[109.54701431484288,-7.473100745229455],[109.54673033511656,-7.474327815295425],[109.54503117222147,-7.473242266633991],[109.54347547365781,-7.472827467044717],[109.54256869183563,-7.472937932918104],[109.54229549029792,-7.473093925247241],[109.54190833773697,-7.473836937451247],[109.54197220035836,-7.475453512465429],[109.54122791835745,-7.4747803574783855],[109.54088024274785,-7.47422015578882],[109.54087072937041,-7.471936604329076],[109.54048106615616,-7.471544443681661],[109.53993391869332,-7.471453188579953],[109.53924118577162,-7.471861915118625],[109.53845474799756,-7.474525600889266],[109.53796821611569,-7.474928839888187],[109.53718166262502,-7.474658681266203],[109.53641015482957,-7.474169965408229],[109.53582545540357,-7.474066265512829],[109.53548754090967,-7.4741391343428125],[109.53507668631808,-7.474547007585542],[109.53473111728756,-7.475531245703779],[109.53501610388847,-7.476303485251526],[109.53495158761386,-7.476646145251566],[109.53479145378405,-7.476703605427155],[109.53413915482352,-7.476515608147273],[109.53364490518577,-7.475950774158771],[109.53334359918844,-7.475313530104336],[109.53267669697013,-7.4749752394364934],[109.53196945333808,-7.4750724277377465],[109.5313005138906,-7.4753962018135915],[109.53053478184935,-7.476155613902423],[109.52981049311363,-7.476487116244977],[109.52865681833077,-7.475708832998394],[109.52809285317815,-7.475530035428473],[109.52708952583016,-7.475833303180467],[109.52616509999167,-7.475848434216675],[109.52543452744958,-7.476062890511171],[109.52488023380526,-7.476994733417449],[109.52384557618774,-7.480541585230611],[109.52206777113264,-7.4822968030440835],[109.52126024202744,-7.482626148042781],[109.52079978804116,-7.482381837856138],[109.52005980543655,-7.481129589432522],[109.51961684720106,-7.480816355309569],[109.5191040970571,-7.480799986402463],[109.51853750277276,-7.481120421681896],[109.51778538282655,-7.482416762804888],[109.5172592140706,-7.482723897748768],[109.51689061300891,-7.482458105198482],[109.51654294024787,-7.481675536430581],[109.51598615859167,-7.481048958053159],[109.51515615637275,-7.480780245118003],[109.51447147775973,-7.480969571347844],[109.51405083678559,-7.481285278943593],[109.51360931698481,-7.482049516796572],[109.51341599030256,-7.484074233015902],[109.51362518895549,-7.485417233227165],[109.51395681343732,-7.486286398137129],[109.51477656957493,-7.487347476600534],[109.51352276015363,-7.488189475450795],[109.50937376990169,-7.489606164478854],[109.50850368005086,-7.489736286354389],[109.50771437775853,-7.489576589159321],[109.50556554430442,-7.490164771006609],[109.50481746955326,-7.489788432076191],[109.50447082895099,-7.488973843720317],[109.5044606775232,-7.488461029730657],[109.50520300319775,-7.486968449823882],[109.5051558485445,-7.486548972862264],[109.50487834507958,-7.486147098502758],[109.50434783923644,-7.485861618770875],[109.50378932501488,-7.485862823098775],[109.50190144820651,-7.486871201217457],[109.50017705120194,-7.487096409124464],[109.49992057727086,-7.4869095545060595],[109.49975519191237,-7.486246123587178],[109.5001340429274,-7.4850353384082595],[109.50000849316042,-7.484141515740016],[109.49920100966496,-7.483658393797847],[109.49738412313575,-7.48369437885112],[109.49670216491893,-7.483835105271893],[109.49640629225024,-7.484050826660326],[109.4958707537989,-7.485668540115283],[109.4954637623748,-7.4860720764786635],[109.49503509879435,-7.4861101189368835],[109.49393680209874,-7.4857546329111555],[109.49357884261597,-7.485840136576795],[109.4922694190593,-7.4878613543778725],[109.49086705274247,-7.488431088421763],[109.4905648313911,-7.4889603213063625],[109.49079315362107,-7.489640419447387],[109.49024446272634,-7.489242246712628],[109.48928576561498,-7.489257199373574],[109.4865089355759,-7.491357326103136],[109.48584477626787,-7.491694614636076],[109.48540462186378,-7.491097582191022],[109.48500068067375,-7.489299641095313],[109.48472271868236,-7.488909433503635],[109.48438456491978,-7.488749720029211],[109.48324726609195,-7.488728420052698],[109.48250175873824,-7.488978521714061],[109.48193488951621,-7.491377773163991],[109.48107791220318,-7.493061354364317],[109.48018308776128,-7.492463475248604],[109.47990476687565,-7.492032252732546],[109.47883707705526,-7.489391017249533],[109.4766237032464,-7.484924122432754],[109.47583945281467,-7.484178252996592],[109.47498248215221,-7.48411531747718],[109.47433708244229,-7.484509134930613],[109.47415433435688,-7.484778328821368],[109.4743600789133,-7.485931681794824],[109.47420577029503,-7.4864853553937625],[109.47383959887199,-7.486717513810106],[109.47291870376257,-7.486632955783215],[109.47225156201152,-7.487012195747625],[109.47126530947932,-7.488320864846451],[109.47086338451453,-7.4885048523297035],[109.46871194402858,-7.487195405468807],[109.46717701784145,-7.486873444122575],[109.46687831378017,-7.487085099825734],[109.46595357322384,-7.489496746645922],[109.46551232958493,-7.489893827845486],[109.46440605186066,-7.48962185694065],[109.46215916343864,-7.489538374472605],[109.46085543913335,-7.488731594613786],[109.45969167124649,-7.486161190912432],[109.45945237383057,-7.485904366040269],[109.45736043319083,-7.485418276053839],[109.4556337084478,-7.485270113455966],[109.45438456675437,-7.4857322023329536],[109.45333688866428,-7.485184180212416],[109.45287224264281,-7.484319846138259],[109.45211532261628,-7.483652486857177],[109.45110543955484,-7.4837087467098256],[109.44998433987371,-7.484604945991647],[109.44943660549532,-7.4852555585278315],[109.44926872482546,-7.485153489727126],[109.44926872437578,-7.484721241756392],[109.44962661689993,-7.483452263924437],[109.44945132623828,-7.4827339346926625],[109.44846627295473,-7.481963099888589],[109.44720714205131,-7.481834774906227],[109.44687348955813,-7.481936179867102],[109.44608302873712,-7.482952142981436],[109.44623610580257,-7.483578060781236],[109.4431538512733,-7.482659942525341],[109.44212974812244,-7.482022395453458],[109.44058819388722,-7.482464013615754],[109.44054542972218,-7.481506490374339],[109.44080527041699,-7.48048790394502],[109.44154727550335,-7.4796240460590555],[109.44165386391919,-7.479294121986996],[109.44117977957897,-7.478318197879457],[109.44093223839891,-7.478103451124862],[109.43874420426047,-7.478162873161929],[109.43823151446269,-7.478923404653023],[109.43597001680948,-7.480032295883951],[109.43530458654946,-7.479821262993886],[109.43483896796663,-7.4775955912544125],[109.43453720347009,-7.477403850440093],[109.43355650443854,-7.477243250606718],[109.43310552136657,-7.477437071999436],[109.43271671646662,-7.479112874812552],[109.43175456777348,-7.4793797647189075],[109.42905850100152,-7.4781751569910035],[109.42765055234268,-7.478875665644296],[109.42658586395804,-7.479076011669438],[109.42404395104461,-7.4775638014130275],[109.4236460996035,-7.477175613651083],[109.42314952888968,-7.47625369758572],[109.42286113152984,-7.475244697128765],[109.42249082521099,-7.4747256791479515],[109.4219049934668,-7.474576022955851],[109.42008238139854,-7.474789702373401],[109.41970635598287,-7.475122318556218],[109.4197545880621,-7.4754631346451115],[109.4200317527618,-7.4756703125657555],[109.42189355066252,-7.47547782435324],[109.4229692980743,-7.477776998209039],[109.42354716679417,-7.47831864040036],[109.42641736746248,-7.479992470031282],[109.4278921637349,-7.479745574017054],[109.42905222028074,-7.479128635146399],[109.43183778875377,-7.480290532428922],[109.43337341829242,-7.479834042078576],[109.4338370618815,-7.47820069920646],[109.43407709806027,-7.478240007639031],[109.4345398432233,-7.48042846766917],[109.43604051324519,-7.4809644010969425],[109.43876324455584,-7.479665963457389],[109.43921351919585,-7.479012229016824],[109.44050616368254,-7.478982275471529],[109.44065849010933,-7.479271742876624],[109.43998851831844,-7.4800698181080465],[109.43965672486725,-7.481322639770765],[109.43958992257838,-7.482541598869586],[109.44011263009405,-7.483364189777],[109.4404437335656,-7.483451050648207],[109.44196365171884,-7.482956934739839],[109.44281893833674,-7.483498070876316],[109.44620376593207,-7.484535154168322],[109.44699415556539,-7.484240272970051],[109.44723798739597,-7.484000923526736],[109.44703998297207,-7.4831470944135585],[109.44736173790537,-7.482753375494176],[109.44818883040982,-7.4828335719404455],[109.4486140998913,-7.48311990483483],[109.44870353097839,-7.483471136465192],[109.44838122805743,-7.484523893161454],[109.44836167501917,-7.485303399782318],[109.44889003744181,-7.486082294813853],[109.44978341998551,-7.4861452116432],[109.45153783423784,-7.484518311793409],[109.45186762796945,-7.4845384096405425],[109.45271150851295,-7.4858634655548615],[109.45415037557045,-7.486626505407498],[109.45453669448968,-7.486643762794025],[109.45566827339164,-7.486175466423678],[109.45718867531376,-7.486301907414738],[109.45892249924077,-7.486697188290888],[109.46020503769965,-7.489380794562734],[109.46192873827874,-7.490423766798334],[109.46423414758085,-7.490506150139239],[109.46552884917746,-7.490824443364617],[109.46587157021702,-7.490773443028103],[109.46670756642304,-7.4900173822088085],[109.46756907132396,-7.487838222327597],[109.4682793263296,-7.487990483465177],[109.46960225619462,-7.4888682951810965],[109.4709648307681,-7.489440798661581],[109.47182673427271,-7.489041943098045],[109.4728206052504,-7.487723143326868],[109.47315112482374,-7.487528689523804],[109.47403839651594,-7.487625628728601],[109.47496152561497,-7.487038291624964],[109.47525904385387,-7.486082662966688],[109.4751365277641,-7.485052675359344],[109.47546605974547,-7.485030742796188],[109.47584488356706,-7.485391844434126],[109.47800151387874,-7.4897413931273915],[109.47907872044557,-7.492406183375363],[109.47956427149664,-7.493125519359278],[109.48048697179009,-7.493838219939393],[109.48139309339135,-7.493953057044648],[109.48198240650592,-7.49344482140726],[109.4827804388283,-7.491704991853558],[109.48326082613876,-7.489642504939849],[109.48415601654165,-7.489644920624987]],[[109.6007752688883,-7.469008066468047],[109.60034352843779,-7.468311219844305],[109.600455944173,-7.467695722492509],[109.60060698489792,-7.467827361985633],[109.60059511590488,-7.468598014202184],[109.6007752688883,-7.469008066468047]],[[109.56738343325634,-7.4753058241039545],[109.56719583816947,-7.476044627602888],[109.5667735496362,-7.4756097920049145],[109.56738343325634,-7.4753058241039545]],[[109.49094007664847,-7.489814289413995],[109.49261377300942,-7.490563484003788],[109.49264586871708,-7.490885085028189],[109.49081934641009,-7.491848955836933],[109.49019577121568,-7.491939034582495],[109.49099451498113,-7.490596148817549],[109.49094007664847,-7.489814289413995]]]}},{"type":"Feature","properties":{"waterway":"stream","name":null},"geometry":{"type":"Polygon","coordinates":[[[109.62701149211249,-7.47271759611626],[109.6273254446494,-7.473796254537182],[109.62762495384344,-7.474115740528769],[109.62779108292852,-7.474703209280686],[109.62831371430462,-7.474935397378685],[109.62861344213842,-7.475376220864081],[109.62911269924288,-7.475308419641481],[109.62926459196981,-7.474998965686667],[109.62916474961654,-7.474568891771984],[109.6281293190441,-7.473307991634486],[109.62763002517733,-7.47196548622073],[109.62729929414446,-7.471861038311349],[109.6269909435282,-7.472019058633269],[109.62688560066755,-7.472346981213844],[109.62701149211249,-7.47271759611626]]]}},{"type":"Feature","properties":{"waterway":"stream","name":null},"geometry":{"type":"Polygon","coordinates":[[[109.70125114304751,-7.476050505277499],[109.6992061161455,-7.476887393889101],[109.69904812842255,-7.477193833456476],[109.69915495804585,-7.47752128325243],[109.69963978011589,-7.477657533629161],[109.70200842857936,-7.476690060188325],[109.70326637632236,-7.476687902460326],[109.70465987313531,-7.4757386548842355],[109.70550134975528,-7.475757539347491],[109.7066609693643,-7.475212640813924],[109.70715387807856,-7.475530717406672],[109.70790541294491,-7.4754915824317205],[109.7083916999682,-7.475636960181719],[109.70894975128908,-7.475422217738407],[109.70935258053007,-7.47571872136218],[109.70969907042152,-7.475759186142218],[109.71046713580088,-7.475363873651787],[109.71117297751279,-7.47534556453294],[109.71211982420259,-7.475945295304489],[109.71246252040127,-7.4758906137413135],[109.71267235367847,-7.475436354936245],[109.71234885766708,-7.4749699758827415],[109.71128115154511,-7.47438426628831],[109.7103782038001,-7.4743166534196535],[109.70966807336018,-7.474818648518501],[109.70890173607324,-7.474371040290565],[109.70830340656306,-7.474672443642969],[109.70743485135449,-7.474643111673618],[109.70665874849486,-7.474241786523848],[109.70531570654244,-7.474855745398568],[109.70427794854206,-7.474875953316363],[109.70289215896771,-7.475852796277338],[109.70180150012156,-7.475790739818508],[109.70125114304751,-7.476050505277499]]]}},{"type":"Feature","properties":{"waterway":"river","name":null},"geometry":{"type":"Polygon","coordinates":[[[109.56602339969461,-7.328277326205425],[109.5655659460978,-7.327900462270151],[109.56522759384512,-7.327824154719976],[109.56493394059575,-7.328007494025514],[109.56485700424257,-7.328343082712695],[109.56585720818828,-7.329237380951036],[109.56631758900028,-7.32916657060399],[109.56726975646585,-7.328419931549199],[109.56778062903874,-7.328224714953058],[109.56826118757301,-7.3281777517972895],[109.56906077072844,-7.328436960706361],[109.56978010520798,-7.329401208293704],[109.57006705094993,-7.330198287470729],[109.56991470703001,-7.331083732140121],[109.57004211482008,-7.331384008357698],[109.5705219717425,-7.331818915976781],[109.57098607868454,-7.3317893534112715],[109.57135459477179,-7.33210694264727],[109.57180915550805,-7.331891592935835],[109.57197125666737,-7.331007302853323],[109.57150052890563,-7.330649841271319],[109.57091966095031,-7.330875943543066],[109.57094756079435,-7.329965159345664],[109.57059865398057,-7.328995214665291],[109.57002626236662,-7.328067127146575],[109.56953746970741,-7.327662595911479],[109.56849748359096,-7.327278886797335],[109.56763054535402,-7.3273357067481335],[109.56685751116466,-7.327613703663829],[109.56602339969461,-7.328277326205425]]]}},{"type":"Feature","properties":{"waterway":"river","name":null},"geometry":{"type":"Polygon","coordinates":[[[109.57660960524721,-7.239106928411154],[109.57842237479824,-7.2402674134529486],[109.57915114373459,-7.240968908959889],[109.57960958873134,-7.241927230868803],[109.58179322913415,-7.243223867832341],[109.5824714343921,-7.243319184384946],[109.58424910583935,-7.244098736369185],[109.58543601605749,-7.245363571672872],[109.5861415289266,-7.245819663545836],[109.58650127743702,-7.245868398530683],[109.58893657271832,-7.245407456454318],[109.58911424971825,-7.245722955587301],[109.59089095023755,-7.247118256678741],[109.59313395709634,-7.247921629864073],[109.59357144421578,-7.248866069871403],[109.59462645786803,-7.249490438403472],[109.59499696873968,-7.252186207643997],[109.59527397927363,-7.252393404872088],[109.59574953180694,-7.252228815882231],[109.5958364929823,-7.251895647869445],[109.5954540717812,-7.249086284236363],[109.5952657152461,-7.248830714451521],[109.59418126545157,-7.248193752075126],[109.5937412665906,-7.2472362735916604],[109.59292785724378,-7.246799837478058],[109.59138260290645,-7.246357348424773],[109.58979513875722,-7.245110662256551],[109.58964205418083,-7.24466785827612],[109.58934751866508,-7.24449411158581],[109.58644453345892,-7.244949573756848],[109.58479176637353,-7.2433751695818485],[109.5827617652866,-7.242463231307488],[109.58218402958084,-7.2424035806625495],[109.58019771824284,-7.2412209949231094],[109.5799269209171,-7.240479660753449],[109.57902904806748,-7.2395982882030605],[109.5762051351763,-7.237801618226366],[109.57570180156867,-7.237819292058785],[109.57551938742449,-7.238112030745273],[109.57559906139777,-7.238446986708439],[109.57660960524721,-7.239106928411154]]]}},{"type":"Feature","properties":{"waterway":"river","name":null},"geometry":{"type":"Polygon","coordinates":[[[109.59922332535294,-7.236150154197496],[109.59938073954606,-7.236619044307311],[109.59877206025317,-7.236966864986083],[109.59861577119693,-7.237271953107966],[109.59891926009806,-7.237957952881885],[109.59869514607927,-7.239152287149396],[109.59910007203874,-7.242027623076589],[109.59970260268287,-7.242333977399258],[109.60052751871525,-7.242046982553986],[109.60152383469838,-7.242869655231579],[109.60222877102552,-7.24316412721826],[109.60185910143457,-7.2433890905222365],[109.6011495778116,-7.243398918685782],[109.6008985093248,-7.243621533959021],[109.6001148971282,-7.24781258178353],[109.60004167249629,-7.2489968812213],[109.59941165472792,-7.249359408070081],[109.59885375460706,-7.2499980076527555],[109.59862485783064,-7.250931330966648],[109.59824064030909,-7.251073994439444],[109.59725601234446,-7.2507940780193305],[109.59625239745867,-7.250965471374437],[109.59499385416002,-7.25173532461956],[109.59502944255307,-7.2522337114217],[109.595330802884,-7.252404216323201],[109.59658259502554,-7.251805087894767],[109.59720518933123,-7.251694745287062],[109.59812591722812,-7.251971385106465],[109.59901457366281,-7.251873228882788],[109.59947880543041,-7.251272744203935],[109.59962144615935,-7.250492443745951],[109.60003432953505,-7.250019836519264],[109.60064714338388,-7.249719162964131],[109.60089794859371,-7.249305261538493],[109.6010095498243,-7.247961533258311],[109.6017216932262,-7.244284534361225],[109.60213848523325,-7.244264226979572],[109.60325006087099,-7.2437891781251755],[109.60346059088131,-7.243511157714746],[109.60325753873148,-7.242764875066708],[109.60146244775517,-7.241745334639619],[109.6012893167353,-7.241256713249568],[109.60091395724355,-7.240973906834624],[109.60058001956108,-7.240904438167956],[109.59985776170181,-7.241343033817179],[109.59985305484581,-7.240157012159816],[109.5995984735963,-7.239037920453448],[109.59989063968476,-7.237942317339814],[109.59969035302781,-7.237484707614211],[109.6002020967493,-7.2372872543153015],[109.60042008887021,-7.23681230524442],[109.60013956204791,-7.236116372822905],[109.60008743297249,-7.2354046558154375],[109.59978395283103,-7.235237912384255],[109.59945050812655,-7.235332890858725],[109.59922332535294,-7.236150154197496]]]}},{"type":"Feature","properties":{"waterway":"stream","name":null},"geometry":{"type":"Polygon","coordinates":[[[109.57127670014354,-7.230329796010329],[109.57134978849383,-7.230827399093173],[109.57164523328923,-7.2311015750105865],[109.57183626761014,-7.231999242827413],[109.57259697595207,-7.2325515646124074],[109.57272836203325,-7.2333499283275176],[109.57301223127646,-7.233562674143493],[109.57343026993692,-7.233532457857699],[109.5742240108305,-7.233989825261868],[109.57418267694213,-7.234903407323125],[109.57474887227254,-7.235547881300994],[109.57481090472925,-7.235956560919071],[109.57515562579124,-7.236269443497584],[109.57517111682748,-7.236589221720286],[109.57552843516001,-7.2371234137453255],[109.57533186066564,-7.2374191454470225],[109.5753824969351,-7.238038057191022],[109.57567286730813,-7.238526400194927],[109.57617310173755,-7.2385844867358555],[109.57639806785892,-7.238322501280404],[109.57627059861994,-7.23778574391517],[109.57649800935125,-7.237613004409373],[109.57663175749111,-7.236954667447312],[109.57607078496596,-7.236316997633818],[109.57604317799176,-7.235847867316133],[109.57565491790497,-7.235516328345102],[109.57561133377565,-7.235186399715884],[109.57512617769505,-7.2346318214175955],[109.57521971014543,-7.234283425073952],[109.57498195169916,-7.23342821638597],[109.57354925273168,-7.232614409955108],[109.57340980428482,-7.232059915373557],[109.57263139629889,-7.231490129938216],[109.57250894812567,-7.230775905412183],[109.57218842494056,-7.230381539911341],[109.57211301311902,-7.229875243531424],[109.57148627294688,-7.229409686987325],[109.57114341695134,-7.229462165647758],[109.57093838629152,-7.2297397820206175],[109.57099128528321,-7.230079912413349],[109.57127670014354,-7.230329796010329]]]}},{"type":"Feature","properties":{"waterway":"stream","name":null},"geometry":{"type":"Polygon","coordinates":[[[109.54800704493987,-7.245104526208916],[109.5486092664325,-7.245115332604686],[109.54930313659477,-7.244825218606216],[109.55056140555766,-7.245526021767961],[109.55139081490822,-7.245345807328268],[109.55160645420122,-7.24552731533947],[109.55234351709238,-7.245498749923692],[109.55273658920407,-7.245801994643239],[109.55321334134595,-7.245830996043539],[109.55371530136422,-7.2453532975081725],[109.55592096523297,-7.2446336131774025],[109.55624158858208,-7.2439552691187465],[109.5561459865399,-7.243471776550678],[109.55571045445421,-7.2427732622158825],[109.55618997571848,-7.242759942867946],[109.55702607389287,-7.2424019935209145],[109.55728768424454,-7.241900809287024],[109.55760238172233,-7.241802169979292],[109.55838563150286,-7.2419657543234],[109.5592545730282,-7.2410820385620704],[109.5599788390868,-7.241202484230778],[109.56066229691889,-7.240789333576259],[109.56185005507294,-7.241381145492824],[109.56288584810218,-7.240845465581863],[109.56395537018702,-7.241175075065615],[109.5644184696887,-7.241543760062334],[109.56497943766541,-7.241314046084018],[109.56542271935929,-7.241387486644629],[109.56590665727677,-7.241247699001242],[109.56678991368021,-7.241529669281845],[109.56745163983642,-7.241190546951329],[109.56821659359704,-7.240388197080341],[109.56857673898399,-7.2397565794147205],[109.56857347746009,-7.239194614070602],[109.5692359451738,-7.23937432240079],[109.56968572896065,-7.239164709990364],[109.57088766155498,-7.2392359489473606],[109.57126565059367,-7.238929957638136],[109.57201324241659,-7.239129237694181],[109.5725335556499,-7.238875366045459],[109.57317112341359,-7.239242418636118],[109.57349999265948,-7.2392166386625245],[109.57381116035297,-7.238928681327205],[109.57483725720112,-7.2391349847713915],[109.57617534754739,-7.238583340093558],[109.57641842037458,-7.238145745142268],[109.57625880494945,-7.237840180096802],[109.57592813730015,-7.237736078573456],[109.5754284908401,-7.237817621037067],[109.5747081001049,-7.238212482407066],[109.57376029014496,-7.23799355457852],[109.57331778543478,-7.238133625567621],[109.57318034902806,-7.237671374872488],[109.57248852988825,-7.237366942555131],[109.57216926994118,-7.237481541902482],[109.57179164047554,-7.23815272186228],[109.57110323091572,-7.237966771854459],[109.57058023790368,-7.238340069300476],[109.56962603809711,-7.238212061087373],[109.56917161438702,-7.238391727851413],[109.56819662740413,-7.238317284025062],[109.56771967984994,-7.238636926020732],[109.56767413521025,-7.239557718789944],[109.56750877332479,-7.23982503610503],[109.5667249531233,-7.240582786585129],[109.56587986022757,-7.240326009411798],[109.56459352914176,-7.2404815167809575],[109.56435193901027,-7.240296013243626],[109.56383211963549,-7.240281482775105],[109.56285457813166,-7.239922558122627],[109.5618582451281,-7.240376892778555],[109.56154899140164,-7.240102191189397],[109.56042816458293,-7.239827644808186],[109.56003352330964,-7.239968790679597],[109.55978460916042,-7.240257031944923],[109.55921672363051,-7.240175439715632],[109.55870620366444,-7.240342602951349],[109.55810985069999,-7.240927177228574],[109.55768288409739,-7.240820182100923],[109.55731562802367,-7.2409373922308085],[109.55682185776242,-7.240509560517952],[109.55624784644093,-7.240482327315632],[109.55598358503747,-7.240690735851052],[109.55587376160841,-7.241081936731928],[109.55630069853784,-7.241651993465414],[109.55535371567831,-7.2418339327266725],[109.55484586241353,-7.242159702268958],[109.55484750392341,-7.24315073472238],[109.55529898438121,-7.243948900379171],[109.55430566669936,-7.244135864155233],[109.5529757885758,-7.244752866912009],[109.55145643628252,-7.244413640635412],[109.55082344214414,-7.244637983642556],[109.55031214568464,-7.244469302183289],[109.54987565900825,-7.244044762064947],[109.54919109928285,-7.243928319174219],[109.54845019943457,-7.244228233403267],[109.54771437922314,-7.244279878757907],[109.54756320260417,-7.244756475881398],[109.54800704493987,-7.245104526208916]]]}},{"type":"Feature","properties":{"waterway":"stream","name":null},"geometry":{"type":"Polygon","coordinates":[[[109.58589043443786,-7.261234860194747],[109.5860300865462,-7.262125964559586],[109.58573003430801,-7.262747748217598],[109.58561223589906,-7.263863238008606],[109.58529115166343,-7.264585355967824],[109.58542699102361,-7.26492681340271],[109.58603154444992,-7.265276536862285],[109.58664761877043,-7.2650817321428045],[109.58749418891662,-7.2657122595304],[109.58819856450214,-7.265520938876683],[109.58862277454443,-7.266362855655584],[109.58960435890944,-7.266444344743339],[109.5890255339035,-7.267298091800552],[109.58944637823105,-7.267982986581675],[109.58972912746577,-7.2681352008167135],[109.59045084660781,-7.267998914196512],[109.59072741131676,-7.268108943795928],[109.59117532543969,-7.268788637984166],[109.59207650488368,-7.268754448810488],[109.59239946734756,-7.26891014914576],[109.59269331459322,-7.269679777123817],[109.59404881829057,-7.269912738958816],[109.59501258100526,-7.269664057322213],[109.5951876120408,-7.269366908654097],[109.59496718907707,-7.268917656678991],[109.59341267367573,-7.268909332317439],[109.59305032909835,-7.268164753835406],[109.59219302935573,-7.267805399857274],[109.59169595014531,-7.267937837484636],[109.59123103831354,-7.267340354451592],[109.59032402842641,-7.267104868561242],[109.59055972692452,-7.266597159577454],[109.59033487175567,-7.265848655833323],[109.5897771405055,-7.265519124261419],[109.58917661422015,-7.265518444013416],[109.58875776535757,-7.2647891977549826],[109.58822369992166,-7.264579397404218],[109.58768403375399,-7.264758875712572],[109.58685416924101,-7.2641284562235],[109.58652605521394,-7.2641476641993945],[109.5865843009273,-7.263060341774451],[109.58695453404225,-7.2622057993999976],[109.58679870846598,-7.261261341894299],[109.58690181784442,-7.259856456066922],[109.58668140323044,-7.259590681979782],[109.58633609732169,-7.259557358352615],[109.5860681751916,-7.259776005670845],[109.58589043443786,-7.261234860194747]]]}},{"type":"Feature","properties":{"waterway":"drain","name":null},"geometry":{"type":"Polygon","coordinates":[[[109.90989755614056,-7.207353718680714],[109.90986740930116,-7.205822780699276],[109.91036354314465,-7.2045734829201455],[109.91102206662383,-7.203767198660603],[109.91090406433666,-7.203443567578761],[109.91058996195795,-7.203297507307104],[109.90980546043136,-7.203829945526446],[109.90931064966313,-7.204675185839488],[109.90896707534361,-7.2057017217780235],[109.90899020071139,-7.207427736130537],[109.91033020190515,-7.210426539408309],[109.91182703925945,-7.2153306823020325],[109.91221295893513,-7.215690874625279],[109.9125582736735,-7.215657986538595],[109.9127967749972,-7.215217929461997],[109.91204186725437,-7.212623507748876],[109.91090569622503,-7.20940090193341],[109.90989755614056,-7.207353718680714]]]}},{"type":"Feature","properties":{"waterway":"stream","name":null},"geometry":{"type":"Polygon","coordinates":[[[109.88359679565069,-7.225121487852707],[109.88341542681518,-7.224906037117093],[109.88307627274723,-7.224833673520285],[109.88278487612554,-7.22502041856286],[109.88271193295344,-7.225356879735279],[109.88311470422748,-7.2258998884015995],[109.8836184684445,-7.226053223761156],[109.88507729728948,-7.225680086740854],[109.88702854722942,-7.225548361937394],[109.88851981059605,-7.224678374746732],[109.88934239029855,-7.223932321443021],[109.89192523304932,-7.223933444869772],[109.89259906918805,-7.2241661299433995],[109.89291591298944,-7.224121056997884],[109.8933327014462,-7.224413059913177],[109.89421252769046,-7.22423208453002],[109.89547834077806,-7.224306322632848],[109.89781831858032,-7.223875556702795],[109.89853679701851,-7.223261480173444],[109.89915848556086,-7.223618675334515],[109.8996144277604,-7.223617365834769],[109.90084619100594,-7.22273182388545],[109.90167845842112,-7.222465201372337],[109.9025416987404,-7.221784085717455],[109.90437519628946,-7.221643200433199],[109.90600380050631,-7.220771654063109],[109.9071436683917,-7.219967531911055],[109.90764218697747,-7.219159637610974],[109.90942737360146,-7.218481619523197],[109.91174720637575,-7.215919185329303],[109.91257538996123,-7.215572447758135],[109.91266013263865,-7.215238719379137],[109.91248218965012,-7.214943290166956],[109.91216864894994,-7.214851711550205],[109.91126557296761,-7.215111728608396],[109.90887221120215,-7.217768674195855],[109.90723341152477,-7.218324479989036],[109.9064891832406,-7.219319569367253],[109.90554383203514,-7.2199890153963455],[109.90420758143034,-7.220718367061882],[109.90199777260506,-7.220933527365649],[109.90131617725856,-7.22141855995693],[109.90118652222638,-7.221700809910118],[109.9004641888469,-7.221904315902717],[109.89940326790922,-7.222603884673738],[109.89870829536615,-7.222365810719918],[109.89822223286164,-7.222377496721818],[109.89783159575593,-7.222556741867332],[109.89749787102889,-7.2230063079288085],[109.89595600718161,-7.2231898483432175],[109.89542074110747,-7.223404111294493],[109.89444373642925,-7.223321251143123],[109.89358394140311,-7.2234664170676455],[109.89320706495465,-7.223243798970776],[109.89268109561144,-7.223251925989423],[109.89211694462749,-7.2230435827693995],[109.88922157717874,-7.223040691957888],[109.8886189568772,-7.22321863781785],[109.88795791853124,-7.223969930399956],[109.88671732848127,-7.224700235754681],[109.88559400144612,-7.2246985380485125],[109.88359679565069,-7.225121487852707]]]}},{"type":"Feature","properties":{"waterway":"stream","name":null},"geometry":{"type":"Polygon","coordinates":[[[109.85178939688024,-7.225164130744803],[109.85135925731942,-7.224970887988781],[109.8510235772053,-7.22505774318469],[109.85084812272781,-7.225354635991595],[109.85093567296047,-7.225687650824993],[109.85161531120872,-7.2260526887789345],[109.85269048049577,-7.225988234140348],[109.85304804200909,-7.225766792077895],[109.85375174942038,-7.224518884699833],[109.85438224852378,-7.224642115884442],[109.85478402538988,-7.2244474259416265],[109.85557302002958,-7.224440785939524],[109.85634458848064,-7.224012741048496],[109.85663051717866,-7.223584064248723],[109.85807417337392,-7.223115794126713],[109.85888711134453,-7.222474682512756],[109.85893052329716,-7.221988105494217],[109.85947451633467,-7.220927276895887],[109.85938156772721,-7.220595705313518],[109.85895175731932,-7.220410122076848],[109.85864603008906,-7.220556640991884],[109.8576218439867,-7.2222268299045425],[109.85635748172386,-7.222630839108975],[109.85597277908509,-7.22290385584169],[109.85546254389325,-7.222965356724273],[109.85494365254432,-7.223412623042769],[109.85447645960416,-7.22334908115785],[109.85414011884934,-7.223695234564374],[109.85374257019242,-7.223605246567559],[109.85326346789098,-7.223723417638372],[109.85239453087657,-7.225036923874462],[109.85178939688024,-7.225164130744803]]]}},{"type":"Feature","properties":{"waterway":"stream","name":null},"geometry":{"type":"Polygon","coordinates":[[[109.85916105034583,-7.220443999668379],[109.85867749065598,-7.22058364110763],[109.85857305572264,-7.220911830566764],[109.85873312935809,-7.221217156539456],[109.85919134298608,-7.221360663017904],[109.8594991099,-7.221201858533906],[109.85960354422824,-7.220873668864287],[109.8594434701267,-7.220568343194833],[109.85916105034583,-7.220443999668379]]]}},{"type":"Feature","properties":{"waterway":"stream","name":null},"geometry":{"type":"Polygon","coordinates":[[[109.85933882124746,-7.221320905055623],[109.85986540560755,-7.2218617690108315],[109.86019013454376,-7.221888077522677],[109.8606703352982,-7.2224353582622385],[109.86166062442503,-7.2226124548464705],[109.86220243913709,-7.223083194348777],[109.86299474519872,-7.223072168725007],[109.86364107702627,-7.2223367390019915],[109.86354109090462,-7.222007188632462],[109.86323549938369,-7.221844301129379],[109.8626452973925,-7.222091602895155],[109.86201757076026,-7.221754781056007],[109.8611402002591,-7.221663388339256],[109.86079193012152,-7.221002617351247],[109.85939779044679,-7.220403248698311],[109.85891885520257,-7.220522984910919],[109.85869989856373,-7.220944760844578],[109.85885516764662,-7.221252519021658],[109.85933882124746,-7.221320905055623]]]}},{"type":"Feature","properties":{"waterway":"stream","name":null},"geometry":{"type":"Polygon","coordinates":[[[109.86295468724143,-7.221907446198859],[109.86274216794855,-7.222360419834533],[109.86292234507984,-7.222654515055756],[109.86325936971583,-7.222736078024702],[109.8636704170069,-7.222488230066142],[109.86375263182941,-7.222153879616965],[109.86357245435757,-7.221859784721387],[109.86323543031828,-7.221778221982131],[109.86295468724143,-7.221907446198859]]]}},{"type":"Feature","properties":{"waterway":"stream","name":null},"geometry":{"type":"Polygon","coordinates":[[[109.86329816813756,-7.222670455844753],[109.86386353926956,-7.222660845260785],[109.864510414141,-7.222327829481631],[109.86470621887719,-7.22205821860163],[109.86480739141405,-7.221269752554424],[109.86544903795848,-7.221146268907095],[109.86565622399709,-7.220718557312889],[109.86616059995447,-7.220898060181165],[109.86677744161842,-7.220764394632793],[109.86708480781081,-7.220034909597352],[109.86773274591287,-7.219168548252981],[109.86787191097186,-7.21806510776416],[109.86830113438309,-7.2178679354641755],[109.86935075749025,-7.217634174401015],[109.87007589397854,-7.217941222196103],[109.87107507866179,-7.217935726019615],[109.8718491554728,-7.218979982065997],[109.87317248271593,-7.219330747401516],[109.87445432624358,-7.218780650917305],[109.8748374999629,-7.218899760181647],[109.87568341338127,-7.218777353121503],[109.87679814719066,-7.2183703358523745],[109.87865201291359,-7.217022618203756],[109.87963575302791,-7.21556559988976],[109.88061678105088,-7.21256179110411],[109.88052519370932,-7.2122298473710496],[109.88004743584419,-7.212071794491089],[109.8796394098704,-7.2124588709285264],[109.87897744856191,-7.214808174556699],[109.87803062222535,-7.216349875796503],[109.87632076821399,-7.2176030263460635],[109.87538884893682,-7.217906320678753],[109.87423819201855,-7.217849274513783],[109.87317102903094,-7.218384209945814],[109.87239146302883,-7.218171450990066],[109.87231520202415,-7.217900638233189],[109.87146715319128,-7.216990036523463],[109.87024679140633,-7.217058013905112],[109.86979152148457,-7.216748323420807],[109.86939364614805,-7.216685477371697],[109.86888759547267,-7.216853239321683],[109.86850265846871,-7.216762315297402],[109.86744584854422,-7.217231745897369],[109.86701580108202,-7.217705054087211],[109.86685587933903,-7.21869972930789],[109.86621502101035,-7.2197700250740535],[109.86558642078104,-7.219543832876563],[109.8650212036804,-7.219820190347455],[109.86465430242089,-7.220314571540157],[109.86405213348529,-7.220703777649472],[109.86380364431606,-7.2215979545237605],[109.8629463582278,-7.2219472549817505],[109.86291114833149,-7.22244566807563],[109.86329816813756,-7.222670455844753]]]}},{"type":"Feature","properties":{"waterway":"stream","name":null},"geometry":{"type":"Polygon","coordinates":[[[109.83955288869817,-7.239043568747557],[109.83884575249996,-7.239193842389286],[109.83782592762212,-7.2391114827821745],[109.8375892686394,-7.239363126469231],[109.83760129416027,-7.239707074647358],[109.83836298055061,-7.240095330972577],[109.8400899361327,-7.239984656427653],[109.84038149215398,-7.239758601264738],[109.84071168464857,-7.238919410543833],[109.84139591968191,-7.238865091672405],[109.84229759543595,-7.238121653306661],[109.84349605691253,-7.237596153708222],[109.84429061132425,-7.236319884067969],[109.84520197831868,-7.236208174989337],[109.84596797667609,-7.235251658679081],[109.84712642182707,-7.235246758145921],[109.84789984821845,-7.234794471914519],[109.84804318588257,-7.234447526001623],[109.84780193163856,-7.2336333270139175],[109.84817235888141,-7.233058421006691],[109.84795619249836,-7.232425315613989],[109.8483339822507,-7.232008787081573],[109.84834633378038,-7.231088875896626],[109.84890517602337,-7.230579508711543],[109.84919487560971,-7.229983508453824],[109.84928086120411,-7.229266702942528],[109.84949725547432,-7.229123049302962],[109.84981406672476,-7.228434812501434],[109.8499999583694,-7.226689828525759],[109.85040817158816,-7.226074728087539],[109.85166275866068,-7.2256820126044685],[109.85174505074181,-7.225347680721397],[109.85156493945001,-7.225053545166411],[109.85122793174509,-7.224971906359724],[109.84993302177094,-7.2252682492592895],[109.84916490484117,-7.226306877701981],[109.84895533393146,-7.2281457494010475],[109.84883407453178,-7.228472592885287],[109.84845643152981,-7.228771006841961],[109.84812935256836,-7.230105100955168],[109.84755726862006,-7.230623739793983],[109.8474607023819,-7.2316511577017755],[109.84705820032471,-7.232268045377898],[109.84717204033942,-7.232887358798002],[109.8468785659693,-7.23369086787336],[109.84708097827243,-7.234293689440151],[109.84561282182011,-7.234413834027606],[109.84460640398586,-7.235462767990492],[109.84405687306456,-7.235373588511527],[109.84374742611685,-7.23548107461833],[109.84291080960492,-7.23689242498764],[109.84173620796629,-7.23738240252453],[109.84109509975298,-7.238010525064431],[109.84050660005845,-7.237909139818526],[109.84020153336982,-7.238026225179297],[109.83955288869817,-7.239043568747557]]]}},{"type":"Feature","properties":{"waterway":"stream","name":null},"geometry":{"type":"Polygon","coordinates":[[[109.85585659223736,-7.2166848941355735],[109.85662815313775,-7.216505741571543],[109.85689547137254,-7.216231040852246],[109.85693776162807,-7.215851669121655],[109.85670434674519,-7.215073773099833],[109.85712736063388,-7.213868109832303],[109.85696650557072,-7.213297921218841],[109.85715180319772,-7.212528380272481],[109.85790449036506,-7.212327892148072],[109.85817956743554,-7.212089822242438],[109.85809457452602,-7.210797614444543],[109.85865767091111,-7.210064733126256],[109.8587053722622,-7.209688116983411],[109.8585464197038,-7.209321085983347],[109.85896931038239,-7.209137561270557],[109.8591992653583,-7.2088251708843165],[109.8590981046514,-7.20815546519539],[109.85849482884613,-7.20765998184611],[109.85837463518087,-7.206935871421331],[109.85860298990953,-7.206560938802503],[109.85860763444454,-7.2061601859578985],[109.8584000798289,-7.205810828801461],[109.85809743580084,-7.205658425166525],[109.8583845877134,-7.205063562061141],[109.85820828774678,-7.204204729635839],[109.85884823455157,-7.203358224333991],[109.85889470939831,-7.202887943468804],[109.85929409118647,-7.202186662313702],[109.85925035316454,-7.201763992589895],[109.8596506819926,-7.200881498227404],[109.85957545987927,-7.200545532155491],[109.8592828176413,-7.200360738715341],[109.85874114594354,-7.200492050827076],[109.85851687193572,-7.200732480389813],[109.85835589850902,-7.202019618985596],[109.85803525084339,-7.202529798321474],[109.8579861066064,-7.202973799571686],[109.85704030669338,-7.2041816181793425],[109.8574830472694,-7.204961956754857],[109.8570175855048,-7.2054855015407675],[109.85699758079765,-7.205898706421849],[109.85718152559535,-7.206227051701804],[109.857571777594,-7.206442265271741],[109.85739583482517,-7.207033758060986],[109.85755893534882,-7.207420546815934],[109.85750981107311,-7.207810227591405],[109.85792576234549,-7.208572194744201],[109.85763953801052,-7.209224809950667],[109.85776285653039,-7.209835091109528],[109.85711682128724,-7.210419768884554],[109.85725350946937,-7.211511189640797],[109.85643766728607,-7.2119053820268],[109.85623520951329,-7.212472571576323],[109.85580401035271,-7.21293470698312],[109.85576138829435,-7.2134278135642385],[109.85610207199026,-7.213852666776611],[109.85576785981627,-7.2149633738057615],[109.85589932497818,-7.215740262326326],[109.85527783858616,-7.215954710096293],[109.85488471615211,-7.21638521357305],[109.85500686703423,-7.2173793150127725],[109.85530040220432,-7.217562726555972],[109.8556386902728,-7.217486501779588],[109.85582356627101,-7.217195292220257],[109.85585659223736,-7.2166848941355735]]]}},{"type":"Feature","properties":{"waterway":"stream","name":null},"geometry":{"type":"Polygon","coordinates":[[[109.88147968077722,-7.1927792862703175],[109.88098627173119,-7.192879286021828],[109.88085517875277,-7.1931979186213235],[109.88098957663748,-7.193515193096127],[109.88143543736516,-7.193695754202183],[109.88175522884043,-7.193562413666086],[109.88188632129238,-7.193243780810762],[109.8817519228613,-7.1929265065972725],[109.88147968077722,-7.1927792862703175]]]}},{"type":"Feature","properties":{"waterway":"stream","name":null},"geometry":{"type":"Polygon","coordinates":[[[109.88159631175587,-7.193663496892324],[109.8821204144495,-7.194259069298764],[109.8828376796345,-7.194556066629222],[109.88346771572289,-7.194155550262607],[109.88364589552305,-7.193406302699856],[109.88345752564409,-7.193117311691264],[109.88311835961093,-7.19304511327354],[109.88271862471075,-7.193462858930847],[109.88240638815402,-7.192873352377468],[109.88159669603296,-7.192682839052725],[109.88108044181324,-7.192963652865767],[109.88098242823969,-7.193293784089597],[109.88114841213809,-7.193595982709159],[109.88159631175587,-7.193663496892324]]]}},{"type":"Feature","properties":{"waterway":"stream","name":null},"geometry":{"type":"Polygon","coordinates":[[[109.8597039269732,-7.200419536705289],[109.85891553464172,-7.20045701822607],[109.85875309343346,-7.200761107176302],[109.85885496285245,-7.201090087935816],[109.85995027563484,-7.20150911610718],[109.8603132261692,-7.201407166452712],[109.86053751079457,-7.201157995206297],[109.86088355010236,-7.200136056044657],[109.86087401706887,-7.199731753121146],[109.8614310368478,-7.199482866304148],[109.86184654273958,-7.198785605892495],[109.8622262379672,-7.198566159191882],[109.8627118259463,-7.198612772962215],[109.86339461365716,-7.198953948215785],[109.86410202652146,-7.198429648421751],[109.86472392062943,-7.198389914983641],[109.86502464547216,-7.198037940097461],[109.86498905028537,-7.197520704038479],[109.8653660619814,-7.197234626172544],[109.86541437286684,-7.196926980176749],[109.86617466604346,-7.196459915055283],[109.866863611268,-7.196452320384849],[109.86719962072583,-7.1962813267246295],[109.86775842823468,-7.196778770447972],[109.86823858870208,-7.1968431426447985],[109.86861128874769,-7.19665041934273],[109.86887444462953,-7.196233152507653],[109.86955461408128,-7.196102768546858],[109.86972068532168,-7.195594421147686],[109.87028469437625,-7.195631408986613],[109.87104405340466,-7.195966513286273],[109.87138679715241,-7.195872836207601],[109.87158818856825,-7.19560188101279],[109.8721509507499,-7.195580258044741],[109.87241781526052,-7.19594347442407],[109.87273060120224,-7.196008713061273],[109.87307209982322,-7.195843929570354],[109.87336545139021,-7.195327548996623],[109.8752193301976,-7.195446504242821],[109.8756039129685,-7.1952638340003165],[109.87593775130014,-7.194859478420826],[109.87680165618183,-7.195076525461136],[109.87732798732657,-7.194673043765963],[109.87811162170881,-7.194582183473788],[109.87832856179088,-7.1942126209245965],[109.87829107291789,-7.193897191287302],[109.87862968447806,-7.193913405883512],[109.87969316425185,-7.193429753447388],[109.88035301413998,-7.193625036670458],[109.88143047697216,-7.193628641756149],[109.8817033574344,-7.193416164616952],[109.88174487691685,-7.1930744837331355],[109.881530714306,-7.192803751185159],[109.88047375056875,-7.192733633644864],[109.88006308441842,-7.192325936813263],[109.87960676275468,-7.192223812168057],[109.87887961160575,-7.192796583247114],[109.87756464413391,-7.192885464398872],[109.87730018588987,-7.193124675894261],[109.87716798540598,-7.193756840242675],[109.8766299131358,-7.194083755972434],[109.87583400610379,-7.193881285383693],[109.87509937071152,-7.194430962255636],[109.87315980005815,-7.194381139818327],[109.87262905079594,-7.1947216878063855],[109.871477481096,-7.19470451498024],[109.87091152133256,-7.194979252274149],[109.87038483586662,-7.194729715488033],[109.87018105713662,-7.194306489920641],[109.86957802859794,-7.194205223499504],[109.86916966153606,-7.1944596178706135],[109.86871737104454,-7.195104093418973],[109.86826643316013,-7.1952419819156415],[109.86805890196935,-7.19571477374352],[109.86758978480923,-7.195347501490444],[109.86700356395104,-7.1953188857408765],[109.86647887142574,-7.195593704071474],[109.86586385323032,-7.195590420761825],[109.864681022494,-7.196218129597465],[109.86418816161164,-7.19702720806734],[109.86407329485748,-7.197518930138364],[109.86343007988798,-7.197800206757401],[109.86208372811429,-7.197560000838923],[109.86126910033363,-7.197951492867958],[109.86089180262954,-7.198261348328313],[109.86068784839408,-7.198686863968846],[109.86016231254975,-7.199040514383457],[109.8597039269732,-7.200419536705289]]]}},{"type":"Feature","properties":{"waterway":"canal","name":null},"geometry":{"type":"Polygon","coordinates":[[[109.66699655637636,-7.398124028775248],[109.66666463231007,-7.3982245065197665],[109.66650157122625,-7.398528306819431],[109.66660289235438,-7.398857467769016],[109.66703983239825,-7.399023017296856],[109.66734561224608,-7.398860253853845],[109.66744577356049,-7.398530744008892],[109.667281643587,-7.3982275102868575],[109.66699655637636,-7.398124028775248]]]}},{"type":"Feature","properties":{"waterway":"canal","name":null},"geometry":{"type":"Polygon","coordinates":[[[109.6850810720511,-7.400638610140634],[109.68379841093358,-7.400110349999093],[109.68316256568069,-7.400284318651833],[109.68256382691817,-7.4007028337669425],[109.68220238817155,-7.40064517034231],[109.68124229348629,-7.399806514201612],[109.6807033513979,-7.3996230755980115],[109.67982308026363,-7.399746083911013],[109.67892287610712,-7.399323049476055],[109.66703842038973,-7.398128044541189],[109.66670645952166,-7.398228402658449],[109.66654328711724,-7.398532144171113],[109.66664448761554,-7.398861341610829],[109.66695077952086,-7.399023155454488],[109.67877007752556,-7.400213171494104],[109.67956428788047,-7.400666021913607],[109.68058837777325,-7.400526885686087],[109.68144347800464,-7.401264885191419],[109.68242928096254,-7.401623715423951],[109.68293566229644,-7.401527894170929],[109.68382931664891,-7.401023090782701],[109.68511000882836,-7.401557045778372],[109.68579867899132,-7.4012580119649725],[109.68691749375228,-7.401313045374325],[109.68771412074936,-7.401065965244266],[109.68862484615228,-7.40162879798179],[109.68938945988448,-7.401579303385135],[109.69000655766693,-7.4018239015746925],[109.69124194328913,-7.401621611354433],[109.691870716469,-7.401276616584305],[109.69198347241024,-7.400951132748077],[109.69183111761207,-7.400641914685107],[109.69150289973281,-7.400530097962002],[109.69007672146684,-7.400903697323377],[109.68950778098144,-7.4006829148574145],[109.68887201085566,-7.400747791569295],[109.68835726701126,-7.400321685613703],[109.6877319212883,-7.4001661212901],[109.68682988947498,-7.40041563512972],[109.68560340784,-7.40036766930132],[109.6850810720511,-7.400638610140634]]]}},{"type":"Feature","properties":{"waterway":"river","name":"Serayu"},"geometry":{"type":"Polygon","coordinates":[[[109.36303331383108,-7.486227146932819],[109.36139094400042,-7.485048738543837],[109.3595043156768,-7.485044742563638],[109.35878414474742,-7.485452555008222],[109.35854835714782,-7.4854341105079865],[109.3577735010079,-7.483536249728454],[109.35678920098921,-7.482547350444679],[109.35584020863598,-7.482063983763771],[109.3550299448546,-7.482141681288415],[109.35436224919677,-7.4824472849867645],[109.35417890738356,-7.483323201019362],[109.35455279425003,-7.484825064342273],[109.35407952114855,-7.485056189642738],[109.35348273587799,-7.4850227618534815],[109.35283764844488,-7.484423563067128],[109.35233938455464,-7.481340941039454],[109.35163362308329,-7.480585156085328],[109.35128796003744,-7.4804446211402285],[109.35043261149606,-7.480686538823958],[109.34716427794517,-7.483804153556516],[109.34687241974535,-7.483703925586356],[109.3464224443146,-7.482944878690206],[109.34601159664429,-7.48163788763445],[109.34660766985517,-7.479746938499447],[109.34678538040342,-7.478394977828007],[109.34591429636063,-7.477622657759542],[109.34493487987491,-7.477690363252131],[109.34207114723073,-7.4794172256176825],[109.3407742703106,-7.480752024239757],[109.34080428720561,-7.481865642616749],[109.34168519666338,-7.48285431097095],[109.34197647915362,-7.483707508865751],[109.34182667340184,-7.484288152073904],[109.33904485553526,-7.485413027530053],[109.33822185572342,-7.486101026987738],[109.33763680544132,-7.487013668483511],[109.337541299048,-7.4898810331147825],[109.33795201708111,-7.491552844391552],[109.33780755964939,-7.492359719229499],[109.33710161223482,-7.4930368980856406],[109.33708368587835,-7.493380593845418],[109.337316133126,-7.493636190989746],[109.33766278958116,-7.493653963947312],[109.33864531049784,-7.49276380441222],[109.33886215123958,-7.491614887629766],[109.33844896614846,-7.489832633937507],[109.33847690328732,-7.487374313577691],[109.33886357144279,-7.4867409005268195],[109.33957341768678,-7.486147492883283],[109.34237692907597,-7.485038759665285],[109.34261949792857,-7.484812056241158],[109.34289865059435,-7.483629573979734],[109.34251347911692,-7.482475528148985],[109.34167122976237,-7.481512587877329],[109.3416566258517,-7.481094402330717],[109.34260212385486,-7.4801480581967885],[109.3452207299521,-7.478555967028441],[109.34563859944086,-7.478517483762494],[109.3458593442678,-7.478696499943616],[109.34508526460043,-7.48168278906323],[109.34561401276011,-7.48335595121058],[109.3464176667429,-7.484499494873068],[109.34745867577588,-7.484733362555141],[109.35036161660173,-7.48187440011604],[109.35115715931403,-7.481394617706943],[109.35151590925295,-7.4817710140110885],[109.35204346689501,-7.484904019305947],[109.35311426107673,-7.485875851118296],[109.35411701946182,-7.485959044340977],[109.35510134669711,-7.485614569366288],[109.35549055676059,-7.484977406680069],[109.35510628485639,-7.483083223115258],[109.35569617240321,-7.482969567796845],[109.35619300912059,-7.48322869100767],[109.3570709454103,-7.484110730898607],[109.3579627396683,-7.48625078154121],[109.35903427270401,-7.486347013612939],[109.35965180337158,-7.485943557548414],[109.36114350684817,-7.485938387880067],[109.36262357100271,-7.487031301209412],[109.36355367171946,-7.48742960158611],[109.36404934140758,-7.487339495302306],[109.36418697565783,-7.487023550499531],[109.36405897000826,-7.486703651441656],[109.36303331383108,-7.486227146932819]]]}},{"type":"Feature","properties":{"waterway":"river","name":"Serayu"},"geometry":{"type":"Polygon","coordinates":[[[109.41907466863498,-7.477223430885834],[109.41839940456677,-7.478465677663821],[109.41804288798652,-7.478652817630791],[109.4148485865561,-7.478323786935533],[109.41190282104928,-7.477222872679767],[109.4116344958752,-7.4768393506742745],[109.412450830231,-7.475647992615717],[109.41308123758981,-7.473526492539083],[109.41354771089654,-7.4728553158033755],[109.41349926904361,-7.472514528855606],[109.4130453081481,-7.472297640331554],[109.4123057028022,-7.4730526274042255],[109.41165936324136,-7.475202744533469],[109.41063953915155,-7.47675456971997],[109.41071176234604,-7.47709829433025],[109.41122676201991,-7.4778343947623],[109.41221039532262,-7.4783613281005925],[109.41469913477576,-7.479212552882743],[109.41826292681907,-7.4795450716516605],[109.41908282903864,-7.4790857197294605],[109.4198952258973,-7.47760943584306],[109.42058003393444,-7.4753633939134945],[109.42043136441063,-7.474885997627713],[109.42009871037317,-7.474787729107458],[109.41979340641821,-7.474951465581951],[109.41907466863498,-7.477223430885834]]]}},{"type":"Feature","properties":{"waterway":"canal","name":null},"geometry":{"type":"Polygon","coordinates":[[[109.38144854943239,-7.456337864587458],[109.38378421752681,-7.456917670222908],[109.38436657596215,-7.456904602973286],[109.39741448436148,-7.452108240524984],[109.399002550148,-7.450776957151668],[109.4007786644158,-7.450801285511323],[109.41176124269042,-7.44982059161662],[109.41530991056405,-7.451996511958796],[109.41598045778633,-7.452230847558893],[109.43347576322317,-7.451608838096625],[109.43409672535986,-7.45129942172739],[109.43592620966521,-7.448387492260679],[109.43629755278992,-7.448056166768196],[109.43710031717067,-7.44770591686555],[109.44284124611862,-7.447514764029211],[109.44469004493422,-7.447990240885301],[109.44706862723733,-7.447870499650902],[109.44853951045016,-7.447530365921269],[109.44913484850976,-7.447082034358062],[109.44980485118272,-7.446153185238141],[109.4499475171957,-7.445271496777368],[109.45757358352259,-7.445494597060415],[109.46830831180672,-7.4433894315238485],[109.46889406429422,-7.443108904223998],[109.4709704508042,-7.440165138107869],[109.47153253686727,-7.4397342714723225],[109.4818967273334,-7.437853899219119],[109.48705893742319,-7.437862245226873],[109.49255820141677,-7.438531538965692],[109.50136605099085,-7.441185244283647],[109.51345008971066,-7.442671910092027],[109.5138989208659,-7.442494923133352],[109.51688673350333,-7.440168756447494],[109.51732811501307,-7.43884052871],[109.51828459587819,-7.437725088943379],[109.52076024402369,-7.43754132125062],[109.52189505834421,-7.4369590919067905],[109.52429943729912,-7.436260899629087],[109.52612328448535,-7.434648786444454],[109.52887051058296,-7.433616594192089],[109.52986398537881,-7.432101742178851],[109.5325814835706,-7.4310977395549305],[109.5366009480134,-7.429321868548196],[109.54210701654942,-7.427783796193],[109.54481371305593,-7.426428226821448],[109.54649867081254,-7.425280580244669],[109.54804562784211,-7.423862553432638],[109.54819250164843,-7.423384616388994],[109.54797266708668,-7.423118304449676],[109.54747117261483,-7.423166646380947],[109.54595965811407,-7.4245567563664325],[109.54438030199968,-7.425637602638696],[109.54176277885061,-7.4269513873069135],[109.53632810497808,-7.428463960297781],[109.53222394277664,-7.430271153587271],[109.52937287478898,-7.431339137830472],[109.52839497408017,-7.432840905576486],[109.52572001638646,-7.433841789662904],[109.52387364620503,-7.435463937034205],[109.5215589672308,-7.436123007519848],[109.52055251480257,-7.436662062465465],[109.51790451828718,-7.4368879529827225],[109.5167068212849,-7.438124511601555],[109.5162130761071,-7.439563246269617],[109.51337824182768,-7.4417560197456565],[109.50156284982535,-7.440306987716353],[109.49270267037791,-7.437643662403956],[109.48714374341694,-7.436966462360686],[109.48177850006566,-7.4369621519019615],[109.47117015111573,-7.438908868149572],[109.47028512396835,-7.439574824681026],[109.46812426514838,-7.442508792169209],[109.45747490599376,-7.444600178247396],[109.45469632907101,-7.444423006036547],[109.44942122632143,-7.4444052825389315],[109.44907856143135,-7.444768611108768],[109.44902656100128,-7.445599051482209],[109.44877742273734,-7.446152874738522],[109.44820889591459,-7.446682903319623],[109.44697195819342,-7.44697564817272],[109.44471980574257,-7.447090002032883],[109.44273080772417,-7.446614748447326],[109.43694405968336,-7.446818672990037],[109.43581754522832,-7.4472924050859834],[109.43524663622645,-7.447791431469645],[109.43342669894055,-7.450686133041171],[109.41604863934101,-7.451333463933248],[109.41184509483774,-7.448921851748512],[109.40077678432597,-7.449901564069347],[109.39894719937675,-7.449877947888042],[109.3982797215663,-7.450097664018768],[109.397102568993,-7.4512452174731765],[109.38415070466546,-7.456030755141243],[109.38116253056312,-7.455345536960048],[109.38082581138352,-7.455396176679862],[109.38061959252042,-7.455664923893795],[109.38068509402795,-7.456468617562739],[109.38117082122737,-7.456601576923394],[109.38144854943239,-7.456337864587458]]]}},{"type":"Feature","properties":{"waterway":"river","name":"Kali Klawing"},"geometry":{"type":"Polygon","coordinates":[[[109.49054060410981,-7.4110339436093495],[109.4877847063508,-7.4133629866354855],[109.4865879227901,-7.414568486217284],[109.48611986882496,-7.41482096273221],[109.48491991597392,-7.415025097176828],[109.4846996966878,-7.4152910931758385],[109.48473365189403,-7.415633596947968],[109.48500189154716,-7.415851974385681],[109.48575136565435,-7.41581330264762],[109.48708188003086,-7.415325801125346],[109.49093951396364,-7.411860797151139],[109.4905882161372,-7.412574019271587],[109.49095397161807,-7.413227017724728],[109.49174211526874,-7.413481715265927],[109.49280735881786,-7.413320609480737],[109.49536843657818,-7.410686237470457],[109.49602323691215,-7.41011882963124],[109.49638118183825,-7.410024818806741],[109.49699928768118,-7.410414885820541],[109.496424132996,-7.410865987888769],[109.49635614572624,-7.411447328091781],[109.49651465675822,-7.411812322375226],[109.49694647321955,-7.412265021947427],[109.49770403897261,-7.412522721519212],[109.49828641136764,-7.412483312976057],[109.49931811388235,-7.412128065336052],[109.49967743583714,-7.411831207177148],[109.50004021477963,-7.411158837236777],[109.50088316427615,-7.410661131460769],[109.50125845145189,-7.4107138220725135],[109.50112658236117,-7.411320902189196],[109.5014276086755,-7.411784410920323],[109.50222085936701,-7.412084075660524],[109.50318474935918,-7.412149249101415],[109.50369703722905,-7.411867464523587],[109.50412546987737,-7.41097867056483],[109.50473414942951,-7.410379627167141],[109.50675024668497,-7.410205171707549],[109.50719479719197,-7.410378600852148],[109.50752076131161,-7.410788834437524],[109.5077192225419,-7.411383922065522],[109.50773916460996,-7.412222235595699],[109.50815488796806,-7.412672261825666],[109.50883139150092,-7.412647246802533],[109.50986224194125,-7.4116801934988485],[109.51034349741113,-7.412819877175686],[109.51112164665206,-7.413090992816219],[109.51207110103798,-7.412594397385815],[109.51292546434493,-7.412396792969772],[109.51380090526138,-7.4113264530531495],[109.51403258048283,-7.411260511520728],[109.5146135271478,-7.411556166939247],[109.51522846446647,-7.412638455716115],[109.51556074705726,-7.4128935174701835],[109.51652453532712,-7.413261037520297],[109.51731570692017,-7.413315850604743],[109.51799366421285,-7.41291703145543],[109.51856645613503,-7.412158112126916],[109.519218087869,-7.412521541588716],[109.52029950519322,-7.412463925549244],[109.52132772338713,-7.411938528612291],[109.52252643624104,-7.411833807661272],[109.52312974083151,-7.411437609572862],[109.52470055946588,-7.411266364300291],[109.52608779016725,-7.4105250195225],[109.5264297918099,-7.4101763156503],[109.52913506459873,-7.41025110084289],[109.53220179217021,-7.409358622772395],[109.53269332593138,-7.40890431508612],[109.53307271904208,-7.4073889227203775],[109.53336636268129,-7.407505024987795],[109.53451235880635,-7.407412240834616],[109.53501148945391,-7.407754100917308],[109.53564308673208,-7.4086971427885855],[109.53616256600918,-7.408907883827092],[109.53666175072749,-7.4088962005344055],[109.53709283964379,-7.40869233093116],[109.53765660258222,-7.407661067521733],[109.5376492469746,-7.407177414871951],[109.53731990502949,-7.406291324123024],[109.5379555445834,-7.406381673919118],[109.53979856177007,-7.407111285407412],[109.54109191534239,-7.40729802529005],[109.54178352790498,-7.407706898726217],[109.54232119678429,-7.407707486536811],[109.5429448235175,-7.407197527445494],[109.54318648606528,-7.406620993715165],[109.54346875442533,-7.4048238913509365],[109.54341705178237,-7.403713286384337],[109.54389764991198,-7.4039760823236955],[109.5442984232461,-7.40474098237652],[109.54528198431086,-7.405681170454645],[109.54601219441074,-7.405852442668604],[109.54647356785804,-7.4057347483924305],[109.5469680419511,-7.4051549708405755],[109.54694335746223,-7.403811609531812],[109.54718372788794,-7.402812485589835],[109.54748039875776,-7.4026056822797095],[109.54822209276124,-7.403055868245344],[109.54863726569072,-7.403025869907897],[109.54915993951553,-7.402725479090453],[109.549495987837,-7.402241460529636],[109.54961173872412,-7.400867994080631],[109.54940993505448,-7.39837843984761],[109.55097024237715,-7.399277009932468],[109.55172535299427,-7.39890715322215],[109.55260096227914,-7.396107594728164],[109.55299112113062,-7.395446035610975],[109.55365738574827,-7.39478017735588],[109.55352808013892,-7.394105591422702],[109.55365863021056,-7.393739675632999],[109.55525755644062,-7.392860376433686],[109.55615731331704,-7.393446710427097],[109.55710483273724,-7.39479076195215],[109.55764260490818,-7.395136183634205],[109.55855350311838,-7.395250458865388],[109.55981953691293,-7.394813036300263],[109.56061936216365,-7.394355457048245],[109.56227031851628,-7.3927076810989245],[109.56261020239192,-7.391918476937257],[109.56351114840287,-7.391467173455957],[109.5639424936942,-7.391043654544706],[109.56432174933965,-7.38999276915968],[109.56525777752422,-7.388388356365867],[109.56717926537561,-7.388724489413089],[109.56794892578029,-7.388626376269346],[109.56916303551189,-7.38818004534794],[109.5702674951601,-7.38837655755472],[109.5716336044066,-7.389505850305711],[109.57330170014939,-7.3912992333231005],[109.57394520038406,-7.391774133710415],[109.57536212251055,-7.392421389444439],[109.57580060725384,-7.39250429985796],[109.57695906740346,-7.392340691170217],[109.57766655540404,-7.391109013928042],[109.57819853086914,-7.391807768242141],[109.5787944721487,-7.391816954333657],[109.57922394026248,-7.391287688377702],[109.57935628473287,-7.390165184998247],[109.58007720481947,-7.38968429358505],[109.5807073273957,-7.388593415430718],[109.58241114921506,-7.388787856883486],[109.5835219302871,-7.388599539681296],[109.58413048758375,-7.3882379539700045],[109.58451147229934,-7.387599845171605],[109.58553204436794,-7.387324113016554],[109.58609029251572,-7.386909850616995],[109.58629896184087,-7.386277551980447],[109.58597149372292,-7.385476163999924],[109.58556559065113,-7.3849186605899435],[109.58469833046483,-7.384508842977048],[109.584453139951,-7.3841466283868336],[109.58500660133313,-7.384283497724947],[109.58673022304858,-7.38535438965038],[109.5874707199796,-7.385288208075596],[109.5877353359929,-7.384945591042689],[109.58852081927053,-7.382839897640701],[109.5891359894351,-7.382484438537668],[109.59156920107374,-7.379452438903567],[109.59270182580109,-7.3784083623499175],[109.59437934330997,-7.377597061608942],[109.59607780409002,-7.376479035761062],[109.59773631951968,-7.37608189929191],[109.59901961313473,-7.375546096517873],[109.60243956919408,-7.373394401512589],[109.60317711691341,-7.372700853841244],[109.60451137854852,-7.3723820726308436],[109.60618849543842,-7.3707348025478225],[109.60881661320575,-7.369506779103612],[109.60939258126834,-7.368944435346656],[109.6110918593121,-7.3682756590122285],[109.61217820008753,-7.368332460130885],[109.61299750735681,-7.368175024923999],[109.61472469457682,-7.367306792447429],[109.6156874369348,-7.367021330226667],[109.61614679116076,-7.3671455688810665],[109.6166526976821,-7.367651556369924],[109.61729161059506,-7.369120584409415],[109.61765957414933,-7.369342178846897],[109.61833956431244,-7.36932683180969],[109.61981130821044,-7.368656865878367],[109.62150192065003,-7.367564216103497],[109.62260520505556,-7.367396005187102],[109.62392172236038,-7.366414214624087],[109.62449280061435,-7.366237970506612],[109.62547644761148,-7.366246182812553],[109.62897903706768,-7.365435368445219],[109.62978043594387,-7.363655933491285],[109.63013500745188,-7.363313028454814],[109.63057334492092,-7.362980335456635],[109.6316507995729,-7.3629277995684665],[109.63203271322791,-7.362569743832282],[109.63207183256608,-7.361855937485515],[109.63161098868282,-7.360091875549725],[109.63161614910175,-7.3590240162276395],[109.63187251300758,-7.3578429225047115],[109.63206903064552,-7.357670315458022],[109.63310008832394,-7.357479780289683],[109.63452007414298,-7.357732011090666],[109.63643272281973,-7.3568258121101495],[109.63786469078734,-7.355770538265338],[109.639476775434,-7.354148935780712],[109.63990947875067,-7.353525555909001],[109.64032222666661,-7.3522389955592296],[109.64089721431239,-7.351511999235833],[109.64178854701282,-7.350887075150761],[109.64205662829828,-7.34997175290572],[109.64192886040088,-7.349007716335367],[109.64142574938468,-7.348467113335491],[109.64037417001926,-7.348551550427079],[109.64032808190782,-7.34643474017485],[109.64144929709873,-7.345910834946791],[109.64202456474116,-7.345451281245032],[109.6427520965493,-7.343835867948453],[109.64353584121282,-7.343819139084526],[109.64394410495744,-7.343517513952729],[109.64437178486361,-7.341931242737755],[109.64427881217054,-7.340781226731351],[109.64384379638416,-7.340529262115545],[109.64344261394882,-7.340831447236926],[109.64346910571626,-7.3418316511624155],[109.64326945436373,-7.342878572225046],[109.642519605556,-7.342939056607209],[109.64221094403572,-7.343109116507888],[109.64182264093012,-7.343595408837284],[109.64137911786261,-7.344813446980021],[109.64109275038288,-7.345073276041371],[109.63997167469395,-7.345523976260734],[109.63946596621264,-7.346072261116373],[109.63947265405515,-7.348752766370196],[109.63970050653789,-7.349160290637808],[109.64022143254839,-7.349545510294911],[109.64061062639287,-7.349561295135693],[109.6410283644076,-7.349363718849133],[109.64115213748872,-7.349894135817616],[109.64098719541475,-7.3504370082592665],[109.64029962614983,-7.3508328228831195],[109.63955916793333,-7.351749594263874],[109.63909591172158,-7.353121230990379],[109.6387849340393,-7.35356697583706],[109.63731812614408,-7.355052136827848],[109.6359577723569,-7.356058903681061],[109.63432822687577,-7.356852765576084],[109.63306723658259,-7.356574694877194],[109.63177193113133,-7.356811963527426],[109.6311841026216,-7.357246273791096],[109.63078224790239,-7.3584329314333905],[109.63070410932299,-7.36010784431972],[109.63075945370726,-7.360770830143355],[109.63116972896042,-7.361978961461191],[109.63008804853872,-7.362216211183856],[109.62908675942485,-7.363070665213344],[109.62837736878711,-7.364703993438649],[109.62538357497561,-7.365350728055534],[109.62431188038185,-7.365351948027649],[109.62358768101464,-7.365575447809235],[109.62220458290271,-7.366587417545746],[109.62117318867898,-7.366712664043015],[109.61935772282227,-7.367877612578127],[109.61817269365766,-7.368442609574774],[109.61799948066698,-7.3684705398897865],[109.6174385340104,-7.367192201544044],[109.61672735559388,-7.366448988363799],[109.61570526495947,-7.366117215593265],[109.6144247239545,-7.366457082467587],[109.61272490978031,-7.367315766543415],[109.61086937494758,-7.367400003741918],[109.60893991320977,-7.368161416998505],[109.6083190208922,-7.3687514225753254],[109.6056331550773,-7.370019710481657],[109.604055343624,-7.371601761965737],[109.60279021698062,-7.371870490073832],[109.60194845147554,-7.372637372762695],[109.59860543640463,-7.374745496311027],[109.59749473149867,-7.375214584819927],[109.59565236172594,-7.375681234091751],[109.5939465934561,-7.376805792986013],[109.59213380497295,-7.377704147597065],[109.59091610509418,-7.378826646761375],[109.58849517798723,-7.3818450049765945],[109.58786105877405,-7.3821559832998345],[109.58695072624805,-7.384468745666581],[109.58475014751157,-7.383202834656671],[109.58441223106799,-7.383198302979939],[109.58381039775666,-7.383494217917569],[109.5834938497601,-7.384067919517196],[109.58372086399066,-7.384742582050202],[109.58413092162229,-7.385213337412406],[109.58501631986633,-7.385662231308734],[109.58537879819427,-7.386332434236843],[109.58473549867983,-7.386658890655965],[109.58404669476954,-7.386753572146772],[109.58327804468813,-7.387729416083601],[109.58239560442058,-7.3878873630585264],[109.58093850861697,-7.387719618402933],[109.58050054802541,-7.387515281585133],[109.58003547975437,-7.387648774528808],[109.57938244845691,-7.389100955269073],[109.57848778919035,-7.389710497057814],[109.57842859451966,-7.390550860644664],[109.57774172318675,-7.390194270536883],[109.57715785314414,-7.390313354573221],[109.57675889796772,-7.390702154932505],[109.5764511059609,-7.391520628365316],[109.57565444217948,-7.39156865153477],[109.57445296028834,-7.39102784084512],[109.57132640165065,-7.38798967166468],[109.57001239635741,-7.387326971918329],[109.56897847050962,-7.387296744716041],[109.56714726710287,-7.387824064315703],[109.56504959239017,-7.387475170449957],[109.56429984883385,-7.388138201260908],[109.56350128256722,-7.389607656100531],[109.56319825782835,-7.390521420896201],[109.56191522773277,-7.391301106114038],[109.5615836499517,-7.392108226067149],[109.56002701611283,-7.393671979317382],[109.55949018792325,-7.393973987925687],[109.55846683682218,-7.394350927955637],[109.55799613646143,-7.394305708919586],[109.5576633647762,-7.394055896113332],[109.55681110055086,-7.392822519789144],[109.55616736039246,-7.3922895854232715],[109.55534856077166,-7.3919598966180375],[109.55454874670828,-7.392151641606864],[109.55303480533257,-7.393081043291799],[109.55265663201324,-7.393683030784022],[109.55270832937295,-7.394491755906252],[109.55224459411632,-7.394930489812179],[109.55154508964856,-7.396231006217658],[109.55100565827881,-7.398299062700701],[109.55006814046612,-7.397676732315703],[109.5493078046077,-7.397404345584996],[109.54880096886441,-7.397611128814479],[109.54856755778299,-7.397951198735967],[109.54847090806379,-7.398626287002909],[109.54870578293463,-7.400821064120784],[109.54861404720175,-7.40197647438811],[109.54842630098409,-7.402133742560364],[109.54744578524253,-7.401685339487558],[109.546536811657,-7.402176909570052],[109.54615096506235,-7.403011860475137],[109.54608186301812,-7.404919319730914],[109.54571945208785,-7.404886985276092],[109.5449849953915,-7.404147649931439],[109.54468485077118,-7.403523778984657],[109.54420163691526,-7.403021587294764],[109.54353681692949,-7.402813722443704],[109.54282676469658,-7.402931951543224],[109.54252780378438,-7.403337242973602],[109.54256862111534,-7.4047060646889475],[109.5423143158676,-7.406369497059627],[109.54205395581859,-7.406834744145148],[109.54131918502802,-7.406421739103999],[109.53930725464068,-7.406040820806501],[109.53817294769652,-7.405503253222063],[109.5371604758139,-7.405404110588899],[109.53675718372656,-7.405548351405308],[109.53631624784468,-7.4060799678172895],[109.53641309645532,-7.406741017316656],[109.53676280871757,-7.407378480635053],[109.53648267590569,-7.408000448825993],[109.5362080314357,-7.407972863470569],[109.53569583209652,-7.407160462042621],[109.5348062872738,-7.406557595163842],[109.53349336066219,-7.406591882074683],[109.532786102223,-7.406399071312093],[109.53230021818344,-7.406772938005841],[109.5318745900678,-7.408485999043721],[109.52906083709611,-7.409352857549903],[109.5261169326777,-7.409324956391998],[109.52437003946768,-7.410425601003816],[109.52285227972015,-7.410577037003012],[109.52218609188029,-7.410984512380003],[109.52111818101207,-7.411061305674781],[109.5200391274059,-7.411590173537446],[109.51938947685218,-7.411621768836139],[109.51885342467197,-7.411281182136803],[109.51828749142378,-7.411279432202077],[109.51708538303517,-7.412423729099041],[109.51607649827021,-7.41215291316505],[109.51522712544354,-7.410891799856886],[109.51418100211446,-7.4103703727624275],[109.51336191876845,-7.410529009932045],[109.51245402301143,-7.411624017795684],[109.51180331385967,-7.411734855402961],[109.51101587957915,-7.412162622924466],[109.51061457337168,-7.411142529362133],[109.51006178130184,-7.410750626276295],[109.50937105622565,-7.41092261682052],[109.50859948157232,-7.4116905981261825],[109.50852872407171,-7.410781091291714],[109.5082849878195,-7.4103016562099056],[109.50785705175616,-7.409744228954407],[109.50691696634694,-7.409309139969895],[109.50428949351418,-7.409579284489626],[109.50342041558979,-7.410389100057246],[109.50298892741604,-7.411263177210767],[109.50208907867044,-7.411090339958114],[109.50215392817807,-7.410462713907513],[109.5017925069357,-7.409969570496427],[109.5012361260782,-7.409756074911954],[109.50069679788898,-7.409780882448386],[109.49940631028437,-7.410509472139049],[109.49885448750405,-7.411352505134795],[109.4978275550285,-7.411629407608251],[109.49734034874047,-7.411405904919775],[109.49777774858684,-7.411233345371867],[109.49795901839832,-7.410894992995804],[109.4979431260263,-7.410278715991716],[109.49773954662807,-7.409893541743989],[109.49697843436067,-7.409271852613406],[109.49603261326565,-7.409150962746284],[109.49547372891658,-7.4094007007549045],[109.4947634290484,-7.410016200283585],[109.4933950465999,-7.41136390493369],[109.49270505780208,-7.41227113572106],[109.49214474028683,-7.412553905125702],[109.49158860995354,-7.412550072015618],[109.49271067939218,-7.411177290041373],[109.49263399334626,-7.410723916025124],[109.49228565526072,-7.4102986453808395],[109.4917125115915,-7.40999335752336],[109.4909678955134,-7.409991294442245],[109.49061146084658,-7.410385405269433],[109.49054060410981,-7.4110339436093495]],[[109.4914176838629,-7.4113348560955545],[109.49143748739026,-7.410862393029363],[109.4917450546367,-7.411051246461669],[109.4914176838629,-7.4113348560955545]]]}},{"type":"Feature","properties":{"waterway":"canal","name":null},"geometry":{"type":"Polygon","coordinates":[[[109.52316562917511,-7.451909556081429],[109.52431745355932,-7.451407946156794],[109.52534220784186,-7.451172975538421],[109.52694813410675,-7.450216929293065],[109.5277864749331,-7.44935555080566],[109.52934477669264,-7.4472734944530465],[109.53327240644957,-7.444761895582049],[109.5371398314922,-7.444466026471591],[109.53818628855332,-7.444010209926571],[109.53929477729586,-7.443802075791303],[109.53950491545308,-7.443528167504525],[109.5394581770433,-7.443187147201812],[109.539005333801,-7.442968035440993],[109.53793269387742,-7.443146355912793],[109.53665106374541,-7.443654075628169],[109.53368218991997,-7.4437463562643655],[109.53290227257501,-7.443940104305255],[109.52879476500833,-7.446557266256667],[109.52643269924395,-7.4494757704028975],[109.52495660815539,-7.450358020637568],[109.52402772327301,-7.450553293947917],[109.52247661353651,-7.451235260926786],[109.52232825355331,-7.45154639138432],[109.52244522342319,-7.451870414285192],[109.5227590041426,-7.452017521262327],[109.52316562917511,-7.451909556081429]]]}},{"type":"Feature","properties":{"waterway":"canal","name":null},"geometry":{"type":"Polygon","coordinates":[[[109.45561077990841,-7.455389201565152],[109.45826931430827,-7.45461063122183],[109.46009214869268,-7.4543501940211385],[109.46238510915059,-7.453748275114374],[109.46293744150664,-7.4534281178212565],[109.46298980456457,-7.452931187240336],[109.4625468275917,-7.452693051517731],[109.46031670704805,-7.453376483215944],[109.4580803941714,-7.453730390175763],[109.45487747195929,-7.454756219926571],[109.45469072450466,-7.455464175689633],[109.4547890634147,-7.455794228640227],[109.45527018646557,-7.455942734827328],[109.45554008271795,-7.455726343427877],[109.45561077990841,-7.455389201565152]]]}},{"type":"Feature","properties":{"waterway":"canal","name":null},"geometry":{"type":"Polygon","coordinates":[[[109.46311455052675,-7.453450619267453],[109.46343249910888,-7.453063004153296],[109.46319301183605,-7.4526234059609955],[109.46245505008376,-7.45271108057487],[109.46218771946168,-7.452930578610701],[109.46215521894995,-7.453273221509541],[109.46237658736494,-7.453538293751346],[109.46311455052675,-7.453450619267453]]]}},{"type":"Feature","properties":{"waterway":"canal","name":null},"geometry":{"type":"Polygon","coordinates":[[[109.4631315678223,-7.453445436018547],[109.46625601158644,-7.452532572986744],[109.4672989945575,-7.451693731794198],[109.46812488678145,-7.45046803400273],[109.47048143350125,-7.450643496645253],[109.4718284753471,-7.450272412569784],[109.47452589567864,-7.450083196947455],[109.47535499085245,-7.449592007117323],[109.47734019007629,-7.449208327123659],[109.47876878984339,-7.449528322885775],[109.47955911861557,-7.4495248276477675],[109.48051175111073,-7.448963796320173],[109.48164063990264,-7.448003397408681],[109.48382689252105,-7.448096549262245],[109.4841121291612,-7.447900463018979],[109.48417398805111,-7.4475618180199055],[109.48397623352783,-7.447278987993373],[109.48348812317178,-7.447156539111775],[109.48153608950683,-7.447106733555222],[109.48093793804054,-7.4473436108933715],[109.47942631253079,-7.448612454001606],[109.47706686480538,-7.448330640895577],[109.47502896514283,-7.448749700377678],[109.47430258624053,-7.449203908985163],[109.47169144919368,-7.449383124927682],[109.47036822708922,-7.449750756625612],[109.46796550434144,-7.44957188446786],[109.46739485482172,-7.4499146624311265],[109.46663584657568,-7.451079732228013],[109.46581803975441,-7.451744632179553],[109.46276581994819,-7.452625083320208],[109.4625465753551,-7.452891885100689],[109.46258181064604,-7.453234262128076],[109.4628508859214,-7.453451654536767],[109.4631315678223,-7.453445436018547]]]}},{"type":"Feature","properties":{"waterway":"canal","name":null},"geometry":{"type":"Polygon","coordinates":[[[109.48778865264043,-7.448245800925803],[109.48811603559248,-7.448131502644181],[109.48824094595972,-7.447647462026584],[109.48800916577322,-7.447391291796606],[109.48765033479489,-7.4473463779367535],[109.48735173098122,-7.447521810054645],[109.4872656906016,-7.447855222863091],[109.4874426153516,-7.448151307771563],[109.48778865264043,-7.448245800925803]]]}},{"type":"Feature","properties":{"waterway":"canal","name":null},"geometry":{"type":"Polygon","coordinates":[[[109.48780039794016,-7.448246431325436],[109.48934459180781,-7.44840231645915],[109.49086264411255,-7.448981116072274],[109.49117078758948,-7.448822730049399],[109.49127572869688,-7.448494682631887],[109.49097130792522,-7.448100244811097],[109.4897967738821,-7.447601489125452],[109.48853426874837,-7.447331103729011],[109.48774889856924,-7.447351683080434],[109.48745030902998,-7.44752713909052],[109.48742307355585,-7.448026044340931],[109.48780039794016,-7.448246431325436]]]}},{"type":"Feature","properties":{"waterway":"canal","name":null},"geometry":{"type":"Polygon","coordinates":[[[109.49069402547539,-7.4489756095834485],[109.49103895513467,-7.4490138964954555],[109.49136377195049,-7.448631923986309],[109.49126744641728,-7.448301288256398],[109.49087434996481,-7.448086231058719],[109.49054090066228,-7.448181743328687],[109.49037322821277,-7.44848307546784],[109.49069402547539,-7.4489756095834485]]]}},{"type":"Feature","properties":{"waterway":"canal","name":null},"geometry":{"type":"Polygon","coordinates":[[[109.49072847186052,-7.448994357624285],[109.49268415218155,-7.450813713722649],[109.4930312098157,-7.450818082927268],[109.49327973219441,-7.450577837530681],[109.49318770989247,-7.450086604357159],[109.49113129633551,-7.448187711333736],[109.49078628284964,-7.448150180239674],[109.49051555695384,-7.448365544520868],[109.49047770610527,-7.448707646927457],[109.49072847186052,-7.448994357624285]]]}},{"type":"Feature","properties":{"waterway":"canal","name":null},"geometry":{"type":"Polygon","coordinates":[[[109.49258901795288,-7.450770144318446],[109.4929029892454,-7.450916849315362],[109.49333482316855,-7.450659378962505],[109.49335136297948,-7.450315614943282],[109.49313262711519,-7.450038950862774],[109.49279582485946,-7.449955800497848],[109.4924983727936,-7.450133148846523],[109.49241451408538,-7.450467107855207],[109.49258901795288,-7.450770144318446]]]}},{"type":"Feature","properties":{"waterway":"canal","name":null},"geometry":{"type":"Polygon","coordinates":[[[109.49283331251908,-7.451006936630336],[109.49387664001839,-7.4514450815048585],[109.4939525366889,-7.451772217652466],[109.49424112841453,-7.451963420078762],[109.49458154572099,-7.451896278705846],[109.49477437633699,-7.451610124127702],[109.49460164105918,-7.450844251399047],[109.49291831108486,-7.450018083058982],[109.49259951909723,-7.450154182088568],[109.49247115476457,-7.450473935595552],[109.49283331251908,-7.451006936630336]]]}},{"type":"Feature","properties":{"waterway":"canal","name":null},"geometry":{"type":"Polygon","coordinates":[[[109.49387610994921,-7.4516392997692185],[109.49415605670625,-7.452054731804813],[109.49450314329376,-7.452054731804813],[109.49474857034069,-7.451811377304809],[109.49474856989974,-7.451350322301226],[109.49450314291829,-7.451106968127596],[109.49415605708171,-7.451106968127596],[109.49391063010026,-7.451350322301226],[109.49387610994921,-7.4516392997692185]]]}},{"type":"Feature","properties":{"waterway":"canal","name":null},"geometry":{"type":"Polygon","coordinates":[[[109.48379206906088,-7.448130205424177],[109.48445103178355,-7.448139688744831],[109.48517233857078,-7.447810521036487],[109.48776957137908,-7.448237844265008],[109.48807176924083,-7.448068570256734],[109.48816474188605,-7.447736992221516],[109.48799402759866,-7.4474373441944195],[109.48749960476717,-7.447196450908916],[109.4849754590519,-7.446925004865115],[109.48426172929102,-7.447257099640191],[109.4834960964669,-7.447351115478769],[109.48338961446669,-7.447839467645723],[109.48379206906088,-7.448130205424177]]]}},{"type":"Feature","properties":{"waterway":"canal","name":null},"geometry":{"type":"Polygon","coordinates":[[[109.48371598753229,-7.448113894929989],[109.48405741871058,-7.448052038057679],[109.48425473516495,-7.447768907219552],[109.48419235175703,-7.447430356836416],[109.48373788874375,-7.447207494758601],[109.48341518893987,-7.447334210756392],[109.48327736948578,-7.447650070821285],[109.48340516346704,-7.447970048579195],[109.48371598753229,-7.448113894929989]]]}},{"type":"Feature","properties":{"waterway":"canal","name":null},"geometry":{"type":"Polygon","coordinates":[[[109.49387610990973,-7.451677499768076],[109.49443291552991,-7.4526882170946624],[109.49717985651365,-7.453989905498624],[109.49862174752512,-7.455351040864175],[109.49987689472474,-7.455585330148988],[109.50140806547154,-7.455291413910419],[109.50455407251127,-7.455267694132414],[109.50671246649127,-7.454914646743827],[109.51134481214665,-7.4547568026658855],[109.51411834460566,-7.454046411941184],[109.51557451670858,-7.453994610226535],[109.5175393469188,-7.454403176761429],[109.51997342959494,-7.454516060887816],[109.52070588566713,-7.454205253823152],[109.52120076185683,-7.453622509619138],[109.52130794648826,-7.4529956144212015],[109.52201462206953,-7.4527601369656304],[109.52310629321195,-7.451881906428229],[109.52323464614207,-7.451562148261205],[109.52309737648142,-7.451246052373516],[109.52260184900989,-7.451155400628479],[109.52145514432543,-7.452050357617474],[109.52066490222902,-7.452207489234495],[109.5204347795665,-7.452485932353722],[109.5203846231162,-7.453221038344292],[109.51990887009391,-7.453617887372007],[109.51675125776529,-7.453407641348242],[109.51562888218255,-7.453094480738576],[109.51403453285334,-7.45314987153168],[109.51127764562969,-7.453859835371109],[109.50664321398769,-7.454017468008821],[109.50450530725219,-7.454369070504417],[109.50133100467409,-7.454392866018562],[109.49986575671537,-7.454685483999159],[109.49906164887557,-7.454560833633852],[109.49767973868026,-7.453236408145617],[109.49497950790641,-7.451952953854942],[109.49450314296429,-7.451223868132099],[109.49400893434253,-7.4513213421233635],[109.49387610990973,-7.451677499768076]]]}},{"type":"Feature","properties":{"waterway":"canal","name":null},"geometry":{"type":"Polygon","coordinates":[[[109.53935380906228,-7.4438326541301],[109.54288043896626,-7.443315310640273],[109.54386673166796,-7.442930036276161],[109.54512652380726,-7.442779526044535],[109.5473792918404,-7.4417700610384685],[109.54776701795996,-7.442044961579958],[109.5490273715778,-7.441885023890421],[109.54931892164628,-7.4426084784048445],[109.55065653755405,-7.444175981025916],[109.55100192485257,-7.4441420296862155],[109.55123916978596,-7.443701240250607],[109.55072464031026,-7.442744605137026],[109.55008483939885,-7.442125908450027],[109.54960922566447,-7.441078156871824],[109.54879918701349,-7.44098326487269],[109.54811656707052,-7.441119420061454],[109.5475354899863,-7.440754563886466],[109.54491160807324,-7.441905567529158],[109.54371261107268,-7.4420417293937575],[109.54268328748485,-7.442436314571598],[109.53893570047721,-7.443010528270772],[109.53872076965256,-7.443280755248278],[109.53876149363441,-7.443622533036149],[109.53903401731867,-7.44383565278797],[109.53935380906228,-7.4438326541301]]]}},{"type":"Feature","properties":{"waterway":"canal","name":null},"geometry":{"type":"Polygon","coordinates":[[[109.53921071654582,-7.443849418002309],[109.53951346122817,-7.443681112775072],[109.5395527545673,-7.44318299862961],[109.53928008427813,-7.442970063839792],[109.53892606039513,-7.442986014232383],[109.53866224676653,-7.443209649993397],[109.53863518035502,-7.443552756930652],[109.53886071675664,-7.443814347689496],[109.53921071654582,-7.443849418002309]]]}},{"type":"Feature","properties":{"waterway":"river","name":"Serayu"},"geometry":{"type":"Polygon","coordinates":[[[109.53650107087415,-7.439480411288485],[109.536199867402,-7.438316747490743],[109.53614818721444,-7.4366329371402875],[109.53590295450527,-7.43638939864042],[109.5354086882574,-7.436486501288117],[109.53527562542203,-7.436804359046224],[109.53529391853215,-7.438374596770296],[109.53548976392824,-7.439390463778906],[109.53591553521187,-7.4403366555684745],[109.53661746222068,-7.440523729390965],[109.53781153583276,-7.439288435477436],[109.5386657951289,-7.437835525001226],[109.53953553095758,-7.4381324035256675],[109.54041241841597,-7.437811520566394],[109.54146366807315,-7.436962848036322],[109.54185540705468,-7.436062259278456],[109.5431399277876,-7.435441545193193],[109.54390506359788,-7.435519208958603],[109.5444817119833,-7.435132130961027],[109.54455115047762,-7.434238612905609],[109.54433263725986,-7.432131857175704],[109.5446355714899,-7.4319018189525075],[109.54725502423632,-7.431877442659686],[109.54874215108505,-7.4306930848371655],[109.54913787901464,-7.430700134051087],[109.55054422246052,-7.431272496315846],[109.55124002077568,-7.431097095876873],[109.55141644920838,-7.430498564670684],[109.55118197837574,-7.429625964857329],[109.55117812541432,-7.428817018358674],[109.55144055842715,-7.428237537318089],[109.55183051389002,-7.4279303918233035],[109.55218805378745,-7.428004193666813],[109.55255022016024,-7.428443226317459],[109.5526813898349,-7.428973718058047],[109.55236639888183,-7.430434980295936],[109.55273351647519,-7.431086523283781],[109.55344060504483,-7.431251144445389],[109.55417964753335,-7.430925009169828],[109.55483831123506,-7.430323449710255],[109.55567715637797,-7.4283398725647025],[109.55608526884544,-7.428894108986986],[109.55607804985337,-7.429881297276374],[109.55637717924773,-7.430572078468549],[109.557138201377,-7.430955889945787],[109.55803247580515,-7.430492169074229],[109.5582255324115,-7.430232803772762],[109.55851496041035,-7.427960061384647],[109.55886915748843,-7.427547614579897],[109.55951365837737,-7.427500145878007],[109.56006033244397,-7.42792608133245],[109.56069313362444,-7.428924922411023],[109.56144069025797,-7.429372143999254],[109.5625800341485,-7.429285172868829],[109.56332317661293,-7.4285677309421505],[109.56375277601053,-7.4277063305517],[109.56413946370081,-7.425445581258493],[109.56359228666238,-7.424319550610539],[109.56257333698174,-7.422901447356411],[109.56256612588736,-7.422455955503457],[109.563003104803,-7.421710596498003],[109.56418237609759,-7.42131067268068],[109.56516027777649,-7.421498935999582],[109.56538865043676,-7.42123978600872],[109.56536533949983,-7.420896408186177],[109.56427684556779,-7.420404825184916],[109.56338181525862,-7.420525439710279],[109.56234015877978,-7.421069218454831],[109.56171867431989,-7.422112102761474],[109.56170784914106,-7.423231283810144],[109.56322508684677,-7.425514242700527],[109.5629154854563,-7.427356471533609],[109.56254773146885,-7.428093861473917],[109.5620867554542,-7.428513418968463],[109.56178549072499,-7.42852925389886],[109.561315454705,-7.428252516580838],[109.560795054205,-7.427392370058202],[109.55993566421792,-7.426685227156507],[109.5586131119747,-7.426664675009718],[109.55830145428638,-7.426821567381012],[109.55766290613045,-7.427608814044896],[109.55735580191072,-7.429853618526637],[109.55714393431685,-7.429987789948923],[109.55695861343011,-7.429646337048785],[109.5569764575819,-7.428659348881165],[109.55651744822225,-7.4277678885418466],[109.55621258681634,-7.427535975591617],[109.55548775193112,-7.427417175282462],[109.55479007373913,-7.427901036919088],[109.55412671260272,-7.429752788831845],[109.55339897475015,-7.430339544567795],[109.5532581641173,-7.430192606321125],[109.55360387488861,-7.428957714186681],[109.55331719457342,-7.427952596327274],[109.55282859441698,-7.427360296711084],[109.55231553337559,-7.427061980836705],[109.55145732148745,-7.427087850383676],[109.55071409149897,-7.427677517680626],[109.55031053160376,-7.428537490236483],[109.55027533769268,-7.429689823012672],[109.55040736546945,-7.4302245525962265],[109.54936160242971,-7.429825815133628],[109.54861264518513,-7.4297913123617345],[109.54789625296613,-7.430179369657523],[109.54693718679891,-7.431017023368784],[109.54552881453344,-7.431055248701642],[109.54493336048584,-7.430876083234274],[109.54414699176901,-7.431140097414011],[109.54344257723194,-7.43181130274794],[109.54340455659508,-7.4327796691362655],[109.54364776315938,-7.434604533475228],[109.54300145775842,-7.434538920434539],[109.54126898891262,-7.435360057513963],[109.54070746407841,-7.4364429454703105],[109.5400028770938,-7.437006564560119],[109.53956062373817,-7.4371900302058345],[109.5389207155271,-7.436916393913773],[109.53819861954486,-7.4370146995977775],[109.53650107087415,-7.439480411288485]]]}},{"type":"Feature","properties":{"waterway":"river","name":null},"geometry":{"type":"Polygon","coordinates":[[[109.52955313003935,-7.325286037994704],[109.52989886947095,-7.324679880515154],[109.52973739332494,-7.324375262886614],[109.52940604333959,-7.324273114696622],[109.52909891946663,-7.324433272840754],[109.528643735351,-7.325042635562378],[109.52864374309037,-7.32552118640854],[109.52896957387948,-7.326027314133152],[109.52988479274454,-7.326312432186199],[109.53102319701952,-7.32627545340911],[109.53203717849097,-7.326981072514818],[109.53275700477995,-7.327110386988246],[109.5332449575694,-7.328341419779457],[109.53386526853959,-7.328847567126347],[109.53462115267523,-7.32893925791713],[109.53604315595119,-7.328473904119842],[109.53750608953334,-7.3277011005653465],[109.53830468476612,-7.326939229346204],[109.53964417331252,-7.32610835488542],[109.54109598112903,-7.32591490537548],[109.54168691427716,-7.325998449016437],[109.54338182293667,-7.327015555948916],[109.54639449941935,-7.327817414953914],[109.5471589044795,-7.32954105895265],[109.54772829166549,-7.32997357018497],[109.5494340811596,-7.3302962395229425],[109.54971590590003,-7.331164263914667],[109.55047181217414,-7.33159054482475],[109.55184008090905,-7.331841125007722],[109.5534778894934,-7.331748971826623],[109.55455110219296,-7.331942448983402],[109.55535581288463,-7.331650706177306],[109.55584491999608,-7.331107249196337],[109.55699571875974,-7.331600909444216],[109.55797204957827,-7.332231371359478],[109.55887781547513,-7.33221951028849],[109.55970014488946,-7.3324410459711356],[109.56039005946066,-7.332319246986559],[109.56252828893655,-7.332792153020572],[109.56332962197213,-7.332643724985857],[109.56389677954502,-7.331499689136487],[109.56419542185358,-7.330410779563362],[109.56337782772354,-7.328548935468197],[109.56389567509672,-7.328465912844016],[109.5652542640078,-7.328714357083038],[109.56568170858425,-7.328515950566918],[109.56590584177752,-7.327984430932105],[109.56588183888589,-7.327288322807572],[109.56627899620801,-7.326272624136089],[109.56650260155962,-7.324289460815994],[109.56610013781963,-7.323509714853941],[109.56538586429912,-7.323111557886518],[109.56489255158034,-7.322475901435472],[109.56624175640972,-7.319810039401908],[109.56610014320029,-7.318851949551194],[109.56629793164045,-7.318375911754241],[109.56605282044549,-7.317638539478258],[109.56496824837936,-7.31731827694322],[109.5643532724268,-7.317613611791093],[109.56400864980849,-7.318432133070272],[109.56409265985208,-7.319068983655886],[109.56374153866938,-7.319082732264618],[109.56338977665541,-7.318815123313941],[109.56294564988345,-7.318138609341612],[109.56508242577384,-7.3169546486577115],[109.56689380410896,-7.316905148298281],[109.56755024850642,-7.316655679552808],[109.56776055259417,-7.315477763066493],[109.56847153517519,-7.315203510402249],[109.56890500357026,-7.314807218709534],[109.56928666713468,-7.313643240900659],[109.56896368918008,-7.311680462670442],[109.56809071946218,-7.309750338253069],[109.56816158417195,-7.3085964596319615],[109.56743998682911,-7.30722532504597],[109.56783420041585,-7.30665079752273],[109.56783796170524,-7.3060428277880165],[109.56709571367871,-7.3048106033179865],[109.56705186948378,-7.303762543649104],[109.56723711988624,-7.302826098308774],[109.56760434045488,-7.302409115447619],[109.56777848023478,-7.301844982494459],[109.56771708793319,-7.301049559930446],[109.56792406743678,-7.3007643283942825],[109.5692230742418,-7.301565742017546],[109.56957224411805,-7.3016285514981],[109.5700645043417,-7.301320587331175],[109.57024815823806,-7.3010189421450615],[109.57006702998153,-7.299922980676495],[109.57030431831767,-7.29983357807697],[109.57136264408011,-7.3000740603878835],[109.57185614457174,-7.300036760350342],[109.5728426422187,-7.2996000530922345],[109.57282426363862,-7.299866745007128],[109.5731114631956,-7.300398910934823],[109.57351490772562,-7.300705412114462],[109.57448005588344,-7.30079347113205],[109.57511502897073,-7.300617692211237],[109.57581707055203,-7.2999152640469624],[109.57608722604225,-7.299347611702359],[109.57588485749862,-7.298635062919292],[109.57504029126501,-7.297492066747637],[109.57573994175213,-7.296738806934882],[109.57983370511556,-7.295023230670865],[109.5812078102033,-7.295435445114546],[109.58203188371027,-7.2954001082661994],[109.58260190627892,-7.295144930340667],[109.58397725330855,-7.293732723500065],[109.58527953863107,-7.293756809806938],[109.58614372834965,-7.293252963418677],[109.58738861083572,-7.293351642584503],[109.58822016980747,-7.293801201961884],[109.5888191562391,-7.293875737753632],[109.59129207605561,-7.293532985723387],[109.59195796090033,-7.293299734798745],[109.59252169850518,-7.292580952170658],[109.5931394364845,-7.290349021579131],[109.59383079919384,-7.288636643274529],[109.59369800640007,-7.287898355179099],[109.5939524093688,-7.2871593164928985],[109.59554321422578,-7.287293448707733],[109.59636134469297,-7.28624981293209],[109.59649519719952,-7.284035296126527],[109.59620371307744,-7.283523538466819],[109.59614504045884,-7.282801615590816],[109.59657287131641,-7.281493057191494],[109.59691203942639,-7.28095776763645],[109.59708836281665,-7.280142814546099],[109.59780540839483,-7.279400372087611],[109.5979705033363,-7.277434259122117],[109.59789635261373,-7.276631756100742],[109.59719368280275,-7.2759981792045],[109.59693954757672,-7.275072356454274],[109.59557791422665,-7.274018092764136],[109.5950385632882,-7.272738918104619],[109.59546077487718,-7.271693007660313],[109.5950904352021,-7.270579013361088],[109.5954313548367,-7.269691025142485],[109.59486265794195,-7.268780683662225],[109.59602551851232,-7.2663443650525235],[109.59621980356795,-7.264139726856765],[109.59646983256773,-7.263906079861018],[109.59655789007148,-7.263370116350191],[109.59626933980701,-7.262825925537444],[109.59573407625993,-7.2624216049000765],[109.59568783782234,-7.262168004696929],[109.59585678521194,-7.261698589190132],[109.59577233979815,-7.260224953221341],[109.59642597519735,-7.259698151493463],[109.59635584526654,-7.258893846391587],[109.59585172550631,-7.257580032356097],[109.59601152746582,-7.25636293062774],[109.59648775522155,-7.255504292642663],[109.59643286618933,-7.254770356154895],[109.59583559019995,-7.253756503992214],[109.5958291949691,-7.251856633406896],[109.59562752857933,-7.251576595344726],[109.59512411051408,-7.251592212365612],[109.59488147649266,-7.252235503139094],[109.5949683221579,-7.254066089272221],[109.595553819149,-7.255034908725403],[109.59557674123477,-7.2553755750400315],[109.59512388990765,-7.256104798510465],[109.59492824620517,-7.2576298552819045],[109.59550812542733,-7.259330668009092],[109.59484200702298,-7.2599878183531],[109.59494728841355,-7.261617838999764],[109.59476278134946,-7.262093509494756],[109.5949444557545,-7.262876087368059],[109.59561503200099,-7.263465208479664],[109.59535276230946,-7.263819215910111],[109.59514695420474,-7.266113254177337],[109.59398109273903,-7.268478745298587],[109.59394277459809,-7.268916128837154],[109.59448502237616,-7.269776076992215],[109.59413394124083,-7.270494282800745],[109.59451600302704,-7.27154019705695],[109.59413300881114,-7.2726445501159],[109.59446552376116,-7.273952904502087],[109.59499458223316,-7.274712564685922],[109.59613868365174,-7.275577399514753],[109.59643287998263,-7.276513560319125],[109.5970369188894,-7.276997152112502],[109.59699065551756,-7.2789700975054386],[109.59653382839114,-7.279275937199944],[109.59625306261346,-7.279785729096908],[109.59524395101849,-7.282683438097881],[109.595311047664,-7.2837316323920085],[109.59559231217207,-7.284206526522009],[109.59549262844992,-7.285981385381315],[109.59516360772126,-7.286436801167252],[109.5937555921272,-7.286184998808551],[109.5931788705638,-7.286682233759992],[109.5928514578856,-7.287391746893954],[109.59292515864227,-7.288498584548204],[109.59150989988815,-7.29250591929228],[109.58878035532342,-7.29297314375059],[109.58750732579531,-7.2924354774264595],[109.58591009555393,-7.2923598824613896],[109.58510334770163,-7.292833828663523],[109.5841643401836,-7.292753794003202],[109.58345019966279,-7.292984201494795],[109.58178326570439,-7.294531422522599],[109.57962302879265,-7.294142506387746],[109.57526017664105,-7.295970297907953],[109.57418092553897,-7.297039773568249],[109.57404075697683,-7.297502146344688],[109.57514997123936,-7.2992620470868435],[109.57471671105286,-7.29980014225636],[109.5738874871077,-7.299876723123021],[109.57357944562725,-7.298807411507778],[109.57308192947453,-7.298610251166642],[109.57168960657437,-7.299147420246839],[109.57031682341075,-7.298932560814727],[109.56971543470752,-7.299023126586753],[109.56943539085914,-7.299190790541386],[109.56913407886451,-7.299821275555491],[109.5692905777598,-7.300533517872483],[109.56841785377007,-7.299984435716698],[109.56774413976349,-7.299777381026587],[109.56744235066874,-7.299901761471194],[109.56687786316301,-7.300666615847269],[109.5668813952507,-7.301686239760817],[109.56639498583532,-7.302451000697205],[109.56615184463237,-7.303641518792973],[109.56619205007364,-7.3049013415927035],[109.56694571083094,-7.306292626438176],[109.56668789695266,-7.306569675740326],[109.56650547384474,-7.307325336320874],[109.5672647666634,-7.3088244311643304],[109.56719446425905,-7.309982713799956],[109.56809576568038,-7.3119456067196085],[109.56836740424272,-7.31360581600021],[109.56801577621486,-7.314421741879655],[109.56703068469615,-7.3149086140016975],[109.56676701309934,-7.3155214507252735],[109.56681222095578,-7.316005215858674],[109.56478238873814,-7.316102869952886],[109.56241551188322,-7.317405265052876],[109.56186431942406,-7.317929984256897],[109.56188089755204,-7.318558318056666],[109.56230700533565,-7.3187772039598515],[109.56276418519987,-7.319472592518398],[109.56350194953603,-7.319976759095306],[109.56425306364142,-7.319969721377613],[109.56483767162445,-7.319691761335067],[109.56500047972595,-7.319134139357318],[109.564966174467,-7.318307219831815],[109.56535780108402,-7.318310388389648],[109.56515713594055,-7.318796670433617],[109.56535934722574,-7.319579910553697],[109.56437459001818,-7.3212740612619855],[109.56395474911483,-7.322480931274811],[109.5642839712103,-7.323299940102644],[109.56480967122573,-7.323810640469592],[109.56540720705145,-7.324105486803385],[109.56559099071866,-7.324393650700564],[109.56538909805664,-7.326099930901915],[109.56497366204196,-7.327103884039465],[109.56499921021128,-7.327781734026889],[109.56403518884592,-7.327574468969371],[109.56322896190048,-7.327616994529657],[109.5624959092791,-7.328139717076555],[109.56252073018175,-7.32898968673508],[109.56326190909135,-7.330467345013325],[109.5627180219671,-7.331884003936131],[109.56043021117411,-7.331417909414775],[109.5597396154755,-7.3315296134619885],[109.55892523509856,-7.331318773760188],[109.55819472610474,-7.3313364615484895],[109.55663284130921,-7.330405267442222],[109.555918324885,-7.330192318654051],[109.55515949753554,-7.330451866821495],[109.55476131930854,-7.33093959063534],[109.55446493701453,-7.331032877457569],[109.55345801755784,-7.330847280199432],[109.5519282355175,-7.3309452179211885],[109.55073571688904,-7.3307270838763],[109.55044292224792,-7.330555147952029],[109.55036769962857,-7.330068356309744],[109.54999439044516,-7.329568245269592],[109.54918685944676,-7.329234706934817],[109.54806608400665,-7.329120935023303],[109.54781758207324,-7.328914991704224],[109.54702241546882,-7.32712803543663],[109.54629277377617,-7.326808340412162],[109.54372126545398,-7.326175353103565],[109.54202459794533,-7.3251455594811645],[109.54032668143535,-7.3250514656618915],[109.53926436498162,-7.32528897633737],[109.53775888828491,-7.326219928290557],[109.5370094347611,-7.326946201364843],[109.53565437450024,-7.327659950216632],[109.5345277011001,-7.328041644326331],[109.53398246373602,-7.327795526107648],[109.5333239393515,-7.326341714801386],[109.53241608349887,-7.3261463657991674],[109.53120774060635,-7.325390387666551],[109.53003664344016,-7.325420633858178],[109.52955313003935,-7.325286037994704]]]}},{"type":"Feature","properties":{"waterway":"river","name":null},"geometry":{"type":"Polygon","coordinates":[[[109.48593761656059,-7.336472900004023],[109.48338155193119,-7.336409753878294],[109.4818778912663,-7.335960110254564],[109.48027519109701,-7.336307602528249],[109.47747722662216,-7.336003276120805],[109.47383317691224,-7.335206965212801],[109.47247882055977,-7.335377682288461],[109.47084532698973,-7.336042667070861],[109.4695536064287,-7.335837242924899],[109.46735265770221,-7.335124520451854],[109.46687125231264,-7.335271701623728],[109.46677201623653,-7.3356014824498486],[109.46709334204563,-7.335986279510655],[109.46929782983344,-7.336700882618831],[109.47082152206754,-7.336949688975128],[109.47265259452203,-7.33626149465564],[109.47375151132718,-7.336105385693386],[109.47729045423965,-7.3368843494226335],[109.48018497405045,-7.337208172158964],[109.48185144084138,-7.33686253214203],[109.4832514086534,-7.337302089665594],[109.48629031179551,-7.337369342779985],[109.48670621908639,-7.337107540763328],[109.48694566131996,-7.3363710088079515],[109.48955676405939,-7.336385708107029],[109.49230764781943,-7.335738357066166],[109.4933978262368,-7.335998351065346],[109.49478723876493,-7.336043020740075],[109.49643737832628,-7.335621937967096],[109.50060087601072,-7.333982611782363],[109.50125856743028,-7.333493896993649],[109.50197421579607,-7.332673150796548],[109.50450774108913,-7.3316095122713385],[109.50494428802799,-7.330431409426734],[109.50509509225968,-7.330402464726987],[109.50568657199425,-7.330480100965275],[109.50645905866789,-7.330994572413724],[109.50840227412749,-7.331727182794582],[109.50954011970752,-7.332417203722712],[109.51122536808518,-7.332710902873768],[109.51222628355829,-7.332313651553632],[109.51296607061309,-7.331675022888046],[109.51487494741103,-7.329206829049678],[109.5151814451151,-7.328327660927659],[109.51558736989502,-7.327760351851831],[109.51701842159129,-7.327718641314226],[109.51813156642903,-7.326545393214847],[109.51857481683132,-7.326373299010544],[109.51953033554398,-7.3269281838863325],[109.52011706675978,-7.32686039333592],[109.52033350085557,-7.326561536977044],[109.52047587391259,-7.325439903585487],[109.52088371552878,-7.324852441654464],[109.52136690231322,-7.325125213574384],[109.52138288913305,-7.3256406398728755],[109.52157525156815,-7.325985589006358],[109.52215106098183,-7.326071944911492],[109.5233324826376,-7.325636368510921],[109.52376912299364,-7.325007069793941],[109.52384345120731,-7.324546450391405],[109.52427266726988,-7.324481364653691],[109.52549340547222,-7.324698905534719],[109.52686506901864,-7.3245552862981835],[109.52770209509167,-7.323952830421657],[109.52874841221653,-7.324410595625278],[109.52912055340575,-7.325032512069506],[109.53037963954881,-7.326143973647578],[109.5308825836437,-7.326172190338923],[109.53110133494874,-7.325722121822275],[109.5298494565665,-7.324486892683395],[109.52935719511908,-7.323742258940318],[109.52859752486222,-7.323265433109509],[109.52783117000003,-7.323060684260064],[109.52722980277754,-7.323110719741949],[109.52666005325977,-7.3236762964579505],[109.52615155069226,-7.323751164290877],[109.52556421101951,-7.323800981691592],[109.52423939246893,-7.3235789594235845],[109.52352467322497,-7.3236909368224365],[109.52308235273868,-7.323969253481906],[109.52275302655264,-7.324920704389648],[109.5223490996955,-7.325062775263624],[109.52188275694549,-7.324383422749526],[109.52125448864186,-7.324015560115225],[109.52065623027852,-7.3239190003804655],[109.51977102573419,-7.324767657459638],[109.51951739978703,-7.325852526280882],[109.51887374984284,-7.325502605577393],[109.51834984185888,-7.325494878079087],[109.51756278128329,-7.3258273714784],[109.51672768764811,-7.326800451375594],[109.51596188873722,-7.326753570421891],[109.5150765198606,-7.32699524004112],[109.51456852900027,-7.327552250155098],[109.51411690155946,-7.328705451001308],[109.51226330752213,-7.331104100173873],[109.51169947404894,-7.331577662417123],[109.5111042981125,-7.331802523443506],[109.509798962174,-7.331550948302456],[109.50885856424279,-7.330948904648381],[109.50682136110268,-7.330167992920833],[109.50602101292438,-7.329641250090359],[109.50545391294916,-7.329492913155727],[109.50464926441147,-7.329572030067169],[109.50405796884199,-7.3300505003230665],[109.50388440094318,-7.330909676220252],[109.50154039659182,-7.331881317561253],[109.50013669925167,-7.333209330915989],[109.49613108613609,-7.334775123315804],[109.49417140824588,-7.335169843268302],[109.49223299388245,-7.334836976747946],[109.4889514858566,-7.335539814429654],[109.48657276285692,-7.3354278582797905],[109.486292241012,-7.335616391036525],[109.48593761656059,-7.336472900004023]]]}},{"type":"Feature","properties":{"waterway":"stream","name":null},"geometry":{"type":"Polygon","coordinates":[[[109.73211825208398,-7.471670353829376],[109.73230577844899,-7.472067112142015],[109.73325502256394,-7.472544667108877],[109.73362892023911,-7.472923822232603],[109.73412104948414,-7.473858138289021],[109.73431500313963,-7.4748067106632545],[109.7348752989316,-7.475341419461142],[109.73474520749305,-7.475613050281082],[109.7334731604367,-7.476065149931738],[109.73312499186501,-7.476380365740095],[109.73273212996736,-7.478173598574037],[109.73230655579677,-7.478889944289968],[109.73233140422303,-7.479190185732262],[109.73268003397533,-7.479541648125141],[109.73312507290339,-7.479615595385866],[109.73372600761063,-7.479391790470744],[109.73426824378876,-7.479800986438567],[109.73483144425843,-7.48095168902255],[109.734202969208,-7.481512423239671],[109.73412036852883,-7.482512516348847],[109.73444381447554,-7.4833742101699325],[109.73509207727321,-7.483655080246705],[109.7353657103176,-7.484126633469264],[109.7337406220528,-7.483994005951255],[109.73319025624255,-7.484344701554389],[109.7331334735805,-7.484928740918298],[109.7336420232679,-7.485501841244643],[109.73316157047995,-7.485799495728024],[109.73301478421082,-7.486144584211225],[109.7331397679754,-7.486577219733765],[109.73365623542865,-7.487124774931572],[109.73317944273518,-7.487583694747535],[109.73317736159315,-7.488365954208229],[109.73347749570716,-7.488717014185463],[109.73454303042858,-7.4889014190769005],[109.73439633906898,-7.49003316532192],[109.73453723825253,-7.490377403993725],[109.73636556458865,-7.49118353324202],[109.73669948442132,-7.491483858621044],[109.73709761859607,-7.491571455636073],[109.73774847058482,-7.491388865523035],[109.73820866066751,-7.491884737214482],[109.73741831962809,-7.4926057068620775],[109.73699502730274,-7.493265307661918],[109.73673072093933,-7.494309733065581],[109.73681050492891,-7.495041492703785],[109.73727491880216,-7.4954479289076295],[109.73814010024077,-7.495512960181862],[109.73877233820932,-7.495412183596643],[109.73919584065747,-7.4949963880479595],[109.73945907307103,-7.4955812308783765],[109.74008652840986,-7.495972632025464],[109.74042063309618,-7.496660871429758],[109.74097185025416,-7.496883936785809],[109.74118829377554,-7.49738730251269],[109.74075186404625,-7.498812705115024],[109.74077192578245,-7.499307699206215],[109.74165423460482,-7.499823334569021],[109.74136422558973,-7.500422662686374],[109.74146223892099,-7.500915350653604],[109.74279624704958,-7.502114391177518],[109.74229071549371,-7.502531824767884],[109.7421923916812,-7.503176766831669],[109.74323904440125,-7.5045749591754465],[109.7436917489916,-7.50574346941314],[109.74395718371699,-7.50596525600859],[109.74430305664983,-7.505936000104363],[109.74454640429825,-7.505498475125039],[109.74407263914524,-7.504213142301839],[109.7431154285477,-7.502994761086009],[109.7436652982579,-7.502385192113192],[109.74363098417085,-7.501745648849952],[109.74294556676219,-7.500920206259406],[109.74234678732662,-7.5005006455175804],[109.74269723839791,-7.499969008033233],[109.74261965324034,-7.499370242411829],[109.74168372116569,-7.4988327907133066],[109.74212280175252,-7.497432797481024],[109.74181647503023,-7.496419939172754],[109.74106154097949,-7.495987897078985],[109.74082486433777,-7.495440092423781],[109.74014586365772,-7.494979314440718],[109.73977151317136,-7.494254456206847],[109.739323754016,-7.493862442483939],[109.73866651663717,-7.493974684517519],[109.73838731591071,-7.494585064216727],[109.73770843594816,-7.494613639835205],[109.7376334344506,-7.494403133088145],[109.73783770870627,-7.493610549065658],[109.73904485449245,-7.492325098230019],[109.73919652089367,-7.491950432799513],[109.73908458156635,-7.491561570823785],[109.7381995041334,-7.490562197351852],[109.73771057693976,-7.490487907850969],[109.73712760993017,-7.490639295843584],[109.73539091365708,-7.489844435009782],[109.73549136925298,-7.488980377407023],[109.73524657143223,-7.488308198791343],[109.73419101907815,-7.487905575931669],[109.73460353743687,-7.487191697711968],[109.73445284510905,-7.486653776100035],[109.73408600884812,-7.486286060698036],[109.73465871404392,-7.485745222671372],[109.73448840908395,-7.485021445408211],[109.73543233010346,-7.485070823272746],[109.73588868427427,-7.484935172603185],[109.73624328718671,-7.4845172760545795],[109.73629055747622,-7.484086341455006],[109.73590307796998,-7.483091950640831],[109.73560892683574,-7.482769445663732],[109.73511416580502,-7.482692893772682],[109.73500330868444,-7.482281687467639],[109.73500944809494,-7.481945965416566],[109.73578826335914,-7.481406765704787],[109.73581850771622,-7.4807150853397655],[109.7353614226151,-7.480133630893893],[109.73500433517043,-7.479098648486379],[109.7340122474548,-7.478491665635141],[109.73359545173975,-7.478472024441116],[109.73363982343243,-7.478149454688478],[109.73393373774313,-7.477377382229701],[109.73395397330792,-7.476834741920905],[109.73516985386019,-7.476410543013064],[109.73572130147569,-7.475748580136778],[109.73615476839379,-7.475546156989083],[109.73643830199573,-7.475070243957021],[109.73649503410307,-7.474412383307042],[109.73620183555926,-7.474051838127692],[109.73591605362711,-7.4739797401445855],[109.73516804820387,-7.474288873048353],[109.73499236038012,-7.47360405200613],[109.73438000305202,-7.472416847178841],[109.73384556647095,-7.4718571376450225],[109.73301402730156,-7.471442074458141],[109.73277005453453,-7.4709593146376045],[109.73213180851737,-7.47096929811999],[109.73195851826746,-7.47126749412663],[109.73211825208398,-7.471670353829376]]]}},{"type":"Feature","properties":{"waterway":"stream","name":"Kali sapi"},"geometry":{"type":"Polygon","coordinates":[[[109.72695803591421,-7.236542230278469],[109.72750196432284,-7.237584571406659],[109.72852311845286,-7.238030751262263],[109.73036130103081,-7.237818737000978],[109.73068701799004,-7.237437648925711],[109.73059165231003,-7.237106752581572],[109.73010999906919,-7.2368604237781735],[109.72885186433602,-7.2371541145850795],[109.72829132433172,-7.2370376048923815],[109.72800729242056,-7.2361222775287075],[109.72707719629233,-7.2354950190142695],[109.72674590096535,-7.235597132432762],[109.72658442424711,-7.235901733129608],[109.72668015915798,-7.236267427677191],[109.72695803591421,-7.236542230278469]]]}},{"type":"Feature","properties":{"waterway":"stream","name":null},"geometry":{"type":"Polygon","coordinates":[[[109.91120459667928,-7.194307362978104],[109.91256868784609,-7.195009716469326],[109.91289846626854,-7.194902969904985],[109.91305557429492,-7.194596136233316],[109.91280897159211,-7.194160502608712],[109.91144270442737,-7.193484927559973],[109.91103223543183,-7.193774397651184],[109.91120459667928,-7.194307362978104]]]}},{"type":"Feature","properties":{"waterway":"stream","name":null},"geometry":{"type":"Polygon","coordinates":[[[109.89146121606299,-7.1818408208772535],[109.891028363106,-7.18091002567719],[109.89068767235176,-7.180845325334392],[109.89040065570568,-7.181038590288656],[109.89029593570594,-7.181531540023496],[109.89049054414058,-7.182077533372025],[109.89139387854354,-7.183048536144346],[109.89219970404358,-7.183494493501375],[109.89309112702067,-7.184772224621884],[109.8933235538737,-7.185587941793594],[109.89419379488963,-7.186420077538626],[109.89469227851986,-7.186349095308599],[109.89481694127097,-7.18586501046038],[109.89438614141422,-7.185221129472189],[109.89406486800262,-7.185016300022104],[109.89365482779566,-7.183887518275604],[109.89325931100669,-7.183558330882005],[109.89271066073259,-7.182708447669457],[109.89196927090724,-7.182333015621379],[109.89146121606299,-7.1818408208772535]]]}},{"type":"Feature","properties":{"waterway":"stream","name":null},"geometry":{"type":"Polygon","coordinates":[[[109.88924252479582,-7.183221382705151],[109.88934162649844,-7.183874957652638],[109.8896621,-7.184006660181861],[109.88998257350156,-7.183874957652635],[109.89014007478525,-7.183395955905927],[109.89009026900344,-7.182810343618857],[109.89046087537199,-7.181924884556543],[109.89043347872628,-7.181617444874828],[109.89018957357713,-7.181372735532937],[109.8896951227939,-7.181467471521378],[109.88939591280486,-7.181921498267793],[109.88904709416218,-7.182730653029574],[109.88924252479582,-7.183221382705151]]]}},{"type":"Feature","properties":{"waterway":"stream","name":null},"geometry":{"type":"Polygon","coordinates":[[[109.85100339300696,-7.183630028690745],[109.85183531792917,-7.184318752659057],[109.85229954061835,-7.184446710664473],[109.85319800421954,-7.1850504559017505],[109.85330350158274,-7.185547148290005],[109.85277692509116,-7.186322579862346],[109.85278337736908,-7.186666675323133],[109.85320723072977,-7.186936482377715],[109.85363769668753,-7.186795866904517],[109.85427035885627,-7.185793919876553],[109.85416646008487,-7.1849832688093365],[109.85394156923338,-7.184528390241058],[109.85262507219774,-7.183588727201173],[109.85218479394918,-7.18347389328539],[109.85125003440626,-7.182693522129601],[109.85090388144268,-7.182715748691679],[109.85067495496472,-7.182974311397313],[109.85069735705616,-7.183317747940822],[109.85100339300696,-7.183630028690745]]]}},{"type":"Feature","properties":{"waterway":"river","name":null},"geometry":{"type":"Polygon","coordinates":[[[109.81538892049137,-7.302991172919581],[109.81616749064253,-7.302328495183689],[109.81689764912547,-7.300130912992069],[109.81809802144318,-7.299023312540682],[109.818315103635,-7.299696626635884],[109.81874597961837,-7.299952450435318],[109.8199352000386,-7.29975380867063],[109.82062103283349,-7.299096698189605],[109.82093845903394,-7.298252931369827],[109.82033203893184,-7.2966024478307325],[109.82120710926601,-7.294262220452582],[109.82250161552385,-7.29371008782794],[109.82295401951463,-7.293072757594202],[109.82282370797608,-7.2911841021421395],[109.82309200480717,-7.290952869655107],[109.82453293314008,-7.291727350080869],[109.82506258043661,-7.291795791558537],[109.82552818040506,-7.291632296954578],[109.82604549276708,-7.291195124152558],[109.82628713885245,-7.290457163637575],[109.82626349720266,-7.28973685628207],[109.82570381416862,-7.2885915763266125],[109.82717677032655,-7.287957244526282],[109.82736656244919,-7.287638137872106],[109.82744393638419,-7.28693274817743],[109.82837836868462,-7.285163479103219],[109.83036994464845,-7.283645255881723],[109.83046739353182,-7.283105039425575],[109.83033194470143,-7.282242417296514],[109.83009845988191,-7.281957833279238],[109.82907723065891,-7.281682643092624],[109.82881213915782,-7.280849235762348],[109.82844303625579,-7.280470588993327],[109.82854284519846,-7.279718233141337],[109.82796432897105,-7.279048304489768],[109.82826749555913,-7.278573233212351],[109.8281137138351,-7.277984662128427],[109.8265036314042,-7.276485033465025],[109.8258682365609,-7.276054682977567],[109.82539209061503,-7.275935563099364],[109.82512986699493,-7.275564995247644],[109.82511096709482,-7.275221457693337],[109.82614122334444,-7.273901750305325],[109.82630347857973,-7.272714104285009],[109.82599444102794,-7.272235880256461],[109.82510006035557,-7.272109997227143],[109.82499180162091,-7.271839948779787],[109.82598848694582,-7.272062254193342],[109.82641314499152,-7.271617090998581],[109.82653678411897,-7.271139744349701],[109.82645881503348,-7.270296017999951],[109.82694057472457,-7.269759862098868],[109.82653781355998,-7.2683972828961885],[109.82744474997418,-7.268031701727034],[109.82766255199867,-7.26774454648216],[109.82749142831665,-7.267231211674601],[109.82680138475222,-7.266764882846525],[109.82704340390086,-7.265860039235125],[109.82779489048337,-7.265830262027471],[109.82844896386966,-7.265346408716602],[109.82867291115042,-7.264069625354655],[109.82924721542882,-7.263695626354377],[109.83015739524943,-7.2622182390398295],[109.83072797712443,-7.262166778483092],[109.83140082739989,-7.261837946676333],[109.83188043794367,-7.262242162912451],[109.83247857988306,-7.262053080151502],[109.83274344028592,-7.261443032434121],[109.83327696740135,-7.261352770887999],[109.83354583270126,-7.260972540583218],[109.8336042279414,-7.26055321363841],[109.83328411048933,-7.260009344393613],[109.83376073122433,-7.259961444635548],[109.83424848791684,-7.259570523177135],[109.83432338398327,-7.2589965540583],[109.83411502394536,-7.257641169925727],[109.83498557973954,-7.256694180677724],[109.83486318991211,-7.255662002791811],[109.83498477964396,-7.254046571112654],[109.83469369026193,-7.252646933066817],[109.83472398946535,-7.251988788199569],[109.8343880524577,-7.251506522545375],[109.83393636619861,-7.251219871624581],[109.83422559013718,-7.251063382333055],[109.83467225683032,-7.25020989880574],[109.8346597944576,-7.249701373464386],[109.83430137832225,-7.249315714101822],[109.83361088413207,-7.24938521295812],[109.83333722196535,-7.248897264324907],[109.83379684588148,-7.248153278288756],[109.83410102641386,-7.247196457931767],[109.83370196369997,-7.246249190843955],[109.833659049715,-7.244339978555456],[109.83414435513896,-7.244467749763335],[109.83462495212557,-7.244382705012915],[109.83516242447473,-7.243649983788377],[109.83488272982778,-7.242994713898292],[109.83631329957835,-7.241960791595038],[109.8371781742068,-7.241566515325647],[109.83783102638974,-7.240849459079658],[109.83796375877282,-7.239999705233425],[109.83850630438393,-7.239707307220962],[109.83865245243636,-7.239055522451422],[109.83955802169261,-7.238247349664197],[109.83973453007607,-7.237256911785935],[109.84014269132139,-7.237001119064869],[109.84059866557308,-7.235895710532052],[109.84120452632165,-7.235264259759734],[109.84116670338375,-7.234303676367149],[109.84149345646925,-7.233138611156622],[109.84124441201845,-7.23267642271328],[109.84143027222592,-7.231913626093496],[109.84175660722896,-7.231597623416184],[109.84191199137825,-7.23113708279918],[109.8416548804802,-7.2302417550364675],[109.84158427803173,-7.228882442418041],[109.84193065271482,-7.228542738287426],[109.84206226117632,-7.227100699758668],[109.84272327787488,-7.226654037663962],[109.8430424915914,-7.226232514299297],[109.84323861280402,-7.225575932710793],[109.84296750643678,-7.225116236935442],[109.84336524519262,-7.224536113866804],[109.84330355274336,-7.22419196432518],[109.8429361385078,-7.223848386664147],[109.84295035144387,-7.223380396437908],[109.84246461552459,-7.222882647740619],[109.84160955477743,-7.222787065128654],[109.84134190678846,-7.222422923799859],[109.84091814494904,-7.222350246138165],[109.84109794963315,-7.221650172956658],[109.84079669742886,-7.2209377236901355],[109.84083233763374,-7.220670678441364],[109.84135022570965,-7.219645270219651],[109.84131524077125,-7.219099356859649],[109.84180747744212,-7.2186219561574685],[109.8420779352044,-7.217816023876269],[109.84248395544085,-7.217421170830834],[109.84271130677226,-7.216824599747114],[109.84402001202571,-7.215752010253786],[109.84458275503583,-7.215692151779701],[109.84479141691027,-7.215516095723328],[109.84596044629956,-7.2157597568107406],[109.84628145345383,-7.215629285478841],[109.8463816156041,-7.21513963094341],[109.84575337690421,-7.214613763989697],[109.84452918566845,-7.214385334924325],[109.84420958576754,-7.214694607495592],[109.8435449867568,-7.214959661959818],[109.84203954935748,-7.216184278569221],[109.84175117981331,-7.216885269349471],[109.84121478306177,-7.217375717977488],[109.84105589713508,-7.218090413968655],[109.84045131742745,-7.218797132405837],[109.84043690472927,-7.21947431394112],[109.83994196692707,-7.220490478185247],[109.83989519432221,-7.221279955342682],[109.84010606243535,-7.221771514302169],[109.83990127688207,-7.22306714350128],[109.8402071472163,-7.223389993981632],[109.84077123346019,-7.223354399941318],[109.8416724863172,-7.223782878355668],[109.84200173637603,-7.2243629935902005],[109.84167041989082,-7.22471617583485],[109.8416584671744,-7.22504357943027],[109.8422157062364,-7.2258578133474485],[109.84132975972837,-7.226458156449463],[109.84112894777766,-7.227546956922977],[109.84067682470763,-7.228732422844455],[109.84063979135246,-7.229564331200065],[109.84098180453884,-7.231087582618941],[109.84065688854727,-7.2313958334379045],[109.84017951784666,-7.232530818588302],[109.84030198714538,-7.233088420734603],[109.84052283614677,-7.2332798503440525],[109.84021348260494,-7.234359839499354],[109.84031861922419,-7.234916244763329],[109.83980153364277,-7.235459394721123],[109.8394220917942,-7.236251779516617],[109.83892254318775,-7.236534856069093],[109.83865940831025,-7.237406488226625],[109.83871448492803,-7.23783850226237],[109.83781969951892,-7.2384565263423974],[109.83772594756586,-7.23904577708021],[109.83715125525117,-7.239511812485753],[109.83708368163632,-7.240216024151734],[109.83676680805493,-7.240673156411187],[109.83398005827547,-7.242491110616286],[109.83371883627663,-7.242925102580138],[109.83398863909073,-7.243497310273035],[109.83316094216526,-7.243443299310927],[109.83281418478144,-7.2438706613225605],[109.83268001815978,-7.2454592400019555],[109.83281297465538,-7.246437269064937],[109.83316005383978,-7.247238312613539],[109.83240727532645,-7.248906225561178],[109.83281267161301,-7.249860000647255],[109.83328163970323,-7.250284412078749],[109.83359639264728,-7.2503106454399555],[109.83285155304239,-7.250667798287924],[109.83271721730745,-7.251277435384933],[109.83294341607673,-7.25169111983834],[109.83385750360574,-7.252287773777093],[109.83376989182818,-7.25266353277216],[109.83407645307717,-7.254067405267735],[109.83395661000759,-7.255741699776196],[109.83410523428057,-7.256392536822631],[109.83336362931513,-7.257035718535561],[109.83319506051993,-7.257626559353094],[109.83341623410777,-7.259047277420012],[109.83242323911969,-7.259322772071388],[109.832268342631,-7.259750227839383],[109.83250978658005,-7.26047721743197],[109.83214324479107,-7.260599061863807],[109.83193227833135,-7.260936385338498],[109.83134928855482,-7.260869981716477],[109.82950403723056,-7.261569581358169],[109.82857681859304,-7.263083461428198],[109.8279470323372,-7.263494584762206],[109.8276271698139,-7.264865685154299],[109.82642101296645,-7.265074043217091],[109.82585389379048,-7.266833961807149],[109.82619427487731,-7.267442077782865],[109.82562383014374,-7.268233470802569],[109.8256855410317,-7.2689288296153745],[109.82601139026193,-7.269501507084711],[109.8254774458301,-7.270092476036237],[109.82562645135042,-7.271110614508851],[109.82500389528914,-7.270854639308677],[109.82466640900871,-7.270874732115707],[109.82433690844253,-7.27106123154668],[109.82413269715586,-7.271470327394147],[109.82413832264123,-7.272296976891055],[109.82439645354604,-7.272717950783446],[109.82475242636336,-7.272944696351037],[109.82537095460832,-7.273030789795808],[109.82521600612017,-7.273742204006808],[109.82424190597857,-7.274941301711774],[109.82427153842067,-7.275903889167057],[109.82484139669559,-7.276656217696241],[109.825533799892,-7.276905138200243],[109.82701603813116,-7.2781142392530755],[109.82647885764062,-7.278440461709208],[109.82648377278122,-7.278951792205873],[109.82754386097857,-7.279852748561002],[109.82742597095628,-7.280508368298897],[109.82799249083625,-7.281259558899558],[109.82840396446898,-7.282310415510987],[109.82867117181374,-7.2825059706634825],[109.8294697947948,-7.282664767962124],[109.82954930208518,-7.283167918489533],[109.82758350638036,-7.284685220479696],[109.82659325398582,-7.286612236205698],[109.82648740767476,-7.28733874964236],[109.82589123444731,-7.287479277776462],[109.82486789765406,-7.288100549890327],[109.82480499549759,-7.288940701839707],[109.82536521060871,-7.289918047425648],[109.82532658093668,-7.290627735974685],[109.82497499305327,-7.290894815918779],[109.82393525623966,-7.2902734010676],[109.82310504648513,-7.290040017803699],[109.82249965741374,-7.290180894431086],[109.8220150473041,-7.290749969356252],[109.82190820431977,-7.291931555103667],[109.8220912738797,-7.292751062107193],[109.82194748306358,-7.292988760815596],[109.82108187568925,-7.29323941495776],[109.82046500242892,-7.293737097465107],[109.8201002020479,-7.294375597149655],[109.8199836887539,-7.295196131114792],[109.81940213439633,-7.2964705437337285],[109.82001449453935,-7.298333511214563],[109.81986567996118,-7.298594602981312],[109.8194725317572,-7.298961218627083],[109.81911763360417,-7.299034541233776],[109.81891222800385,-7.298478781613233],[109.81853444192996,-7.29808157538993],[109.81756715078637,-7.298274989947428],[109.81611267130938,-7.2996519241680655],[109.81538741579433,-7.301829799294703],[109.81490955733766,-7.302059882533692],[109.81453045355047,-7.302548165767841],[109.81447592402402,-7.303356588982399],[109.81495662584496,-7.303819859743437],[109.81578009042715,-7.304065225890001],[109.81574767378551,-7.3047063362977465],[109.81590536450575,-7.305165473488114],[109.81622844265597,-7.305336419195904],[109.8168717811389,-7.305250842688521],[109.81759200280658,-7.305870784236415],[109.81787008868469,-7.306535832706429],[109.81789843259352,-7.307045165812563],[109.81819535019822,-7.307223235254669],[109.81853224770708,-7.30714090175551],[109.8187672015678,-7.306719498345001],[109.81876160067598,-7.306237920661362],[109.81842879041614,-7.305312055288075],[109.81790802531847,-7.305009505820418],[109.81763180338787,-7.304221990697405],[109.81732955741674,-7.304087739103823],[109.81671702222512,-7.304285576656628],[109.81646282082579,-7.3034350217237805],[109.81538892049137,-7.302991172919581]]]}},{"type":"Feature","properties":{"waterway":"stream","name":null},"geometry":{"type":"Polygon","coordinates":[[[109.84617364892273,-7.214910859232841],[109.84571571367438,-7.214932744550847],[109.84551645990938,-7.215391612686415],[109.84570511240277,-7.2156804281370395],[109.84661923420998,-7.216157520156153],[109.84798579832498,-7.215826689327695],[109.84821127413375,-7.215269930912313],[109.8484375975372,-7.215166268660218],[109.84875190747348,-7.215212174528201],[109.84920345940544,-7.2156949451650885],[109.84988043180617,-7.215996856861007],[109.85130074303339,-7.215746839438509],[109.8521434097875,-7.215866643120424],[109.8527258888371,-7.21546157858118],[109.85289752093931,-7.215162497020917],[109.85280571253594,-7.214830613252896],[109.85250424413174,-7.21466034017321],[109.85185427099236,-7.214921407083215],[109.85131860005667,-7.2148418398182415],[109.8504888016897,-7.214988576153591],[109.84974187018092,-7.214838838593615],[109.84916762705771,-7.214383677500717],[109.84856941064452,-7.2142276313175255],[109.84773255648413,-7.214453308135741],[109.84724206834541,-7.215140323948899],[109.84617364892273,-7.214910859232841]]]}},{"type":"Feature","properties":{"waterway":"stream","name":null},"geometry":{"type":"Polygon","coordinates":[[[109.85092501885453,-7.2146088391055425],[109.85065791855877,-7.214772991069741],[109.85045377341237,-7.21535386797758],[109.85059395212005,-7.215668673619656],[109.85091745176958,-7.215792938314059],[109.85161430181299,-7.215298468615595],[109.85192069105011,-7.214568907621893],[109.85259195098912,-7.214312185462052],[109.8526922686437,-7.213822562317403],[109.85229068382824,-7.213537650889359],[109.85156776703634,-7.213701752288574],[109.85121337450782,-7.213996485868052],[109.85092501885453,-7.2146088391055425]]]}},{"type":"Feature","properties":{"waterway":"stream","name":null},"geometry":{"type":"Polygon","coordinates":[[[109.84600692594132,-7.214471694478549],[109.84551715319104,-7.215224940915377],[109.84558680705123,-7.215562087088893],[109.84587636130507,-7.215751622636661],[109.84621619882067,-7.215682520000027],[109.84685745691672,-7.21486290031],[109.84723308842922,-7.213711626869534],[109.84771205299644,-7.213338481138102],[109.848380211263,-7.213177399490866],[109.84943766185474,-7.212005305654885],[109.85015170333645,-7.211591218614761],[109.85066419708738,-7.210742825283393],[109.85131114545305,-7.210056828087683],[109.85163565887733,-7.209159619399562],[109.85276491751513,-7.2083308187046065],[109.85308395133997,-7.207923905059632],[109.85363608867239,-7.207636866771465],[109.85434404043522,-7.206369199776083],[109.85472850881303,-7.206038953028238],[109.85463261086305,-7.205548459366913],[109.85431275765077,-7.20541524491375],[109.8536406225719,-7.205633544984099],[109.85338867943219,-7.20629409952354],[109.8529046807151,-7.20695896160265],[109.85100663719327,-7.208454901408973],[109.85053772916153,-7.209472706662063],[109.84952613461407,-7.210813462894128],[109.84883879480633,-7.211295521840654],[109.84793177877053,-7.2123554765724185],[109.84738571017152,-7.212470703555938],[109.84660662466116,-7.213012866227456],[109.84600692594132,-7.214471694478549]]]}},{"type":"Feature","properties":{"waterway":"stream","name":null},"geometry":{"type":"Polygon","coordinates":[[[109.8447850252996,-7.214148647281493],[109.84442810417123,-7.214234429716191],[109.84412581751575,-7.214559890914354],[109.84429203576398,-7.215214652223496],[109.84474876307321,-7.2153278703339305],[109.84501687526536,-7.215109484303042],[109.84566798953497,-7.215057161000326],[109.84674935951543,-7.213620787096502],[109.84685093700399,-7.213044208278691],[109.84749826458389,-7.212787247667361],[109.848041757328,-7.212376438100048],[109.8481681753174,-7.212078804879823],[109.84901606770161,-7.211688162573823],[109.84933044325716,-7.211371955357415],[109.84936412939385,-7.210858946819033],[109.84961260454375,-7.210377266294475],[109.8494465589019,-7.209887065618905],[109.8497884839667,-7.209292623223524],[109.84964059881041,-7.208011123699771],[109.85008885794143,-7.207491372255179],[109.85010884027966,-7.2070202032368265],[109.85057291276726,-7.206463326740596],[109.85101182651006,-7.205301072241218],[109.85102429736769,-7.2048396931178225],[109.8507836193531,-7.204591846653583],[109.85043678573233,-7.204585433857159],[109.85019377730573,-7.204782324154068],[109.8497985096276,-7.205995040237575],[109.84929415205409,-7.2065528963394785],[109.84919021276859,-7.207215892806958],[109.8487886026613,-7.207694207313685],[109.84869715419997,-7.2084081872354195],[109.84885905694762,-7.208984899776877],[109.84842237860946,-7.209594838763442],[109.84854771286712,-7.210172317090103],[109.84836993803769,-7.210922389140088],[109.84760319105072,-7.211365645401923],[109.84694497222864,-7.212021287689517],[109.84622892793993,-7.21238650965579],[109.84519985002072,-7.213795174368387],[109.84515864361701,-7.2141057464008735],[109.8447850252996,-7.214148647281493]]]}},{"type":"Feature","properties":{"waterway":"stream","name":null},"geometry":{"type":"Polygon","coordinates":[[[109.85058488645753,-7.20419216573113],[109.85015637404214,-7.205083903069969],[109.85034396171098,-7.205373397625161],[109.85068293932235,-7.2054465039409825],[109.8509949648639,-7.205253036538174],[109.8514378448273,-7.204553043296246],[109.8515681897395,-7.203984461276967],[109.85212575477448,-7.203967266717832],[109.8526898560588,-7.203301541445423],[109.853523955076,-7.2018038187949704],[109.85329969693429,-7.201160714075489],[109.85295821447369,-7.201100177055526],[109.85267360326468,-7.201296930671019],[109.85182972258164,-7.2029516258322],[109.85100973561322,-7.203258786108959],[109.85066721803327,-7.203665113924388],[109.85058488645753,-7.20419216573113]]]}},{"type":"Feature","properties":{"waterway":"stream","name":null},"geometry":{"type":"Polygon","coordinates":[[[109.84981267925393,-7.192123056722109],[109.85034915701804,-7.193078857894667],[109.85019506138325,-7.1947522060580456],[109.85042134929186,-7.196722043523151],[109.85062170054681,-7.197161976343638],[109.85058385517031,-7.197414454766572],[109.84975758760085,-7.198538753575821],[109.85006193474881,-7.199503530081163],[109.85011184081137,-7.200420520788725],[109.85053567102821,-7.200690383480496],[109.85085364981505,-7.200552830885152],[109.85098688282483,-7.200245863727943],[109.8508137868534,-7.198640921706234],[109.85141182480238,-7.197786893738496],[109.85155656885017,-7.197272471549573],[109.85125345906654,-7.1962037709848445],[109.85115723035058,-7.194654208918572],[109.8512636867949,-7.193009165397266],[109.85094485914661,-7.192197897318352],[109.85024582511853,-7.1913065259481455],[109.84989945331021,-7.191287836369213],[109.84964121093357,-7.191517615904501],[109.84962237282177,-7.191861263040012],[109.84981267925393,-7.192123056722109]]]}},{"type":"Feature","properties":{"waterway":"stream","name":null},"geometry":{"type":"Polygon","coordinates":[[[109.85012503176351,-7.200879228962044],[109.85019195631905,-7.201220841875465],[109.84990725607939,-7.201900645772858],[109.84987812428012,-7.203462755185212],[109.84967794987233,-7.2043972285380855],[109.84993947331473,-7.205048769663764],[109.85058621793624,-7.205453373496389],[109.85091124187673,-7.205333107026142],[109.85105535011742,-7.205020054046907],[109.85059456670727,-7.20417769051544],[109.85077995973364,-7.203598776281116],[109.85080139194797,-7.20207083905891],[109.85111160165232,-7.2013737982837736],[109.85095717182674,-7.200505579880555],[109.85138045763289,-7.200007113386949],[109.85198973281949,-7.198617716924126],[109.85217907694822,-7.197623837692411],[109.85208560912628,-7.196895802111856],[109.85217788123506,-7.19680886160813],[109.8528954854959,-7.197089120513664],[109.85367082409851,-7.196748735464124],[109.85385210582524,-7.196317922493088],[109.8542811275338,-7.1960406750511865],[109.85434658288668,-7.195645493377434],[109.85459175018171,-7.195347624561959],[109.85464487716327,-7.194604324285103],[109.85501827504861,-7.194332482025261],[109.8552843868627,-7.193458885096276],[109.85514399184004,-7.192928320213091],[109.85475951491675,-7.192696690554733],[109.85454438423363,-7.192299517215371],[109.85481910845964,-7.191902311405504],[109.85487773694682,-7.1907915168841905],[109.85471601626658,-7.190504476489111],[109.85489509997888,-7.189732557479682],[109.85483449746366,-7.189207092950844],[109.85450295308686,-7.188604481197375],[109.85394950281996,-7.186778894776027],[109.8532813873912,-7.186044768415758],[109.85281869444681,-7.186242001941159],[109.85275548443641,-7.186580394743518],[109.85318494631296,-7.187304008188423],[109.85357000773698,-7.188831525384318],[109.85394391739372,-7.189425488383462],[109.85379170722665,-7.190474574754179],[109.853869659305,-7.191654379755968],[109.85367521812401,-7.191883626615128],[109.85362858595364,-7.192300136403306],[109.85420992790358,-7.1935141465345485],[109.85380312645943,-7.194115782174397],[109.85373830106073,-7.194975738013944],[109.85346706313672,-7.195406847984355],[109.85297762628151,-7.195574577928917],[109.85281116454324,-7.19600772617248],[109.8524175138108,-7.195734231953707],[109.85188333808406,-7.19573435515815],[109.85122822458172,-7.196385753746234],[109.85112566183894,-7.196705809866946],[109.85126438108284,-7.197785877762254],[109.85108196738574,-7.198428382632517],[109.85071746422281,-7.198819401738322],[109.85061769571477,-7.199514832929026],[109.85010622445893,-7.2000744420609815],[109.85012503176351,-7.200879228962044]]]}},{"type":"Feature","properties":{"waterway":"stream","name":null},"geometry":{"type":"Polygon","coordinates":[[[109.85185222499285,-7.185108151904964],[109.8526076563898,-7.186658332884794],[109.85306242365493,-7.186915720302947],[109.85354592654932,-7.186776007708811],[109.85365030412677,-7.186447802752328],[109.85327189236781,-7.185938547446156],[109.8531895072543,-7.185481458782983],[109.85258319667949,-7.184571424985906],[109.85212373686183,-7.184206739175055],[109.85177829629538,-7.184238040792656],[109.851556341419,-7.184502519940899],[109.85158789047026,-7.184845248540471],[109.85185222499285,-7.185108151904964]]]}},{"type":"Feature","properties":{"waterway":"stream","name":null},"geometry":{"type":"Polygon","coordinates":[[[109.85717391932951,-7.184288944733618],[109.85642645775619,-7.183883238046252],[109.85555733646817,-7.183808561625736],[109.85476115928249,-7.1840250559215075],[109.85442957368473,-7.184595513805699],[109.85475839426145,-7.184973936972117],[109.85581262705989,-7.184705430921114],[109.85716503396424,-7.185246055920416],[109.85751171144794,-7.185234324864593],[109.85774848845094,-7.184982816686001],[109.85773666424673,-7.184638861686516],[109.85717391932951,-7.184288944733618]]]}},{"type":"Feature","properties":{"waterway":"stream","name":null},"geometry":{"type":"Polygon","coordinates":[[[109.85567363717857,-7.181284174945517],[109.85556446823526,-7.182708794001576],[109.85577526184176,-7.182982113236806],[109.85611911017574,-7.183027495071849],[109.85652586735294,-7.182539124969823],[109.85660532792824,-7.18138016035258],[109.8565028147284,-7.180911451803076],[109.85598745984073,-7.180279849961005],[109.8556432930916,-7.1803227740243285],[109.85543052201474,-7.18059457991972],[109.85567363717857,-7.181284174945517]]]}},{"type":"Feature","properties":{"waterway":"stream","name":null},"geometry":{"type":"Polygon","coordinates":[[[109.85526537107167,-7.182109195928474],[109.85558630608223,-7.182978178708449],[109.85592651827879,-7.183045320079091],[109.85621493612551,-7.1828541176582945],[109.85623231995808,-7.1819562742492185],[109.85587756468287,-7.18135182110671],[109.85555312509597,-7.181230056708597],[109.8552369303773,-7.181371569873035],[109.85511420280805,-7.181693464274217],[109.85526537107167,-7.182109195928474]]]}},{"type":"Feature","properties":{"waterway":"stream","name":null},"geometry":{"type":"Polygon","coordinates":[[[109.85427944482606,-7.186750800029613],[109.854013089298,-7.187457555532835],[109.8542499597276,-7.187939711788416],[109.85379936477797,-7.188636593578688],[109.85384929858542,-7.189270818121584],[109.85427853143662,-7.189532123648957],[109.8545936341334,-7.189388220548712],[109.85472088898241,-7.18880597337677],[109.85515051969391,-7.1884653712535185],[109.85526398554792,-7.187983391432786],[109.85495092196454,-7.1873585392524575],[109.85524397866043,-7.187041632301757],[109.85524121327512,-7.186605312683681],[109.85569988105547,-7.185738591169305],[109.85538327982094,-7.184493427853345],[109.85512923563107,-7.184160985758506],[109.85522539985915,-7.183337697406263],[109.85582328554857,-7.183083245145912],[109.85654553167598,-7.18308938505671],[109.85725395490671,-7.182623307517508],[109.8576216242926,-7.181988984751115],[109.85827714409763,-7.182461897401802],[109.85896696389048,-7.182568010749074],[109.85922311785528,-7.182335947122524],[109.85914738102304,-7.181841994343433],[109.8582230031172,-7.181199722014742],[109.85744821320206,-7.181063844912586],[109.85619318007709,-7.182181808880872],[109.8556138842819,-7.18217758031667],[109.85443956128987,-7.18258303894817],[109.85427825846955,-7.182909580118225],[109.85421065961384,-7.184360703522765],[109.85478907582215,-7.185584853110982],[109.85434339738342,-7.186184147500077],[109.85427944482606,-7.186750800029613]]]}},{"type":"Feature","properties":{"waterway":"stream","name":null},"geometry":{"type":"Polygon","coordinates":[[[109.9100153434895,-7.199707281869429],[109.91000036051044,-7.200176883313134],[109.91085911202333,-7.201674667709253],[109.91062485383857,-7.20287680604102],[109.91208260834682,-7.211988270081404],[109.9123732194018,-7.2126761243034885],[109.91361036024952,-7.213701976437777],[109.91323203492473,-7.215108548302765],[109.91344116348253,-7.215383134925545],[109.9137847516972,-7.215430591545303],[109.9140615298194,-7.215223118656863],[109.9145779263273,-7.2135211371249195],[109.91438019222534,-7.213132505114247],[109.91311852489677,-7.212144408676052],[109.91297001438262,-7.211796333467545],[109.91151980981513,-7.202689451189377],[109.91175009940052,-7.201486548394988],[109.9110177227566,-7.200105571609309],[109.91252890730463,-7.1997630944280715],[109.9135434107482,-7.199865279798067],[109.91412103935097,-7.19956754138417],[109.9143709954938,-7.199244221675208],[109.9144532139871,-7.1984555994983435],[109.91542362740114,-7.1959784023782625],[109.9153793966352,-7.195637056510557],[109.91492841017777,-7.195414710075259],[109.91454567048042,-7.195690979063392],[109.91391583331239,-7.197111212335207],[109.91354688576561,-7.1981874062075715],[109.91355407576617,-7.198804759412243],[109.91340125071268,-7.198940067493819],[109.91251801321324,-7.19879427151654],[109.91126038147087,-7.1991806318141665],[109.91048908957292,-7.199176244159255],[109.9100153434895,-7.199707281869429]]]}},{"type":"Feature","properties":{"waterway":"stream","name":null},"geometry":{"type":"Polygon","coordinates":[[[109.87777406993563,-7.194629322489709],[109.878167990181,-7.19483035279597],[109.87816181007373,-7.195147134150764],[109.87869717251269,-7.1958666223042975],[109.88010580637504,-7.195997565677805],[109.8806718713299,-7.196489717778167],[109.88123286408972,-7.196645371931749],[109.88145841955037,-7.196958393031751],[109.88184931898489,-7.19710839439354],[109.88243701662569,-7.198764558172392],[109.8826831419883,-7.199032632382747],[109.88326593937347,-7.199279759913214],[109.88450994529302,-7.199288156964753],[109.8850710807447,-7.1998100918485415],[109.88607997066623,-7.200091217528995],[109.88648040982093,-7.200616017389123],[109.88783965038192,-7.200795179350979],[109.88933693325582,-7.200759132789768],[109.89246430726983,-7.201391183908151],[109.89470236634497,-7.201212693844519],[109.89508032732681,-7.200882503112734],[109.89491748501395,-7.2004097084840835],[109.89439702041662,-7.200174674554867],[109.89385516435402,-7.200349530870098],[109.89257258217732,-7.200394687343678],[109.89001415783784,-7.200046752123629],[109.88946732664465,-7.199810170111475],[109.88774564159546,-7.199887068689437],[109.88707685959164,-7.1996713986751955],[109.8866092497766,-7.199272454628146],[109.88561239057167,-7.198926304992493],[109.88519132870742,-7.198514962246996],[109.88431567122348,-7.198269506028711],[109.88344994922028,-7.198322640034752],[109.88286799531419,-7.1973599750729775],[109.88307665686956,-7.197124215941118],[109.88313246743522,-7.196507017030844],[109.8824717012754,-7.19570930455421],[109.8811078576594,-7.195677338116379],[109.88046395647669,-7.195042037509747],[109.87921450839907,-7.195075129034325],[109.87922359116337,-7.194500558150249],[109.87900842062385,-7.1942085258805335],[109.8779031208252,-7.193703975813628],[109.87757557283614,-7.1938172780489475],[109.87742471363342,-7.194127182987997],[109.87777406993563,-7.194629322489709]]]}},{"type":"Feature","properties":{"waterway":"stream","name":null},"geometry":{"type":"Polygon","coordinates":[[[109.88475358146194,-7.192091034882757],[109.88396951202427,-7.192562763036183],[109.88388729583367,-7.192897111854448],[109.88406745592485,-7.193191210285169],[109.88440445716661,-7.193272779258671],[109.88533443669638,-7.192854681405445],[109.88582879777127,-7.191981054658365],[109.8867833642782,-7.192153100792106],[109.88765943259051,-7.192675504923805],[109.88838029185699,-7.192787161977709],[109.8900821773286,-7.193971007738838],[109.8904208606861,-7.19389660957139],[109.89060732087978,-7.193606401954416],[109.8905323322466,-7.193270384775877],[109.88919137810709,-7.192177904793801],[109.88797753003398,-7.191832140955979],[109.88697513459185,-7.1912635141936585],[109.88552872767897,-7.191122515324728],[109.88499701302634,-7.191518440863491],[109.88475358146194,-7.192091034882757]]]}},{"type":"Feature","properties":{"waterway":"stream","name":null},"geometry":{"type":"Polygon","coordinates":[[[109.88195148575299,-7.190041231333912],[109.88247387231259,-7.190857493849146],[109.88294722410059,-7.192773028030805],[109.88317874407082,-7.1930293120800295],[109.88352511119294,-7.193048111067387],[109.88382735006628,-7.192648461816247],[109.88319706278467,-7.190247156538807],[109.88272798621284,-7.189623148057817],[109.88240839196655,-7.189489349616364],[109.88208704507102,-7.189618950048718],[109.88195148575299,-7.190041231333912]]]}},{"type":"Feature","properties":{"waterway":"stream","name":null},"geometry":{"type":"Polygon","coordinates":[[[109.87883489121987,-7.190114514939042],[109.87881336797395,-7.190606648492213],[109.87905296298833,-7.190988943736571],[109.87962012181411,-7.1913382604483544],[109.88009567544216,-7.191173857271995],[109.88018275713478,-7.190840723260068],[109.87971716848854,-7.190322962207691],[109.87972243087349,-7.189900112885149],[109.8801223953353,-7.189689902538228],[109.88035550565436,-7.189258520922958],[109.8798470996062,-7.18809224825588],[109.87950409126582,-7.188040964482014],[109.87922499719392,-7.18824533851116],[109.87928163099576,-7.188983822079844],[109.87879178349506,-7.189338630153876],[109.87864366314213,-7.189638438699597],[109.87883489121987,-7.190114514939042]]]}},{"type":"Feature","properties":{"waterway":"stream","name":null},"geometry":{"type":"Polygon","coordinates":[[[109.86973788057519,-7.192313575458962],[109.86986184220615,-7.1931932016666265],[109.87017410905203,-7.193799868054867],[109.86952492833477,-7.194388199149094],[109.86944395177112,-7.194722845695527],[109.86962520156686,-7.195016284772117],[109.8699625042537,-7.195096623549097],[109.87069323100293,-7.194821539602419],[109.87111052794222,-7.193867499777305],[109.870559075924,-7.191911648834353],[109.87028030621907,-7.191706836485806],[109.86993721366944,-7.191757581182905],[109.86973077680821,-7.192034157435261],[109.86973788057519,-7.192313575458962]]]}},{"type":"Feature","properties":{"waterway":"stream","name":null},"geometry":{"type":"Polygon","coordinates":[[[109.87509460407641,-7.19194590887972],[109.87549833299992,-7.193298363160228],[109.87596259013287,-7.193898698580326],[109.87586539317131,-7.194639008619685],[109.8761184749695,-7.194874374172048],[109.87646518031245,-7.1948632557375785],[109.87684856743272,-7.194280753091716],[109.876860523072,-7.193677446828368],[109.87632159516451,-7.192917792228158],[109.87591794180345,-7.191569699001639],[109.87566440317111,-7.191334819860525],[109.87531772284615,-7.191346603570362],[109.8750809810133,-7.191598147408966],[109.87509460407641,-7.19194590887972]]]}},{"type":"Feature","properties":{"waterway":"stream","name":null},"geometry":{"type":"Polygon","coordinates":[[[109.872816043006,-7.193387081370883],[109.87251763272508,-7.193871527638081],[109.87269791882983,-7.1949493031783325],[109.87290522576428,-7.195225239172602],[109.87324847891784,-7.195274921357743],[109.87358578152461,-7.194903912626246],[109.87345612569885,-7.1940508838712125],[109.8743280990195,-7.192976912307529],[109.87430841361193,-7.1924776585478645],[109.87401267690295,-7.192297787931316],[109.87367536298504,-7.192378071926411],[109.872816043006,-7.193387081370883]]]}},{"type":"Feature","properties":{"waterway":"stream","name":null},"geometry":{"type":"Polygon","coordinates":[[[109.87665462223617,-7.191494280497158],[109.8774430257773,-7.19199410535756],[109.8777536658636,-7.191840945835036],[109.87786416240641,-7.191514718105593],[109.87756936682658,-7.191052404154441],[109.87691592415588,-7.190652098093182],[109.87648992353472,-7.190918561380007],[109.87648072031821,-7.191262595236641],[109.87665462223617,-7.191494280497158]]]}},{"type":"Feature","properties":{"waterway":"stream","name":null},"geometry":{"type":"Polygon","coordinates":[[[109.87712082002028,-7.19241516456773],[109.87734569954539,-7.192756468848063],[109.87763908341361,-7.192875215654724],[109.8777246686381,-7.193545172733285],[109.87804175749278,-7.193684721820432],[109.87836543207146,-7.193560946899308],[109.87854009773581,-7.193122892509565],[109.87852477326184,-7.192492329088335],[109.87793812523668,-7.19201834168872],[109.87784432104647,-7.191761954913846],[109.87834017475683,-7.19074799491728],[109.87838260943462,-7.1893709322582655],[109.87884191872575,-7.1885110261874035],[109.87876915298736,-7.187858513163436],[109.87842322427777,-7.1874876487584896],[109.87794528618731,-7.187645087044917],[109.8779383342241,-7.188368859929416],[109.87749468783085,-7.189126376890465],[109.87741620051797,-7.190632799935061],[109.87694994420457,-7.191526663108486],[109.87691816216821,-7.192063305433463],[109.87712082002028,-7.19241516456773]]]}},{"type":"Feature","properties":{"waterway":"stream","name":null},"geometry":{"type":"Polygon","coordinates":[[[109.87944059114896,-7.191582686626069],[109.87913892983123,-7.191913783816949],[109.87896723694695,-7.192445089988311],[109.87918939636224,-7.1930205518100685],[109.87966977318763,-7.19317052465608],[109.87994017998578,-7.192954957435971],[109.87993602833838,-7.192450153715044],[109.88043399335706,-7.191607820414093],[109.88021961881843,-7.190795326341743],[109.88100391288312,-7.190344659438045],[109.88199347213921,-7.1893841719555125],[109.88215693047427,-7.188932246245436],[109.88200875714956,-7.1885088250957105],[109.88151162905801,-7.188429017959445],[109.88108673709432,-7.189056518380631],[109.87958033872806,-7.190103539824379],[109.87928074126779,-7.190910688375774],[109.87944059114896,-7.191582686626069]]]}},{"type":"Feature","properties":{"waterway":"stream","name":null},"geometry":{"type":"Polygon","coordinates":[[[109.88992224835191,-7.193940622416023],[109.89038337499053,-7.194436338989277],[109.89072725405431,-7.194391122238481],[109.89093818623589,-7.1941179042354255],[109.8906876953331,-7.193431135108465],[109.89019499261353,-7.193079806312654],[109.8897564602697,-7.193325449071093],[109.88973044311008,-7.193668634717225],[109.88992224835191,-7.193940622416023]]]}},{"type":"Feature","properties":{"waterway":"stream","name":null},"geometry":{"type":"Polygon","coordinates":[[[109.8886117066726,-7.18567165618021],[109.88991099729365,-7.185500835354604],[109.89063231487589,-7.184708171464816],[109.89041240097035,-7.183759450336769],[109.88988468009936,-7.1831653023747855],[109.88938253362423,-7.183203080492934],[109.88921217788055,-7.183502872700657],[109.88967942239047,-7.184419254062456],[109.88951351542505,-7.1846601797976115],[109.88852965436455,-7.184712547181064],[109.8880768463465,-7.18494118208481],[109.88775308105657,-7.185333080562041],[109.88777732652825,-7.18567639386022],[109.8880391516924,-7.185902143446449],[109.88838518285634,-7.185878088054556],[109.8886117066726,-7.18567165618021]]]}},{"type":"Feature","properties":{"waterway":"stream","name":null},"geometry":{"type":"Polygon","coordinates":[[[109.84130253641882,-7.212990999770091],[109.84118255453308,-7.21336357481378],[109.84137191664935,-7.214264028042735],[109.84118139096698,-7.214836665424974],[109.84133853794572,-7.215778186288892],[109.84170637294932,-7.216655993814488],[109.8424987482819,-7.216896216033496],[109.84278630702688,-7.216703712525597],[109.84285243408914,-7.216365868061527],[109.84219582531443,-7.2154760143361125],[109.84209345384593,-7.214834967669669],[109.84231934993086,-7.214182047272152],[109.84210653335462,-7.213411675206394],[109.84286980306224,-7.212449848818366],[109.84298602350607,-7.21169150760097],[109.8425161189239,-7.209993029412546],[109.84286063075078,-7.209616614047434],[109.8430167222649,-7.208318786757476],[109.84331243751035,-7.207927972300671],[109.84302424716367,-7.20602447579087],[109.84413878054704,-7.204566009667968],[109.84430467249096,-7.204002879588352],[109.84552892374604,-7.203660217350329],[109.84611530857386,-7.2030493802149795],[109.84627012603872,-7.202432428950181],[109.8461890589329,-7.201599660373988],[109.84639513052234,-7.201041892960044],[109.8460610322703,-7.200668037470133],[109.84571735944708,-7.200714806563618],[109.84541028174085,-7.201092952015078],[109.84523382920261,-7.202746436162049],[109.84369155500389,-7.20328854486903],[109.84334166945585,-7.204121558903826],[109.84204157621654,-7.205711452329955],[109.84234757312758,-7.207567434404153],[109.8421239129879,-7.207834702329841],[109.84201500308167,-7.209219182389832],[109.84169059992567,-7.209489753938398],[109.84160655070549,-7.21008401583056],[109.84206793907434,-7.211618318399379],[109.84196916148119,-7.212120464222578],[109.84141599049161,-7.21263114477216],[109.84130253641882,-7.212990999770091]]]}},{"type":"Feature","properties":{"waterway":"stream","name":null},"geometry":{"type":"Polygon","coordinates":[[[109.84707925354759,-7.191147036440508],[109.84752451370726,-7.191890923072685],[109.8479709799301,-7.192076064269558],[109.84840233759124,-7.193160777703682],[109.84889741360075,-7.1934150777506165],[109.84937323614578,-7.193251436033826],[109.84946085988136,-7.192918441852098],[109.84903059638123,-7.19247935142217],[109.84881365728128,-7.191555758073526],[109.8484577996975,-7.191177966365685],[109.84810710700243,-7.191144332918824],[109.8477337202223,-7.19039467932906],[109.84739535831528,-7.190318866828614],[109.84710206769749,-7.190502635516464],[109.84707925354759,-7.191147036440508]]]}},{"type":"Feature","properties":{"waterway":"stream","name":null},"geometry":{"type":"Polygon","coordinates":[[[109.85081841585841,-7.191338358336044],[109.85083875213444,-7.193390557395733],[109.85109430304495,-7.195001360116087],[109.8515827053036,-7.1958312106023135],[109.85170289751022,-7.19637776019686],[109.85215082036058,-7.196606122801547],[109.85245406063983,-7.196438996878332],[109.8525589078011,-7.196098424115961],[109.85242779432518,-7.195442989011557],[109.85190533550345,-7.194403611986052],[109.85168862571169,-7.191633152233552],[109.85181189356238,-7.191025814695793],[109.85159522567659,-7.1899640754044745],[109.85235810387574,-7.188742609497133],[109.85237602409252,-7.188398914049227],[109.85214374100875,-7.188143312708685],[109.85164540779127,-7.188215340450267],[109.85071457935356,-7.189719144064744],[109.85081841585841,-7.191338358336044]]]}},{"type":"Feature","properties":{"waterway":"stream","name":null},"geometry":{"type":"Polygon","coordinates":[[[109.8519785031639,-7.191082977448179],[109.85238427228104,-7.192030599751775],[109.85325653558598,-7.192614838244348],[109.85405415302003,-7.192790334030789],[109.85448809765839,-7.192536799349838],[109.85441806755911,-7.192042018170542],[109.85363070590292,-7.1917860165366765],[109.85302599048147,-7.191355643892341],[109.85279550938257,-7.190691586076425],[109.8525466185692,-7.190451864196205],[109.85205420869299,-7.19055658794923],[109.8519785031639,-7.191082977448179]]]}},{"type":"Feature","properties":{"waterway":"stream","name":null},"geometry":{"type":"Polygon","coordinates":[[[109.85886759995226,-7.198937970098166],[109.85897833070895,-7.199675754184896],[109.85870664256252,-7.200269987880195],[109.85873021778971,-7.20094929178337],[109.8589539234729,-7.201212321789965],[109.85929957640158,-7.201241375772704],[109.85956469733505,-7.201019434265034],[109.86001991689915,-7.199264078793292],[109.85969395227258,-7.198450837249098],[109.85918075936779,-7.198079537344641],[109.85879216399606,-7.198061893254387],[109.85852349325202,-7.198279590339271],[109.85848867214177,-7.198622007037497],[109.85886759995226,-7.198937970098166]]]}},{"type":"Feature","properties":{"waterway":"stream","name":null},"geometry":{"type":"Polygon","coordinates":[[[109.85648519357035,-7.197781501439631],[109.85751507688845,-7.198307328127221],[109.85824050145251,-7.198931821912927],[109.85905028648959,-7.198925831632168],[109.85936540138364,-7.198588869755489],[109.85918185582264,-7.198123600216421],[109.85850759159314,-7.198007609027353],[109.8576051172518,-7.197259855781197],[109.85644249133095,-7.1968648329198786],[109.85613666647671,-7.197027257597055],[109.85603617909491,-7.197356656213673],[109.85619989370473,-7.197660071651137],[109.85648519357035,-7.197781501439631]]]}},{"type":"Feature","properties":{"waterway":"stream","name":null},"geometry":{"type":"Polygon","coordinates":[[[109.85806027077182,-7.196706180197229],[109.85799691282544,-7.197182690799775],[109.85849851929937,-7.198054537451032],[109.85850368906155,-7.198663908747877],[109.8587485818224,-7.198907654432289],[109.85909547087556,-7.198908208104452],[109.85942134504417,-7.198534754738907],[109.8594615569964,-7.198095968375149],[109.85891171487967,-7.197014859824396],[109.85887858372335,-7.1960790712418685],[109.85902981438036,-7.19548066329021],[109.85891885875247,-7.194575321524408],[109.85905447219405,-7.1936405010365565],[109.85941623516786,-7.192889043613132],[109.85957841352696,-7.19202006506462],[109.85951339807097,-7.191682008993586],[109.85922648813376,-7.19148857832297],[109.85875973415774,-7.191676170305833],[109.85816622942136,-7.193453833876623],[109.85801218347972,-7.194542531972139],[109.85811370124415,-7.195487176370455],[109.85796015187384,-7.196089641120248],[109.85806027077182,-7.196706180197229]]]}},{"type":"Feature","properties":{"waterway":"stream","name":null},"geometry":{"type":"Polygon","coordinates":[[[109.86141232882058,-7.194048792332606],[109.86233693417218,-7.194620736689544],[109.86276930788087,-7.19513725809763],[109.86274278125475,-7.195375905849378],[109.86193013254903,-7.196419653346915],[109.86171473125205,-7.196904026381023],[109.86176910676475,-7.197345655593677],[109.8614783734206,-7.197736316003545],[109.86164988994798,-7.198304619083979],[109.86207188210356,-7.1984917327878915],[109.86238372678278,-7.198340992970994],[109.86265392134196,-7.19779706617193],[109.862653561106,-7.197100028127687],[109.86352465417815,-7.195864672300855],[109.8636953747601,-7.194913331771062],[109.8626713815209,-7.193729038175184],[109.86147877005946,-7.193118009214209],[109.86115065877726,-7.193229694424371],[109.8609982486804,-7.193538851423984],[109.86111081981218,-7.193864380411427],[109.86141232882058,-7.194048792332606]]]}},{"type":"Feature","properties":{"waterway":"stream","name":null},"geometry":{"type":"Polygon","coordinates":[[[109.86598577619975,-7.192214853096002],[109.86601665174595,-7.193376641777022],[109.86618133743657,-7.193702370776308],[109.8665717315419,-7.19403267083613],[109.86710945638241,-7.194087945424187],[109.86771053896355,-7.194629728508231],[109.8681231250504,-7.1952166529156],[109.86821614112189,-7.195900967823191],[109.86853170770947,-7.196043876657715],[109.86885670096511,-7.195923546518422],[109.86903028248351,-7.194912736464985],[109.86788824648755,-7.193386067623356],[109.86695961644531,-7.193110904636707],[109.86696101393771,-7.192327283575229],[109.86678117443313,-7.191876517851669],[109.86629397173999,-7.19175006819915],[109.86598577619975,-7.192214853096002]]]}},{"type":"Feature","properties":{"waterway":"stream","name":null},"geometry":{"type":"Polygon","coordinates":[[[109.86060991754978,-7.186339155540607],[109.86129716951129,-7.187615085190456],[109.862321069498,-7.188739496134474],[109.86287479465605,-7.189924474162152],[109.86291209765903,-7.190552654070273],[109.86316618664328,-7.190786946614451],[109.8635128379162,-7.1907743612633865],[109.86374898741603,-7.190522270361337],[109.8638129951005,-7.189789217005786],[109.8630533367686,-7.188128626780153],[109.86203790690199,-7.187094692673321],[109.86157668171266,-7.186132085094792],[109.86105400603627,-7.185472049901727],[109.86071152479516,-7.185417420633162],[109.86043041930539,-7.185619060638733],[109.86037535720982,-7.185958852149179],[109.86060991754978,-7.186339155540607]]]}},{"type":"Feature","properties":{"waterway":"stream","name":null},"geometry":{"type":"Polygon","coordinates":[[[109.86287627547829,-7.1904408681052985],[109.86295759429538,-7.190763497080407],[109.86337693643863,-7.1912028785319],[109.86513845452149,-7.19158427264009],[109.86631480145114,-7.192606530192276],[109.86665967375846,-7.192569513378236],[109.86687715262029,-7.192301395827634],[109.86674827435054,-7.191837217517392],[109.86547309632137,-7.190695826070275],[109.86394139321051,-7.190456110193389],[109.86336846774226,-7.189917989838067],[109.86303655653802,-7.190018006556811],[109.86287627547829,-7.1904408681052985]]]}},{"type":"Feature","properties":{"waterway":"stream","name":null},"geometry":{"type":"Polygon","coordinates":[[[109.86566528141793,-7.190105428669993],[109.86546820292807,-7.190604024023041],[109.86551449796664,-7.191163525965803],[109.86590853471355,-7.191714842168762],[109.86609539409179,-7.192464491370297],[109.86657905968883,-7.19260366923613],[109.86689375349755,-7.192213597523205],[109.86683782574913,-7.191670799777398],[109.86675371287048,-7.1912541231301965],[109.86636853277842,-7.190767490880092],[109.86731649854444,-7.188934522393563],[109.8672084104974,-7.188114117775912],[109.86746509521608,-7.187485038480706],[109.86726035893787,-7.186252411447166],[109.86703586736219,-7.185972313968358],[109.86646473463838,-7.185741916982652],[109.86612230834118,-7.185796885742595],[109.86591935262508,-7.186075984609686],[109.86604069724483,-7.186575366088691],[109.86646604959036,-7.186820835976765],[109.866537500192,-7.187377855291111],[109.86625414371143,-7.188166883658257],[109.86636743854261,-7.188802388106898],[109.86595502380202,-7.189174842914754],[109.86566528141793,-7.190105428669993]]]}},{"type":"Feature","properties":{"waterway":"stream","name":null},"geometry":{"type":"Polygon","coordinates":[[[109.88478795397761,-7.1838983843025055],[109.88559867586555,-7.183811108276389],[109.88638849487802,-7.183058871519797],[109.8873859764536,-7.182456065087438],[109.88852068657796,-7.182172738006907],[109.88981280188433,-7.1822634969862875],[109.89037119397554,-7.182151244457507],[109.89109726975484,-7.181606120939071],[109.89135402620292,-7.1811966462402586],[109.8916603655771,-7.179157400549129],[109.89124222052455,-7.1784682102581545],[109.89050292914385,-7.177746753397484],[109.8903109903702,-7.176123452868287],[109.88967422584598,-7.174664842455531],[109.88843602196484,-7.173051931694217],[109.8882626858235,-7.172053797729733],[109.88800898386127,-7.171819103837908],[109.88766232725287,-7.171831140761782],[109.88742578229144,-7.172082857450126],[109.8874484354313,-7.173007731388671],[109.88768408963494,-7.173558982229693],[109.88885467190356,-7.1750516003782225],[109.88946375258416,-7.176448206587373],[109.88968470569336,-7.178153652715434],[109.89076427140435,-7.179399278043136],[109.89045312310131,-7.180932934240214],[109.88979280261051,-7.181363717511198],[109.88852856255924,-7.181248687396239],[109.88689068334425,-7.18168997693006],[109.88584048969604,-7.182307952408053],[109.885130287218,-7.1830255258629006],[109.88454736535157,-7.183013286710546],[109.88404304080659,-7.1833356410402045],[109.8839611773029,-7.18367007462991],[109.8841416423579,-7.183963986744229],[109.88447872219557,-7.184045207455263],[109.88478795397761,-7.1838983843025055]]]}},{"type":"Feature","properties":{"waterway":"stream","name":null},"geometry":{"type":"Polygon","coordinates":[[[109.84549869079883,-7.1908358449183964],[109.84560415960983,-7.191187502470307],[109.84607753122225,-7.191638158461815],[109.84626381089778,-7.19214092670382],[109.84728851903947,-7.1936275945321535],[109.84781752303023,-7.195965946225238],[109.8474155987251,-7.19668064664686],[109.84725923890952,-7.1983443436350365],[109.84639824851574,-7.1987800845199645],[109.84613823715696,-7.200006882703023],[109.84549871751157,-7.201030971034143],[109.8457078189508,-7.20148550311121],[109.8460502310391,-7.201540631578656],[109.84684062784638,-7.2006543499569],[109.84709070060063,-7.200025699477174],[109.84713830697002,-7.199366602423238],[109.84776119318768,-7.1991035160811805],[109.84807571108725,-7.19877130449494],[109.84826805457884,-7.19802707238313],[109.84827571022895,-7.196988889527908],[109.848851963806,-7.196221124658642],[109.84843622290092,-7.194057895631256],[109.84807870824507,-7.193178021064022],[109.846907363357,-7.191251763275308],[109.84614541258281,-7.190384917685303],[109.84564773897188,-7.190461318536888],[109.84549869079883,-7.1908358449183964]]]}},{"type":"Feature","properties":{"waterway":"stream","name":null},"geometry":{"type":"Polygon","coordinates":[[[109.72162161036016,-7.235176670556009],[109.72221981890071,-7.235688652595141],[109.7225551576899,-7.235600479766019],[109.72272942968542,-7.235302900030806],[109.72264054893952,-7.234970231757103],[109.72219081719419,-7.234446610146608],[109.7214214411953,-7.234261396087357],[109.72114294715949,-7.234466612222292],[109.72109229614114,-7.234807079295277],[109.72129915925215,-7.2350833563772134],[109.72162161036016,-7.235176670556009]]]}},{"type":"Feature","properties":{"waterway":"stream","name":null},"geometry":{"type":"Polygon","coordinates":[[[109.7219911979287,-7.23471060630669],[109.72390667993353,-7.2350663356847535],[109.72494174465706,-7.234754798175174],[109.72558901937995,-7.234196783731895],[109.72644132187946,-7.232134971866638],[109.72678638469762,-7.228633644070248],[109.72757712746207,-7.228059146779144],[109.72785423694326,-7.227002145033505],[109.72938132719653,-7.225884389257365],[109.73075180026588,-7.225508858027586],[109.73091170736822,-7.2247740659674795],[109.73119534011686,-7.224617630234857],[109.73204185876702,-7.223547382759831],[109.73255528103088,-7.223414531852171],[109.73363300191826,-7.2224094974960344],[109.73420299403023,-7.220943379810278],[109.73419712851046,-7.220019982665189],[109.73443259498815,-7.219287454698287],[109.7341928876884,-7.218848041992532],[109.73369194762311,-7.218899590763602],[109.7332878878587,-7.219486849713437],[109.73330414518874,-7.220727799778034],[109.73289425253932,-7.2218745839273915],[109.73249131816003,-7.222085108849305],[109.73220410582017,-7.222556505228059],[109.73144132851009,-7.222788087658899],[109.73063363737384,-7.223883122110647],[109.73022467959014,-7.2241460234522465],[109.72998940034556,-7.224824244331856],[109.7289186902425,-7.225064405797747],[109.72719450615199,-7.226357126087709],[109.72678494538275,-7.227555488336024],[109.72647522546656,-7.227662911793948],[109.7259700957004,-7.22817365565598],[109.72546606680793,-7.232012310519625],[109.7247891975498,-7.233655023095941],[109.72389658521352,-7.23409838313935],[109.72161166378788,-7.233655795681238],[109.72132050795497,-7.233978434553676],[109.72108759685679,-7.234786493025003],[109.72128116282245,-7.235072096133984],[109.72162160752032,-7.235138265781204],[109.7219911979287,-7.23471060630669]]]}},{"type":"Feature","properties":{"waterway":"stream","name":"Kali Sapi"},"geometry":{"type":"Polygon","coordinates":[[[109.72680977497342,-7.23555418351914],[109.72660120313397,-7.2358150649384685],[109.72663744603682,-7.236157336697334],[109.72708315408946,-7.2363899995588],[109.72741134677972,-7.236240358555793],[109.72815524676918,-7.235452348803962],[109.72877572659797,-7.235308216914338],[109.72940042623206,-7.234899139842408],[109.73039464255422,-7.235265153214511],[109.7320656053493,-7.235353168109472],[109.73265760006849,-7.235218862112811],[109.7329738102908,-7.235369680166332],[109.73513853896571,-7.235045040161495],[109.73563600331047,-7.2350979644928275],[109.73597539701414,-7.234792070910694],[109.73601576847965,-7.234351599776194],[109.73625402295471,-7.234306896410295],[109.73734768773147,-7.234335221550494],[109.73952255568538,-7.234787198377775],[109.73988207253024,-7.234737330321856],[109.74033367079299,-7.233791641027444],[109.74117926845707,-7.233247121942068],[109.74152183445061,-7.232295101705985],[109.74160590473588,-7.230785924085706],[109.74111822360676,-7.2298673969597385],[109.74145494667219,-7.229480116858097],[109.74250834684774,-7.228827186094577],[109.74269394503906,-7.22817858018076],[109.74264832367412,-7.227244486774296],[109.74322821545347,-7.226744175517667],[109.74343296088657,-7.226300715195785],[109.74384256880704,-7.224232102700173],[109.74314807647238,-7.22307441392046],[109.74266966721363,-7.222918277800565],[109.74239644915933,-7.223130350044743],[109.74235441194209,-7.223471968949624],[109.74289664667353,-7.224343442259481],[109.74266683027645,-7.2249400844151195],[109.74255779825891,-7.226061512156472],[109.74178570689102,-7.226933411382992],[109.74177056742437,-7.228264484115948],[109.7405950830145,-7.229018627661959],[109.74026409600638,-7.229498414624516],[109.74025982251534,-7.230204951235662],[109.74070058404742,-7.2309096040239345],[109.74060580536643,-7.232120256346019],[109.74041083444418,-7.232721947677745],[109.73974018657644,-7.233103908421546],[109.73936924111455,-7.233810674544788],[109.73759797782144,-7.233402501170839],[109.73582215269043,-7.233369878273263],[109.73517370298835,-7.233575742840069],[109.73511098833556,-7.234109495124648],[109.73205239879151,-7.23444978369926],[109.73058552064077,-7.234378952502035],[109.72952307637644,-7.23385684543699],[109.72905584011946,-7.233978803644407],[109.7283015475835,-7.234491984273682],[109.72773789654714,-7.234596360828307],[109.72680977497342,-7.23555418351914]]]}},{"type":"Feature","properties":{"waterway":"stream","name":null},"geometry":{"type":"Polygon","coordinates":[[[109.74336385201109,-7.2268897387767845],[109.74315070679462,-7.227655238004246],[109.74324824598489,-7.228286856601017],[109.74296585539669,-7.2286794259853675],[109.74292844370132,-7.229204763452339],[109.74308163215294,-7.229997238581744],[109.74352080864071,-7.230241809252506],[109.74391663876136,-7.229932882086146],[109.74382702130957,-7.229029267596372],[109.74417771321198,-7.22828087634997],[109.74408471775762,-7.227747579053739],[109.74429459534971,-7.226955820168205],[109.74403111607452,-7.2260589905906],[109.74369567719687,-7.225971220133843],[109.74339592598608,-7.226144464101513],[109.74336385201109,-7.2268897387767845]]]}},{"type":"Feature","properties":{"waterway":"stream","name":null},"geometry":{"type":"Polygon","coordinates":[[[109.7440299758958,-7.226173357838473],[109.74464395361292,-7.227623305126765],[109.74435519165374,-7.228041769783721],[109.74440556545444,-7.228382277226279],[109.74468388927524,-7.22858771566634],[109.74502712466698,-7.228537741837613],[109.74546628009449,-7.228049280552033],[109.74557496887506,-7.227592814404327],[109.74485254707471,-7.2256572331862845],[109.74458316431209,-7.225440384001622],[109.74423811902145,-7.225476017945173],[109.74401953361307,-7.225743261182155],[109.7440299758958,-7.226173357838473]]]}},{"type":"Feature","properties":{"waterway":"stream","name":null},"geometry":{"type":"Polygon","coordinates":[[[109.74653610694953,-7.235445340035163],[109.74666291599391,-7.236933616827434],[109.74703632792968,-7.237471443767711],[109.74809491366962,-7.237681509021898],[109.7490521316061,-7.237490184789018],[109.74917443315043,-7.237168125183187],[109.74888119483296,-7.236761908955258],[109.74755368100875,-7.236690496112493],[109.74743501335132,-7.235287724518363],[109.74721824699199,-7.234835383179109],[109.7469668473536,-7.234694550675414],[109.74662390685872,-7.234746509195732],[109.7464184461401,-7.235023814232771],[109.74653610694953,-7.235445340035163]]]}},{"type":"Feature","properties":{"waterway":"stream","name":null},"geometry":{"type":"Polygon","coordinates":[[[109.74285241231172,-7.23097223907876],[109.74264299480183,-7.23123395731176],[109.7425468627834,-7.231909512424112],[109.74301180962388,-7.232915302295794],[109.74304982775817,-7.234036977999801],[109.74332608948879,-7.234597971757626],[109.74339773154401,-7.235476284999754],[109.7438395072844,-7.235716213999369],[109.74423201208283,-7.235403133155108],[109.74423756880786,-7.234427357357012],[109.7439329454779,-7.233703047568615],[109.74393659467563,-7.232718556472606],[109.74345801158637,-7.2316607888443025],[109.74380562662641,-7.231202744202077],[109.74367496100595,-7.230566090585302],[109.74386555706735,-7.230038832940117],[109.74522965936582,-7.228278189972029],[109.74507894930206,-7.227801449165579],[109.74474604617777,-7.227704637859932],[109.74444164373458,-7.227869709272508],[109.74304090516998,-7.229616929099556],[109.74272907264562,-7.230314696169826],[109.74285241231172,-7.23097223907876]]]}},{"type":"Feature","properties":{"waterway":"stream","name":null},"geometry":{"type":"Polygon","coordinates":[[[109.74495766660581,-7.228160371859865],[109.74453457832966,-7.2279642316486],[109.74414889586993,-7.228285540896815],[109.74420816898204,-7.228723483207208],[109.74450756486327,-7.229070782020097],[109.74574735665878,-7.229275329745118],[109.74726487095928,-7.229106973886426],[109.74766990620869,-7.2288843604381015],[109.7478043751985,-7.22846092785286],[109.74780108996976,-7.227229357082759],[109.74760919055313,-7.226484693459229],[109.74773993793082,-7.225640916445919],[109.74735324351514,-7.224740745633651],[109.74684987583652,-7.224724492421365],[109.74664786194985,-7.225004275412788],[109.74681012141907,-7.225812929357805],[109.74670177521435,-7.226549543305596],[109.74688071328083,-7.227178153085069],[109.74684656860494,-7.228239657754025],[109.74568807851183,-7.228371987257046],[109.74495766660581,-7.228160371859865]]]}},{"type":"Feature","properties":{"waterway":"stream","name":null},"geometry":{"type":"Polygon","coordinates":[[[109.73094859446282,-7.237352377434569],[109.73022363725231,-7.236936926586149],[109.72990708521178,-7.237077737358704],[109.72978361672492,-7.237399358463706],[109.72992555829393,-7.2377133887689435],[109.73085844537005,-7.238495715699844],[109.73274776516637,-7.238852732015293],[109.73948390008,-7.238555660181855],[109.74063097494869,-7.237897798975949],[109.74220510003994,-7.236477080615813],[109.7433100202452,-7.236234509111894],[109.7438968372113,-7.235709383383929],[109.74460912817959,-7.2356867871612485],[109.74488377481967,-7.235417731649277],[109.74494505098582,-7.235053134262003],[109.74572785968088,-7.235133037231496],[109.74674524013082,-7.235566570709878],[109.74712177388163,-7.235497304358605],[109.74791811358179,-7.234934718972021],[109.74844488220756,-7.233351050495129],[109.74852725086683,-7.23205946184071],[109.74942908121739,-7.231016590690865],[109.7500300654893,-7.229774902569628],[109.75038911627226,-7.229353451131527],[109.75036536890646,-7.227691551784829],[109.74990998749425,-7.227478136955406],[109.74961251318962,-7.227655202947833],[109.74937484108143,-7.228565257924004],[109.74947089664373,-7.2289765265325725],[109.74869709312507,-7.230481450283701],[109.74769341067818,-7.2317013822457525],[109.7474829153065,-7.233219632395297],[109.74714131989386,-7.234361422769045],[109.74673403163263,-7.234639787326276],[109.74607326806886,-7.2342859802404345],[109.74433004814948,-7.233991591974134],[109.7441132785052,-7.234244284699971],[109.74405833955906,-7.234771148047042],[109.74338904716929,-7.234958171406682],[109.74297045561322,-7.235358972422583],[109.74158956785705,-7.23575413541485],[109.74109757407696,-7.236070734898698],[109.74002864448572,-7.2372197909295055],[109.73937043019075,-7.237624629228784],[109.7332621123169,-7.237985914956839],[109.73131857922829,-7.237650308357558],[109.73094859446282,-7.237352377434569]]]}},{"type":"Feature","properties":{"waterway":"stream","name":null},"geometry":{"type":"Polygon","coordinates":[[[109.75310493795483,-7.235531560222523],[109.75237467144174,-7.236949459517013],[109.75276485541727,-7.237473745037887],[109.7545702656758,-7.237815988302762],[109.75518594423542,-7.237161169809921],[109.75605208696149,-7.236979802906434],[109.7566997786275,-7.237236699847916],[109.75713198925328,-7.236980195807009],[109.75705850703416,-7.2364859066173555],[109.75605555428945,-7.236036165352194],[109.75491275978699,-7.236262920230347],[109.7541862172379,-7.236780448943694],[109.75346254177752,-7.236736639161801],[109.7543731466534,-7.235023146098107],[109.75447787823146,-7.234474553864066],[109.75381861078408,-7.233212135713103],[109.75379960483498,-7.232586625130048],[109.75397171288361,-7.231522115241935],[109.75438428165815,-7.231052681309306],[109.75444124085021,-7.230516721554504],[109.7540816274436,-7.2299491855960545],[109.7540073422596,-7.229239803021426],[109.75358695720988,-7.228964647461494],[109.75326723122586,-7.229098201408084],[109.75313634417853,-7.229416921559018],[109.7532086156148,-7.230195173959179],[109.75345893015697,-7.230724748294994],[109.75310632437906,-7.231229580671088],[109.75288374513646,-7.2325825813981135],[109.75303782499452,-7.233810515313674],[109.75354758749695,-7.2346461395093264],[109.75326668752905,-7.23498201612848],[109.75310493795483,-7.235531560222523]]]}},{"type":"Feature","properties":{"waterway":"stream","name":null},"geometry":{"type":"Polygon","coordinates":[[[109.76435719620066,-7.251059006224268],[109.76452124437989,-7.252179251285455],[109.76498686748286,-7.252894732422499],[109.76635639863413,-7.254130989445173],[109.76744383869604,-7.254588084160266],[109.76765590322337,-7.25534014933148],[109.76750898987405,-7.2562024646176475],[109.76811538279588,-7.258512500396228],[109.7669340901846,-7.25981582361445],[109.76664929146101,-7.26098585926861],[109.76597434739438,-7.26176505278645],[109.76538331970532,-7.2642839410119135],[109.76545817364543,-7.265359390937975],[109.76583962316724,-7.265689450851747],[109.76645351526422,-7.265573929789414],[109.76727058805655,-7.2672823899266685],[109.76759233745442,-7.267577145266145],[109.76811968154685,-7.26773536153915],[109.7678914419623,-7.268243730544208],[109.76788142634416,-7.268708286490693],[109.76843816902823,-7.269502332041032],[109.7680735198822,-7.2700085280438556],[109.76811718989407,-7.270889347084256],[109.7686241695297,-7.271663713406649],[109.76927473572661,-7.271800461245258],[109.7694974808309,-7.27325951401034],[109.76969895471906,-7.2736001294525074],[109.77120310108994,-7.274456584149581],[109.77261855352563,-7.274384875940038],[109.77308049950715,-7.275134302582124],[109.77339824021301,-7.2753346669299095],[109.77405415389366,-7.275202781146557],[109.77459526297098,-7.276366627010418],[109.7748531226302,-7.2765934077907986],[109.77534198979096,-7.276641693871029],[109.7754538841494,-7.276988067232876],[109.77541471968811,-7.277450747847054],[109.77487667152364,-7.277999433509236],[109.7748150060782,-7.278570555484264],[109.77502920001484,-7.2788999478109195],[109.7758852536957,-7.279101778692844],[109.77753739858683,-7.278905987482465],[109.77773976893502,-7.27862644088457],[109.7775628095213,-7.278158654888663],[109.775990054573,-7.278160146729347],[109.77642948848691,-7.27729339840266],[109.77618309652829,-7.276295619610467],[109.77596142967094,-7.275855828599125],[109.77527465219003,-7.275626167573878],[109.77471871301856,-7.2742579955867885],[109.7742333428545,-7.274126766605916],[109.77367336780215,-7.274381330642792],[109.77305621242793,-7.2735902223244615],[109.77255247787247,-7.2734732848513355],[109.77153191209172,-7.273607513195422],[109.77036319894569,-7.272976472433336],[109.77025954134747,-7.272117253755847],[109.77050946611345,-7.271620406928223],[109.77044944939021,-7.271212270123744],[109.7700226679878,-7.270820585812001],[109.76917836031393,-7.270904264291592],[109.76899340808517,-7.270649529542736],[109.76894386030231,-7.270403672579268],[109.76940413715586,-7.270096233786451],[109.76959991490699,-7.269493457878853],[109.76877535105491,-7.26849162746469],[109.76908027775052,-7.2678380855418325],[109.76905578084515,-7.26735331796756],[109.76863148895298,-7.266949923228187],[109.76804110743548,-7.266772709128914],[109.76710694884996,-7.264947060831133],[109.76633874549259,-7.26465865806786],[109.76660754594386,-7.262755963960336],[109.76686626358219,-7.2621074278535795],[109.76748116701758,-7.261378318053705],[109.76773598577203,-7.260251779128454],[109.76880755179987,-7.259135994129818],[109.76902547028153,-7.258609209496442],[109.768782621902,-7.257116566616081],[109.76840933763911,-7.256088297476744],[109.76855763127362,-7.25522462245727],[109.7682334702663,-7.2541095506217355],[109.76788540261099,-7.253750914012344],[109.76684188688178,-7.2533708843137115],[109.76566385153852,-7.252295341955946],[109.76536405503275,-7.251840929666437],[109.76519483768317,-7.250704463558539],[109.76572706623861,-7.249823246761995],[109.76634322993515,-7.249398775341468],[109.76662944369863,-7.248657330120971],[109.76634445800507,-7.248085018375984],[109.76554958281186,-7.2478374340782645],[109.76573463582955,-7.247149028021787],[109.76543470882845,-7.246278544316494],[109.76576624768481,-7.245878075238217],[109.76682560389537,-7.245208182942407],[109.76723191743862,-7.244688240822215],[109.7670930867133,-7.244043559887738],[109.76608035129372,-7.243280809579071],[109.76649929631932,-7.242122974373891],[109.76727673937225,-7.2411373082666985],[109.76741846595867,-7.240701000470603],[109.76728734740747,-7.2402929989911335],[109.76660632228365,-7.23955105422637],[109.76626648573308,-7.239620248336857],[109.76607550557675,-7.239907560876837],[109.76645093675074,-7.240680484833076],[109.76571345512744,-7.24167429215624],[109.76516447782106,-7.243176263449567],[109.76540797783882,-7.243921235471663],[109.76620568483915,-7.244444848076999],[109.76499022913717,-7.24537162165649],[109.76454354902052,-7.246085330701281],[109.76482917145907,-7.247232287614732],[109.7645385878508,-7.2479173870823965],[109.76464534625173,-7.248304496262596],[109.76495133620337,-7.248615482999638],[109.76559360902387,-7.248744645012486],[109.76557478261918,-7.248913150200799],[109.76519169774443,-7.249024979894922],[109.76487392418893,-7.249371283769538],[109.76476412654978,-7.2498286942910095],[109.76424708954207,-7.250543768004392],[109.76435719620066,-7.251059006224268]]]}},{"type":"Feature","properties":{"waterway":"stream","name":null},"geometry":{"type":"Polygon","coordinates":[[[109.7566981450972,-7.233448346828167],[109.75745846671988,-7.2337717473442655],[109.75821966729995,-7.2346613611914785],[109.75792819772632,-7.235055258731117],[109.75727484684374,-7.235449048242148],[109.75694101842741,-7.23617039704191],[109.75634250450696,-7.236542316966545],[109.75619698272081,-7.237253265582075],[109.75676139689702,-7.237689448176214],[109.75781421468663,-7.238051822977487],[109.75793107552249,-7.23853859324591],[109.75848209508773,-7.2388928303867175],[109.7587538507521,-7.239514824898261],[109.7591282792315,-7.239756735969094],[109.75932139432514,-7.240295256670084],[109.75966271779409,-7.240441340072225],[109.76041479374484,-7.240171246918116],[109.76136974102432,-7.241268858865164],[109.76241256085018,-7.241423180493431],[109.76327097301923,-7.241183489862531],[109.76445114394193,-7.241979720328402],[109.76473754308137,-7.241935373136387],[109.76560846548979,-7.241292670001431],[109.76688875176811,-7.241330702328567],[109.76721357745701,-7.241209841607313],[109.76732850475216,-7.240723387797504],[109.7669146412397,-7.240392133088077],[109.76513807166529,-7.240464263456089],[109.76448564716756,-7.241022121452974],[109.763508008957,-7.240294891313718],[109.76239532237186,-7.2405198042285335],[109.76178382137022,-7.240377306757437],[109.76123969527995,-7.2397435556473075],[109.76107139286876,-7.23921243256413],[109.76076238816755,-7.239037419400239],[109.76032557897263,-7.239031401332014],[109.75987760623418,-7.239249850806191],[109.75953986603764,-7.238955325401461],[109.75924436834606,-7.238337696160007],[109.75882642592966,-7.238047876305799],[109.75856041207317,-7.237399715926723],[109.75739249990984,-7.236979792934992],[109.75803275110064,-7.23598785718628],[109.75849130257248,-7.235768465240395],[109.7591424660531,-7.235100215298215],[109.75920035330742,-7.234540789501807],[109.75807227144217,-7.233069132547926],[109.7569036337289,-7.232537698111912],[109.7565623725027,-7.2325995797038045],[109.75636517197803,-7.232882724591597],[109.75642754970735,-7.233221270549714],[109.7566981450972,-7.233448346828167]]]}},{"type":"Feature","properties":{"waterway":"stream","name":null},"geometry":{"type":"Polygon","coordinates":[[[109.72418899770351,-7.229122555710581],[109.72395894932734,-7.2299490977346075],[109.72397636906128,-7.232133590650557],[109.72452326425346,-7.232445945396555],[109.72620180867985,-7.2322897206527506],[109.72637251069642,-7.231990112087707],[109.72614563295465,-7.2315440426679345],[109.72481472067126,-7.231533366909195],[109.72492187821015,-7.229653802253691],[109.72563267405866,-7.228491872164124],[109.72582980849907,-7.22715846833973],[109.72577441272357,-7.226611806199655],[109.72541351144207,-7.226158189959393],[109.7250672263337,-7.22617884387189],[109.72483708699906,-7.226436363956979],[109.7249312777919,-7.227004161390872],[109.72474568130745,-7.228234767352868],[109.72418899770351,-7.229122555710581]]]}},{"type":"Feature","properties":{"waterway":"stream","name":null},"geometry":{"type":"Polygon","coordinates":[[[109.73071135406646,-7.224788563937392],[109.73023881631708,-7.224794616262674],[109.72995468086347,-7.2249920665993494],[109.7298945024859,-7.2253310039277165],[109.73009353328563,-7.225612883434074],[109.73064533533748,-7.225717101050864],[109.73123094804353,-7.225530785795155],[109.73403036364556,-7.223413193020269],[109.73413570371554,-7.222924608684664],[109.73372101205898,-7.222641086229587],[109.73331098059174,-7.222765938640621],[109.73071135406646,-7.224788563937392]]]}},{"type":"Feature","properties":{"waterway":"stream","name":null},"geometry":{"type":"Polygon","coordinates":[[[109.73475213082222,-7.223072535300626],[109.73448881724384,-7.223416965784292],[109.73450324665576,-7.223752583927595],[109.73525520867425,-7.22452296641024],[109.73480961624625,-7.227185285492628],[109.73612409930861,-7.229666333395275],[109.7366060407936,-7.229811408410883],[109.73687422576512,-7.229593099963903],[109.73687063458254,-7.229031856423926],[109.73568603598115,-7.226931765942703],[109.73620793217913,-7.224520164735188],[109.73599942960179,-7.223940568647921],[109.73550028337618,-7.223606173548961],[109.73588439606534,-7.223158559903457],[109.73587963493739,-7.222814437314104],[109.73563099068116,-7.222574445738482],[109.73528411571736,-7.22257916876313],[109.73475213082222,-7.223072535300626]]]}},{"type":"Feature","properties":{"waterway":"stream","name":null},"geometry":{"type":"Polygon","coordinates":[[[109.73628200185412,-7.218702619738765],[109.7370255998267,-7.219645565139853],[109.73760210458451,-7.219922425801266],[109.73756973978452,-7.220258693886029],[109.73720048390273,-7.220519765383883],[109.73702176968644,-7.221031051170626],[109.73732194514312,-7.222529862664936],[109.73738983430141,-7.224037011871996],[109.73807234349906,-7.225257664419992],[109.73804128302537,-7.22577178712176],[109.73823030498427,-7.22633452866454],[109.73849610906561,-7.226555682025958],[109.73884169213201,-7.226525601918129],[109.73906461586604,-7.226261908899234],[109.73900834974911,-7.225314776130111],[109.73827964202519,-7.223847175365697],[109.73822516765618,-7.222445917937725],[109.73795684719927,-7.221092267122539],[109.73846087493135,-7.220483065012797],[109.73848489036006,-7.219619429711552],[109.73813498456528,-7.219158151911959],[109.73763177510355,-7.218922436134752],[109.73719099064613,-7.218471236227377],[109.73674343452859,-7.2177177224934725],[109.73639684919729,-7.217702976763117],[109.73614126605412,-7.217935680649445],[109.73628200185412,-7.218702619738765]]]}},{"type":"Feature","properties":{"waterway":"stream","name":null},"geometry":{"type":"Polygon","coordinates":[[[109.7391637761897,-7.222974677504021],[109.73937384072241,-7.223402857945892],[109.73943794392333,-7.224218077310898],[109.73968324546036,-7.224461431805853],[109.74003015453968,-7.224461431805857],[109.74027545607667,-7.22421807731091],[109.74027598268626,-7.22324386019848],[109.73993682538328,-7.222503155413922],[109.73928347368692,-7.22191133209024],[109.73895167279818,-7.222011784642782],[109.73878865260373,-7.222315572568043],[109.7391637761897,-7.222974677504021]]]}},{"type":"Feature","properties":{"waterway":"stream","name":null},"geometry":{"type":"Polygon","coordinates":[[[109.73829923740733,-7.225820896294463],[109.73818155229898,-7.2260795201589785],[109.73827987359093,-7.226409563410092],[109.73858464180537,-7.226573967658108],[109.73891732761057,-7.226476426936536],[109.73942871698507,-7.225362965719216],[109.74011416458953,-7.224475452550792],[109.74059633277338,-7.224226003158572],[109.74099560837543,-7.223720374152155],[109.74138449124118,-7.22242388903644],[109.74110219938258,-7.221817498138254],[109.73932945500196,-7.220539215138009],[109.73914444991847,-7.220047943920849],[109.73926570912339,-7.21969476630482],[109.74005809578875,-7.219110765046723],[109.74022417461241,-7.218785797804278],[109.7401723290585,-7.217399593880223],[109.73999081997181,-7.216869708220634],[109.73951726722846,-7.216246118566193],[109.73865622356524,-7.21565872110828],[109.73820946219232,-7.215889348611771],[109.73817163468478,-7.2162314514084125],[109.73917887174066,-7.217343945624071],[109.73934676699022,-7.218525778066573],[109.73852631493735,-7.219155727774569],[109.73823618035647,-7.219871561193581],[109.73827393302847,-7.220298862834055],[109.7386354008133,-7.221175724983167],[109.74045542024564,-7.222460644997667],[109.74020536796814,-7.223272366207991],[109.7399867717764,-7.223554901213775],[109.73941256494479,-7.223839248799125],[109.73912964880911,-7.224414306211603],[109.73854158460351,-7.225074363597225],[109.73829923740733,-7.225820896294463]]]}},{"type":"Feature","properties":{"waterway":"stream","name":null},"geometry":{"type":"Polygon","coordinates":[[[109.73702830932721,-7.23159308768229],[109.73756463573369,-7.232520246553751],[109.73725385424403,-7.234120937266584],[109.73751556227445,-7.234346852429468],[109.73786164584338,-7.234323015929602],[109.7382227463112,-7.233716814625551],[109.73851861499384,-7.23226298095882],[109.73794251357968,-7.231414899407483],[109.73774791237369,-7.23068776095934],[109.73705095114161,-7.2294468281881334],[109.7379869977445,-7.228077555051687],[109.73892037695961,-7.227301707970163],[109.73907422137984,-7.2260268515902295],[109.73870833657202,-7.225683512069572],[109.7382485746555,-7.2258874701479545],[109.73805819399153,-7.226906350102617],[109.7372727560731,-7.227483379645699],[109.73603890206637,-7.229256787824842],[109.73609028921915,-7.229619666843757],[109.7369122930012,-7.2310472677451445],[109.73702830932721,-7.23159308768229]]]}},{"type":"Feature","properties":{"waterway":"stream","name":null},"geometry":{"type":"Polygon","coordinates":[[[109.71458264859862,-7.243681931962191],[109.71482005198537,-7.243335543053624],[109.71496916883095,-7.242593246137268],[109.71588138943392,-7.241362724232385],[109.71641002052472,-7.241473957320927],[109.71694422849218,-7.2418666007328145],[109.71782046845426,-7.242048334131296],[109.71832393816594,-7.241965958754042],[109.71870041905898,-7.241534483592983],[109.71912246524415,-7.240609010065705],[109.71911976085612,-7.240279380497136],[109.71886790039702,-7.2399337925756],[109.71832751760154,-7.239831266735872],[109.71839816258522,-7.2387283041606],[109.71815409584872,-7.238047324580394],[109.71779870156581,-7.237672063616581],[109.71917234488296,-7.2368085518977825],[109.71932900804416,-7.236439771352634],[109.71921015193597,-7.235673491593842],[109.71943754264234,-7.2351596085429986],[109.72006640970376,-7.235031340362344],[109.72044590551133,-7.234551100025163],[109.72075430694242,-7.234556165508156],[109.72139540597284,-7.235126287997799],[109.72187899394224,-7.234986689895411],[109.72193404774472,-7.23449004826971],[109.72132076680336,-7.23354264618312],[109.72085573072218,-7.233449814260832],[109.72005197362934,-7.233692999496565],[109.71947754856434,-7.234256392181949],[109.71867173163814,-7.234578090485114],[109.71826254807122,-7.235687907919643],[109.7183465571244,-7.236278901638384],[109.71719504773385,-7.236991576560333],[109.71686426452554,-7.237338594956508],[109.71680262134278,-7.237678719369137],[109.71749359308967,-7.238849814199881],[109.7173881215249,-7.240383460800983],[109.71765733987615,-7.240674993074499],[109.71808750036591,-7.240742672624673],[109.71785865766049,-7.241146407028744],[109.71730837882758,-7.241037273319217],[109.71634670081855,-7.240499876637663],[109.71560983716624,-7.240482742100374],[109.71514540655237,-7.24075719866338],[109.71415458820186,-7.242185799095367],[109.71368337387739,-7.243514956030044],[109.71385919900617,-7.244451220429628],[109.71411692074106,-7.244681607975926],[109.71446337717283,-7.2446637343690234],[109.71469561837283,-7.2444080697486175],[109.71458264859862,-7.243681931962191]]]}},{"type":"Feature","properties":{"waterway":"stream","name":null},"geometry":{"type":"Polygon","coordinates":[[[109.71916549316767,-7.230964519396713],[109.71876178118721,-7.231035381270541],[109.7184979271507,-7.231438696766285],[109.71915345925004,-7.23375597712821],[109.7193135619739,-7.234095714706895],[109.72001156746136,-7.234573579285935],[109.72035821129036,-7.234587230441345],[109.72065441159113,-7.23418313585417],[109.7205074605766,-7.233609721528412],[109.72026941843815,-7.233331795485795],[109.7199472720286,-7.233258086645835],[109.71952702753357,-7.23191040393661],[109.72005950720455,-7.231477450586453],[109.72005059865255,-7.2293991780570375],[109.72106031769104,-7.22954898556958],[109.72177290132389,-7.22940473299263],[109.72281704156818,-7.228846949928083],[109.72410240965307,-7.2274783327170935],[109.72419943458684,-7.2270224319874385],[109.72400290184538,-7.22397667779029],[109.72411192927429,-7.223459366318537],[109.72449734543295,-7.223086257836212],[109.72494614616542,-7.222268398592534],[109.72514253155572,-7.221446699526502],[109.72496410445063,-7.221151556377249],[109.72462757128393,-7.221068024731317],[109.72433006822274,-7.221245036188716],[109.72379736583629,-7.222492137911875],[109.7232150245084,-7.223272517365616],[109.72307144243484,-7.224029295174597],[109.72323358325286,-7.225178801243805],[109.72321088219482,-7.227106389147851],[109.72230693495382,-7.228027447094854],[109.72136341598963,-7.228591019853646],[109.72056954734225,-7.228451435160851],[109.7193667799499,-7.22864766516857],[109.71915230381748,-7.2290971813904275],[109.71916549316767,-7.230964519396713]]]}},{"type":"Feature","properties":{"waterway":"stream","name":null},"geometry":{"type":"Polygon","coordinates":[[[109.69002613731082,-7.205364032465655],[109.69107738699407,-7.205321641738264],[109.69154701211784,-7.205131671400838],[109.69175242588364,-7.204702809087178],[109.69172364032855,-7.204099422371871],[109.69208840786912,-7.2037673956380575],[109.69195186951025,-7.203286473433868],[109.69162199072707,-7.203180014179867],[109.69100756286397,-7.203497541690104],[109.69075158645904,-7.204431147970513],[109.68983758289902,-7.204480887932527],[109.68940753728528,-7.204701540657],[109.6892953727649,-7.205027208706246],[109.68944817544444,-7.205336176833144],[109.69002613731082,-7.205364032465655]]]}},{"type":"Feature","properties":{"waterway":"stream","name":null},"geometry":{"type":"Polygon","coordinates":[[[109.68931792067454,-7.202298302435334],[109.68865325234498,-7.202920726047149],[109.68853499722432,-7.203598238794761],[109.6887282285303,-7.204103689137323],[109.68930072301292,-7.204720276931995],[109.68939699082134,-7.205283537118492],[109.68987873939894,-7.205429156824986],[109.69014716047754,-7.205211151675834],[109.69018463149762,-7.2044911251665],[109.68942303747288,-7.203406512709526],[109.69035420618583,-7.20274791664667],[109.69046245010907,-7.202420945543047],[109.69030594783567,-7.202113806011745],[109.68997637654138,-7.202006416045069],[109.68931792067454,-7.202298302435334]]]}},{"type":"Feature","properties":{"waterway":"stream","name":null},"geometry":{"type":"Polygon","coordinates":[[[109.71062670830364,-7.215374595986542],[109.71051051600801,-7.213210737056104],[109.7106565358166,-7.212213978319719],[109.7116849805764,-7.21040850913388],[109.71258612857473,-7.209673538303282],[109.71520717715019,-7.208279582701822],[109.71595243691269,-7.2073532499169914],[109.71582359130753,-7.206870242818111],[109.71532449044365,-7.206803500979662],[109.71442078281638,-7.20772998484242],[109.71211928297599,-7.20890230836564],[109.7108513661506,-7.209934845931078],[109.70980084021548,-7.211912476500325],[109.70960402164486,-7.213162793227778],[109.70977625737663,-7.215669724029679],[109.710033162968,-7.215900988971829],[109.71037965720083,-7.215884296787757],[109.71062670830364,-7.215374595986542]]]}},{"type":"Feature","properties":{"waterway":"stream","name":null},"geometry":{"type":"Polygon","coordinates":[[[109.68787838880134,-7.1984889700768635],[109.68880259581678,-7.198699194069725],[109.69104469845013,-7.1984864083961355],[109.69215796013187,-7.198159165978232],[109.69232778826155,-7.197688797017761],[109.6919547629249,-7.197353130290984],[109.69002830900547,-7.197717041456276],[109.68871966478301,-7.197782769911415],[109.68766448548978,-7.197542465341499],[109.68679215940776,-7.1981547859195505],[109.68615827125882,-7.198230291294802],[109.68598014871034,-7.198697630886468],[109.68618176839958,-7.198977685376394],[109.68688298726512,-7.1990497194615255],[109.6872811274809,-7.198959125302551],[109.68787838880134,-7.1984889700768635]]]}},{"type":"Feature","properties":{"waterway":"stream","name":null},"geometry":{"type":"Polygon","coordinates":[[[109.68601213992649,-7.1984087141245885],[109.6859836820576,-7.198711730313643],[109.68619431587595,-7.198985176411616],[109.68669690667194,-7.19895347426372],[109.68713327732776,-7.198368950308255],[109.68809931052105,-7.197860792146493],[109.68827043373693,-7.197559567443912],[109.68982913774097,-7.196215362556743],[109.68999456200973,-7.195912861524887],[109.6898959359408,-7.195582909736176],[109.68959103372421,-7.195418788352014],[109.6892584626984,-7.195516637266606],[109.68730521840021,-7.197330687244906],[109.68634397140549,-7.197788309830168],[109.68601213992649,-7.1984087141245885]]]}},{"type":"Feature","properties":{"waterway":"stream","name":null},"geometry":{"type":"Polygon","coordinates":[[[109.6971263670139,-7.193045126036379],[109.6980817683827,-7.193573769288963],[109.69870283286325,-7.194635419879524],[109.69914774426846,-7.1949750144456415],[109.69996527638513,-7.195420026813323],[109.70093830482773,-7.195544061132233],[109.701400303007,-7.19606805858926],[109.70222907053119,-7.196440361129279],[109.70260717724818,-7.1969903801895905],[109.70295405743141,-7.196988064615233],[109.70319768817424,-7.196743078272599],[109.70319535389783,-7.196398931061348],[109.7028929175949,-7.195775297681832],[109.70196296512823,-7.195345783865277],[109.70134831315625,-7.194733103182284],[109.70027153110433,-7.194570935096454],[109.69965599110029,-7.194229045063967],[109.69940238628028,-7.19404031906982],[109.69905010381353,-7.193277474254429],[109.69831298025612,-7.19263511043622],[109.69723399376923,-7.19211814823643],[109.69617575014665,-7.19250388204063],[109.69610433543333,-7.192840664695783],[109.69629386793652,-7.193128906417561],[109.69663332226735,-7.193199758910775],[109.6971263670139,-7.193045126036379]]]}},{"type":"Feature","properties":{"waterway":"stream","name":null},"geometry":{"type":"Polygon","coordinates":[[[109.70496971596569,-7.199237554248223],[109.70542351161083,-7.199557740718559],[109.70583016831033,-7.199489901864383],[109.70612925267064,-7.199204451503069],[109.70669601095653,-7.19762784869456],[109.70657877315912,-7.197303944817396],[109.70626502005113,-7.197157156455327],[109.70593854366214,-7.197273470068137],[109.70547711049642,-7.198416298271346],[109.70470340291283,-7.198320797893267],[109.7040543044318,-7.198584453442498],[109.70218637306002,-7.200580690135935],[109.70215572205669,-7.201079399504083],[109.70243188729116,-7.201287663421369],[109.7027756013029,-7.201241190041711],[109.70439737006429,-7.199484597022901],[109.70496971596569,-7.199237554248223]]]}},{"type":"Feature","properties":{"waterway":"stream","name":null},"geometry":{"type":"Polygon","coordinates":[[[109.70460976201328,-7.200834463920827],[109.70357774027435,-7.200384320041801],[109.70187024009465,-7.200245070121356],[109.7015622108151,-7.200403345861002],[109.7014572084663,-7.2007313556069255],[109.70177160802925,-7.201121665484573],[109.70248525061075,-7.20129824006875],[109.70333840985298,-7.20125340805969],[109.70494224192907,-7.201927755252431],[109.70522100195826,-7.20172292169832],[109.70527212395021,-7.201382524460817],[109.70460976201328,-7.200834463920827]]]}},{"type":"Feature","properties":{"waterway":"stream","name":null},"geometry":{"type":"Polygon","coordinates":[[[109.7180507805378,-7.209971230510985],[109.71698804905185,-7.210571734852411],[109.7160177908206,-7.2107298795873245],[109.71534739876437,-7.211122750811181],[109.71436373151563,-7.212021397946577],[109.71422771789187,-7.212788823650333],[109.71448968862859,-7.213014424833614],[109.71483572657154,-7.212990173362451],[109.71538310066222,-7.212237454305247],[109.7160675484105,-7.2117273088018194],[109.717366570331,-7.2114127933052945],[109.71892754714209,-7.210490058353249],[109.71912997102777,-7.2102105717912695],[109.71907390418863,-7.209870941562462],[109.71879219024515,-7.209670118377414],[109.7180507805378,-7.209971230510985]]]}},{"type":"Feature","properties":{"waterway":"stream","name":null},"geometry":{"type":"Polygon","coordinates":[[[109.71498981167564,-7.212296126737127],[109.7146759794843,-7.212140247187218],[109.71434438687557,-7.212241351239469],[109.71418197676552,-7.212545458760508],[109.7142838870467,-7.212874427873705],[109.71475398643798,-7.213179742448072],[109.71677582400004,-7.213076992047089],[109.71938568566495,-7.211648270221048],[109.71989189336476,-7.211050219572383],[109.71996992895197,-7.210714885323238],[109.71978610114556,-7.210423025109078],[109.71944809397861,-7.210345606484354],[109.71881432407561,-7.210948079761001],[109.71648254320147,-7.212225416832336],[109.71498981167564,-7.212296126737127]]]}},{"type":"Feature","properties":{"waterway":"stream","name":null},"geometry":{"type":"Polygon","coordinates":[[[109.70971353353684,-7.204298299741333],[109.70954702941813,-7.2047131148886745],[109.70957839335283,-7.205643565664946],[109.70899279750955,-7.2071420919628455],[109.70908624643266,-7.207702654373603],[109.70948544262271,-7.208007263714579],[109.70992187217513,-7.207757937588229],[109.70992762147571,-7.207061400466036],[109.7104683904895,-7.205823001236082],[109.71044259525134,-7.204872847471143],[109.71076067267873,-7.203999873013533],[109.71054341925017,-7.203731571263807],[109.71019857052701,-7.203694261789496],[109.70971353353684,-7.204298299741333]]]}},{"type":"Feature","properties":{"waterway":"stream","name":null},"geometry":{"type":"Polygon","coordinates":[[[109.68004044005839,-7.185010704832477],[109.68160593559111,-7.184777226959226],[109.68241379262349,-7.184326939316457],[109.68275029776044,-7.184469096957757],[109.68362548099873,-7.18437232309268],[109.68575292477176,-7.1845156693990795],[109.68606617518563,-7.184367846441358],[109.6861823226838,-7.184043557354904],[109.68588145419956,-7.183642895994428],[109.68215004151241,-7.183439158317797],[109.6813004043865,-7.183925765049056],[109.67968773639033,-7.18422853809436],[109.6795699086573,-7.184714305047742],[109.68004044005839,-7.185010704832477]]]}},{"type":"Feature","properties":{"waterway":"stream","name":null},"geometry":{"type":"Polygon","coordinates":[[[109.67944485380204,-7.1845326563354766],[109.67931674365909,-7.184838826838219],[109.67946629485516,-7.1854543293273725],[109.67972819648502,-7.185679991440258],[109.68007421929693,-7.185655820460821],[109.68030166737657,-7.185395975452165],[109.68040792291588,-7.184373108783174],[109.6799801353957,-7.1841094882886045],[109.67944485380204,-7.1845326563354766]]]}},{"type":"Feature","properties":{"waterway":"stream","name":null},"geometry":{"type":"Polygon","coordinates":[[[109.67957074115921,-7.18414213948996],[109.67951138440904,-7.184580538929124],[109.67969439927604,-7.18489524584345],[109.68002221658158,-7.185007760558315],[109.6803342079023,-7.184857338624445],[109.68075119130323,-7.183562082203687],[109.68182417900407,-7.1826641612504805],[109.68176264504635,-7.182168269610127],[109.68127732986409,-7.1820349036770015],[109.6802767988497,-7.182734591124644],[109.67969127912318,-7.183587082938371],[109.67957074115921,-7.18414213948996]]]}},{"type":"Feature","properties":{"waterway":"stream","name":null},"geometry":{"type":"Polygon","coordinates":[[[109.69436841354367,-7.198329946880176],[109.69514717528827,-7.1981946334214815],[109.69577884222929,-7.197864740567015],[109.69611007082311,-7.197286874787335],[109.69712128063935,-7.197554346508485],[109.69779940832481,-7.197307873623271],[109.69875484818357,-7.196414006511677],[109.69965511674305,-7.196241552659591],[109.69974379916007,-7.1957497248555375],[109.69949381771157,-7.1955111197687405],[109.69864214158781,-7.195509278916628],[109.69824136922684,-7.195666831049521],[109.69756945768185,-7.196404696391468],[109.69707266311777,-7.196648695980825],[109.69623012783016,-7.196385556455411],[109.69564766068983,-7.196482697553183],[109.69500458117166,-7.197275847999338],[109.69393867394923,-7.197509748500069],[109.69359706894045,-7.197797935996666],[109.6934800786448,-7.1982431531592335],[109.6936376823352,-7.198549737161577],[109.6941378195705,-7.198608271090501],[109.69436841354367,-7.198329946880176]]]}},{"type":"Feature","properties":{"waterway":"stream","name":null},"geometry":{"type":"Polygon","coordinates":[[[109.7011678814963,-7.197356397905542],[109.7002918621828,-7.196957887046107],[109.69945828123588,-7.196938655166424],[109.69573092310581,-7.197933656252709],[109.69546585629332,-7.198155659259919],[109.69543665244424,-7.1984985924786855],[109.69566041922015,-7.198761570317891],[109.69600607715395,-7.198790543706257],[109.69967377434335,-7.197814543958774],[109.7010540358617,-7.19826746027803],[109.70201905107109,-7.197996824268205],[109.70209866013481,-7.197661854780985],[109.70191621179949,-7.197369147068775],[109.7011678814963,-7.197356397905542]]]}},{"type":"Feature","properties":{"waterway":"stream","name":null},"geometry":{"type":"Polygon","coordinates":[[[109.69300372161466,-7.207635839831714],[109.69146560042208,-7.208234414301503],[109.69126809990514,-7.2085173460263485],[109.69133010270416,-7.208855959158123],[109.69179211102912,-7.209054819297785],[109.69284508525031,-7.208560133080112],[109.69341390797135,-7.2085114369140655],[109.69378526531958,-7.208214622707565],[109.69392647842078,-7.207793492078626],[109.69457141616331,-7.208251537444787],[109.69491229537476,-7.208187713667504],[109.695107843389,-7.207903450318927],[109.69504351099539,-7.207565265221162],[109.6947079524741,-7.207149759629979],[109.69405269038533,-7.206870677656755],[109.69338704857064,-7.207066321922512],[109.69300372161466,-7.207635839831714]]]}},{"type":"Feature","properties":{"waterway":"stream","name":null},"geometry":{"type":"Polygon","coordinates":[[[109.69831674091748,-7.204602153411483],[109.6968246608802,-7.20479816769986],[109.69607104543731,-7.204701357329835],[109.69576901742315,-7.204870639866507],[109.69567610465235,-7.205202220444399],[109.69600460385446,-7.205580930993325],[109.69681087347826,-7.205697969365345],[109.69843666647117,-7.205494826329285],[109.69941070546346,-7.20507954286302],[109.69944634038863,-7.20473720853385],[109.69922754477898,-7.204470142829525],[109.69831674091748,-7.204602153411483]]]}},{"type":"Feature","properties":{"waterway":"stream","name":null},"geometry":{"type":"Polygon","coordinates":[[[109.69956684468407,-7.202810866582768],[109.6986848102253,-7.202654723965945],[109.69803222067758,-7.202782001274414],[109.69745409611352,-7.203105986723636],[109.69593047196342,-7.204574027138487],[109.69567444262421,-7.205108999012969],[109.69577911708085,-7.205437112238096],[109.69608699116021,-7.20559569166101],[109.69641771614343,-7.2054918434240305],[109.6973475570309,-7.204386785521649],[109.6984097571502,-7.203603434021097],[109.69991794005489,-7.203753328963126],[109.70025089221221,-7.203656743762001],[109.70041748527272,-7.203354873258778],[109.70032013152328,-7.203024549288039],[109.69956684468407,-7.202810866582768]]]}},{"type":"Feature","properties":{"waterway":"stream","name":null},"geometry":{"type":"Polygon","coordinates":[[[109.70009020371165,-7.206610041792212],[109.69840597917555,-7.208726461859595],[109.69797415915382,-7.20993119267248],[109.69822570672856,-7.2104632452096595],[109.69856799376188,-7.2105191737090095],[109.69884988972674,-7.210318601521371],[109.69931648843249,-7.208962707458297],[109.70074114071166,-7.207322793553938],[109.70100927007388,-7.20671521326674],[109.700737384856,-7.205584777609608],[109.70040257937357,-7.20549471384095],[109.70010164434944,-7.205665902497639],[109.70009020371165,-7.206610041792212]]]}},{"type":"Feature","properties":{"waterway":"stream","name":null},"geometry":{"type":"Polygon","coordinates":[[[109.70213760390807,-7.205031340897425],[109.70115326689816,-7.208597024514804],[109.70039982727002,-7.208772267547433],[109.70013943367954,-7.208999656130836],[109.70011737660982,-7.209343114736634],[109.7003465772394,-7.209601450000009],[109.70153020762207,-7.2094437248780405],[109.70196666278103,-7.209003568677239],[109.70321652093254,-7.204489277427634],[109.70305124040783,-7.204017315854593],[109.70271553484142,-7.203930616981944],[109.7024163618524,-7.204104817223709],[109.70213760390807,-7.205031340897425]]]}},{"type":"Feature","properties":{"waterway":"stream","name":null},"geometry":{"type":"Polygon","coordinates":[[[109.70521799276446,-7.204192336340825],[109.7050875110571,-7.20499773635077],[109.70530418502643,-7.2057009223873845],[109.70504985905173,-7.206484773346814],[109.70501331162845,-7.207351153732468],[109.70510583249262,-7.207839904963899],[109.70554023655858,-7.208092688823616],[109.7059418776527,-7.207791259288442],[109.70595422880304,-7.206594104210838],[109.70625081645318,-7.205782868232805],[109.70598561756229,-7.204732906760076],[109.70623753786938,-7.203811243544173],[109.70599922451397,-7.203561158654051],[109.70565246796608,-7.203551504567387],[109.70521799276446,-7.204192336340825]]]}},{"type":"Feature","properties":{"waterway":"stream","name":null},"geometry":{"type":"Polygon","coordinates":[[[109.7091554346929,-7.209750831737369],[109.70880918200632,-7.210502481905391],[109.70898484421109,-7.210799250505209],[109.7093205762571,-7.2108858678161205],[109.70961971047215,-7.2107115944833815],[109.710062174342,-7.209989778088578],[109.71029569628803,-7.208525625382611],[109.71019525443498,-7.207915174551398],[109.7096589623584,-7.20713202641854],[109.70931293727453,-7.20715639533795],[109.70908562901221,-7.20741637013347],[109.70938733368118,-7.20849558592952],[109.7091554346929,-7.209750831737369]]]}},{"type":"Feature","properties":{"waterway":"stream","name":null},"geometry":{"type":"Polygon","coordinates":[[[109.7072975285931,-7.200576890403534],[109.70681676025495,-7.201831998248033],[109.70674838270992,-7.202755528457139],[109.70689255146902,-7.203593590987152],[109.70727421532601,-7.204382852919481],[109.7079856082929,-7.20485421277935],[109.70833180740455,-7.204875986328586],[109.70859212569232,-7.2046485155671345],[109.70861407217704,-7.204305050003237],[109.7079080460559,-7.203737176535992],[109.70765719837568,-7.202717918006382],[109.70779167489209,-7.20166150059131],[109.70838722310829,-7.200417715437747],[109.70821116010224,-7.20012118305662],[109.70787531823304,-7.200035016401677],[109.7072975285931,-7.200576890403534]]]}},{"type":"Feature","properties":{"waterway":"stream","name":null},"geometry":{"type":"Polygon","coordinates":[[[109.70929928518981,-7.200618366234813],[109.70905620633924,-7.20095844763134],[109.70839536272078,-7.201335818482121],[109.7081451783182,-7.201796280077236],[109.70804861133281,-7.202737695417801],[109.70819610960113,-7.203385441056788],[109.70773988969023,-7.204366763494419],[109.70781063610497,-7.204703685341923],[109.70810079726527,-7.204892294642323],[109.70856431386616,-7.204696929581812],[109.70905674166889,-7.203714847384366],[109.70904171520165,-7.201981152951216],[109.70961127510358,-7.20168889221037],[109.71025751513857,-7.200853133297092],[109.71034541871443,-7.2005202113386195],[109.71017029330285,-7.200223132954631],[109.70983472521513,-7.20013592243904],[109.70929928518981,-7.200618366234813]]]}},{"type":"Feature","properties":{"waterway":"stream","name":null},"geometry":{"type":"Polygon","coordinates":[[[109.71009026777492,-7.20998023638451],[109.71060428041383,-7.209668138622228],[109.71099864781723,-7.209176108372855],[109.7120057789973,-7.207467879284421],[109.71307449569892,-7.206660304305481],[109.71316811108001,-7.206328918216278],[109.71299811614895,-7.206028919697226],[109.71249599132697,-7.205990532815746],[109.71133373313602,-7.206859405593818],[109.71028595026809,-7.208620136912674],[109.70940367494873,-7.209383255499124],[109.70917460168435,-7.209812754725675],[109.70925868930043,-7.210146645899093],[109.70955612690909,-7.210323753715384],[109.70989267938154,-7.210240330620793],[109.71009026777492,-7.20998023638451]]]}},{"type":"Feature","properties":{"waterway":"stream","name":null},"geometry":{"type":"Polygon","coordinates":[[[109.71245280187604,-7.205835646075519],[109.71232249889505,-7.206601946640771],[109.71259477562866,-7.206815194721692],[109.71293929427297,-7.20677497590333],[109.71470542584251,-7.203515416782988],[109.71578439422198,-7.202408594001209],[109.71593520492891,-7.2019571657866885],[109.7157260432622,-7.201434200678706],[109.71520717866005,-7.201212261575507],[109.71470070244641,-7.200644603677411],[109.7133981985268,-7.199771998252625],[109.71291766754013,-7.199921506798647],[109.71287300164772,-7.200419173409177],[109.71483901019667,-7.202035100360393],[109.71395538410016,-7.2030067201240815],[109.71245280187604,-7.205835646075519]]]}},{"type":"Feature","properties":{"waterway":"stream","name":null},"geometry":{"type":"Polygon","coordinates":[[[109.71643671074811,-7.2024782083727175],[109.71595400505608,-7.203711581617598],[109.71542675894135,-7.204346970221025],[109.71423881356142,-7.204882667517854],[109.71338167083564,-7.2056709707330615],[109.71242102591276,-7.206042897347135],[109.7122659895057,-7.206350768420511],[109.71237579324969,-7.206677227513614],[109.71268611596035,-7.206831039183355],[109.71332722631215,-7.206697088535067],[109.7139442724257,-7.206381903564606],[109.71468969160928,-7.205679483223149],[109.7156241753469,-7.20535245892127],[109.71604881255556,-7.2050013130318895],[109.71677394467305,-7.204101608436407],[109.71757833215742,-7.202179589197141],[109.71738830542971,-7.201891665489012],[109.71704872453971,-7.201821381535559],[109.71643671074811,-7.2024782083727175]]]}},{"type":"Feature","properties":{"waterway":"stream","name":null},"geometry":{"type":"Polygon","coordinates":[[[109.72205774289385,-7.201627690861592],[109.72121150740894,-7.202682090083135],[109.72040486903698,-7.20295532855622],[109.71994327288776,-7.203341876484055],[109.71918649848466,-7.204917234678577],[109.71927218098,-7.205409585929694],[109.71958919743595,-7.205549315351855],[109.71991295195407,-7.205425724554564],[109.72063281783502,-7.203932550038921],[109.72174880807087,-7.2034208433928],[109.72306286551772,-7.2017567790640475],[109.72294484952289,-7.201433153089887],[109.72263074211408,-7.201287106413293],[109.72205774289385,-7.201627690861592]]]}},{"type":"Feature","properties":{"waterway":"stream","name":null},"geometry":{"type":"Polygon","coordinates":[[[109.71991178375832,-7.204775176894679],[109.7194396481883,-7.204679485137356],[109.71918724619856,-7.204915574022411],[109.71922393950268,-7.205381980069157],[109.71954177137584,-7.20567443300399],[109.72063601541127,-7.2055456598940575],[109.722622120555,-7.204822326180689],[109.72318048071183,-7.204850798068676],[109.72345188770592,-7.204636462964335],[109.72349103730971,-7.204294506708594],[109.72327499665445,-7.204025242688308],[109.72245748689417,-7.203933411256773],[109.71991178375832,-7.204775176894679]]]}},{"type":"Feature","properties":{"waterway":"stream","name":null},"geometry":{"type":"Polygon","coordinates":[[[109.71186020718612,-7.224479205875245],[109.71171123769432,-7.224774591510677],[109.71181664910456,-7.22510247388434],[109.71212488990768,-7.225260376292951],[109.71245539656069,-7.225155801464737],[109.71274229995647,-7.224721590566403],[109.71276097420423,-7.224378001621831],[109.71337884761402,-7.223492445854026],[109.71341841670316,-7.223168169713734],[109.71310484472923,-7.222619822154042],[109.7132222853498,-7.220947516995026],[109.71440116288052,-7.218990790889083],[109.71435229621316,-7.218115570319946],[109.7140348425045,-7.217727691739272],[109.71355214268195,-7.217870221413347],[109.71345774449314,-7.218967247135538],[109.71290598305225,-7.219498169268703],[109.71274248079209,-7.220070560270024],[109.71237730025393,-7.220486156618931],[109.71218355116909,-7.222499779495621],[109.71243359793718,-7.2234051224920455],[109.71190608844755,-7.2239573847689025],[109.71186020718612,-7.224479205875245]]]}},{"type":"Feature","properties":{"waterway":"stream","name":null},"geometry":{"type":"Polygon","coordinates":[[[109.7143194425637,-7.218326274448333],[109.71532352074983,-7.218208450848036],[109.71550029116405,-7.2179123289256735],[109.71541422429043,-7.2175789341278485],[109.71445416429661,-7.21732177134255],[109.71392168702118,-7.217462273070737],[109.71352407744956,-7.217866680679557],[109.71349110397857,-7.2183492169216255],[109.71392286436172,-7.218606436701281],[109.7143194425637,-7.218326274448333]]]}},{"type":"Feature","properties":{"waterway":"stream","name":null},"geometry":{"type":"Polygon","coordinates":[[[109.71375552134161,-7.217733290406205],[109.71362650882601,-7.217010533013802],[109.71380504341984,-7.216530129930366],[109.71376985825124,-7.215736884507045],[109.71393726001648,-7.215485781569668],[109.71498994648549,-7.2150789334915135],[109.71612076375786,-7.215290235529865],[109.71635648425433,-7.215037738005189],[109.71623938347817,-7.214551796188192],[109.71555228383987,-7.214263081816066],[109.71454921829304,-7.2142156906771975],[109.7136793439032,-7.2145514527672345],[109.71321985536501,-7.214931645784097],[109.71281279086958,-7.2157022041855425],[109.7129065448631,-7.216338667375096],[109.71269429100361,-7.216921527708595],[109.71297092180686,-7.218214822530356],[109.71346140587376,-7.21879977173319],[109.71397026072296,-7.218730309153223],[109.71434473363531,-7.218248969497674],[109.71415617758682,-7.217785673000144],[109.71375552134161,-7.217733290406205]]]}},{"type":"Feature","properties":{"waterway":"stream","name":null},"geometry":{"type":"Polygon","coordinates":[[[109.7170483149946,-7.22104201509495],[109.71848948459117,-7.2209927809270935],[109.71968538145103,-7.220558880007144],[109.72042736621013,-7.220900416686115],[109.72105774896585,-7.222356789262449],[109.72124386819043,-7.223745720270999],[109.72201134259518,-7.224506698745473],[109.72224297698558,-7.2251588637671675],[109.72227745123263,-7.225979035103975],[109.72295061917245,-7.226686039881978],[109.72304302231703,-7.227598309011273],[109.72341801155326,-7.227931842633768],[109.72375406725946,-7.227846420557983],[109.72393080792742,-7.22755027894825],[109.72373877366188,-7.226114963366679],[109.72315565970099,-7.22566674235179],[109.72311893582184,-7.224918309036257],[109.7227343888853,-7.223951875836644],[109.72212645508273,-7.223469283548294],[109.72190896935169,-7.221984682893242],[109.72117489010083,-7.220367601022911],[109.72066413400864,-7.219937523739582],[109.71975626052358,-7.219651470141974],[109.71837113402286,-7.220099446340559],[109.71647546463618,-7.220153117696532],[109.71615749156229,-7.220290714594412],[109.71603072380582,-7.220611068251959],[109.71616942052954,-7.220926519993517],[109.7170483149946,-7.22104201509495]]]}},{"type":"Feature","properties":{"waterway":"stream","name":null},"geometry":{"type":"Polygon","coordinates":[[[109.72482291902024,-7.22108110090957],[109.72453879718626,-7.221090395170971],[109.72428324014183,-7.2213231293352695],[109.72426841756494,-7.2216669700389176],[109.72450301276916,-7.221920500080132],[109.7248233675142,-7.2219886579342205],[109.72553279948941,-7.221733827212698],[109.72618245005141,-7.221725665668794],[109.72703460025413,-7.221242681620962],[109.72742626573832,-7.2204679027184415],[109.72723231132682,-7.220182563270987],[109.72689178680689,-7.220116856547128],[109.72597825708678,-7.220846993984395],[109.7253572120518,-7.220846910454143],[109.72482291902024,-7.22108110090957]]]}},{"type":"Feature","properties":{"waterway":"stream","name":null},"geometry":{"type":"Polygon","coordinates":[[[109.72512177338221,-7.22136293827361],[109.72602793875652,-7.219828999058698],[109.72619533582703,-7.219027763402923],[109.72695499211864,-7.218673659885904],[109.7279452434744,-7.218476173631482],[109.72861407673666,-7.2176822475856355],[109.72895761440127,-7.216599222619416],[109.7298904913975,-7.215103499707166],[109.73018501014306,-7.214071947848518],[109.73003481489437,-7.213595048635249],[109.72970202597946,-7.213497886886609],[109.72939745668512,-7.213662637716035],[109.72902448973579,-7.214829538409262],[109.72814066441889,-7.216175937095713],[109.72802519662365,-7.216826309269966],[109.72745999157641,-7.2176833022321425],[109.72663884801936,-7.217827023155344],[109.72548651768264,-7.21843253244905],[109.72520218571859,-7.21940779549521],[109.72420648131417,-7.221248266967],[109.72434791290023,-7.221802928392452],[109.7246561303727,-7.221960871295255],[109.72509690547747,-7.221719162002538],[109.72512177338221,-7.22136293827361]]]}},{"type":"Feature","properties":{"waterway":"stream","name":null},"geometry":{"type":"Polygon","coordinates":[[[109.72119921560179,-7.212042032229045],[109.72201396760688,-7.212452482323951],[109.722699794928,-7.214957956293276],[109.72304798283449,-7.215572556842512],[109.7235476435352,-7.215635115971172],[109.7237971134202,-7.2152010856503415],[109.72329260150045,-7.214063535535514],[109.72287825796313,-7.212015798739826],[109.72120772127245,-7.210994224209759],[109.72089116131781,-7.211134977262036],[109.72076764033612,-7.211456575850818],[109.72119921560179,-7.212042032229045]]]}},{"type":"Feature","properties":{"waterway":"stream","name":null},"geometry":{"type":"Polygon","coordinates":[[[109.72287979502305,-7.210916932443656],[109.72465131450983,-7.213039358572725],[109.72506468532572,-7.2133586940142385],[109.72555609417758,-7.213249330560132],[109.725642303133,-7.212757069514249],[109.72338650246152,-7.2100675878861376],[109.72305049466425,-7.209982031807403],[109.72275192165712,-7.210157249001376],[109.72266568324159,-7.210490599807828],[109.72287979502305,-7.210916932443656]]]}},{"type":"Feature","properties":{"waterway":"stream","name":null},"geometry":{"type":"Polygon","coordinates":[[[109.72499050393566,-7.208772764593415],[109.72543621651863,-7.207517322474538],[109.72658449749083,-7.206400522921332],[109.72663999445322,-7.206060800656026],[109.72643710440957,-7.205781648399822],[109.72593381172769,-7.205799469728507],[109.72494194906137,-7.206668908571748],[109.72437798546731,-7.207548174298842],[109.72408983198378,-7.208660408522918],[109.72410542085862,-7.20902307002961],[109.72449935467415,-7.209693402848987],[109.72469171112289,-7.2113493298738645],[109.72532509342406,-7.2120851262549825],[109.72477470994141,-7.212946328265089],[109.72491252682651,-7.21326215830115],[109.72523508535757,-7.213388803674091],[109.725719734786,-7.213081776971619],[109.72613788487973,-7.2125327309661875],[109.72625445171896,-7.212100017694479],[109.7261002483088,-7.211608797555483],[109.72552134661049,-7.210976614150995],[109.72541752980847,-7.2095115463235775],[109.72499050393566,-7.208772764593415]]]}},{"type":"Feature","properties":{"waterway":"stream","name":null},"geometry":{"type":"Polygon","coordinates":[[[109.72764556345237,-7.204147722121007],[109.72671937582552,-7.20600172326691],[109.72584763518404,-7.209472280249951],[109.725932441279,-7.210153209937558],[109.72633149736066,-7.210964789420429],[109.72635916575042,-7.211937548408313],[109.72675735062616,-7.212243462574723],[109.72719461093587,-7.211995566144492],[109.72726253923574,-7.211522998717525],[109.72721124035174,-7.210735905728344],[109.72675508481798,-7.209515126048389],[109.72742036411428,-7.206771319833998],[109.72801542499911,-7.205259952128782],[109.72850634780137,-7.204466942611531],[109.72855117860624,-7.203938063007736],[109.72833857546682,-7.203666119374554],[109.72799441933843,-7.203622972428901],[109.72772031177794,-7.203833897010884],[109.72764556345237,-7.204147722121007]]]}},{"type":"Feature","properties":{"waterway":"stream","name":null},"geometry":{"type":"Polygon","coordinates":[[[109.68517241488792,-7.199083177077109],[109.68503471226319,-7.199360492841138],[109.68513493946818,-7.199689969626316],[109.68561665362421,-7.199835682032793],[109.68637536186957,-7.199043526554289],[109.68671124621461,-7.198942138965453],[109.68685464956378,-7.19846318786506],[109.68646351931231,-7.198148458016645],[109.68595674606684,-7.198229945023563],[109.68517241488792,-7.199083177077109]]]}},{"type":"Feature","properties":{"waterway":"stream","name":null},"geometry":{"type":"Polygon","coordinates":[[[109.69097152000978,-7.207695156490954],[109.69077404994658,-7.2074315958558985],[109.69043753939583,-7.2073480149912585],[109.69014001905188,-7.207524982936051],[109.69005577208516,-7.20785883446514],[109.69060221484824,-7.20854901955351],[109.6914333007119,-7.209004273269003],[109.69193817749291,-7.209001555567271],[109.69214903493898,-7.208728275627313],[109.6921033558788,-7.208387117387907],[109.69160459255166,-7.207934220364855],[109.69097152000978,-7.207695156490954]]]}},{"type":"Feature","properties":{"waterway":"stream","name":null},"geometry":{"type":"Polygon","coordinates":[[[109.69296742747562,-7.206867679955419],[109.69348940734237,-7.207193587445178],[109.6940864686468,-7.20706665200413],[109.69432328615976,-7.206774041579062],[109.6942629645432,-7.205967814610814],[109.69614890777173,-7.205758714310887],[109.69655533730275,-7.205291795379486],[109.69653228899705,-7.204948400856314],[109.69609588637901,-7.204699033405333],[109.6957123405833,-7.204933857068076],[109.69352081487402,-7.205269679349529],[109.69335392124952,-7.205878618333994],[109.69275427382246,-7.205855549380524],[109.69216789404805,-7.206475050805591],[109.69235995921458,-7.206936924458268],[109.69270009316446,-7.2070045439008465],[109.69296742747562,-7.206867679955419]]]}},{"type":"Feature","properties":{"waterway":"stream","name":null},"geometry":{"type":"Polygon","coordinates":[[[109.72619461345496,-7.2174815030938335],[109.72583160464285,-7.218414421645498],[109.72594595922311,-7.218750173973523],[109.72625387102686,-7.218908698596898],[109.7266951061038,-7.218667822057127],[109.72680597470999,-7.218178460238503],[109.72734367606759,-7.217359629985823],[109.727700051697,-7.215283645244305],[109.7274011449339,-7.214253276199029],[109.7272418204819,-7.211775423298206],[109.72709531045231,-7.211463468581471],[109.72676936823116,-7.211345661815624],[109.72645492600641,-7.211491012462706],[109.72633617947913,-7.211814376255946],[109.72655090456672,-7.213598130634585],[109.7264703122953,-7.214410877403089],[109.72678874930271,-7.215301477596838],[109.72651211581832,-7.216928459126429],[109.72619461345496,-7.2174815030938335]]]}},{"type":"Feature","properties":{"waterway":"stream","name":null},"geometry":{"type":"Polygon","coordinates":[[[109.72251069588249,-7.2221168114617615],[109.72301122128074,-7.222006254031916],[109.72343714868538,-7.221439634414701],[109.72384572979078,-7.220274493970666],[109.72414328003359,-7.218025521808391],[109.72424842764222,-7.216060456575276],[109.72366611025174,-7.214915553246517],[109.72334587031976,-7.214783240647111],[109.7230251205675,-7.214914332174716],[109.72289175152999,-7.2152320363477775],[109.72332061341574,-7.2161439843703885],[109.72295347677628,-7.220115572309206],[109.722639020921,-7.220623040487675],[109.72255868971735,-7.22119017348875],[109.72174096692896,-7.2214489030310505],[109.7215346627019,-7.221760078378055],[109.7217608595089,-7.2227177146950305],[109.72177703144054,-7.224145699416591],[109.72191435938262,-7.224390719992048],[109.72223383826227,-7.224524847067184],[109.7225553449858,-7.224395576765092],[109.72269054495138,-7.224078634031178],[109.72272242870545,-7.223199095622648],[109.72251069588249,-7.2221168114617615]]]}},{"type":"Feature","properties":{"waterway":"stream","name":null},"geometry":{"type":"Polygon","coordinates":[[[109.724292772269,-7.215455303490786],[109.72339222396108,-7.215612052705821],[109.72326738690383,-7.215933151208235],[109.72340797736865,-7.216247776155077],[109.72373163967042,-7.2163716243540454],[109.72466416621276,-7.216324806575187],[109.72511053907267,-7.215871331457259],[109.725267720527,-7.215139941429586],[109.72566087851582,-7.214416376786064],[109.72577205206176,-7.213680761568787],[109.72578188877739,-7.21317130521469],[109.72543230617043,-7.212537863437824],[109.72508638577338,-7.212512018901347],[109.72482336230215,-7.21273641106633],[109.72477336172719,-7.214218301408139],[109.72444229482629,-7.214756830152425],[109.724292772269,-7.215455303490786]]]}},{"type":"Feature","properties":{"waterway":"stream","name":null},"geometry":{"type":"Polygon","coordinates":[[[109.71429246709022,-7.212287787968001],[109.71332136264861,-7.2122549928641195],[109.71307990946379,-7.212502100039699],[109.71308530092205,-7.212846213475749],[109.71333437923018,-7.213085756181503],[109.71380108589271,-7.213174941884097],[109.71474477055663,-7.213086279974606],[109.71504406377088,-7.212777758539273],[109.71505904545945,-7.212433924635258],[109.71465277491438,-7.212138659372315],[109.71429246709022,-7.212287787968001]]]}},{"type":"Feature","properties":{"waterway":"stream","name":null},"geometry":{"type":"Polygon","coordinates":[[[109.71023101559017,-7.221661783750111],[109.70993713980421,-7.221061376456409],[109.70997316864481,-7.220266048380661],[109.71051515788294,-7.218479130415349],[109.71038995000154,-7.2159264537340695],[109.71145377485561,-7.215444034753626],[109.71192502480459,-7.214760680419067],[109.71366402860212,-7.213391154818887],[109.71415315887965,-7.212519975153688],[109.71492660962926,-7.210486983826978],[109.71634363840931,-7.209330758154406],[109.71707860679561,-7.208494961975172],[109.7179423774833,-7.207966265956384],[109.71888811074227,-7.206459942884002],[109.71994483957468,-7.205392418022628],[109.72005260239338,-7.205065290334787],[109.71989564696771,-7.204758378031418],[109.71956591592294,-7.2046514659971095],[109.71925656087004,-7.2048071817197865],[109.71818752639163,-7.2058884646476935],[109.7172106989215,-7.20742840042213],[109.71651908038974,-7.20778232243593],[109.7157662575473,-7.208632482882074],[109.71460285410885,-7.20950606812021],[109.7140375754916,-7.210186305992638],[109.71293426191457,-7.212852360833021],[109.71133098466237,-7.214069407281439],[109.71097365374968,-7.214618613239931],[109.70986551153324,-7.215159834275954],[109.70951231931522,-7.215686986348755],[109.70960910604451,-7.218419584271821],[109.70906769808224,-7.2201914653559935],[109.70903049130003,-7.221183129798665],[109.70920343582239,-7.221749856108317],[109.7097846766098,-7.222460378600534],[109.7103831233756,-7.222567679562262],[109.71074275159907,-7.223451709033974],[109.71134690667772,-7.2241082773471454],[109.71167505377691,-7.2249748852798374],[109.71325920613269,-7.226870695180956],[109.71393330894745,-7.227369674084489],[109.71415270479345,-7.228533824164711],[109.71461829806451,-7.229233222144078],[109.71511300964742,-7.229326880245489],[109.71538954929142,-7.228909300847576],[109.7149942170491,-7.228161405740044],[109.7147241380181,-7.226904764366356],[109.71245538582893,-7.224468789728203],[109.71212546768265,-7.223637078851459],[109.71142062221917,-7.222805739182081],[109.71107648228119,-7.221939635878655],[109.71023101559017,-7.221661783750111]]]}},{"type":"Feature","properties":{"waterway":"stream","name":null},"geometry":{"type":"Polygon","coordinates":[[[109.69870852564826,-7.210593294935762],[109.69917946898666,-7.210584967604238],[109.69997651005389,-7.21022095270502],[109.70090882975876,-7.2094676820183485],[109.70093635929354,-7.2089687934367825],[109.70048230912965,-7.208752643925607],[109.69919967922354,-7.209636435305604],[109.69823797337143,-7.209692057515596],[109.69748342615803,-7.210885809287213],[109.69746973323133,-7.211385260200546],[109.69775282268218,-7.211584171975706],[109.69809477052068,-7.211526232606503],[109.69870852564826,-7.210593294935762]]]}},{"type":"Feature","properties":{"waterway":"stream","name":null},"geometry":{"type":"Polygon","coordinates":[[[109.7051030138686,-7.2081186919182585],[109.70501215526451,-7.210666787911882],[109.7046957168628,-7.212809258721876],[109.70482307603596,-7.213129380601123],[109.70514129878642,-7.213266396943479],[109.70556467794069,-7.212995820139977],[109.70579250361793,-7.211978496637464],[109.70601827131536,-7.209019264434118],[109.70596499471586,-7.2076021660458425],[109.7058031393827,-7.20729776847533],[109.70547173469731,-7.207196071384484],[109.70516491265843,-7.207356647423859],[109.7051030138686,-7.2081186919182585]]]}},{"type":"Feature","properties":{"waterway":"stream","name":null},"geometry":{"type":"Polygon","coordinates":[[[109.70756977162685,-7.204903220878375],[109.70723960066267,-7.2060683832832675],[109.70739474182535,-7.206376202416744],[109.70772383737409,-7.206485028394019],[109.7081216838584,-7.2061786876670935],[109.70861822812091,-7.204583278542866],[109.70858603275144,-7.204240608983435],[109.70831903525493,-7.204020890758542],[109.7079736390606,-7.204052831605222],[109.70756977162685,-7.204903220878375]]]}},{"type":"Feature","properties":{"waterway":"stream","name":null},"geometry":{"type":"Polygon","coordinates":[[[109.69907723497013,-7.2012225178614875],[109.70205339184454,-7.201119264255466],[109.70231478114242,-7.200893008056407],[109.70233835194007,-7.200549648459183],[109.70211029722915,-7.200290320889265],[109.70146749757706,-7.200212579125025],[109.69868219769958,-7.200375326642116],[109.69828450327299,-7.2007790720188645],[109.69827785987773,-7.2012786641680115],[109.69874055052082,-7.2014759388629646],[109.69907723497013,-7.2012225178614875]]]}},{"type":"Feature","properties":{"waterway":"stream","name":null},"geometry":{"type":"Polygon","coordinates":[[[109.69402556367298,-7.198657360182144],[109.69464657825796,-7.198885696929039],[109.6958860702675,-7.19881142216989],[109.69620116708346,-7.198667492513248],[109.69632139171698,-7.198344668011146],[109.69602558122297,-7.19794030956849],[109.69466586998344,-7.197984289757313],[109.69384347890202,-7.197766679894722],[109.69355505136846,-7.197957881994445],[109.6934873763588,-7.198295424088712],[109.69368009739091,-7.198581578681879],[109.69402556367298,-7.198657360182144]]]}},{"type":"Feature","properties":{"waterway":"stream","name":null},"geometry":{"type":"Polygon","coordinates":[[[109.66450560268818,-7.1966758496838334],[109.66510580810578,-7.197507001948776],[109.66556647950792,-7.197817369467027],[109.66578017748321,-7.198705290506374],[109.66637558917289,-7.198902508883845],[109.66668083954121,-7.198739021642818],[109.66678016250297,-7.198409275499487],[109.66647596987552,-7.197942987911287],[109.66635619457044,-7.197312097357757],[109.66577403744317,-7.196887622879411],[109.66515564328478,-7.195837691340823],[109.66481839406741,-7.195757129645266],[109.66452250475002,-7.195936756704345],[109.66450560268818,-7.1966758496838334]]]}},{"type":"Feature","properties":{"waterway":"stream","name":null},"geometry":{"type":"Polygon","coordinates":[[[109.66705431822547,-7.196052070486353],[109.66634867737233,-7.196568547285821],[109.66634474567974,-7.197554181102954],[109.66588338447731,-7.198374728084968],[109.66595663569736,-7.1987111224633304],[109.66624818890882,-7.198897600923911],[109.66658725600935,-7.198824926710669],[109.66694413930918,-7.198463868325647],[109.6672353415093,-7.19774466345421],[109.66719664041051,-7.197099073352127],[109.66799730770029,-7.196445982589731],[109.66819024468917,-7.195940996135645],[109.66885978590011,-7.195918003990496],[109.66948061827976,-7.196247486790051],[109.66997258526304,-7.196021710426813],[109.6701166603451,-7.1948406627875965],[109.67040165623,-7.1943184839189485],[109.67183138901379,-7.192676811355413],[109.67175355784607,-7.192030174430618],[109.67145926782062,-7.191555249254267],[109.67181066241997,-7.191120422294739],[109.67255370360228,-7.191015516557083],[109.67290957552358,-7.190738623606135],[109.67297667616081,-7.19041654169136],[109.67255693636206,-7.188615312637547],[109.67204889202137,-7.187795470388795],[109.67232008322561,-7.187685799054944],[109.6727081198005,-7.187991865282295],[109.67307418680348,-7.18803933144235],[109.6736395147788,-7.187756805412294],[109.67418996232021,-7.187962796533301],[109.67439904956895,-7.188367686801479],[109.67469543841177,-7.188514208868751],[109.67626486260373,-7.1882439199665935],[109.67673624058817,-7.1884294204815085],[109.67762502840534,-7.188356828348084],[109.67819120294745,-7.187942035695195],[109.67859108719249,-7.187369989715529],[109.67877616542911,-7.186685271923696],[109.67996767859803,-7.185963919958752],[109.68032407819777,-7.185282463557925],[109.6802122513321,-7.184956682882528],[109.67972569162403,-7.184827846886069],[109.6792894229895,-7.185357530999925],[109.67821364475925,-7.185952683500625],[109.67798927290103,-7.186221369630925],[109.67779903319635,-7.186923394303948],[109.67727373494077,-7.1875111983345175],[109.67628169471611,-7.187340408902389],[109.67517728418443,-7.187462045628383],[109.67483293503015,-7.186964513075703],[109.67418600271057,-7.186945597023308],[109.67378751768399,-7.186720249620872],[109.67335248607709,-7.186779393388805],[109.67307304994752,-7.187015443816722],[109.672241810607,-7.1867774326081815],[109.67150162267573,-7.187053781153535],[109.67117804229952,-7.187454282132632],[109.67107905193322,-7.18793472425796],[109.67165822989422,-7.188813987951982],[109.67193632483503,-7.1901675493435615],[109.67144064772698,-7.190175094324034],[109.67048155183575,-7.191010607268557],[109.67045575223409,-7.19146403267359],[109.67094090514863,-7.192455266345337],[109.66967517803506,-7.193773878509979],[109.66927914070122,-7.194364161153622],[109.66917783952326,-7.194980636735645],[109.6674575629271,-7.195044644255109],[109.66711939704581,-7.195411327818388],[109.66705431822547,-7.196052070486353]]]}},{"type":"Feature","properties":{"waterway":"stream","name":null},"geometry":{"type":"Polygon","coordinates":[[[109.78104268573378,-7.2717898580828795],[109.78110420180641,-7.272192986829911],[109.78081791072967,-7.273236286522103],[109.78059729344565,-7.273380855850191],[109.77980171449352,-7.27318308788876],[109.77915964120892,-7.273264925432127],[109.77833656796336,-7.274070687391688],[109.7784552219877,-7.274556261978775],[109.77895288172998,-7.274633343245264],[109.77968978415136,-7.274087846992442],[109.78070577815657,-7.274278605355448],[109.78130391232963,-7.27402146535382],[109.78174739486195,-7.2734604933149525],[109.78200738330551,-7.272297072601395],[109.78196189687314,-7.271709016942921],[109.7816877962017,-7.271136125941071],[109.7827394059011,-7.271302763099346],[109.78331010294501,-7.270894853149691],[109.78339387130742,-7.270419640128534],[109.7831748972469,-7.2697427891146456],[109.78366190529678,-7.26919257223779],[109.78370057858122,-7.268507019332548],[109.78417976672073,-7.268068941717985],[109.7843398040996,-7.267592312429998],[109.78389019133402,-7.26645418409029],[109.78417112521531,-7.266219130603538],[109.78476334378426,-7.266274903754583],[109.78521469467756,-7.266099752888693],[109.78580012842848,-7.264680733683522],[109.7857401127771,-7.26416945125376],[109.78549845607238,-7.263759052164],[109.7844888494283,-7.263495830500265],[109.78543496190265,-7.263178406489828],[109.785630987679,-7.262567625905757],[109.78553128919792,-7.26201810811502],[109.78628170678286,-7.262951287854814],[109.78691226702739,-7.263068538758462],[109.78731675693986,-7.262856253720676],[109.78794726122659,-7.261824622058212],[109.78844270595367,-7.261418145570988],[109.7885600599848,-7.261132890277331],[109.78846338746948,-7.260594134061153],[109.78877865203265,-7.260111861238927],[109.78899268718452,-7.2592753087490065],[109.78864325727794,-7.258208001522639],[109.78877888525814,-7.257581322375724],[109.78867330899973,-7.257256719492982],[109.78940430070327,-7.2571981526800995],[109.7902186045826,-7.256526746690222],[109.79063868602162,-7.255769940616391],[109.79075391366655,-7.254743509761631],[109.79128909846925,-7.254046825763349],[109.79130482056318,-7.253305016569692],[109.79184756554353,-7.25236149768732],[109.7915685278853,-7.251196702306266],[109.79180726181205,-7.250589363978257],[109.7917517962578,-7.250185756679259],[109.79148037086709,-7.249898457435522],[109.79098952762968,-7.249772754240074],[109.79134460087265,-7.249302931881519],[109.79113869188384,-7.248687297873718],[109.79139031360313,-7.248345406731399],[109.79147431858162,-7.247876575770175],[109.79133083532915,-7.2474488497990555],[109.7909465559369,-7.247141022174116],[109.79139805739615,-7.245730117718529],[109.7911619389113,-7.244803786410145],[109.79127439533944,-7.243885420603531],[109.79111499803437,-7.243486966916566],[109.7918255969963,-7.242645371256606],[109.79152248946741,-7.241681260332509],[109.79182228858927,-7.241435403490978],[109.79197611663267,-7.240975515277232],[109.79159266281745,-7.240501500086471],[109.79339060537384,-7.239991288834696],[109.79384967081423,-7.239382679340235],[109.79368896350216,-7.23893237530587],[109.79317157992456,-7.23852455744119],[109.7930522175406,-7.237097513815627],[109.79360349152635,-7.235412298823337],[109.79331987705481,-7.235016469997624],[109.79300136366557,-7.234958882402284],[109.79264429122378,-7.235132482721472],[109.79214079315202,-7.234694122786688],[109.79262750602287,-7.234589707838853],[109.79290557660799,-7.234046417191444],[109.79265724083292,-7.232604019477001],[109.7915571124102,-7.230879491142429],[109.79167117313916,-7.230251914792047],[109.79223988590363,-7.229957306350725],[109.7923653856936,-7.229131765848347],[109.79337726590094,-7.228670602228246],[109.79369587761792,-7.227419624624162],[109.79398270391253,-7.227328206457434],[109.79489421589834,-7.227496464611755],[109.7954072490336,-7.227263261331104],[109.79560920495537,-7.22690821754996],[109.79623921000716,-7.226563269235604],[109.79670761460251,-7.22550707886001],[109.79685894024979,-7.224679178782603],[109.79740039575096,-7.224821541598472],[109.79795502673102,-7.225527480587273],[109.79839073762908,-7.2256251751191325],[109.79888906417222,-7.225301311981526],[109.7989952708031,-7.224926270835018],[109.79887758214079,-7.224564702235348],[109.79922406779298,-7.224228322712363],[109.79977133571143,-7.2245134289130775],[109.80062957826144,-7.224304388772215],[109.80114511613641,-7.2234972806528965],[109.80084663465823,-7.222871236504274],[109.80127840039128,-7.222610351000209],[109.80165154468172,-7.221898999373905],[109.80155614044867,-7.221406642608749],[109.80197773536969,-7.221103024026939],[109.80202990449227,-7.22061485122245],[109.80250531482368,-7.220236270679348],[109.80249018306606,-7.219675866171492],[109.80334685293107,-7.218356196373809],[109.80314370752713,-7.21790099650774],[109.80283803441898,-7.217790204131354],[109.80264633431787,-7.217157697997441],[109.80311689493298,-7.217166590685389],[109.8037743221186,-7.217781571601187],[109.8041172198337,-7.217845760095658],[109.80444159800143,-7.2176960022318175],[109.80456978068645,-7.217108183136594],[109.80521050895011,-7.2165465441144985],[109.80596640317528,-7.216409937235108],[109.80620110815893,-7.216114795521094],[109.80620770442734,-7.215478364455468],[109.80649936187966,-7.214907298392562],[109.80652592087746,-7.214142337306377],[109.80699315782704,-7.213803467276782],[109.80795705040026,-7.212490534580849],[109.80936066245552,-7.21295321763656],[109.81135547138221,-7.212380029525934],[109.81321166621595,-7.211337565457968],[109.81360142841076,-7.2101694399320895],[109.81353334618754,-7.209394059747348],[109.81325532495539,-7.208924465414951],[109.81356818422942,-7.207949716698867],[109.81369326513884,-7.206207669492203],[109.81422378834573,-7.205583353687637],[109.81562465669809,-7.2046112816609975],[109.81628408372077,-7.203857774414816],[109.81686661046147,-7.20197046581164],[109.8174611552678,-7.201021470548769],[109.81747504222743,-7.200677591434796],[109.81723976968556,-7.200424690026705],[109.81674230186762,-7.200502468077311],[109.81604830816173,-7.2015760945165175],[109.81556453573236,-7.203238845001906],[109.81499350479129,-7.203909281030715],[109.81353172774396,-7.2049521210194785],[109.81290057162016,-7.205769577365424],[109.81258820181374,-7.206703971266859],[109.81266902285506,-7.207808899930478],[109.81232842337955,-7.208968398014371],[109.81268313520307,-7.209891325872855],[109.81250783224367,-7.210675556645626],[109.81111644465305,-7.211488298612508],[109.8102628459422,-7.211566074251873],[109.80923838739507,-7.212002109426528],[109.80899124625925,-7.21178830261887],[109.80843983706676,-7.211715313121435],[109.80809973045304,-7.2114112087118425],[109.80774395269398,-7.211428047092733],[109.80699530829266,-7.212282208633991],[109.80649195211534,-7.212360974851135],[109.80625027089133,-7.212669760704402],[109.80624307216259,-7.213174078205638],[109.80567950395832,-7.213778396423192],[109.80564326052709,-7.214560164439163],[109.8053001793855,-7.2151052924987376],[109.8053044172331,-7.215583950405249],[109.80480350461671,-7.215710050728092],[109.80386184163181,-7.216527173738672],[109.80361826698568,-7.2163166915123975],[109.80252149621103,-7.216124734129908],[109.80219825458022,-7.216231278986499],[109.80185147692154,-7.216606662088274],[109.80171880554269,-7.217135318734984],[109.80181939494729,-7.217527794986802],[109.80158719399364,-7.218152078806893],[109.80193785783104,-7.218600242502943],[109.80190855541937,-7.218928247805643],[109.80150643194472,-7.21958009076996],[109.800909875576,-7.219981342479501],[109.80096285765667,-7.220599220775557],[109.80052044268179,-7.221153803487479],[109.80044498780401,-7.222003871338957],[109.79990826752162,-7.22230980985955],[109.7999958358995,-7.223591240591132],[109.7994812690999,-7.223252467131562],[109.79917132015768,-7.223233698128798],[109.79796845240811,-7.224084919834435],[109.79681373920776,-7.223548966309632],[109.79622312451951,-7.2237487037389485],[109.79596232319022,-7.224216596961718],[109.79585779619445,-7.225179143820083],[109.79548725364691,-7.225958625201103],[109.79457029323834,-7.226573967868832],[109.79399080904034,-7.226313438182399],[109.79310720475469,-7.226616634160929],[109.79286305329332,-7.22695526269862],[109.79266366310391,-7.227933992226084],[109.79160767414315,-7.228452026781324],[109.79146782559098,-7.229274057939284],[109.79093322019695,-7.229640317519595],[109.79076377762783,-7.230194816161831],[109.79042072168642,-7.230496504923107],[109.79033279862087,-7.231027665752293],[109.79089374531367,-7.231496912516369],[109.79177551396201,-7.232845473318106],[109.79192177583606,-7.233696906274658],[109.79153848701966,-7.233733949591311],[109.79107869092341,-7.234132115356744],[109.79107051819042,-7.234828348775198],[109.79201578845156,-7.2357936287725675],[109.79251591152394,-7.236086472671511],[109.79208354049742,-7.237023606606711],[109.79226838846328,-7.237876649320066],[109.79169549213319,-7.238059185959218],[109.79125998099252,-7.238571628311626],[109.79127049269222,-7.239115692623268],[109.79156821897811,-7.239510522282112],[109.79107393077182,-7.2396211855660235],[109.79070206238822,-7.240261390770276],[109.79079408716856,-7.241037675713091],[109.79061897962121,-7.2418808466998845],[109.79086750715246,-7.24249216219497],[109.79014577988767,-7.242967245436136],[109.7900500446601,-7.24355722815191],[109.79031850966402,-7.2440657669119055],[109.79024598918839,-7.2447934686414435],[109.79049043786301,-7.245629129594209],[109.78979689441937,-7.247229674497096],[109.78989249377618,-7.247664015078727],[109.79029119086944,-7.247976467201876],[109.7900163313808,-7.24856177877692],[109.79026723649591,-7.249063416632525],[109.78985680784946,-7.249351991641848],[109.789772625481,-7.2497244663043325],[109.79000710254343,-7.250168468034152],[109.79075349220327,-7.250643376078865],[109.79064089728766,-7.2512609786545115],[109.79095905140673,-7.2521648143042015],[109.79037814676322,-7.253184915588115],[109.79039743488094,-7.253795682741596],[109.78989927891284,-7.254343308037972],[109.78960134353098,-7.255816339133546],[109.78928344517557,-7.255955043010528],[109.78899072921328,-7.256384725878063],[109.78819453405313,-7.25610214937935],[109.7878898324278,-7.256136897405622],[109.78740466006684,-7.256663835769148],[109.78737287002286,-7.257197578869317],[109.78782025537316,-7.257680910533201],[109.78773600267914,-7.258370018247526],[109.78808300871967,-7.259169288759379],[109.78756488309938,-7.260313924396787],[109.78762635614875,-7.260940705679748],[109.78722878584486,-7.261250094331394],[109.78675624625825,-7.262097484816363],[109.78589204166187,-7.261045150825348],[109.7850791750195,-7.26093267931416],[109.7845583460285,-7.261622270313685],[109.78471260742357,-7.262483666881624],[109.78405499230236,-7.262694115665542],[109.78368469744574,-7.263035191509309],[109.78354320604588,-7.26344445997084],[109.78365332836484,-7.263958575888483],[109.78413107384527,-7.2643482890517195],[109.78489590861366,-7.264582428470661],[109.78453793357136,-7.26537771100853],[109.78404463895573,-7.265314351086202],[109.78285165996105,-7.26589084748267],[109.78280155623254,-7.266423702004319],[109.78342707546462,-7.267549676749417],[109.78288225776855,-7.268042718135085],[109.78281975483124,-7.268757494254788],[109.78224921977332,-7.269523788197246],[109.78244113630817,-7.270382380478454],[109.7817064876385,-7.270171858136701],[109.78112291909521,-7.270421374387806],[109.78071197185672,-7.270831315914531],[109.78068275648985,-7.271443565689317],[109.78104268573378,-7.2717898580828795]]]}},{"type":"Feature","properties":{"waterway":"stream","name":null},"geometry":{"type":"Polygon","coordinates":[[[109.82546490998932,-7.190422180654018],[109.82493054638964,-7.190996900965905],[109.824246073562,-7.192224076484776],[109.8244118222843,-7.193227790354841],[109.82485421791493,-7.193706459371333],[109.82532580644283,-7.193531167199292],[109.8254050843778,-7.193196120602779],[109.82514739305427,-7.192428323683584],[109.82551713086421,-7.1920070212388945],[109.82567504823128,-7.191514923103026],[109.82654265835511,-7.19047400906957],[109.82642097207496,-7.190151724883321],[109.82610523142272,-7.1900092039240295],[109.82546490998932,-7.190422180654018]]]}},{"type":"Feature","properties":{"waterway":"stream","name":null},"geometry":{"type":"Polygon","coordinates":[[[109.82376170427975,-7.1977827356557755],[109.82391823394155,-7.198876296142041],[109.82446861945165,-7.200073677717898],[109.8250941335777,-7.201407713188385],[109.8256185305903,-7.201752591798883],[109.82615560550205,-7.202941886015193],[109.8255140957015,-7.20330772004676],[109.82536658123614,-7.204043694746992],[109.82475037536757,-7.204117429080432],[109.82449396390156,-7.204349226004108],[109.82447786293359,-7.204693010097124],[109.8247115046399,-7.2049473973210425],[109.82538011105707,-7.204975581394881],[109.82631309524118,-7.204640911232598],[109.82645139228362,-7.20431108707631],[109.82635507911763,-7.2040397783000705],[109.82677749936308,-7.2038262800906105],[109.82697615924846,-7.203502470627658],[109.82705303343447,-7.2027790148397655],[109.82638608979894,-7.201213711258739],[109.82579857869949,-7.200709072392602],[109.82478102266072,-7.198586719393561],[109.82467201254138,-7.196860029379333],[109.82408513920306,-7.19599985273331],[109.82490203947638,-7.194782774495316],[109.82494821376235,-7.193984623083417],[109.82524501036617,-7.193622119563584],[109.82612628746438,-7.193120370105981],[109.82720866674887,-7.193214821620971],[109.82783758005239,-7.192833429486778],[109.82862000488184,-7.193011502710153],[109.82920493681283,-7.192523529398777],[109.8295920706505,-7.1924783995008905],[109.83102286440787,-7.191255184624083],[109.83136933280717,-7.190528253278727],[109.8312638884715,-7.190200383872391],[109.83095565193734,-7.190042519098578],[109.83062518372596,-7.190147133819229],[109.83031055027037,-7.1906772206763065],[109.82954025681939,-7.191207682295658],[109.82927373347043,-7.191601078895489],[109.82879813709259,-7.191670104429443],[109.82837617191623,-7.192103612414909],[109.82760617985252,-7.1918277792962595],[109.82719515009846,-7.191972065597852],[109.82702258837458,-7.192284348385924],[109.82649341758044,-7.19216658493526],[109.82575871176604,-7.192294584146109],[109.82462745357783,-7.192960842076613],[109.82409647407502,-7.19366379838998],[109.8240483575578,-7.194453894887731],[109.82314878256769,-7.1959156262688255],[109.82321694694645,-7.1962960947332855],[109.82380844252813,-7.197157025076991],[109.82376170427975,-7.1977827356557755]]]}},{"type":"Feature","properties":{"waterway":"stream","name":null},"geometry":{"type":"Polygon","coordinates":[[[109.83027371390938,-7.201289525714432],[109.83218122335953,-7.20155651526953],[109.83254230353903,-7.201250454202758],[109.83290586480875,-7.200136868374661],[109.83318003072526,-7.1998494065057805],[109.83317355397237,-7.198435153653058],[109.83343800490634,-7.197324763043609],[109.83318343353068,-7.195151199868251],[109.83283896646901,-7.194786728288628],[109.83249674552567,-7.194842982637211],[109.8322948520595,-7.195122841705149],[109.83254106102716,-7.197501004018896],[109.83224546802033,-7.198403936272004],[109.83219574522096,-7.199573989050639],[109.83185457633485,-7.200599385113564],[109.83001099732076,-7.200357107561835],[109.82946282284357,-7.200594724327746],[109.82945123098483,-7.201763011472612],[109.82975381081883,-7.201931317806],[109.83008772396423,-7.20183805984598],[109.83027371390938,-7.201289525714432]]]}},{"type":"Feature","properties":{"waterway":"stream","name":null},"geometry":{"type":"Polygon","coordinates":[[[109.82894286735406,-7.196416321332267],[109.82826960122219,-7.198358892696972],[109.82810844468833,-7.200757462219856],[109.82851129755976,-7.201234488158147],[109.82881915515605,-7.201295076915351],[109.8295808914671,-7.201882552309231],[109.8299202879983,-7.201920263688436],[109.83019756238663,-7.201713454920088],[109.83016957611575,-7.201214591377893],[109.8290566774671,-7.200422290808821],[109.82916777060773,-7.198490599072682],[109.82984077693793,-7.1965606274346445],[109.82978677558857,-7.195546947894049],[109.82947750326203,-7.195391082842298],[109.82914772654821,-7.195497835680334],[109.82894286735406,-7.196416321332267]]]}},{"type":"Feature","properties":{"waterway":"stream","name":null},"geometry":{"type":"Polygon","coordinates":[[[109.8336674350212,-7.193380407386961],[109.83570463207269,-7.195175957612106],[109.83605119861942,-7.195190739277187],[109.83630679313667,-7.194958061557243],[109.83632169178424,-7.194614224126852],[109.83588781661389,-7.194096849579412],[109.83484060096848,-7.193330844515518],[109.8339937645611,-7.192454492600758],[109.83366843395723,-7.192335070024047],[109.8333532761214,-7.192478858631032],[109.83323290594734,-7.192801629174907],[109.8336674350212,-7.193380407386961]]]}},{"type":"Feature","properties":{"waterway":"stream","name":null},"geometry":{"type":"Polygon","coordinates":[[[109.83544978262127,-7.1927726908395355],[109.83699159969665,-7.1944053032051105],[109.83733685347389,-7.19443865072642],[109.83760475194009,-7.194220021590102],[109.83763836372054,-7.1938774859976045],[109.83731979147343,-7.193385972446896],[109.83572246441658,-7.191696796078048],[109.83541465007214,-7.191538120566381],[109.83508390220106,-7.191641865110942],[109.83492396805318,-7.1919472576925365],[109.83544978262127,-7.1927726908395355]]]}},{"type":"Feature","properties":{"waterway":"stream","name":null},"geometry":{"type":"Polygon","coordinates":[[[109.83692020295959,-7.189551434691369],[109.83706414889417,-7.189797691411404],[109.83670758351352,-7.190830158248663],[109.83683837340111,-7.191148913187972],[109.83715803673475,-7.191282551824378],[109.837578460144,-7.191007506956788],[109.83797903313724,-7.1896873331683615],[109.83774427608782,-7.189102607553083],[109.83740608067149,-7.1887876234357035],[109.83638760397052,-7.188594604640307],[109.83616939668667,-7.188862137567826],[109.8362057739569,-7.189204394904923],[109.83692020295959,-7.189551434691369]]]}},{"type":"Feature","properties":{"waterway":"stream","name":null},"geometry":{"type":"Polygon","coordinates":[[[109.83812471668466,-7.19381697219284],[109.83786415425762,-7.19448118083678],[109.83806147137473,-7.194764234375346],[109.83840273327715,-7.1948259575310365],[109.83895447689007,-7.194204520713653],[109.8389892446954,-7.193278662614764],[109.8387261488634,-7.193054366994697],[109.8383802529724,-7.193080338482768],[109.83815417770032,-7.193341363367014],[109.83812471668466,-7.19381697219284]]]}},{"type":"Feature","properties":{"waterway":"stream","name":null},"geometry":{"type":"Polygon","coordinates":[[[109.83605453543474,-7.190490278933741],[109.83677226205491,-7.19106442082807],[109.83710946958472,-7.191662785909771],[109.83785442437781,-7.192410216659843],[109.83830320465974,-7.193833937587108],[109.83863679914181,-7.1939282909095725],[109.83893993315945,-7.193760978536881],[109.8390350346797,-7.193430009977012],[109.83868596636171,-7.192030686130098],[109.83785808302378,-7.1911551004512395],[109.83748297560734,-7.190490744180666],[109.83655822232197,-7.189737846538752],[109.8358134771407,-7.189490549790399],[109.83554490721421,-7.189708363133367],[109.83551023732176,-7.190050794869314],[109.83605453543474,-7.190490278933741]]]}},{"type":"Feature","properties":{"waterway":"stream","name":null},"geometry":{"type":"Polygon","coordinates":[[[109.83890099365486,-7.18982682358424],[109.83917163535118,-7.190719902206979],[109.84044644169026,-7.192174413100377],[109.84058974717131,-7.19264107724392],[109.84089806007833,-7.192798798543954],[109.8412284805723,-7.19269402957376],[109.84138745244348,-7.192388142704299],[109.84128665061313,-7.191809516153361],[109.83999255668343,-7.190294847458602],[109.83955472651378,-7.189107293363932],[109.83923728138157,-7.188968551074264],[109.83891393072689,-7.189093148225895],[109.83877408864674,-7.189408097647467],[109.83890099365486,-7.18982682358424]]]}},{"type":"Feature","properties":{"waterway":"stream","name":null},"geometry":{"type":"Polygon","coordinates":[[[109.83688487102076,-7.196346671482443],[109.83699559934695,-7.1971077354129775],[109.83729440159955,-7.1972825532754054],[109.83763028328451,-7.197196547591134],[109.83780648907307,-7.196900099431395],[109.83782249463187,-7.196269969967249],[109.83766146883485,-7.195965141768442],[109.83716071007801,-7.195912122547515],[109.83688487102076,-7.196346671482443]]]}},{"type":"Feature","properties":{"waterway":"stream","name":null},"geometry":{"type":"Polygon","coordinates":[[[109.8357405694531,-7.1952147339742405],[109.83647613442228,-7.1968223480511995],[109.837376188263,-7.197427832407715],[109.83787244906681,-7.197342822028896],[109.83798319633746,-7.196855417363864],[109.83716156362325,-7.196228367833433],[109.83660570887042,-7.194856113537254],[109.83600823507024,-7.194332670524491],[109.83566485193126,-7.194381455873305],[109.83545681333887,-7.194656849124106],[109.83550598560501,-7.194997528859379],[109.8357405694531,-7.1952147339742405]]]}},{"type":"Feature","properties":{"waterway":"stream","name":null},"geometry":{"type":"Polygon","coordinates":[[[109.83681860498736,-7.1943262565934765],[109.83714485185756,-7.195545370035965],[109.83704577944883,-7.196894818470934],[109.83722452548952,-7.197319034905015],[109.83771309623955,-7.197440201261195],[109.83801600177645,-7.197062046527407],[109.83811127059771,-7.196014284977687],[109.83787479628721,-7.194407694149415],[109.83756785134726,-7.193739325403445],[109.83726967083238,-7.193563469612991],[109.83681520838141,-7.193778732991663],[109.83681860498736,-7.1943262565934765]]]}},{"type":"Feature","properties":{"waterway":"stream","name":null},"geometry":{"type":"Polygon","coordinates":[[[109.83785130630854,-7.1945964133625],[109.83774401877888,-7.1953804398990595],[109.83800540109269,-7.19652222434826],[109.83818517059542,-7.196816558810127],[109.83852206554855,-7.196898569704396],[109.83889357420493,-7.196561252091777],[109.83866479871483,-7.1952550057507665],[109.83872805081946,-7.194219496758275],[109.83848583160281,-7.193973138015646],[109.83813897264591,-7.193968862364821],[109.83789065877264,-7.194209174418538],[109.83785130630854,-7.1945964133625]]]}},{"type":"Feature","properties":{"waterway":"stream","name":null},"geometry":{"type":"Polygon","coordinates":[[[109.8374082458285,-7.198149788525211],[109.83736928394514,-7.198460276931668],[109.83757395371909,-7.1987381450956365],[109.83807711428672,-7.198717151978519],[109.83844061480731,-7.1981627899889045],[109.83860756513042,-7.1970848972583985],[109.83878591452034,-7.196824797156778],[109.83955325398234,-7.196639633878026],[109.8400894843563,-7.195573049624238],[109.84043576299426,-7.195199324653942],[109.84090122590239,-7.195183994237618],[109.84139349586108,-7.1946511127120445],[109.84151496516847,-7.1927359158124435],[109.84122164948256,-7.192001751417869],[109.84072024692219,-7.191955150470498],[109.84050146696688,-7.192222223930797],[109.8406173283065,-7.193730817757942],[109.84051507933634,-7.194262409319139],[109.83993008633092,-7.194357093083424],[109.83930885586074,-7.195113476045887],[109.83902953130762,-7.19582819609205],[109.8385301638289,-7.19591982158804],[109.83798545716212,-7.196260787227601],[109.8374082458285,-7.198149788525211]]]}},{"type":"Feature","properties":{"waterway":"stream","name":null},"geometry":{"type":"Polygon","coordinates":[[[109.83673467998895,-7.199372167809635],[109.83654559226052,-7.199901709438146],[109.8368248140485,-7.200419437108749],[109.83688307693264,-7.20244733961484],[109.83709365557064,-7.203379223171469],[109.83779041569413,-7.204201868507275],[109.8389531245899,-7.204498019288196],[109.83919082983338,-7.20489088143616],[109.83922166041935,-7.205372042401174],[109.83888026850929,-7.205758130331034],[109.83865960312195,-7.206380049725462],[109.83871767164736,-7.2068707847180375],[109.83848907654956,-7.207506071039663],[109.83778746098955,-7.208628274868735],[109.83786990449028,-7.20907291406591],[109.83735935251569,-7.2110788624755715],[109.83677283464526,-7.212355606384315],[109.83696947177758,-7.213546560130157],[109.8373788542523,-7.214256384356654],[109.83684911635048,-7.2148101917204555],[109.83684641400545,-7.215154336281636],[109.8373865514898,-7.215537285524023],[109.83782216932678,-7.215346972842622],[109.83830891353607,-7.214561969024938],[109.8383241088853,-7.213968915959953],[109.83781819865035,-7.213202422603104],[109.83770003761894,-7.212487589450509],[109.83822064168281,-7.2113882122975435],[109.8385160278382,-7.21000609043374],[109.83884594257982,-7.209552774188074],[109.83877484080521,-7.208848746198319],[109.8392780236261,-7.2080047984771936],[109.8396562683621,-7.207024071820574],[109.8397751346209,-7.206084341257674],[109.84002120667611,-7.205872251559004],[109.84013559809624,-7.205422586070782],[109.84005215323084,-7.204516222948957],[109.83967898812998,-7.203946809447686],[109.83933331510985,-7.203675841501132],[109.8383331684105,-7.203463907464558],[109.83786574653121,-7.202868260867453],[109.83779991995306,-7.200716342615819],[109.83754838650978,-7.199813449602223],[109.83779236444519,-7.199009904487978],[109.83826161135427,-7.198319793061223],[109.83805426557852,-7.197929065215853],[109.83800132216447,-7.1969136545021355],[109.8376328664097,-7.196573056845991],[109.83729524632912,-7.196652077296844],[109.83711283221412,-7.196944805824112],[109.83719531366975,-7.1976283481978625],[109.83694711681667,-7.19803501324469],[109.83702427310364,-7.198360994524777],[109.83673467998895,-7.199372167809635]]]}},{"type":"Feature","properties":{"waterway":"stream","name":null},"geometry":{"type":"Polygon","coordinates":[[[109.8413102828493,-7.179663449451563],[109.8409555403306,-7.179617028322343],[109.84067638259214,-7.179821309782716],[109.84062457848717,-7.180161605131538],[109.84083047458583,-7.180438574034396],[109.84225233824982,-7.180860141930787],[109.8430761896739,-7.180644368561222],[109.84392916434817,-7.180667902939038],[109.84436649907532,-7.180227223599598],[109.8449627911202,-7.180704145880371],[109.84536668864514,-7.181276101015218],[109.84658559424838,-7.181575792251982],[109.84714587421385,-7.182538475219145],[109.84747407978074,-7.18264986524326],[109.84787432104848,-7.182346637755353],[109.84785244673856,-7.182003167727276],[109.84723632751435,-7.180924818911532],[109.84594144359832,-7.180506677989154],[109.84560269184797,-7.180037895892034],[109.84482844383908,-7.179426905022084],[109.84421972857541,-7.17932170480871],[109.84346890910759,-7.179808863137822],[109.84302608317375,-7.179735912157926],[109.84219427399609,-7.179950288469232],[109.84172147403592,-7.179659847173153],[109.8413102828493,-7.179663449451563]]]}},{"type":"Feature","properties":{"waterway":"stream","name":null},"geometry":{"type":"Polygon","coordinates":[[[109.84055684637799,-7.181201175387056],[109.84055989572796,-7.182079173607982],[109.84136705916168,-7.183846240379549],[109.84227798830977,-7.184579229259583],[109.84234389649258,-7.185649332835502],[109.84253959113663,-7.1859932841843195],[109.8428155226383,-7.186201840875515],[109.84315927510487,-7.186155732056062],[109.84338043378298,-7.1857068557603245],[109.84323360898608,-7.1845506720118655],[109.84286060002833,-7.183838219758965],[109.84213510648978,-7.18334999187986],[109.84142731037612,-7.181812592052421],[109.84149931105235,-7.181088715321675],[109.84131143297809,-7.1806899391655765],[109.84151592056625,-7.180093465237575],[109.84127446607187,-7.1796550063418945],[109.84077378090889,-7.179708540645174],[109.84050736108125,-7.1800957798150415],[109.84039240531608,-7.180648747620398],[109.84055684637799,-7.181201175387056]]]}},{"type":"Feature","properties":{"waterway":"stream","name":null},"geometry":{"type":"Polygon","coordinates":[[[109.85123720738571,-7.224349985905393],[109.85084929851402,-7.22548587188754],[109.85103004505766,-7.225779623785476],[109.85136722906819,-7.22586054542361],[109.85177873226468,-7.225524233809549],[109.85231062828377,-7.223754597095962],[109.85277426658304,-7.223211060094234],[109.85262280128673,-7.222660261959773],[109.85306490724427,-7.222696891467673],[109.85337547457966,-7.222512664723388],[109.85392632116083,-7.221479020541792],[109.85390527701915,-7.220703753657686],[109.85457723113744,-7.220634437136499],[109.85504357044991,-7.220212989032476],[109.85508638368246,-7.219852171224547],[109.85468205325154,-7.219170632208467],[109.85475163915449,-7.218517139976631],[109.85563974590124,-7.218676643295486],[109.856110746394,-7.218253601431758],[109.85616484361586,-7.217820483065072],[109.85559499085849,-7.21672537011796],[109.8552501669646,-7.216687746099884],[109.85497952281447,-7.216903037462058],[109.85491928980736,-7.217533563243427],[109.85413533962442,-7.217527994357771],[109.85383196271661,-7.2177240920855095],[109.85369393492232,-7.21819697956015],[109.85384408742208,-7.218614113850303],[109.85382028046502,-7.219611415172593],[109.85338555422673,-7.21984093176106],[109.85252672146413,-7.220713258350306],[109.85257158492469,-7.2211272561465485],[109.85283769490354,-7.221545053556945],[109.85253756650073,-7.221359882828857],[109.85202130666944,-7.221483570216589],[109.85152457267883,-7.222115833325091],[109.85144730447715,-7.222636414760702],[109.85088245742226,-7.223105601272842],[109.85087892178636,-7.223663253634792],[109.85125963271061,-7.224094787701961],[109.85123720738571,-7.224349985905393]]]}},{"type":"Feature","properties":{"waterway":"stream","name":null},"geometry":{"type":"Polygon","coordinates":[[[109.88207920547617,-7.199599415540626],[109.88185590636415,-7.200420852516682],[109.8820402191856,-7.20071240897433],[109.882378348587,-7.200789269328458],[109.88267222254632,-7.200606409728971],[109.88324702445082,-7.199229251230628],[109.88330645907406,-7.19851267512351],[109.88310009447402,-7.198236043632022],[109.88275701083693,-7.198185207113894],[109.88247818147471,-7.198389944846865],[109.88231946435866,-7.198910380485463],[109.88208709735487,-7.199139437268438],[109.88207920547617,-7.199599415540626]]]}},{"type":"Feature","properties":{"waterway":"stream","name":null},"geometry":{"type":"Polygon","coordinates":[[[109.87326647781461,-7.1956509389454855],[109.87359085018902,-7.197642512637434],[109.87388236817335,-7.198238991560145],[109.8743681177876,-7.198370854280313],[109.8746767987552,-7.197976078620289],[109.87431482517235,-7.1969128523370465],[109.8741667980171,-7.195242512746999],[109.87345403096876,-7.194413362561434],[109.87311015125641,-7.194458574582429],[109.87287070701434,-7.19487683826957],[109.87300194060373,-7.195385422128028],[109.87326647781461,-7.1956509389454855]]]}},{"type":"Feature","properties":{"waterway":"stream","name":null},"geometry":{"type":"Polygon","coordinates":[[[109.8785741908359,-7.215984138436417],[109.87823691574626,-7.216080178311582],[109.87803760834919,-7.21636186256794],[109.878097447846,-7.216700858742663],[109.87838138149462,-7.216898587398295],[109.87902607825592,-7.216776639847921],[109.87952949143106,-7.2163546809347885],[109.87986249504517,-7.215896835050746],[109.8799796617334,-7.215404281473991],[109.88051529233927,-7.214877696166941],[109.8805320169517,-7.214378336120752],[109.880250138464,-7.2141777364359285],[109.87990784300398,-7.214233631081444],[109.8792595229087,-7.214847118277975],[109.87900975040873,-7.2155168121456414],[109.8785741908359,-7.215984138436417]]]}},{"type":"Feature","properties":{"waterway":"stream","name":null},"geometry":{"type":"Polygon","coordinates":[[[109.87406245823276,-7.218083360257463],[109.8740314669358,-7.218404813699047],[109.87424689879377,-7.218674562771583],[109.87459149753865,-7.218714178012011],[109.87486237481187,-7.21851499375057],[109.87500562826355,-7.217707096398806],[109.8753830079221,-7.217187670885204],[109.87526269901068,-7.216702500857523],[109.8749365704813,-7.216585192350766],[109.87441384582962,-7.216893318894583],[109.87411178939439,-7.217485789834971],[109.87406245823276,-7.218083360257463]]]}},{"type":"Feature","properties":{"waterway":"stream","name":null},"geometry":{"type":"Polygon","coordinates":[[[109.87285616271184,-7.215628694462983],[109.87267408105993,-7.2160341466179565],[109.87283861557182,-7.216337128823647],[109.87317091050963,-7.216435947474063],[109.8734801587268,-7.216288094181989],[109.87421901504652,-7.2148336262080015],[109.87414835101544,-7.214199159808661],[109.873851113828,-7.213907624861479],[109.87350481512316,-7.213887353902527],[109.87324549664827,-7.214115951836092],[109.87328322738576,-7.214817093577366],[109.87285616271184,-7.215628694462983]]]}},{"type":"Feature","properties":{"waterway":"stream","name":null},"geometry":{"type":"Polygon","coordinates":[[[109.87130549155042,-7.214908760683251],[109.87124069796943,-7.215764938747995],[109.87149189325417,-7.216002297415342],[109.8718386930511,-7.2159939200037355],[109.87214340120379,-7.215459187904321],[109.87215648286508,-7.214493113450591],[109.87186110833605,-7.214312634886366],[109.87152361097874,-7.214392224849065],[109.87130549155042,-7.214908760683251]]]}},{"type":"Feature","properties":{"waterway":"stream","name":null},"geometry":{"type":"Polygon","coordinates":[[[109.87103197172094,-7.204396672684091],[109.87171156489502,-7.203965071955905],[109.87194535125309,-7.2034908608755925],[109.87192281987826,-7.202713118757338],[109.87154895498793,-7.202378368120407],[109.87109415387754,-7.202592944754434],[109.87102281435472,-7.203370171101486],[109.87035374701202,-7.203675233764972],[109.87017652200117,-7.203971084849912],[109.87039354436541,-7.204421948193475],[109.87103197172094,-7.204396672684091]]]}},{"type":"Feature","properties":{"waterway":"stream","name":null},"geometry":{"type":"Polygon","coordinates":[[[109.87166049499344,-7.206451898585636],[109.87227231742305,-7.206497059715059],[109.87320194471683,-7.205861170408924],[109.87412712240513,-7.205547224983218],[109.87435432566065,-7.205287160662863],[109.87432962552572,-7.204943879193814],[109.87406749144954,-7.204718470173204],[109.87358296425498,-7.204735325705638],[109.87269804720364,-7.2051097170612595],[109.87218015911017,-7.205571662587732],[109.871093942705,-7.205611058523088],[109.8707906347741,-7.205778074532308],[109.87069520176992,-7.206108949897054],[109.87086354743366,-7.206409862434148],[109.87166049499344,-7.206451898585636]]]}},{"type":"Feature","properties":{"waterway":"stream","name":null},"geometry":{"type":"Polygon","coordinates":[[[109.87113539420456,-7.210590981871118],[109.87163969254705,-7.210568545339293],[109.872787343337,-7.209819604844236],[109.87343411656744,-7.209096220561104],[109.87332693037575,-7.208608032287105],[109.87283129158685,-7.208519454749632],[109.87134214185178,-7.2096892517298565],[109.87056745426638,-7.209884179314549],[109.87000582023647,-7.210580828885272],[109.87012753919872,-7.210903102961385],[109.87044330656313,-7.211045597390481],[109.87113539420456,-7.210590981871118]]]}},{"type":"Feature","properties":{"waterway":"stream","name":null},"geometry":{"type":"Polygon","coordinates":[[[109.86929225698444,-7.210407524091762],[109.87015346293444,-7.2101021076916645],[109.87047660417362,-7.2097636638126],[109.87098711877813,-7.208545111133986],[109.87071163343406,-7.2081268546629715],[109.87021671285679,-7.208219298125083],[109.86970910840196,-7.20928149591572],[109.86879823589915,-7.2096161771928315],[109.86849178213409,-7.209983975947215],[109.86844438544325,-7.210324903516325],[109.86865386478816,-7.210599225179941],[109.8689975101314,-7.210646246813093],[109.86929225698444,-7.210407524091762]]]}},{"type":"Feature","properties":{"waterway":"stream","name":null},"geometry":{"type":"Polygon","coordinates":[[[109.8675178658562,-7.206964397829172],[109.86779720827673,-7.20865020056933],[109.86805871103478,-7.208876332779267],[109.86840479508253,-7.208852783416711],[109.86865528015706,-7.208419331081082],[109.8683466267705,-7.206303362001085],[109.86803758377471,-7.206147035586254],[109.86770763775758,-7.206253296164295],[109.8675178658562,-7.206964397829172]]]}},{"type":"Feature","properties":{"waterway":"stream","name":null},"geometry":{"type":"Polygon","coordinates":[[[109.86535101948239,-7.206986083408932],[109.86399950787849,-7.207669818445638],[109.86383717129998,-7.207973963745631],[109.86393915831457,-7.208302909138883],[109.8642457266844,-7.208463962749913],[109.865074553635,-7.208241793539304],[109.8660957810517,-7.2075803163250685],[109.86629366824299,-7.207297650935611],[109.86623212909167,-7.20695895460348],[109.86594721281948,-7.206762630968583],[109.86535101948239,-7.206986083408932]]]}},{"type":"Feature","properties":{"waterway":"stream","name":null},"geometry":{"type":"Polygon","coordinates":[[[109.85830094292113,-7.204958281350855],[109.85932569130199,-7.204687744819164],[109.85984081531915,-7.204093788749028],[109.86036046867005,-7.203803019542441],[109.86299070891651,-7.203838173398366],[109.86324881816104,-7.203608238924787],[109.86326744702382,-7.20326458053567],[109.8628643401711,-7.202965088697622],[109.86005064359762,-7.202918865915559],[109.8588895489885,-7.203792724112472],[109.8576852678002,-7.204285765967039],[109.8574734421498,-7.204776413667299],[109.85765167076487,-7.205071670997672],[109.85798813772662,-7.205155417723627],[109.85830094292113,-7.204958281350855]]]}},{"type":"Feature","properties":{"waterway":"stream","name":null},"geometry":{"type":"Polygon","coordinates":[[[109.85907821050986,-7.202633193585986],[109.8602094276778,-7.202692061363049],[109.86070416128659,-7.202404213018786],[109.8612584240006,-7.202358763665654],[109.86201320725627,-7.201926307048378],[109.86258949114348,-7.202258849749431],[109.86295415902421,-7.20224510051427],[109.86375030333046,-7.201722356570379],[109.86382376976529,-7.201386008284966],[109.86347378880795,-7.2010267398622165],[109.86274967007756,-7.201318867505598],[109.861993912236,-7.201001866299284],[109.86126955272904,-7.201172136427445],[109.86087880333015,-7.201481511348585],[109.86039776749392,-7.201513580849755],[109.86003267233114,-7.201758150552278],[109.85861771229173,-7.201792445174052],[109.85837647707227,-7.2020397564393175],[109.85838216404971,-7.2023838651910825],[109.85863144231905,-7.202623197182238],[109.85907821050986,-7.202633193585986]]]}},{"type":"Feature","properties":{"waterway":"stream","name":null},"geometry":{"type":"Polygon","coordinates":[[[109.86118929370997,-7.199501859430792],[109.86017435005562,-7.199732164828515],[109.85995062754432,-7.1999951802441675],[109.85997988987663,-7.200338108565915],[109.86042073352664,-7.200579657408622],[109.86201077522087,-7.200250253529652],[109.86298316710517,-7.200768438166675],[109.86341489295597,-7.200511189429814],[109.86334055100345,-7.200017027661467],[109.86250289371267,-7.199453145205211],[109.86191098207836,-7.199335247942027],[109.86118929370997,-7.199501859430792]]]}},{"type":"Feature","properties":{"waterway":"stream","name":null},"geometry":{"type":"Polygon","coordinates":[[[109.86717200258124,-7.2099891840641535],[109.86689279935361,-7.210137419691248],[109.86678265242676,-7.210463765280672],[109.86709088630109,-7.210858891162589],[109.86899251248359,-7.210656529489512],[109.86994041066676,-7.2111646789602855],[109.87073633368897,-7.210951703692571],[109.87090842886482,-7.210652885120727],[109.87068365320054,-7.210205774843544],[109.86999976229849,-7.210252925555102],[109.86962463136061,-7.209901853805752],[109.869234203875,-7.209779881318399],[109.86717200258124,-7.2099891840641535]]]}},{"type":"Feature","properties":{"waterway":"stream","name":null},"geometry":{"type":"Polygon","coordinates":[[[109.87192155580398,-7.217079115696196],[109.87157986679665,-7.217146879364009],[109.87119587362093,-7.217631961864737],[109.87117390681114,-7.217975426190443],[109.87140318000952,-7.218233701885623],[109.8719023601459,-7.218167453155675],[109.87299783689762,-7.217244705925168],[109.87353495828573,-7.216180381848149],[109.87346048199862,-7.2156862396079005],[109.8731467138464,-7.2155394561180515],[109.87282022604792,-7.215655774800094],[109.87192155580398,-7.217079115696196]]]}},{"type":"Feature","properties":{"waterway":"stream","name":null},"geometry":{"type":"Polygon","coordinates":[[[109.87058984818151,-7.217263645162847],[109.870570828537,-7.21755560023468],[109.87077327401069,-7.2178350737482715],[109.87111562079515,-7.2178906749276095],[109.87139732636017,-7.217689833284665],[109.87158448962809,-7.216700748491504],[109.87209214194944,-7.215701972114213],[109.87193332821575,-7.215227828840299],[109.87159883115095,-7.2151366183746335],[109.87129729553632,-7.215306774835286],[109.870728394613,-7.216401874958808],[109.87058984818151,-7.217263645162847]]]}},{"type":"Feature","properties":{"waterway":"stream","name":null},"geometry":{"type":"Polygon","coordinates":[[[109.85870041292976,-7.2184355222870735],[109.85875231628076,-7.219038143708771],[109.85929037500277,-7.219333125295196],[109.85962419627086,-7.219280247333991],[109.86032108981837,-7.218737423164083],[109.86250363453023,-7.21938492795371],[109.86337106978579,-7.219210844224611],[109.86395699082996,-7.218501972478044],[109.86402907959298,-7.217430804050915],[109.86521257134017,-7.2167323713566365],[109.86568552828562,-7.216773435291991],[109.86654078721264,-7.215960930221393],[109.8675868620392,-7.215489933587647],[109.8697117287101,-7.213137818521759],[109.870867158907,-7.213108077603872],[109.87110997127743,-7.2128622844394465],[109.8711064770557,-7.2125181468958495],[109.87068493499982,-7.212244762626419],[109.86928039192173,-7.212343224425863],[109.86695410807148,-7.214829535998346],[109.8660212769932,-7.215203497095819],[109.86560798237682,-7.215705462379777],[109.86502677285992,-7.215712966257754],[109.86414557411543,-7.216390205218247],[109.86336976535499,-7.2164438612898545],[109.8630815447169,-7.216861026579463],[109.86307055868276,-7.218246999196103],[109.86287268476872,-7.218452149302987],[109.86034709193562,-7.217773566700863],[109.86066560586283,-7.217198052319795],[109.86051041624422,-7.216890255388327],[109.86018129743191,-7.216781476154871],[109.85878921864915,-7.2178160402458955],[109.85863574776783,-7.218153299777202],[109.85870041292976,-7.2184355222870735]]]}},{"type":"Feature","properties":{"waterway":"stream","name":null},"geometry":{"type":"Polygon","coordinates":[[[109.85516833455276,-7.216722179091275],[109.85496816327678,-7.216924960254168],[109.85494919112591,-7.217268600188316],[109.8553520120792,-7.217568487233196],[109.85648169770059,-7.2171342193339685],[109.85730378527296,-7.217086634746989],[109.85777423080914,-7.216661903362299],[109.85863829990407,-7.217153668595198],[109.85913634661974,-7.217222383021053],[109.86008095166602,-7.217673837466726],[109.86086430597157,-7.217408179684732],[109.86156317206438,-7.216860079118273],[109.86217031809261,-7.217026010096531],[109.8624829684056,-7.2169182802526795],[109.86301326321184,-7.215589973630029],[109.86390707685383,-7.214064477405801],[109.86473182436195,-7.213578985536213],[109.86645063614587,-7.211783184637602],[109.86736894978479,-7.211081886557617],[109.86857754512161,-7.208809935608239],[109.86859354740601,-7.2082217464213105],[109.8681398660914,-7.208004837488229],[109.86784103058775,-7.208179611485864],[109.86668200234092,-7.2104764216068675],[109.86574933451504,-7.211138876755895],[109.86547459670277,-7.21160794132161],[109.8641225935441,-7.212912531802039],[109.86312208353061,-7.213548755962048],[109.86191103371723,-7.215911719737367],[109.86105011079954,-7.216090448615544],[109.86013252834042,-7.216704712759401],[109.85885095869278,-7.216221975443909],[109.85834010887,-7.2158542766655955],[109.85749464934285,-7.215748679060909],[109.85695728812466,-7.216192591450532],[109.85562073717709,-7.21634813710242],[109.85516833455276,-7.216722179091275]]]}},{"type":"Feature","properties":{"waterway":"stream","name":null},"geometry":{"type":"Polygon","coordinates":[[[109.86467112924981,-7.198113526332605],[109.86518454988132,-7.199376821811287],[109.86701343900413,-7.201416053738272],[109.86889999444267,-7.201847027579478],[109.86953014482077,-7.201794995907716],[109.86981765047683,-7.201602428455265],[109.86988369899848,-7.20126456929403],[109.8696896004743,-7.2009793318217685],[109.86804003799091,-7.200818384962161],[109.86744417685608,-7.2006114813240645],[109.86684715646768,-7.199755686606437],[109.86593228440775,-7.198845825742466],[109.86544510447963,-7.197611067079245],[109.86491780201885,-7.1970747540715285],[109.86442250139626,-7.196959563073266],[109.86415361050368,-7.197176991657875],[109.86411844198145,-7.1975193733976885],[109.86467112924981,-7.198113526332605]]]}},{"type":"Feature","properties":{"waterway":"stream","name":null},"geometry":{"type":"Polygon","coordinates":[[[109.87403133294586,-7.205704842802446],[109.87457197638403,-7.205750313111773],[109.87601047340767,-7.2051112541775115],[109.87726829161629,-7.204914011020557],[109.87790071081896,-7.20441698933119],[109.87925766579139,-7.202674589038407],[109.87950128887181,-7.201292819410922],[109.87916644568364,-7.200906187700734],[109.87963050370303,-7.199906980106862],[109.87942979980346,-7.199487643648417],[109.87898767990187,-7.199358591935004],[109.87860109016145,-7.1996787972847685],[109.87862114901704,-7.199981589198461],[109.8781966415273,-7.200980787329549],[109.87849393986347,-7.201668554070581],[109.87837193995833,-7.20235894219389],[109.8775220604329,-7.203252941475241],[109.87721211465612,-7.203830378745106],[109.87694268013892,-7.204072874921464],[109.87577486520281,-7.204239137276446],[109.87439351677233,-7.204834674540711],[109.87396098103976,-7.204696914832057],[109.87363080043464,-7.204802452515112],[109.87349289778109,-7.205282991546257],[109.87403133294586,-7.205704842802446]]]}},{"type":"Feature","properties":{"waterway":"stream","name":null},"geometry":{"type":"Polygon","coordinates":[[[109.87404207188557,-7.2013595336812415],[109.87343276983454,-7.201815780214168],[109.87345368240888,-7.202159309258385],[109.87371331351127,-7.202387550140216],[109.87415923102556,-7.202336387698593],[109.87486536614682,-7.201807846759624],[109.87540636771773,-7.201798401968674],[109.8756355569479,-7.2015706553423735],[109.87570466863338,-7.201144316252387],[109.87677916159633,-7.200872026577522],[109.87810543017238,-7.199887017918417],[109.87914603243004,-7.200241883055594],[109.87971139092926,-7.199678566059524],[109.87966597419272,-7.1992093218503905],[109.87925461081865,-7.198756329064627],[109.8785859199107,-7.197270357152285],[109.87667607420371,-7.196112155077714],[109.87693200862935,-7.1956238988341905],[109.87695268583917,-7.195126093287278],[109.87688672025276,-7.194351681609104],[109.87662527231676,-7.194125496543687],[109.87627919464887,-7.1941489754918555],[109.8760512144084,-7.19440836483453],[109.87599993760635,-7.195486588229121],[109.87573021848695,-7.196009166696259],[109.87578202782255,-7.196510912815365],[109.87615758031183,-7.197000900182198],[109.87689110881311,-7.197283490623073],[109.87737500469234,-7.197809548123888],[109.87785019988458,-7.197887586469069],[109.87836484080962,-7.198987853649952],[109.87763527853907,-7.199077700494145],[109.87644214589005,-7.19995970406718],[109.87527173210545,-7.200332286314604],[109.87478623873417,-7.200881090891904],[109.87404207188557,-7.2013595336812415]]]}},{"type":"Feature","properties":{"waterway":"stream","name":null},"geometry":{"type":"Polygon","coordinates":[[[109.87390839228676,-7.202409716024718],[109.87421331442052,-7.202245622673107],[109.87425959955229,-7.201748101704401],[109.87399010307634,-7.2015314090429925],[109.8733889973104,-7.201593843299982],[109.8731705810517,-7.201861213348279],[109.87320669992648,-7.2022034977295535],[109.8734761964275,-7.202420190849275],[109.87390839228676,-7.202409716024718]]]}},{"type":"Feature","properties":{"waterway":"stream","name":null},"geometry":{"type":"Polygon","coordinates":[[[109.87259098913945,-7.202502507525379],[109.87312079390857,-7.202610177966252],[109.87385116133305,-7.202366723829698],[109.87404823545276,-7.202083501443833],[109.87398572670376,-7.201744980050942],[109.87370025228373,-7.201549460812772],[109.872451482095,-7.201655543979009],[109.8722109430122,-7.202094504172663],[109.87259098913945,-7.202502507525379]]]}},{"type":"Feature","properties":{"waterway":"stream","name":null},"geometry":{"type":"Polygon","coordinates":[[[109.87195095676674,-7.202758993660522],[109.87302586638498,-7.202322098352438],[109.87311074699207,-7.201988405093359],[109.87293293352444,-7.2016929022121206],[109.8719197617852,-7.201738761648532],[109.87131755650482,-7.202065149841871],[109.87106184339841,-7.2025758662495845],[109.8711198701857,-7.20309184790894],[109.87159436289778,-7.203259276021245],[109.8718725964983,-7.203053738089293],[109.87195095676674,-7.202758993660522]]]}},{"type":"Feature","properties":{"waterway":"stream","name":null},"geometry":{"type":"Polygon","coordinates":[[[109.8576647310833,-7.2060165496764785],[109.85779814167152,-7.206494457777876],[109.85812710884913,-7.206603665359441],[109.8584375599474,-7.2064501092154964],[109.85860324469623,-7.206081694008529],[109.85993961803723,-7.2056427963476555],[109.86080467435978,-7.205651582034853],[109.86199285096934,-7.2050714022813995],[109.86324588728392,-7.205185739575521],[109.86489344152862,-7.205594656717828],[109.86523415514098,-7.20552480491514],[109.86542009972906,-7.205305652220591],[109.86611117211179,-7.205378228483479],[109.86663370851167,-7.205745495786314],[109.86697181421238,-7.205668516895032],[109.86715085591486,-7.205201522109613],[109.86655178368322,-7.204506890901115],[109.86527341442763,-7.204400063123233],[109.86475981453238,-7.204607329193074],[109.86185755662117,-7.2041363058662995],[109.86052361968085,-7.204774436585684],[109.85971918121784,-7.204738538315781],[109.85808869684298,-7.20531033294203],[109.8576647310833,-7.2060165496764785]]]}},{"type":"Feature","properties":{"waterway":"stream","name":null},"geometry":{"type":"Polygon","coordinates":[[[109.85813283758237,-7.209261994315949],[109.85778682238494,-7.209732383972423],[109.85792503166574,-7.2100480447726],[109.85824774544301,-7.210174294519595],[109.86066125187476,-7.208862980767757],[109.86148022589659,-7.209109929737681],[109.86310711134718,-7.208865084235573],[109.86457001923492,-7.208368625889582],[109.86472427049151,-7.20789300324075],[109.86434038185529,-7.207569606925193],[109.86151483952237,-7.208199836969973],[109.86041745118709,-7.207970776742811],[109.8587513549666,-7.208790572502692],[109.85813283758237,-7.209261994315949]]]}},{"type":"Feature","properties":{"waterway":"stream","name":null},"geometry":{"type":"Polygon","coordinates":[[[109.905037491448,-7.2182161672455525],[109.90455996293836,-7.219448101234376],[109.90416769247655,-7.219932078018738],[109.90420334025434,-7.221129680388614],[109.90461637660677,-7.221415569080369],[109.90504067702255,-7.22114640450751],[109.90505228242307,-7.220248544398604],[109.90539119395596,-7.219845989923563],[109.90572011766095,-7.219048043550985],[109.90595470887733,-7.218054797167895],[109.90575840661319,-7.217771043040863],[109.9054173529376,-7.2177081050585015],[109.90513133204783,-7.217902851356934],[109.905037491448,-7.2182161672455525]]]}},{"type":"Feature","properties":{"waterway":"stream","name":null},"geometry":{"type":"Polygon","coordinates":[[[109.90320126113652,-7.216547216400396],[109.90385762120627,-7.216591480469671],[109.90482333721341,-7.217650404117458],[109.90526140749229,-7.218523145200926],[109.90560198636467,-7.218588567934812],[109.90588944226965,-7.218395911736836],[109.90592718713967,-7.217921032229466],[109.90559747187976,-7.217176591305362],[109.90429023887064,-7.215737086167076],[109.90386593653757,-7.2155900349104085],[109.90243490247927,-7.21579858353215],[109.90231029472338,-7.2161197697031305],[109.90245110990939,-7.216434295748564],[109.90320126113652,-7.216547216400396]]]}},{"type":"Feature","properties":{"waterway":"stream","name":null},"geometry":{"type":"Polygon","coordinates":[[[109.90512726621843,-7.217909963124789],[109.90514497828097,-7.21841280422195],[109.90544101225436,-7.218592220566537],[109.9057782199335,-7.218511418312096],[109.90604842037878,-7.217885616773955],[109.90686513260185,-7.216961970452351],[109.9070538834671,-7.216446457621056],[109.90700086423635,-7.215726774738238],[109.90729937909754,-7.214880305418344],[109.90710008358411,-7.214258864691391],[109.90682120154581,-7.214054184491962],[109.90647811655786,-7.214105091794743],[109.90627180272253,-7.214381765857563],[109.90639010097799,-7.214832706231451],[109.90609700423066,-7.215510533723777],[109.90615380678987,-7.216319659068225],[109.90588455666362,-7.216838374213824],[109.90534513736908,-7.217255657348385],[109.90512726621843,-7.217909963124789]]]}},{"type":"Feature","properties":{"waterway":"drain","name":null},"geometry":{"type":"Polygon","coordinates":[[[109.90780670851278,-7.205619762751869],[109.90795944474445,-7.20647477535823],[109.90828579022467,-7.206591468475551],[109.90859972272895,-7.206445044569279],[109.90871541498964,-7.205411874014418],[109.90858600265867,-7.20509256448657],[109.9082669114397,-7.204957564113223],[109.90794506032987,-7.205085954121176],[109.90780670851278,-7.205619762751869]]]}},{"type":"Feature","properties":{"waterway":"drain","name":null},"geometry":{"type":"Polygon","coordinates":[[[109.90782147228022,-7.206493985074942],[109.9078162800978,-7.207205121986326],[109.9080165024452,-7.2074660772731685],[109.90872608468007,-7.207747431846264],[109.90919558814655,-7.207566677195891],[109.90925826482557,-7.207104387871556],[109.90882279942754,-7.206763202440263],[109.90857564154696,-7.205815237793572],[109.90825143066087,-7.205692829671224],[109.90793493417658,-7.205833714948747],[109.90782147228022,-7.206493985074942]]]}},{"type":"Feature","properties":{"waterway":"stream","name":null},"geometry":{"type":"Polygon","coordinates":[[[109.90864626929047,-7.209209598593903],[109.9083452420256,-7.209617336264657],[109.90846653224332,-7.209939769305635],[109.90878210925207,-7.210082676729658],[109.9092328223932,-7.209959572107488],[109.9097683217146,-7.209491393251802],[109.9101164445745,-7.209715431503303],[109.91051460792225,-7.209635607528497],[109.91079434328326,-7.209220136347748],[109.9106615459657,-7.208902197276674],[109.90993277098994,-7.208524499246948],[109.90892260234328,-7.208906719147498],[109.90864626929047,-7.209209598593903]]]}},{"type":"Feature","properties":{"waterway":"stream","name":null},"geometry":{"type":"Polygon","coordinates":[[[109.90827998309902,-7.209238829375863],[109.90839953089976,-7.209808644223734],[109.90896469684728,-7.209850066921506],[109.90923536547251,-7.209352386493581],[109.91010511481251,-7.2090704565587655],[109.91018665551327,-7.208577413387025],[109.9097587184132,-7.2083139954726],[109.90878062066491,-7.2084265540210755],[109.90849811990007,-7.208655054812679],[109.90827998309902,-7.209238829375863]]]}},{"type":"Feature","properties":{"waterway":"stream","name":null},"geometry":{"type":"Polygon","coordinates":[[[109.90887931865784,-7.2079888523868885],[109.90922439932729,-7.208738278127059],[109.90966584529983,-7.2092422442413495],[109.91035910612011,-7.209249841515292],[109.91060200628056,-7.209004135752811],[109.910598637923,-7.208659996973674],[109.91001709277099,-7.208300189198144],[109.90964830804567,-7.207477364190792],[109.909069427902,-7.206930149898098],[109.90871989911477,-7.206870978409608],[109.9084343890127,-7.207079582849425],[109.90833887526722,-7.207527831464025],[109.90845617373431,-7.207851714663072],[109.90887931865784,-7.2079888523868885]]]}},{"type":"Feature","properties":{"waterway":"stream","name":null},"geometry":{"type":"Polygon","coordinates":[[[109.90368991798206,-7.203631552803576],[109.90390596501497,-7.203971505323351],[109.90458536331593,-7.204303666734974],[109.90535053894149,-7.205050482970604],[109.90618370044352,-7.204802598027041],[109.90641301649691,-7.204551876734323],[109.9064242070415,-7.204275563269169],[109.90687550371958,-7.204248668284111],[109.90675878199197,-7.204680431861269],[109.90691232934113,-7.205584272313881],[109.90750393683528,-7.207830828959487],[109.90778457241278,-7.208033131182556],[109.90825706813771,-7.207860220250316],[109.9082951644459,-7.207256777951792],[109.90770471042505,-7.204653375516198],[109.90796456819864,-7.203639660072577],[109.90781776946021,-7.2033354010072275],[109.90701306940191,-7.203209096033087],[109.90668864827872,-7.203366655838687],[109.9057872120707,-7.203414573176498],[109.90552676816719,-7.203613795466971],[109.90545636202255,-7.203911222661584],[109.90412234637942,-7.202960122395355],[109.90368603835228,-7.203209649828629],[109.90368991798206,-7.203631552803576]]]}},{"type":"Feature","properties":{"waterway":"stream","name":null},"geometry":{"type":"Polygon","coordinates":[[[109.89419952069932,-7.200673162326794],[109.89426468805806,-7.201015684394183],[109.89472937536881,-7.201208283689596],[109.89501838700183,-7.20101794863084],[109.89524219816276,-7.200295233487692],[109.89551948025225,-7.2000477672343495],[109.89581609443961,-7.200024996410479],[109.89623607187129,-7.199698769643517],[109.89655598632454,-7.199848169859236],[109.89700023594548,-7.199721324414802],[109.89719347792986,-7.199359194580986],[109.89766831694192,-7.1990206048334935],[109.89782541808273,-7.198178502072015],[109.89867590671915,-7.198078113617728],[109.89983713546663,-7.19868859074867],[109.8999382125499,-7.19930291615648],[109.90035676630977,-7.199622105174044],[109.90039456693526,-7.200010160899135],[109.90064249425362,-7.200250868835281],[109.9009893644872,-7.200247146167731],[109.9012319853083,-7.200001173589533],[109.90124117219135,-7.199285375859928],[109.90082114146477,-7.198825715980232],[109.9006652091035,-7.1981675229275215],[109.89962807669703,-7.197477833589274],[109.89871890051126,-7.197174004706917],[109.89762138786828,-7.197294676692953],[109.89715769631594,-7.197546408274247],[109.89683401335866,-7.198494332184123],[109.89649821990791,-7.198775535637694],[109.8952172305113,-7.199052536180913],[109.89486993343239,-7.1992758144281375],[109.89418623104429,-7.200028777184934],[109.89419952069932,-7.200673162326794]]]}},{"type":"Feature","properties":{"waterway":"stream","name":null},"geometry":{"type":"Polygon","coordinates":[[[109.89528212766288,-7.201766338935209],[109.89685265960404,-7.201652104551831],[109.89758207449927,-7.2019043895240875],[109.89790223432149,-7.202188349609685],[109.89903779996718,-7.202534560181774],[109.89935600474946,-7.20245877869002],[109.89954872743851,-7.202172624103142],[109.89948105186136,-7.201835082006755],[109.8991287271991,-7.201559175511157],[109.89831031397578,-7.2013685136741525],[109.89805581130683,-7.201128626932762],[109.89710907002654,-7.200776426977232],[109.89662455203857,-7.200738620634979],[109.89617157680027,-7.200434187332483],[109.89465065462582,-7.201095464432484],[109.89465264833876,-7.201595096141074],[109.89494183895042,-7.201785163982389],[109.89528212766288,-7.201766338935209]]]}},{"type":"Feature","properties":{"waterway":"stream","name":null},"geometry":{"type":"Polygon","coordinates":[[[109.8937218242677,-7.201250045716311],[109.89427033052633,-7.201408785956338],[109.89491222313433,-7.2018889909877775],[109.89581951095758,-7.204092356973569],[109.89615173662594,-7.204191374931502],[109.89645722891407,-7.20402832650223],[109.89655703433505,-7.203698723430393],[109.8963177134003,-7.202424221712433],[109.89535025211083,-7.201027103621657],[109.89428783569258,-7.20043239546209],[109.89378063567182,-7.200384798078685],[109.89342296744778,-7.200736535244149],[109.89348914414929,-7.201074369701575],[109.8937218242677,-7.201250045716311]]]}},{"type":"Feature","properties":{"waterway":"stream","name":null},"geometry":{"type":"Polygon","coordinates":[[[109.9036338456355,-7.22177471898172],[109.90399875411488,-7.222032887408747],[109.90528241787807,-7.2222501488538855],[109.90623863193568,-7.221923229204399],[109.9070985423933,-7.222733701598935],[109.90731482997938,-7.223806802896736],[109.90812241111536,-7.224648289405436],[109.90882569304331,-7.22576123986175],[109.90992234345913,-7.226441082777088],[109.91023648495768,-7.227072130076376],[109.91083288585044,-7.227421516430855],[109.91162063570282,-7.227423039780556],[109.91190846938424,-7.227230931223273],[109.91197506916863,-7.22689317786342],[109.91178142222338,-7.226607631122674],[109.91092526505078,-7.226466614721077],[109.91086834018002,-7.226144051569058],[109.91051715625903,-7.225759090748288],[109.90944839933101,-7.225107652228124],[109.90887990157444,-7.224153502530766],[109.90812768597046,-7.223372447446909],[109.9081436675961,-7.22291518451809],[109.90787965589026,-7.2222685328362735],[109.9067615167809,-7.221147380228173],[109.9060662670274,-7.221012104172036],[109.90548790648093,-7.221301959441134],[109.90505581582305,-7.221291041923067],[109.90462103466194,-7.221049116868897],[109.90366053044681,-7.2208694851928525],[109.90333674595891,-7.221252180597539],[109.9036338456355,-7.22177471898172]]]}},{"type":"Feature","properties":{"waterway":"stream","name":null},"geometry":{"type":"Polygon","coordinates":[[[109.88579322465226,-7.222870921428708],[109.88542992116666,-7.223681840471864],[109.88562168458795,-7.224074353684972],[109.88595260738776,-7.224177622658555],[109.88626021150394,-7.224018504392448],[109.88665880869571,-7.223197126810319],[109.88764525729225,-7.222524920582715],[109.8876996807329,-7.222185027113579],[109.88749590094272,-7.221906508255789],[109.88715328949876,-7.2218525163662495],[109.88623972014426,-7.222368421297118],[109.88579322465226,-7.222870921428708]]]}},{"type":"Feature","properties":{"waterway":"stream","name":null},"geometry":{"type":"Polygon","coordinates":[[[109.88144760426938,-7.225373590253616],[109.88182688335367,-7.225742087148312],[109.8825544085653,-7.225884794212368],[109.88479317796029,-7.225207664269156],[109.88585224754648,-7.224662600338323],[109.88607604303405,-7.224198632191512],[109.8865004233245,-7.224298350668171],[109.88696269823734,-7.224107962809511],[109.88867595267945,-7.222643862632793],[109.88994279053269,-7.2220926085751875],[109.89072073599253,-7.2221971782256515],[109.89133696615446,-7.2217056572889],[109.89179789082718,-7.221648390962979],[109.89216669150395,-7.221309918198794],[109.89261330608738,-7.22118158203978],[109.89291252309933,-7.220834054430477],[109.89285734316239,-7.220430926237883],[109.89343423616762,-7.220266123003974],[109.89424669125037,-7.219654541668801],[109.89454629075745,-7.219844190001045],[109.8955514765303,-7.219977095518349],[109.89598429149162,-7.219715777767624],[109.89600457861674,-7.219372211764644],[109.8957740447129,-7.219115042428171],[109.89449737604482,-7.2187551418347065],[109.89388392456458,-7.218827419657268],[109.89302273174906,-7.219389185905834],[109.89235832991359,-7.219619287192156],[109.89200675589632,-7.21991667109424],[109.89190309539619,-7.220375851408003],[109.89138162667065,-7.220794620895157],[109.89095996406876,-7.220813479715571],[109.89042956200895,-7.22127533611141],[109.88949716202296,-7.221276141816505],[109.88822764771653,-7.221855837261472],[109.88649694504294,-7.223315917240319],[109.88546510156169,-7.223387992039066],[109.88513416442376,-7.2237215652985],[109.88512607771203,-7.224037675631558],[109.88335366225594,-7.224742314737129],[109.88290313943813,-7.224722815489509],[109.88231750143017,-7.224953019120233],[109.88131221664922,-7.224158221463692],[109.8806702570184,-7.224103270854389],[109.88047375104657,-7.224386888050239],[109.88053695274894,-7.224725283356919],[109.88144760426938,-7.225373590253616]]]}},{"type":"Feature","properties":{"waterway":"stream","name":null},"geometry":{"type":"Polygon","coordinates":[[[109.88078016523777,-7.223995461443051],[109.88046784372477,-7.224135685796362],[109.88034432765524,-7.224457287583765],[109.88048621523876,-7.224771340091768],[109.88090327964152,-7.224929851107074],[109.88159992595307,-7.224518386597097],[109.88283776994949,-7.2242866510500034],[109.88435450160175,-7.2235569946402745],[109.88470656053613,-7.223086688937899],[109.8847532673162,-7.222548825151025],[109.88449182775715,-7.222322612043112],[109.88414572599078,-7.222346053868734],[109.88379999010132,-7.222831800923136],[109.88329860746546,-7.223116245277628],[109.8823408247336,-7.223510245871116],[109.88113970757381,-7.2236765676418],[109.88078016523777,-7.223995461443051]]]}},{"type":"Feature","properties":{"waterway":"stream","name":null},"geometry":{"type":"Polygon","coordinates":[[[109.8620480242675,-7.233601013097869],[109.86213205941628,-7.233128662863206],[109.8642338337721,-7.23196943334055],[109.86465500101107,-7.231092990686289],[109.86535560206505,-7.231134711643094],[109.86606134369063,-7.230644832540926],[109.86658626703257,-7.230647182624414],[109.86731756576627,-7.230996872091026],[109.86811439791369,-7.230717941599928],[109.86845561542933,-7.23029716153469],[109.86873385737738,-7.22951637285685],[109.86899304100044,-7.229294886616076],[109.8691083567589,-7.228824058949751],[109.86952559137013,-7.228716137063955],[109.86976901125823,-7.2284450970717185],[109.87014387950803,-7.227320339883264],[109.87048854814203,-7.227246468186822],[109.87110968544198,-7.227606709565392],[109.87211178444076,-7.2275152155507145],[109.87453035075981,-7.225768422142102],[109.8751754878972,-7.225554369759995],[109.87685047032932,-7.226248543101666],[109.877792964499,-7.226465215784863],[109.87823404101279,-7.226253812252274],[109.87864380308864,-7.2257664638336205],[109.87930812939673,-7.225922374019929],[109.88075012238261,-7.225075987259171],[109.88119748456624,-7.224655724664864],[109.88131800769648,-7.223606466936812],[109.88311937666866,-7.222646470747411],[109.88440751157427,-7.2215165046996495],[109.88466702992338,-7.221086056614212],[109.88518149429399,-7.220828782166724],[109.88533358619951,-7.220259067462669],[109.88523215573727,-7.2195139171275695],[109.8856218743944,-7.219009139800683],[109.88567571307635,-7.218620470779689],[109.88676558513262,-7.21796332126293],[109.88697791611726,-7.217664556849098],[109.88700691462276,-7.216761826706717],[109.88736614755815,-7.215551440516334],[109.88689128160844,-7.214467433024908],[109.88564851108794,-7.213886983800243],[109.88567149837445,-7.2119116411547255],[109.88641207840845,-7.212403656821562],[109.88702424264613,-7.212517356734671],[109.8876257015913,-7.212179011057946],[109.88842884083927,-7.2121597996886795],[109.8893729562548,-7.211772083659706],[109.89014208147137,-7.211273640018151],[109.89015556726767,-7.210774183562941],[109.889695612112,-7.210570688930861],[109.88839830066676,-7.211238842054853],[109.88741976296116,-7.211286456477871],[109.88693035253105,-7.211595758168609],[109.8858204627182,-7.21098854416376],[109.88521868379833,-7.211072928151966],[109.88480948786555,-7.211389909205998],[109.88468873940542,-7.213858871383489],[109.88496936505439,-7.214546349177864],[109.88616035577374,-7.215100465775508],[109.88612637469097,-7.215443218479259],[109.88634167632132,-7.215834623877488],[109.88603984964901,-7.216709021772199],[109.88612969917708,-7.217188042629049],[109.88531481125885,-7.217694047946897],[109.8849078498723,-7.218105268138892],[109.88476665395042,-7.2185277188003205],[109.88449073892268,-7.218700376767204],[109.88432333138229,-7.219401898682586],[109.88441779530532,-7.220210233674199],[109.8825899919953,-7.221892784933655],[109.88210917909757,-7.222037936239843],[109.88164625409824,-7.222485613208984],[109.88057761127996,-7.222986744094732],[109.8803940045553,-7.223268636573159],[109.88033122104582,-7.224214758062458],[109.88013676564124,-7.224409889949959],[109.87914886826759,-7.224947288794029],[109.878694985014,-7.2247254478245875],[109.87838537319902,-7.224784657006561],[109.87755964142355,-7.225407124184996],[109.87599748900627,-7.224959148658963],[109.87517704336194,-7.224558909153419],[109.87399827597038,-7.225031480089197],[109.87175979145564,-7.226679341647928],[109.8712823870482,-7.226683617951855],[109.8709099314261,-7.22638257057832],[109.8704989080265,-7.2263326808112565],[109.86952205134503,-7.2266009828999085],[109.8692459212254,-7.226990099108519],[109.86899291873682,-7.22790645484147],[109.8682304317483,-7.2282331248266045],[109.86818506735345,-7.2287464113927165],[109.86748819948976,-7.230061313800043],[109.86687814732326,-7.229776847280525],[109.86630376720342,-7.229723049343115],[109.86499588872702,-7.2301115193259315],[109.86432813032286,-7.229971291497027],[109.86405368294861,-7.23015136856687],[109.86353964793561,-7.231111875685604],[109.86313875335391,-7.231467232341467],[109.86143333926185,-7.232520722891949],[109.86114097831164,-7.233704521619728],[109.86159841719818,-7.234522964606323],[109.86194505255287,-7.234536824914728],[109.86220003991724,-7.234303468565574],[109.8620480242675,-7.233601013097869]]]}},{"type":"Feature","properties":{"waterway":"stream","name":null},"geometry":{"type":"Polygon","coordinates":[[[109.84196842484246,-7.281579927829273],[109.84300302752654,-7.281612295583955],[109.84337166329124,-7.281337373086847],[109.84366646431013,-7.280126717831269],[109.8433067016582,-7.279033203050717],[109.84384744517565,-7.278866682226368],[109.84407585553045,-7.278600242232841],[109.84413909877279,-7.277700057871076],[109.8439001454826,-7.277148567305521],[109.84414220073667,-7.276789139280267],[109.84449321069168,-7.276778604423221],[109.8449686091968,-7.277067629126472],[109.84561536183833,-7.276912292175313],[109.84599298920433,-7.276460265757155],[109.84628227769434,-7.276426512689291],[109.84657096010295,-7.276161966034405],[109.84666927568071,-7.275432570103235],[109.84706024435557,-7.275245793977988],[109.8472889605529,-7.2749002949877335],[109.8471625989327,-7.274276434395552],[109.84757155361723,-7.273967178556081],[109.84951802829451,-7.273964301244819],[109.8497815949812,-7.273795250700576],[109.85017021327685,-7.272968889706757],[109.85061211908551,-7.273459857866247],[109.85130193537009,-7.273446916044735],[109.85155148072207,-7.273123792901861],[109.85151548315422,-7.272202907648201],[109.85183257728588,-7.271814890689878],[109.85183129621375,-7.271363346018629],[109.85255767539631,-7.271308875969468],[109.85295281239122,-7.270881931708757],[109.85347792457428,-7.271115030426792],[109.85413583208354,-7.271070571858539],[109.85478086143627,-7.270498504858887],[109.85571318998487,-7.270072182538205],[109.85585242787921,-7.269598733885529],[109.8556571562052,-7.269251852622393],[109.85715175673819,-7.268989765086194],[109.85747743443338,-7.2685790255709115],[109.85754335334843,-7.268227015054633],[109.85739107814423,-7.267327018001807],[109.85954020746702,-7.265334506350467],[109.86066846234566,-7.2634652049761375],[109.86215811757357,-7.263063443941165],[109.8643190917119,-7.260237933961941],[109.86504780368945,-7.25981933073875],[109.8658085064535,-7.259118108521719],[109.86735387634559,-7.258507078272558],[109.86881918924063,-7.25828375936152],[109.86950082129545,-7.257845379057409],[109.86984007253432,-7.257266011333673],[109.8705389891001,-7.256725711677083],[109.87138876692525,-7.256548220433129],[109.87313544316972,-7.254715296387865],[109.87601012535218,-7.252296110794456],[109.87679470542605,-7.251389139987329],[109.87822490264584,-7.25075833224283],[109.87867214521842,-7.250163709173322],[109.87852156063131,-7.249686927088785],[109.87801989546882,-7.249642479892175],[109.87764856428713,-7.250045189179333],[109.87616385718694,-7.250736458625019],[109.87537919536838,-7.251649700434279],[109.87248135441595,-7.254089938862308],[109.87083405932212,-7.255789060970157],[109.87008904160922,-7.255928626583681],[109.86917622222485,-7.256648067835167],[109.86868018506155,-7.257329935374964],[109.86706106642326,-7.257653482085664],[109.86546028719388,-7.2582822266948215],[109.86428587764352,-7.25925756630145],[109.86373722368462,-7.259506607783095],[109.8617454095984,-7.262206341407209],[109.85998321099495,-7.262745439398971],[109.85973823001343,-7.2633969391363635],[109.85888215704398,-7.264705949503155],[109.85660393996714,-7.266817203995096],[109.85646087286689,-7.267124934486558],[109.8566373682185,-7.268149581461153],[109.8565373679734,-7.26824761829581],[109.85565726780058,-7.268289693026899],[109.85510964993725,-7.268488206155909],[109.85465825717372,-7.2690288119117845],[109.85459981297788,-7.269539747645032],[109.85377209458998,-7.270239018656691],[109.85281890914045,-7.269848347345439],[109.85234598121406,-7.269993950497125],[109.85185061397452,-7.270408368197724],[109.85106793537528,-7.270514016045675],[109.85083892753899,-7.2709209957550245],[109.85088345346382,-7.2715434314789364],[109.85066965468916,-7.271824646507549],[109.85018514542774,-7.271768471138533],[109.84985818681122,-7.271905446176176],[109.84902844603889,-7.273134142386293],[109.84748424398126,-7.273030683798018],[109.84642444835326,-7.273713752176203],[109.84624679683986,-7.274203350478036],[109.84631503264661,-7.274597365341431],[109.84591402832233,-7.274848914840617],[109.84576009187226,-7.275391125280502],[109.84532722699151,-7.275578307962004],[109.84508533027271,-7.2760932030473215],[109.84445984283349,-7.275865953960233],[109.84357822168359,-7.276025339105067],[109.84297277572603,-7.2769735619070275],[109.84322428996093,-7.27812202510272],[109.84275306408045,-7.278257285490208],[109.8423256262833,-7.278686071172594],[109.84272398779535,-7.279922344291503],[109.84266871086132,-7.28068050057615],[109.84164526601761,-7.280724087027663],[109.84119375731095,-7.281101150775183],[109.84103174947255,-7.2814687078293865],[109.8410310502922,-7.28211382431122],[109.84124682146414,-7.282740285797902],[109.84158219735914,-7.282828451261503],[109.84188219321561,-7.282655560040628],[109.84196842484246,-7.281579927829273]]]}},{"type":"Feature","properties":{"waterway":"stream","name":null},"geometry":{"type":"Polygon","coordinates":[[[109.81808416318063,-7.3063167425146665],[109.81783414927129,-7.306679100695165],[109.81793877474755,-7.307007236701735],[109.8182466832277,-7.307165883153968],[109.8185515216526,-7.307099326270577],[109.81923906009705,-7.306414272324962],[109.82000434633072,-7.306181127176084],[109.82013992975682,-7.305852371729462],[109.82003113782656,-7.305371150072422],[109.82066219385855,-7.305057222030222],[109.82125668179116,-7.304132737583107],[109.82206469979874,-7.304131337463483],[109.8224172439828,-7.3038413071981845],[109.82318530800903,-7.304066205100922],[109.8236495968836,-7.30390195631325],[109.82386430694065,-7.30363057916514],[109.82390140952371,-7.302266369261891],[109.82479315095439,-7.30218927194905],[109.82540192966428,-7.302314550534406],[109.82583553345916,-7.302056452227658],[109.82598381971233,-7.301392827053788],[109.8254589341368,-7.300591608841942],[109.82587599050814,-7.299362565126051],[109.82649466704947,-7.299400147839089],[109.8275065641069,-7.299135133171923],[109.82857628766318,-7.297569465507359],[109.83004158324026,-7.298559121195107],[109.83074883098004,-7.298457378420079],[109.83115112439283,-7.297796585521486],[109.83106244155753,-7.297405444276553],[109.83066632307637,-7.296955895042796],[109.8313020089025,-7.296756981757124],[109.8320206801451,-7.296109966718609],[109.8320006515798,-7.295087291311922],[109.83276869027613,-7.2955283914977604],[109.83344149866973,-7.295182854891201],[109.83392726962319,-7.294365713826179],[109.8339888084279,-7.293135247335309],[109.83382178844337,-7.292739801727816],[109.83536765557128,-7.292044230649002],[109.83570860879813,-7.291637275369917],[109.83595602769485,-7.290196403131098],[109.83634649139819,-7.2892443220938805],[109.83619505951928,-7.288603695761987],[109.8359267986517,-7.288258386302633],[109.83614013930244,-7.287868783285535],[109.83714421626664,-7.2876852620913475],[109.83895074602516,-7.286259555267778],[109.8391736346403,-7.286484649607216],[109.83984050948388,-7.286706857275488],[109.84045523300634,-7.286388262992645],[109.84072851313141,-7.285614803505251],[109.84060830571403,-7.2848568312822],[109.84130400973113,-7.284451515220318],[109.84192038752113,-7.283743998524713],[109.8420023317378,-7.282514169205308],[109.84178274209019,-7.2820151078294915],[109.84144420224337,-7.281939776738965],[109.8411511180014,-7.282123962449986],[109.84105518852901,-7.2834638393287765],[109.84013198609931,-7.284017526100064],[109.8398200055892,-7.284412475163051],[109.83958172679178,-7.285050529492119],[109.83978649822555,-7.285776925843138],[109.83918823677017,-7.285148571358985],[109.83851164034924,-7.285132026219097],[109.8382191787837,-7.285324105561394],[109.83810201282316,-7.285748712840199],[109.8373139245261,-7.2864562207397805],[109.83666701125514,-7.286901434031883],[109.83617109044414,-7.286863330984418],[109.83573194603547,-7.287025781973419],[109.83509365927358,-7.287770860385465],[109.8349836041188,-7.288494404056985],[109.83542691916763,-7.289217205879968],[109.83509201558665,-7.289882588468623],[109.83491415719438,-7.291197425155818],[109.83279863917161,-7.2922901046011726],[109.83273847851196,-7.292676022995029],[109.83308333666986,-7.293266558604162],[109.83308734887692,-7.293697546142876],[109.83303672651357,-7.294168078258532],[109.83279535164827,-7.2945344658461115],[109.83227725378184,-7.294151313815854],[109.83143518894913,-7.2943120056357795],[109.8311252211533,-7.294835608564299],[109.83114616931203,-7.295771784048399],[109.83021253456036,-7.2961687926812635],[109.82971253996341,-7.29655737155285],[109.8296197597469,-7.296886817182987],[109.82980394442836,-7.2973440201332],[109.82877881571122,-7.2966151015458305],[109.8282324198905,-7.296584682633624],[109.82781664944152,-7.296923694910469],[109.82702159284538,-7.2983664829577375],[109.82525608515968,-7.298607498944455],[109.82476896474785,-7.299989769117082],[109.8243335026393,-7.300557566650487],[109.82439321037802,-7.300946873150614],[109.82473230223151,-7.30129158681108],[109.82361026649177,-7.301382194646751],[109.82333828105858,-7.301534799820386],[109.8229332725187,-7.30227278635187],[109.82296562993845,-7.3030946631255205],[109.82246258149664,-7.302910079074413],[109.82176309494781,-7.303209702175469],[109.82096220250372,-7.303226209948388],[109.8205172045739,-7.303606087970584],[109.8200407816385,-7.304379824414339],[109.81892830036305,-7.304645831173879],[109.8187006801552,-7.3051570327401265],[109.81891097032143,-7.305557564866143],[109.81808416318063,-7.3063167425146665]]]}},{"type":"Feature","properties":{"waterway":"stream","name":null},"geometry":{"type":"Polygon","coordinates":[[[109.78228317375522,-7.209186608203072],[109.78212234201521,-7.2096629452017975],[109.78244006540808,-7.210050601824616],[109.78278544359746,-7.210018421621888],[109.78331144502897,-7.209580199124564],[109.78343382029429,-7.208960532447571],[109.78319148377139,-7.208608932283221],[109.78282764358401,-7.208458872887],[109.78349658413696,-7.207896789694697],[109.7836195508699,-7.207220256480201],[109.78434102859417,-7.207106936648915],[109.78490759032933,-7.2063955605369205],[109.78562387337465,-7.206458376325573],[109.78597006388799,-7.206295637352283],[109.7862224917567,-7.205896797916403],[109.78628066026761,-7.205306098874533],[109.78657978790244,-7.204942565349693],[109.78650533298547,-7.2043914610783295],[109.78606167388007,-7.204094792010096],[109.7861476827427,-7.2032417295630395],[109.78585206455743,-7.202816541595861],[109.78619380678239,-7.20179109440257],[109.78576153293926,-7.201029364851563],[109.78584199817504,-7.200516067937442],[109.78632573993677,-7.199755678443312],[109.7861311712298,-7.19904144860147],[109.78628174534293,-7.198180538443421],[109.78600345982021,-7.197387416272761],[109.78551032170746,-7.197047714027014],[109.78577207930755,-7.196238707111746],[109.78573894876196,-7.195425945705293],[109.78603461988858,-7.194971433003101],[109.78651164662627,-7.194761445312365],[109.78679634115699,-7.194426957393531],[109.78732411274798,-7.193175511044496],[109.78730717626681,-7.1923230029010305],[109.78759248310573,-7.191342167012628],[109.78770545410616,-7.18999550640594],[109.78799245758961,-7.18951895646496],[109.78766744709162,-7.1881206413568615],[109.78586627420418,-7.1865705415136185],[109.78582713454517,-7.185518330595109],[109.78428938866914,-7.18288483580583],[109.7838058769392,-7.182463700747255],[109.78231990942649,-7.181791570310173],[109.78189245002254,-7.1820557107240655],[109.78197483197687,-7.182548615440388],[109.78353188431535,-7.1833838471711715],[109.78496483361224,-7.185799313721648],[109.7849605391886,-7.186711791436347],[109.78511906059173,-7.187087940895607],[109.7869291669464,-7.188665793181703],[109.78707184206016,-7.189307483441687],[109.78678944483256,-7.189970441005727],[109.78641483255682,-7.19214447443063],[109.78644534180107,-7.192926066023582],[109.78596093634076,-7.1940410831906],[109.78536823776574,-7.194207194377422],[109.78511642737519,-7.1944987010744965],[109.78478223328155,-7.195405346595825],[109.78485466160964,-7.196107812982576],[109.78459266760665,-7.1969106838588806],[109.78467396791326,-7.197427111073458],[109.78529127052975,-7.198051023585475],[109.78536950881802,-7.1984983095628605],[109.78520094321703,-7.198972551503214],[109.78533238372813,-7.199588910847915],[109.78498514361507,-7.200190046771271],[109.78485772635841,-7.200955352358976],[109.7849280628476,-7.201583670357927],[109.78513365658786,-7.201886735088495],[109.78503822406505,-7.202366769662771],[109.78465624710526,-7.202474189215883],[109.78432813668779,-7.203036191026862],[109.78459738359004,-7.203694144049295],[109.78521632093549,-7.203744619736147],[109.78514040590271,-7.2044585213557655],[109.78549632560248,-7.204831098282866],[109.78537263989179,-7.20553639409445],[109.78489379298014,-7.20539270824983],[109.78442517605176,-7.205481470002191],[109.78378067006422,-7.206257711995047],[109.78315504183252,-7.206350399668973],[109.78260035193613,-7.206784586278859],[109.7824668082932,-7.207138078607463],[109.7825733768878,-7.207466625343796],[109.7818755545621,-7.207837498667122],[109.78163556052156,-7.208243888917574],[109.7818460894371,-7.20886332347416],[109.78228317375522,-7.209186608203072]]]}},{"type":"Feature","properties":{"waterway":"stream","name":null},"geometry":{"type":"Polygon","coordinates":[[[109.77065901389456,-7.230142775902029],[109.77008038925057,-7.230256829802623],[109.769678196603,-7.230581091838853],[109.7695538909572,-7.230902394752013],[109.7696950104597,-7.231216788551743],[109.77001888952186,-7.231340105448352],[109.7704521220386,-7.2310784956896725],[109.77118666780805,-7.230922588629943],[109.77154766518203,-7.230353026006844],[109.77164399996398,-7.229476104355284],[109.77249066520059,-7.2294998410987645],[109.77297499030999,-7.229278100093477],[109.7736274382952,-7.229358758705041],[109.7741104887848,-7.228946223652667],[109.77490569125601,-7.22903900157311],[109.77586002996696,-7.228578790403142],[109.77611779229744,-7.228352483969939],[109.77631865557683,-7.2277981258715585],[109.77590826108522,-7.226991911500417],[109.7759641701373,-7.226740035059179],[109.77643099211727,-7.2266511696019915],[109.7777847004092,-7.226808983955913],[109.77828874975452,-7.226681371433022],[109.77857880827418,-7.226420842476677],[109.77888456969593,-7.225434849146914],[109.77863685525355,-7.224815107448555],[109.77861461077875,-7.224214873923098],[109.77842214827636,-7.2239636739117845],[109.77859253144358,-7.223240077412335],[109.77830713877364,-7.222822251305844],[109.77776189421516,-7.222653679965934],[109.7777935939429,-7.222267187587403],[109.7781382708239,-7.2222852692843595],[109.77848475521228,-7.22199098991444],[109.77857994867986,-7.221429842795425],[109.7784232851684,-7.221069283473511],[109.77907675067225,-7.220846433119532],[109.77923226160571,-7.220457552493425],[109.77910766950212,-7.220013184672715],[109.77954602064806,-7.219542938672621],[109.77958406268971,-7.2189914590901],[109.78019219604685,-7.218673149369444],[109.7804719622245,-7.218241618199374],[109.7804657312853,-7.217285612836544],[109.78009194085284,-7.216687944567711],[109.77940215469766,-7.2163779933254695],[109.7793572104512,-7.216224922906452],[109.78004427846288,-7.215422253655338],[109.78066150567005,-7.215219948550267],[109.7807878159134,-7.214823141030091],[109.78068096827403,-7.213980047129279],[109.78138528881566,-7.213726224635286],[109.7822534068117,-7.213029578521842],[109.7823116391999,-7.212522662255584],[109.7817846399712,-7.211676958197349],[109.78270452750866,-7.210143913569063],[109.7833045333079,-7.210004186609657],[109.78365665699451,-7.209594747564673],[109.78550789822647,-7.209511788803319],[109.78574883954798,-7.209288725926064],[109.78586753095476,-7.20877782240822],[109.78661371297015,-7.208527376709452],[109.78687695191226,-7.208239822203331],[109.7874144955504,-7.208236361757667],[109.78814951231871,-7.207867023945685],[109.7884283835933,-7.207556666743512],[109.7895034946888,-7.20752891416793],[109.79091501462969,-7.206828331254934],[109.79123312477023,-7.206134915955432],[109.7919142741907,-7.205910072404171],[109.79215873438635,-7.205440556408369],[109.79275686873275,-7.2049425215501905],[109.79289771144035,-7.2040612705657034],[109.79365573110051,-7.202760661218204],[109.79350877287376,-7.202204832396549],[109.79399245082509,-7.201525516286341],[109.79492353053897,-7.20113807733162],[109.79502097411027,-7.200669588740927],[109.79484847392429,-7.200399955880511],[109.79512631757174,-7.200123736330127],[109.79605349917736,-7.199323776122971],[109.79662179241951,-7.199276541070972],[109.79709246444216,-7.198585590251624],[109.79766252571801,-7.1985344595203085],[109.79807815094408,-7.1981706166830834],[109.79894448282316,-7.197795818302861],[109.79958631601099,-7.19715110532035],[109.80075347532149,-7.195489030918914],[109.80168278553981,-7.1950656430976485],[109.80234233228514,-7.194396920528761],[109.80374542218789,-7.193877771527381],[109.8045344105756,-7.194166303981425],[109.80621854627472,-7.194040534123622],[109.80657062029228,-7.193871441855917],[109.8074150277472,-7.192924742162852],[109.80744444111498,-7.19258854369108],[109.80719157199374,-7.192241708908936],[109.80917029051429,-7.190725964187724],[109.80959700767183,-7.189996632273325],[109.810108823762,-7.189801368677312],[109.81038726588557,-7.189256899571962],[109.81078041279349,-7.18899665592204],[109.81103285116566,-7.188371911605175],[109.81082704412069,-7.1878999243766435],[109.81086920883995,-7.187381122210487],[109.81153776505131,-7.186374703652743],[109.81269728368795,-7.186347053419805],[109.81326412718346,-7.186158892838458],[109.8137832518862,-7.185654015169804],[109.81358926147108,-7.185192937931717],[109.81324886347326,-7.185126721982322],[109.81261538729622,-7.185448164850055],[109.81141278175598,-7.185419913103116],[109.81087124952946,-7.185628692427093],[109.81064607161163,-7.186183675002379],[109.81001617667076,-7.186979874148],[109.80992008686114,-7.187978279238403],[109.81003558519998,-7.1883652823989355],[109.80953908624153,-7.188902067622455],[109.80880486286283,-7.189032126167089],[109.80836371804321,-7.190172456998682],[109.8072930842077,-7.190822781334296],[109.8070947429104,-7.1911560180531335],[109.80632641488354,-7.191748146602025],[109.80614535506183,-7.192210176613932],[109.80637718735882,-7.192643233440254],[109.80606129284824,-7.1930328767315395],[109.8045533309356,-7.193262165279481],[109.80349710420472,-7.1929741743960935],[109.80290781454123,-7.193306533828977],[109.8019035044795,-7.193551612023186],[109.80119751748599,-7.194183272510559],[109.80019294465782,-7.1947507802682935],[109.79883008101623,-7.196640062447949],[109.79807507130265,-7.197116393732606],[109.79748788212831,-7.197224127820461],[109.79728260470849,-7.197521136093585],[109.7964056316956,-7.197968815214316],[109.79622292583396,-7.198328930964185],[109.79562006375883,-7.198423394251171],[109.7950306231566,-7.1991070346575405],[109.79454113633197,-7.19937054002942],[109.79398375304645,-7.199929119247152],[109.79386278550012,-7.200520005639621],[109.79318803990488,-7.200793913525778],[109.79306418033622,-7.201410255792739],[109.79255512784655,-7.201998123131821],[109.79263816250807,-7.202694170104104],[109.79194789157091,-7.203996914939427],[109.79187305418414,-7.204581084473051],[109.79150000311412,-7.20473369875643],[109.79128249769272,-7.205209994107627],[109.79011217941697,-7.205627300257083],[109.78986617711321,-7.205943434758415],[109.78990430612536,-7.206307626880011],[109.78910387286867,-7.206673987663978],[109.78815185146843,-7.206690647380017],[109.78721880512703,-7.20722845952794],[109.78646627760232,-7.2071869966873905],[109.78608029541121,-7.207709893915037],[109.78575043666736,-7.207528440369261],[109.78528643883764,-7.207590200225763],[109.7847863960952,-7.208072224301705],[109.78463280880499,-7.208529026197514],[109.7841729901785,-7.208648748623749],[109.78395445129692,-7.20843940366824],[109.7834904723914,-7.208414050974381],[109.78305528810019,-7.208688648162418],[109.78281806230152,-7.209150827730741],[109.78229957590962,-7.20926272729353],[109.78201787530061,-7.20955508372861],[109.78089967406511,-7.211458934237114],[109.78088746182414,-7.21183845224719],[109.7812242859804,-7.212733266984079],[109.77996803749319,-7.2133339105073935],[109.77980910145486,-7.213583683171083],[109.77976288389569,-7.21440056638113],[109.77900280630311,-7.215306281294328],[109.77855489655809,-7.215435765287239],[109.77825767850281,-7.215834415177808],[109.77863773988489,-7.216990033037674],[109.77939804179063,-7.217295101542311],[109.77963363943655,-7.217867734123858],[109.77893378467994,-7.2182481679884924],[109.77861704132887,-7.219214429474319],[109.77821027061162,-7.219766998185263],[109.77815777103358,-7.220165219202842],[109.77752351039226,-7.2207118891547735],[109.77754851515753,-7.221384013194846],[109.77712143672397,-7.221658897839923],[109.7769203122584,-7.221994968378267],[109.77687015128878,-7.22303274747898],[109.77708859059446,-7.2234677116377775],[109.77735970817369,-7.223592696220432],[109.77713270550367,-7.223833680632514],[109.77707252027288,-7.22435926589278],[109.77740009077945,-7.224708448699038],[109.77732326541056,-7.225112323760009],[109.77747640130293,-7.225447223034135],[109.77796351487366,-7.225582573428332],[109.77783675059715,-7.225888223619018],[109.77638505209015,-7.225749300556869],[109.7754976828001,-7.225921896157535],[109.77522135314418,-7.226181258392664],[109.77500173907517,-7.226831899790495],[109.77505308145977,-7.227328398503406],[109.77538048562177,-7.227786978625742],[109.77464823242322,-7.228161808796116],[109.77398315550816,-7.228027154244265],[109.77325382113914,-7.228419306414153],[109.7711696238044,-7.228665624185003],[109.77079009878004,-7.229163185140504],[109.77065901389456,-7.230142775902029]]]}},{"type":"Feature","properties":{"waterway":"stream","name":null},"geometry":{"type":"Polygon","coordinates":[[[109.81424550568404,-7.1824645417689394],[109.8142063634363,-7.18318690447059],[109.8136556665496,-7.183778531934938],[109.81347704370437,-7.184422524245909],[109.81292450197067,-7.185384520626193],[109.81291534888437,-7.1857285557962935],[109.8131540721947,-7.185978246717013],[109.81350083104782,-7.185987327611287],[109.81375249836266,-7.185750479002652],[109.81429550519223,-7.1848155777920235],[109.81442835153423,-7.184281041566633],[109.81503418629282,-7.183563550935751],[109.81514802450525,-7.182653732692764],[109.81599754329798,-7.1822687373528],[109.81607512900332,-7.181775067115267],[109.81564512159129,-7.1815150300867145],[109.81463787671284,-7.181824731328177],[109.81432817134626,-7.1820795126193655],[109.81424550568404,-7.1824645417689394]]]}},{"type":"Feature","properties":{"waterway":"stream","name":null},"geometry":{"type":"Polygon","coordinates":[[[109.86442799470323,-7.1886637939090114],[109.86440787643481,-7.189482299966968],[109.86394780567113,-7.190970426997603],[109.8640181375099,-7.1913074338396115],[109.86430805900638,-7.1914963926188085],[109.86464773790173,-7.191426613640763],[109.8648381944941,-7.191138972572836],[109.86530282508068,-7.189645145265343],[109.86536235032877,-7.188604976421857],[109.86520339285146,-7.18829908292152],[109.8648729801842,-7.188194299818259],[109.86456466322086,-7.188352007503768],[109.86442799470323,-7.1886637939090114]]]}},{"type":"Feature","properties":{"waterway":"stream","name":null},"geometry":{"type":"Polygon","coordinates":[[[109.8535859400106,-7.18935580304722],[109.85443692480874,-7.189313578569145],[109.85463394033815,-7.18903031994367],[109.8545713701374,-7.188691810052736],[109.85428586740092,-7.188496343320475],[109.85343248718074,-7.1885258284895315],[109.8532307483572,-7.1889836215965595],[109.8535859400106,-7.18935580304722]]]}},{"type":"Feature","properties":{"waterway":"stream","name":null},"geometry":{"type":"Polygon","coordinates":[[[109.84924094927393,-7.193928111844541],[109.85051689638557,-7.194720967752342],[109.85086370784401,-7.194728116589155],[109.85111403546628,-7.194489869588425],[109.85102606855885,-7.193997915381968],[109.84966744820537,-7.193128688976094],[109.84932148247867,-7.193103649318964],[109.84905900139358,-7.193328652810107],[109.84903376274471,-7.193671895676337],[109.84924094927393,-7.193928111844541]]]}},{"type":"Feature","properties":{"waterway":"stream","name":null},"geometry":{"type":"Polygon","coordinates":[[[109.80608941678368,-7.215553809657923],[109.80649143871517,-7.215667889434543],[109.80693818843558,-7.215338502411333],[109.80741877166042,-7.215578121731434],[109.8086376760368,-7.215468544597144],[109.80900748134457,-7.215771789266005],[109.80994176799908,-7.215901462882068],[109.81041608195883,-7.21573333979487],[109.81100245473937,-7.216467513973916],[109.81135807536437,-7.21656749734578],[109.8120416726036,-7.21625740598813],[109.81293272425982,-7.216566696583369],[109.81350432257425,-7.216501503270803],[109.81396101846117,-7.216740518255555],[109.81429015624933,-7.216631795869484],[109.8144453993575,-7.21632402558369],[109.81433580874841,-7.215997495236257],[109.81390561051681,-7.21556742029717],[109.81348843626962,-7.215497816380936],[109.81303778404366,-7.215646457359859],[109.8119446805576,-7.215348639054187],[109.81140145848298,-7.215479291500419],[109.81073628930997,-7.214854754440434],[109.80936792940533,-7.21480805993371],[109.80924373727137,-7.2144803162508895],[109.80886390805553,-7.214285519357698],[109.80817816767896,-7.214642359849696],[109.80688997839924,-7.214296343201295],[109.80632347480355,-7.214672134407244],[109.8056522685467,-7.214770579035582],[109.80547386913113,-7.215065737161678],[109.80555809576549,-7.215399594088186],[109.80608941678368,-7.215553809657923]]]}},{"type":"Feature","properties":{"waterway":"stream","name":null},"geometry":{"type":"Polygon","coordinates":[[[109.81346659347163,-7.2170941190138125],[109.8133787481263,-7.217795399776549],[109.81358252406679,-7.2182298613810465],[109.81451260319022,-7.218898262542962],[109.81500752628212,-7.2188057708224544],[109.81511079080386,-7.218316750819583],[109.81429977135718,-7.217651732146134],[109.81444435107622,-7.216247757251508],[109.81428070711411,-7.2159443007400945],[109.81394870427481,-7.215844521643124],[109.81364282494413,-7.2160068690783685],[109.81342199827357,-7.216722290518206],[109.81346659347163,-7.2170941190138125]]]}},{"type":"Feature","properties":{"waterway":"stream","name":null},"geometry":{"type":"Polygon","coordinates":[[[109.81376434281796,-7.215895255391196],[109.81355603669036,-7.2161736277060395],[109.81359973787524,-7.216515040956967],[109.81387398268936,-7.216725799855138],[109.81421812212761,-7.216682444480138],[109.8146176321118,-7.216270100071968],[109.81514372849712,-7.216054975482834],[109.81536008052612,-7.215460436602018],[109.81595946052558,-7.215626796203751],[109.81639152426976,-7.215454367676831],[109.81656564102046,-7.215110403341437],[109.81694556590779,-7.215239380957201],[109.81747212969096,-7.215118068360225],[109.81799684630386,-7.214083702756846],[109.81897816381716,-7.213610356229485],[109.81925745054177,-7.213127384853978],[109.82001204718227,-7.212931592870331],[109.82049101533234,-7.213053879685074],[109.82089755720433,-7.2128442651052955],[109.82103979206552,-7.212532151433415],[109.82097081281609,-7.212201899145392],[109.82157594218185,-7.2119090111581725],[109.82252006516858,-7.2110795963245105],[109.82259650822185,-7.210608420091837],[109.82316102549557,-7.209464660944532],[109.82306997945415,-7.208811622745243],[109.8239529179638,-7.208839747923643],[109.8244386578974,-7.208437191611441],[109.82501432351538,-7.207626987085577],[109.82525068797356,-7.207082074701465],[109.82529532174482,-7.205882730540806],[109.82482577460205,-7.205702092538815],[109.82454180679876,-7.205899763162182],[109.82434541792321,-7.206901572457334],[109.82355221829724,-7.208012590317215],[109.82248592840811,-7.2078902222611525],[109.82208180539423,-7.20815673404347],[109.8220107733558,-7.208611211568138],[109.82224110590343,-7.2092609895942354],[109.82208600683168,-7.2097700730033685],[109.82176482145617,-7.2100855001154915],[109.82166903727729,-7.210682337200715],[109.82087707134305,-7.211250364930939],[109.82032580657992,-7.211390299353764],[109.82001868154877,-7.212020910633821],[109.81871494067289,-7.21226581267656],[109.81829870652108,-7.212878409133642],[109.8172861374493,-7.2132680020129545],[109.8167050820625,-7.214007364323491],[109.81608402938697,-7.2140106502894215],[109.8156716985936,-7.214338741986487],[109.8154223235917,-7.214235732532979],[109.81503060091704,-7.214349946269942],[109.81448810068477,-7.214836769420179],[109.81438550587887,-7.215306595826256],[109.81394955416658,-7.215497522172218],[109.81376434281796,-7.215895255391196]]]}},{"type":"Feature","properties":{"waterway":"stream","name":null},"geometry":{"type":"Polygon","coordinates":[[[109.8242056953604,-7.203990287022758],[109.82460458617658,-7.2048777985651125],[109.82493281671228,-7.204989163015133],[109.82524428392597,-7.204837647955398],[109.82535653427277,-7.204512009029337],[109.82511395781063,-7.203705106391732],[109.82448528300066,-7.203024893460918],[109.82414512277559,-7.203092368118289],[109.82395268425451,-7.203378711139242],[109.8242056953604,-7.203990287022758]]]}},{"type":"Feature","properties":{"waterway":"stream","name":null},"geometry":{"type":"Polygon","coordinates":[[[109.76660666893248,-7.239340883685535],[109.76682846652281,-7.2387211500398125],[109.76735902485393,-7.238776813034959],[109.76773804279522,-7.238482556439879],[109.76780025006803,-7.238002049167662],[109.76748344493473,-7.237383234312995],[109.76792445260281,-7.23709107399998],[109.7681220538367,-7.236702274284534],[109.76777917797014,-7.235489019280024],[109.76866421575446,-7.234871810869919],[109.76900603309838,-7.234325972605002],[109.76900744161402,-7.233732946155784],[109.76883437247955,-7.233395666534336],[109.76810598710966,-7.2330681562742365],[109.76803959145468,-7.2328743908496005],[109.76898247495431,-7.232613596503898],[109.76992189485624,-7.232136780246837],[109.77050100021432,-7.231373378495975],[109.77044153255564,-7.23071886312176],[109.76974586482714,-7.230209791744099],[109.76983311527438,-7.22981945961617],[109.76971838739136,-7.229463123742725],[109.7702488653931,-7.228719563234024],[109.77078817641976,-7.228492121792347],[109.77096188104979,-7.2278394562252455],[109.7713628416717,-7.227673017872465],[109.77158675417526,-7.227314592256268],[109.77158111473915,-7.226859300508063],[109.7710943944761,-7.2256121303770975],[109.77163550536623,-7.225326056786199],[109.77219578814055,-7.225632944171229],[109.77266921283254,-7.225349997716608],[109.77270427712463,-7.224399187671821],[109.77299077950565,-7.223490208274454],[109.77253565829359,-7.222441156898649],[109.77297846855207,-7.2224237853642785],[109.77328432717529,-7.222226538242291],[109.77340624288286,-7.221892221553368],[109.77330504177117,-7.22148301809679],[109.77374413970372,-7.221271108026222],[109.77390497981784,-7.220968499851647],[109.77380225972028,-7.220409843221001],[109.77430686431248,-7.220303731518843],[109.77483022035912,-7.219813148861768],[109.7748982664918,-7.219299707303699],[109.77471171356262,-7.218721515107954],[109.77508090301632,-7.218416169532863],[109.77519833273539,-7.217994562900289],[109.77613519257645,-7.217650851080123],[109.77657040419011,-7.217213335120176],[109.77675926226979,-7.2160606660065305],[109.77707169621655,-7.215742422425242],[109.77711865634504,-7.215419593708959],[109.77694467205532,-7.215116999667167],[109.77653673781882,-7.214780427364506],[109.77579371596386,-7.21461394187072],[109.77556658726012,-7.214148431089632],[109.77549269525002,-7.213168523370673],[109.77572540509011,-7.212918313015492],[109.77576872883589,-7.212576852465384],[109.77538820554918,-7.212249560338906],[109.77472807936904,-7.212442936656272],[109.77450356547773,-7.212658638850101],[109.77442293668054,-7.2129870028108245],[109.77458613482655,-7.213560938286786],[109.77427848992886,-7.214085427120268],[109.77500689561184,-7.215204357037442],[109.77575735298491,-7.215660627549026],[109.77552621412015,-7.216756506729969],[109.7750023165104,-7.216978701269104],[109.77456009722111,-7.2167120349312786],[109.77410549712897,-7.216818525357889],[109.77387488535237,-7.217212905240148],[109.77412897571271,-7.218021462377927],[109.7737243471325,-7.218788599777293],[109.77386271755226,-7.219512468201971],[109.77317266344568,-7.219530364390053],[109.7728720640755,-7.219728398567407],[109.772788652294,-7.220197735565447],[109.77212160544357,-7.220078055957126],[109.77167545883904,-7.220404861122309],[109.77163786539087,-7.221209563734734],[109.7720149862316,-7.221675324118202],[109.77147545735164,-7.222126629071812],[109.77129354407484,-7.222582983784653],[109.77147592253453,-7.223002781937663],[109.77205755096071,-7.223466492428605],[109.7718008829625,-7.224302248091251],[109.77120640466062,-7.224373168413859],[109.77023722873122,-7.225092180315306],[109.7702059239311,-7.225927606685604],[109.77052842450715,-7.226811452673269],[109.76988384187943,-7.227081405857946],[109.76980239971446,-7.227501278164918],[109.76995405863673,-7.227845271974296],[109.76948084631996,-7.228087227904163],[109.76922833824878,-7.228696745677826],[109.7688518223921,-7.228843288795474],[109.76859128138578,-7.229286979106931],[109.76888051408802,-7.229877136837534],[109.76868436157959,-7.230443806466025],[109.76874467593028,-7.230793820816791],[109.76957469177883,-7.2310961234232565],[109.76956436794683,-7.231236720425562],[109.76859870777665,-7.231793456176676],[109.76773131296946,-7.231986939260051],[109.7671956185208,-7.232509188511984],[109.76720607634479,-7.233395302682189],[109.76758110010601,-7.23380328927878],[109.76812865184763,-7.234064389331377],[109.76691777780508,-7.235052649847743],[109.76689599600573,-7.235753777420777],[109.7671621573007,-7.236447053177669],[109.76655186752906,-7.23687296976329],[109.76648868444616,-7.237149902441066],[109.76669292343885,-7.237823790775134],[109.76610862646046,-7.238152806521454],[109.76576246066345,-7.238970677731129],[109.76574072035127,-7.239654424159012],[109.76643846512683,-7.240434816342456],[109.76677772947426,-7.2403629091171195],[109.76696637056456,-7.240074079711183],[109.76660666893248,-7.239340883685535]]]}},{"type":"Feature","properties":{"waterway":"stream","name":null},"geometry":{"type":"Polygon","coordinates":[[[109.77502471353839,-7.213024342351549],[109.77522687810001,-7.213568550181237],[109.77552553307048,-7.2137346207410555],[109.77594952800402,-7.213646721487552],[109.77625849062814,-7.213274895644245],[109.77626897593127,-7.2124293958014185],[109.7768337333224,-7.211879518213143],[109.77678346334318,-7.211384866699001],[109.77707574150723,-7.211028624076018],[109.77710840224464,-7.210349261499034],[109.77734107966059,-7.209784589431164],[109.77721011092092,-7.209352588290411],[109.77776196620161,-7.209084372502638],[109.77805932904761,-7.208381657444457],[109.77789650276506,-7.20797083226308],[109.77726507766366,-7.207859492077599],[109.7776766905123,-7.207690600824429],[109.77791532194765,-7.207227261632171],[109.77773241527947,-7.20629513394964],[109.77724690910827,-7.205674308121807],[109.77726960541192,-7.205297724733643],[109.77799111586113,-7.204478958042607],[109.77805507592251,-7.204147202672863],[109.778622911193,-7.203886493833942],[109.77916065383975,-7.202919708698718],[109.77919841390798,-7.202102272429049],[109.7787486441763,-7.201641862446956],[109.77898861140292,-7.200935468500068],[109.77925916637157,-7.200658205389656],[109.77969498702605,-7.200582366327418],[109.78004308089933,-7.200213271347868],[109.7805027298736,-7.200051242061109],[109.78088873640282,-7.19936281693569],[109.78064021631602,-7.198682155193709],[109.78071364511402,-7.198149974428526],[109.78039545457155,-7.196293014079337],[109.78073241836233,-7.195566715393271],[109.78078103482218,-7.195061949354593],[109.78030144351142,-7.194401087142668],[109.78076471197033,-7.193922009498024],[109.78095302554632,-7.192968410409708],[109.78137068352501,-7.192788561374578],[109.78160773443952,-7.192355786685622],[109.78159064910459,-7.191734763141225],[109.7810884809687,-7.190953906339528],[109.78108966211781,-7.190443497430993],[109.78154079111724,-7.18971530387723],[109.78167634412625,-7.1890863532551315],[109.7815883287567,-7.188663653907012],[109.78130457698266,-7.1884656933889],[109.78083486051172,-7.188645851775721],[109.7806888050732,-7.189397181699668],[109.7801990735176,-7.190130939632724],[109.78019387328654,-7.191120880455851],[109.78071037546486,-7.192032835941787],[109.78017331475264,-7.192410244204203],[109.77991210607898,-7.193523142336831],[109.77945194552635,-7.193810739478821],[109.77934017883584,-7.194206100337618],[109.77945073600907,-7.194722929509131],[109.7798338811134,-7.19524190685767],[109.77945474074656,-7.195991203488494],[109.77981057731682,-7.1982297052075594],[109.77971931647008,-7.198779542573682],[109.7799206131544,-7.1993220653323995],[109.7787414606429,-7.1998467957516326],[109.77821933121132,-7.200355090952344],[109.77782850385239,-7.20174074399005],[109.77797133255585,-7.2023405362188395],[109.77830281250972,-7.202607576348515],[109.77791667358215,-7.203210746123528],[109.77734168702757,-7.203546641096723],[109.77685051008105,-7.204455107121837],[109.77631798122927,-7.204945455640555],[109.7762541785735,-7.205819098497767],[109.77684036121586,-7.206705568559384],[109.77638062492366,-7.207371911947189],[109.77648615310612,-7.208659799407624],[109.77603753962417,-7.209229803312524],[109.7762224398414,-7.209907889801835],[109.77613254609503,-7.210169355355856],[109.77560835196203,-7.210336769651353],[109.77538474646107,-7.210600956585906],[109.77537128739444,-7.210961781509813],[109.77562739210822,-7.211340620304939],[109.77493383713703,-7.212480124154163],[109.77502471353839,-7.213024342351549]]]}},{"type":"Feature","properties":{"waterway":"stream","name":null},"geometry":{"type":"Polygon","coordinates":[[[109.77930079009785,-7.182916128643878],[109.78013900166604,-7.184409893907115],[109.78094104228403,-7.184927147530121],[109.7809504255681,-7.185734853523628],[109.78123939890641,-7.18616065084807],[109.78187066169743,-7.18648405291637],[109.78219109230257,-7.187132532683984],[109.78184948929774,-7.187194980311848],[109.78133738313574,-7.1875811883923],[109.78112453348268,-7.188349672805569],[109.78079785141192,-7.1887081865747176],[109.78086675423855,-7.189203123446595],[109.78135400775548,-7.189329369807581],[109.78187454213897,-7.188864670290705],[109.78212109276475,-7.188095916407925],[109.78308837003324,-7.187697439716852],[109.78308231286715,-7.186914655141322],[109.7824923190172,-7.185806451947053],[109.78186691011592,-7.185481813800363],[109.7817742969331,-7.184480968545093],[109.78080654820208,-7.183796603524996],[109.7802997571219,-7.182721981297415],[109.77946163705462,-7.181702995183496],[109.77897863380589,-7.181561610271958],[109.77871218112826,-7.181781962823559],[109.77868081534199,-7.182124707963626],[109.77930079009785,-7.182916128643878]]]}},{"type":"Feature","properties":{"waterway":"stream","name":null},"geometry":{"type":"Polygon","coordinates":[[[109.77833181533487,-7.184821718280695],[109.77850866626166,-7.186164657096889],[109.77901452783205,-7.18696871457139],[109.77957936729351,-7.188442970920232],[109.77988636365532,-7.188771379671145],[109.78065426990997,-7.18885614196976],[109.78105551543852,-7.1893287896159865],[109.78140186968773,-7.189309809493245],[109.78163325156812,-7.189053404402837],[109.78160084919702,-7.188428111485032],[109.78116554779389,-7.188068023848412],[109.78040421989273,-7.187934615098169],[109.77934324157548,-7.185802831050801],[109.77908731517407,-7.183921759552197],[109.77873673530897,-7.183563079312403],[109.7783955233827,-7.183625028228739],[109.77819840093377,-7.183908212016745],[109.77833181533487,-7.184821718280695]]]}},{"type":"Feature","properties":{"waterway":"river","name":null},"geometry":{"type":"Polygon","coordinates":[[[109.77315032312568,-7.284818265916649],[109.7738297640579,-7.284247380137548],[109.77418485899136,-7.2826402096679015],[109.77504225338598,-7.2825143261644065],[109.77579658721763,-7.281481602833377],[109.77652414435624,-7.281425215186197],[109.7771294470033,-7.280804524670638],[109.77782237184404,-7.280604298741097],[109.77812444030809,-7.280284111895268],[109.77818062063585,-7.2791379234368705],[109.77772439319362,-7.278277433275051],[109.77762785947596,-7.2776781326825795],[109.77798312067554,-7.277149571675572],[109.77802218843168,-7.275621891634474],[109.77860237145194,-7.275291435053734],[109.7791604651243,-7.2744401607850495],[109.77919690679539,-7.2740979094708935],[109.77897870329612,-7.273830340447337],[109.77847710369885,-7.273875803930428],[109.77797985460175,-7.274628305044305],[109.77740600268535,-7.274944703524069],[109.77714778601668,-7.27534737998809],[109.77708207485783,-7.276910677541896],[109.77671821486905,-7.277594661288675],[109.776795097364,-7.278580043367079],[109.77708528384439,-7.278925072986174],[109.77729521237077,-7.2797726870039625],[109.77641267506884,-7.280193710712801],[109.77618918685515,-7.280562462419542],[109.7751909100882,-7.280763528391838],[109.77452319740722,-7.281672381841741],[109.77385965281427,-7.281702023430997],[109.77358131139785,-7.281860461088977],[109.77325347899298,-7.282561008530102],[109.77299892026488,-7.283781832545535],[109.77241185690694,-7.2842912278585255],[109.7722020952139,-7.284961331411572],[109.77283569549768,-7.286315390999099],[109.77287569352863,-7.287178388020465],[109.77331688464348,-7.287725183033697],[109.77346320548041,-7.288769727908559],[109.7737849028897,-7.289164205466236],[109.77603575841778,-7.289809397365286],[109.776377831145,-7.2903087507310005],[109.77768729079702,-7.291156558356566],[109.77852504033791,-7.29118718176212],[109.77988588851424,-7.2908475646373265],[109.77984693103564,-7.291483135846115],[109.78001973135567,-7.291771528250653],[109.78037777807046,-7.2919115080361046],[109.78054007491727,-7.2924892843388225],[109.78081623391863,-7.292697629482599],[109.78129251923056,-7.29253501570496],[109.78136663594523,-7.291349152692725],[109.7808762162241,-7.291039400301653],[109.78082639506114,-7.290647966572744],[109.78050256834796,-7.2901306562204145],[109.77994115665763,-7.289942468319487],[109.77795741704324,-7.290293498327672],[109.77698958153981,-7.28964436444554],[109.77646864118317,-7.289018959117738],[109.77431115972846,-7.2883962318240485],[109.7741606620678,-7.2873801148947255],[109.77370298911701,-7.2867974563207705],[109.77370478159844,-7.286057391942958],[109.77315032312568,-7.284818265916649]]]}},{"type":"Feature","properties":{"waterway":"stream","name":null},"geometry":{"type":"Polygon","coordinates":[[[109.75128485622965,-7.211109192749553],[109.7523281144637,-7.213240555100473],[109.75225127230972,-7.214063670762964],[109.75258628759708,-7.215152500964306],[109.75311841733432,-7.215537505924412],[109.75261807099251,-7.216009197186781],[109.7525288701984,-7.216522768432443],[109.75295140182058,-7.217565712866746],[109.75343913370395,-7.2176902453759455],[109.75374175216187,-7.217290866695159],[109.75351745475933,-7.2164232574661895],[109.75395162490702,-7.216191746866724],[109.75410759825913,-7.2158960463473045],[109.7540293787998,-7.215237602864168],[109.75334186419296,-7.214611454126688],[109.75315528103908,-7.213799617294084],[109.7531960154024,-7.212936731016441],[109.75188712064234,-7.210379546273557],[109.75155678775856,-7.210274466081871],[109.75124831182757,-7.210431896440496],[109.75114239360433,-7.2107596169621395],[109.75128485622965,-7.211109192749553]]]}},{"type":"Feature","properties":{"waterway":"stream","name":null},"geometry":{"type":"Polygon","coordinates":[[[109.74649443043145,-7.215942986218053],[109.74652189322099,-7.216849824891936],[109.7467968050666,-7.217436838349746],[109.7473573371892,-7.218030006944357],[109.74834204560987,-7.218499237440565],[109.74961753793534,-7.218820646188614],[109.75041095670902,-7.218716367515204],[109.75077103909699,-7.218371618988427],[109.75079556597653,-7.2180283252426705],[109.75056822480963,-7.217768374181077],[109.7497880603704,-7.217932136147544],[109.7478284578958,-7.217258222410184],[109.74738325859987,-7.216554100686981],[109.74746317152129,-7.215842541979699],[109.74716887002585,-7.2154370930536365],[109.74667866958086,-7.215551679858654],[109.74649443043145,-7.215942986218053]]]}},{"type":"Feature","properties":{"waterway":"stream","name":null},"geometry":{"type":"Polygon","coordinates":[[[109.73597798236456,-7.213805761404183],[109.73652585926344,-7.214653029586947],[109.73737472579995,-7.215265005778212],[109.73792027756156,-7.215402262009254],[109.73823556273359,-7.215351523466566],[109.73894303934557,-7.214835984785023],[109.7393655605629,-7.214075895304278],[109.73928751396143,-7.213639493309043],[109.73882940752642,-7.213431928416816],[109.7385342713662,-7.21361278946304],[109.73833364120992,-7.214157786629545],[109.73788155540419,-7.21447702796497],[109.73731118787535,-7.214100652383068],[109.73693548312428,-7.21338908046811],[109.73631547018391,-7.212982376902716],[109.73597211441486,-7.213031448886286],[109.73576430090395,-7.213307015707321],[109.73597798236456,-7.213805761404183]]]}},{"type":"Feature","properties":{"waterway":"stream","name":null},"geometry":{"type":"Polygon","coordinates":[[[109.73187005887894,-7.213026911502695],[109.73355949864055,-7.213824444071584],[109.73464698594452,-7.213876984829902],[109.73545675963615,-7.2137149131097535],[109.73581877967275,-7.213826560174821],[109.73613925090153,-7.213694801755985],[109.73627194744131,-7.213376820734679],[109.73613913777723,-7.213058886238419],[109.7353608965221,-7.2127250273793395],[109.73464708068143,-7.2129697475707335],[109.7336715058378,-7.212931239843508],[109.73166635984808,-7.21191383828364],[109.73136752400126,-7.212088616044224],[109.73128078705797,-7.212421839615896],[109.73187005887894,-7.213026911502695]]]}},{"type":"Feature","properties":{"waterway":"stream","name":null},"geometry":{"type":"Polygon","coordinates":[[[109.73244104477133,-7.212218399401809],[109.73413926614327,-7.212831659011483],[109.7349488474664,-7.212739678827756],[109.73525565905801,-7.212343463963316],[109.73500409656636,-7.211910625090224],[109.73397113493724,-7.211903340308416],[109.73209670097926,-7.211026477861619],[109.73180169152678,-7.2112075397429765],[109.7317221389877,-7.211542523003887],[109.73244104477133,-7.212218399401809]]]}},{"type":"Feature","properties":{"waterway":"stream","name":null},"geometry":{"type":"Polygon","coordinates":[[[109.73198865002884,-7.208128220646728],[109.73236436597391,-7.208564083349977],[109.73273637135213,-7.208702087056912],[109.73308989228649,-7.209196238056489],[109.73337207320553,-7.210786052106046],[109.73416717811396,-7.212355466974659],[109.73486390155519,-7.213179251453361],[109.73536117498114,-7.21334225493156],[109.73560035276238,-7.213770943755571],[109.73648775548624,-7.213768338673318],[109.7366384395324,-7.213291591277115],[109.73629371250286,-7.212730325404014],[109.73547128460156,-7.212447114472422],[109.73467869722647,-7.211520675107669],[109.73423965471709,-7.210518495830574],[109.73413914065125,-7.209467557813984],[109.7338641087792,-7.208724640859036],[109.73339200851196,-7.208064741238221],[109.73287033257112,-7.2077957893210165],[109.73218017477586,-7.206942130640501],[109.73183675564293,-7.206990732414435],[109.73162856172472,-7.207266014410451],[109.73198865002884,-7.208128220646728]]]}},{"type":"Feature","properties":{"waterway":"stream","name":null},"geometry":{"type":"Polygon","coordinates":[[[109.73723886646651,-7.212145186113947],[109.73734538026507,-7.212696448061197],[109.73781590846977,-7.21287457457838],[109.73809880310986,-7.212675389073035],[109.73824697383145,-7.21202743313799],[109.73774965641836,-7.2113325501846655],[109.73691913849453,-7.211266371878188],[109.73666400742341,-7.211499559596184],[109.73664980572283,-7.211843426076982],[109.73688485300498,-7.212096539018055],[109.73723886646651,-7.212145186113947]]]}},{"type":"Feature","properties":{"waterway":"stream","name":null},"geometry":{"type":"Polygon","coordinates":[[[109.73545261033364,-7.2111075660714],[109.73685044023267,-7.2120789218514005],[109.73719457173598,-7.21212231186227],[109.73746883531237,-7.21191158056635],[109.73743364230964,-7.211413166353386],[109.73657326218706,-7.21073181368888],[109.73530196864431,-7.209898308052216],[109.73479855635321,-7.209884039247747],[109.73459767128243,-7.210164616371098],[109.73465560334377,-7.210503938360937],[109.73545261033364,-7.2111075660714]]]}},{"type":"Feature","properties":{"waterway":"stream","name":null},"geometry":{"type":"Polygon","coordinates":[[[109.73721201017592,-7.212731911627224],[109.73728650191997,-7.2131940788417035],[109.73860959346925,-7.214232885021559],[109.73895591328221,-7.214322255878544],[109.73925830417603,-7.214153601047488],[109.73929699233432,-7.213655441850494],[109.7388843419281,-7.213209691500015],[109.73825264301695,-7.212852262244386],[109.73802151454784,-7.212104953953303],[109.73769564433671,-7.211986950022427],[109.73738111238346,-7.2121321104127905],[109.73721201017592,-7.212731911627224]]]}},{"type":"Feature","properties":{"waterway":"stream","name":null},"geometry":{"type":"Polygon","coordinates":[[[109.73919716314853,-7.214229725117418],[109.73955252516163,-7.214192037414396],[109.73987895835329,-7.214459908483281],[109.74026560517851,-7.215708533214002],[109.74163568395686,-7.216628285496314],[109.74300392342695,-7.216436995515933],[109.74414601244726,-7.216704401025934],[109.74518696676178,-7.216125573639765],[109.74542405179062,-7.216272980498822],[109.74576729392042,-7.216223115534186],[109.74597446114181,-7.215947069185904],[109.74577210120647,-7.215426546682124],[109.74518957597631,-7.2151454002543405],[109.74397801466333,-7.2157235690643144],[109.74300931029593,-7.215518086302773],[109.74197381361095,-7.215732104700315],[109.74102006105988,-7.215138084412565],[109.7407609796737,-7.214144014338254],[109.74003108519932,-7.213300178223018],[109.73898092146234,-7.213353219175774],[109.7385532697935,-7.213588453940061],[109.73845057559062,-7.213917183098608],[109.738612261164,-7.2142216706890965],[109.73919716314853,-7.214229725117418]]]}},{"type":"Feature","properties":{"waterway":"stream","name":null},"geometry":{"type":"Polygon","coordinates":[[[109.74402869118597,-7.205860212402421],[109.74468125207619,-7.20630711363824],[109.7450734110853,-7.207396646009186],[109.74505312109095,-7.208217553159015],[109.74468346287476,-7.209298035163954],[109.74486705148986,-7.210270967228689],[109.74483436460103,-7.213661750996045],[109.74522240590917,-7.215221580939652],[109.7451567432825,-7.215852346347862],[109.74559130697779,-7.216104873036581],[109.74613144605723,-7.215649673658648],[109.74576067602574,-7.213692966806596],[109.74577481136154,-7.210249248405918],[109.74560323000783,-7.209316512674638],[109.74596730447938,-7.208341622610446],[109.74599266507543,-7.207340073125361],[109.74547319896064,-7.205788052827248],[109.74451035948157,-7.205025628929686],[109.74416949384774,-7.2049617465645115],[109.74388293409321,-7.2051556999023445],[109.7438185428717,-7.205493873916139],[109.74402869118597,-7.205860212402421]]]}},{"type":"Feature","properties":{"waterway":"stream","name":null},"geometry":{"type":"Polygon","coordinates":[[[109.73995402270917,-7.213353668867936],[109.74021975030661,-7.2137275943471195],[109.74076457869951,-7.213917669042328],[109.74129851406316,-7.2150613663473475],[109.74196324912089,-7.21558297167239],[109.74257130434057,-7.215547974115147],[109.74299881130617,-7.215225692836953],[109.743106846146,-7.214890714091473],[109.7429729630018,-7.214573222853576],[109.74265200166087,-7.21444264261406],[109.74233197660305,-7.214575465349462],[109.74209083790045,-7.214496587193416],[109.74140527697608,-7.213246482806667],[109.74085254029183,-7.2130204863691665],[109.74055470938592,-7.212584404149428],[109.74021134432111,-7.2125353985632215],[109.73993361980077,-7.2127416207655],[109.73995402270917,-7.213353668867936]]]}},{"type":"Feature","properties":{"waterway":"stream","name":null},"geometry":{"type":"Polygon","coordinates":[[[109.73698623508737,-7.208666431832821],[109.73823435292186,-7.20983237565432],[109.73833255262456,-7.2101107614529445],[109.73820574056045,-7.211054596052665],[109.73836923372738,-7.211460057713975],[109.73956675806134,-7.212250546258864],[109.73990326846999,-7.212336296933467],[109.74021740742606,-7.212190301049251],[109.74033547899442,-7.211866694051463],[109.74018831879752,-7.2115550406733915],[109.73912353971022,-7.210932335447815],[109.73921700359244,-7.209895469931566],[109.7387923813304,-7.209071686313194],[109.73740722905771,-7.207864900666067],[109.73645547383907,-7.207524073242145],[109.73613662593732,-7.2076596424651544],[109.73600779164417,-7.207979182271159],[109.73614444066699,-7.208295510729475],[109.73698623508737,-7.208666431832821]]]}},{"type":"Feature","properties":{"waterway":"stream","name":null},"geometry":{"type":"Polygon","coordinates":[[[109.73965530536888,-7.20943769228414],[109.73943169216763,-7.212024586096546],[109.73984288466242,-7.213105830090384],[109.74010849050418,-7.213366999407141],[109.74045361254346,-7.213401804405654],[109.74077432331279,-7.213016574659557],[109.74033595803327,-7.211921686654602],[109.74063604398464,-7.2098263922814505],[109.74052644846493,-7.209165225862553],[109.74007401086108,-7.208499760958289],[109.73972733742052,-7.20851211038775],[109.73949100398384,-7.208764040216494],[109.73965530536888,-7.20943769228414]]]}},{"type":"Feature","properties":{"waterway":"stream","name":null},"geometry":{"type":"Polygon","coordinates":[[[109.73945612399794,-7.207661524129497],[109.74070246886582,-7.209646618662614],[109.74100520142322,-7.209814663799447],[109.74133903848079,-7.209721117700181],[109.7414944786638,-7.209245876032393],[109.74121145419345,-7.208664917983682],[109.73972728240715,-7.2065722256801275],[109.73938282393256,-7.206612947323034],[109.73916827859901,-7.206883386537985],[109.73945612399794,-7.207661524129497]]]}},{"type":"Feature","properties":{"waterway":"stream","name":null},"geometry":{"type":"Polygon","coordinates":[[[109.73661218890561,-7.2052025602492975],[109.73803495010345,-7.2054740063874645],[109.73862783138286,-7.20603331242604],[109.73936321925434,-7.206314163694243],[109.73988465430952,-7.206803257919919],[109.74053381504095,-7.207892954902237],[109.74073407883476,-7.210053848236623],[109.74046174408808,-7.211742594419059],[109.73994690392975,-7.212357584909849],[109.73987025057342,-7.212961768386293],[109.74014129720362,-7.213382871371576],[109.74048812308465,-7.213390013315249],[109.7407384562012,-7.2131517613387945],[109.74078169556569,-7.212734453912671],[109.74129008995581,-7.21218557995813],[109.74172614522246,-7.20986477831175],[109.74132743682277,-7.2074493500476775],[109.74054897927803,-7.206188754011793],[109.73845191086646,-7.204646234889478],[109.73590294231663,-7.204277918070112],[109.73547462210927,-7.204540716294186],[109.73546242005901,-7.204884658321584],[109.73569893138833,-7.205136422032162],[109.73661218890561,-7.2052025602492975]]]}},{"type":"Feature","properties":{"waterway":"stream","name":null},"geometry":{"type":"Polygon","coordinates":[[[109.7396972938198,-7.203548411595157],[109.74053381988638,-7.204148578180672],[109.74180314798164,-7.204381073239123],[109.74194596070575,-7.204607036545712],[109.74203977933324,-7.2048336766908125],[109.74184048248748,-7.205216524748566],[109.74190533590645,-7.205842462233296],[109.74233127005343,-7.206868004824188],[109.74319478965599,-7.208054924281144],[109.74294962523612,-7.209960157399646],[109.74311398530952,-7.210310183747935],[109.74372770701207,-7.210718365581052],[109.7439806053912,-7.211129465732791],[109.7437380838872,-7.211677745993835],[109.74415969285923,-7.212485939317948],[109.74389301441067,-7.213099165930931],[109.74329134791087,-7.213137312358412],[109.74272404690244,-7.212832894915356],[109.74223712030395,-7.213019309524784],[109.74205615479497,-7.2143537951165975],[109.74224665997134,-7.215139808530565],[109.74282674187221,-7.21536893577784],[109.7434019095636,-7.215828925813127],[109.74483065192689,-7.21542803916213],[109.74509135343372,-7.2157419593366265],[109.74525813056825,-7.216662845440507],[109.74577122062273,-7.217271391856584],[109.74604884923937,-7.218002971632828],[109.74724192611686,-7.219033820040458],[109.74761048835833,-7.219791899389061],[109.74810170169434,-7.220279581974123],[109.74853455416292,-7.220512110792682],[109.74888945716964,-7.220397952857366],[109.74925784910761,-7.219888073861557],[109.75056823403669,-7.219186959497115],[109.75082411602865,-7.218495636415679],[109.75154575545481,-7.218645886904802],[109.75291564574937,-7.218112648675551],[109.75344887968001,-7.217719909321051],[109.7541512672337,-7.217840091138492],[109.75448561847608,-7.21830820179137],[109.75455828046016,-7.2188580643859215],[109.75492549452025,-7.219327467049667],[109.75535273916165,-7.219431123270321],[109.75591272510654,-7.220271649115807],[109.75677446316662,-7.221020821261726],[109.75732169140231,-7.221289000995656],[109.75779450186317,-7.221895007173464],[109.7595391766538,-7.222911959268086],[109.75968207895934,-7.2234094930134916],[109.76008809430316,-7.223758382865183],[109.75985270502734,-7.22441272826565],[109.76009686665388,-7.225238605573746],[109.76069428924154,-7.225392829768001],[109.76107433564636,-7.22511553371233],[109.76170718150237,-7.225116166840027],[109.76161110465804,-7.226370326076043],[109.76200235073524,-7.227150416082689],[109.76257737210437,-7.227305734629243],[109.76328110705856,-7.227041836092423],[109.76366408265922,-7.227693851648211],[109.76448710219657,-7.22764396543729],[109.76483620621384,-7.228665067709376],[109.7652390512401,-7.228869894550462],[109.76666187701433,-7.228607991794661],[109.76719322365423,-7.229122232493738],[109.7679887054103,-7.229242200287313],[109.76874183682567,-7.228770542007823],[109.76970701025783,-7.229089924805837],[109.77003613456168,-7.22898113549438],[109.77019131831085,-7.22867333365028],[109.77008165724047,-7.228346825597972],[109.76895612599331,-7.227846900076577],[109.76843955951685,-7.227852707554625],[109.76792745443977,-7.228332617235757],[109.76771782278072,-7.22832979588213],[109.76745872647416,-7.227975844764812],[109.76676015013817,-7.227674036784955],[109.7654972141501,-7.227920343701035],[109.76515681167102,-7.226781021870975],[109.76468318405608,-7.226617394224189],[109.76424920688753,-7.226741968038612],[109.76433085481105,-7.226134166226893],[109.76402205027881,-7.225737553562457],[109.76342435631372,-7.225687200538065],[109.76306487887311,-7.226161212707275],[109.7625884936736,-7.2263948864917795],[109.76253974905214,-7.22468620725696],[109.76202226540381,-7.2242163783155275],[109.76092384273305,-7.224117830608472],[109.76097559629393,-7.223482510510718],[109.76051209365599,-7.222960075957887],[109.76032021822718,-7.222401578989377],[109.75824768465766,-7.22107923585836],[109.75785965109709,-7.220560451370726],[109.75651961789823,-7.219598681752246],[109.75590626858491,-7.218704877719335],[109.7554273589742,-7.218483720665055],[109.75533018976279,-7.21789878604213],[109.7556244337248,-7.217394299426753],[109.75553960376392,-7.217084655545517],[109.75525642852897,-7.216846988245856],[109.754678854246,-7.216768614693201],[109.75416918805094,-7.216940691798582],[109.75324402287823,-7.216818479036744],[109.75242807916408,-7.217340614288617],[109.75171624657355,-7.2174753509393],[109.75146656353125,-7.21768966991715],[109.75048302094535,-7.217607552088863],[109.74998940600105,-7.217919788242109],[109.74991619267061,-7.218499619367634],[109.74845967652516,-7.219375422288903],[109.7479662608082,-7.218491466823763],[109.74679832337266,-7.2174873551382746],[109.74656178541132,-7.2168078397514925],[109.74607926601237,-7.216273960421849],[109.7460074773809,-7.215560810326108],[109.74549242845923,-7.214645250403525],[109.74493325568618,-7.214490765062375],[109.74359940338442,-7.214798916085687],[109.7433984528593,-7.214547115429987],[109.74306510871565,-7.214452067030392],[109.74311652150942,-7.214072011659423],[109.74423501731592,-7.21409917118134],[109.74464468119646,-7.213867547420871],[109.74490203171736,-7.213431896519246],[109.74508633136024,-7.2123760853068175],[109.74484242224214,-7.211776341670224],[109.74490366068888,-7.2111734207064515],[109.74474142330908,-7.210473998215132],[109.74382965925572,-7.2097302732099555],[109.7440951928141,-7.208361312348392],[109.7440730243492,-7.207674651420342],[109.7431253398975,-7.2064295150273345],[109.7427653751125,-7.205547414600059],[109.7430529238339,-7.205035337706387],[109.74259153210976,-7.203808301216141],[109.74221308533643,-7.203484646427023],[109.74166434698765,-7.203492227777463],[109.74067701537601,-7.203163378178099],[109.7399522538761,-7.202723683903046],[109.7395374760387,-7.203007055954985],[109.7396972938198,-7.203548411595157]]]}},{"type":"Feature","properties":{"waterway":"stream","name":null},"geometry":{"type":"Polygon","coordinates":[[[109.74018053375103,-7.203189962853357],[109.74099150664912,-7.204172948710711],[109.74133796091587,-7.204190262782732],[109.74159528118068,-7.203959459333681],[109.74147579270708,-7.203272964794739],[109.740576185985,-7.202323562755584],[109.74023011243395,-7.202299934077591],[109.73996856039035,-7.202526006004728],[109.73994474343249,-7.202869348889038],[109.74018053375103,-7.203189962853357]]]}},{"type":"Feature","properties":{"waterway":"stream","name":null},"geometry":{"type":"Polygon","coordinates":[[[109.73867342451119,-7.2018716126843945],[109.74014467578716,-7.203113821874937],[109.74048823091734,-7.20316144764042],[109.74076510528538,-7.202954111038054],[109.74073615346526,-7.202455301730163],[109.7399219617196,-7.201741645129827],[109.73914902051887,-7.2011034221781545],[109.73830997559924,-7.200817737135406],[109.73804405285247,-7.2010387323018055],[109.7380135264541,-7.201381552150164],[109.73867342451119,-7.2018716126843945]]]}},{"type":"Feature","properties":{"waterway":"stream","name":null},"geometry":{"type":"Polygon","coordinates":[[[109.73175257478836,-7.201376798682775],[109.73364954155723,-7.201870455960656],[109.73582742154905,-7.201137986421719],[109.73635373001777,-7.201128342435612],[109.73724431143603,-7.201856502225431],[109.73821836389357,-7.203039740496251],[109.73923642565632,-7.203102699902301],[109.73995852959497,-7.20362296017603],[109.7403773098202,-7.203345441841869],[109.74037736338802,-7.203001286842764],[109.73983697921848,-7.202422169825041],[109.73920949759977,-7.202175464489676],[109.73868096603489,-7.202235294056121],[109.73788786960311,-7.201219299237199],[109.73668901262756,-7.200278622195929],[109.7356599687262,-7.200251587842922],[109.73357441549751,-7.200961524795986],[109.73126890091348,-7.200387212091522],[109.7310351396516,-7.200641489178041],[109.73105107571749,-7.200985280827479],[109.73175257478836,-7.201376798682775]]]}},{"type":"Feature","properties":{"waterway":"stream","name":null},"geometry":{"type":"Polygon","coordinates":[[[109.76204360352598,-7.213510889360202],[109.76269801647838,-7.213138109610823],[109.76302465701083,-7.213580403783929],[109.76368431690912,-7.2137823524878035],[109.76397097451903,-7.214411148017801],[109.76353819025965,-7.215025388162004],[109.7640260008015,-7.215897571058501],[109.76398822822402,-7.216389447414704],[109.76432774909775,-7.217122247459286],[109.76405233421762,-7.21761345440615],[109.76400435795216,-7.219067229454344],[109.76363744356955,-7.21984702694787],[109.76398952193463,-7.220581232706684],[109.76446444595199,-7.220747504386232],[109.7648010340891,-7.220375840641655],[109.76472511925188,-7.219836950500171],[109.76504507447905,-7.219171771684523],[109.7648851230536,-7.2182846798158],[109.76523775590212,-7.217286295425385],[109.7649333098745,-7.216264366013003],[109.76494805704695,-7.215744134823167],[109.76466479573615,-7.215200925560979],[109.76508956002912,-7.214810141966669],[109.76509130863104,-7.214287970273627],[109.76461190348897,-7.213748319563607],[109.76445572046973,-7.213154361824127],[109.7635754040471,-7.212737059470241],[109.76294257428975,-7.212165197456894],[109.7625062959938,-7.212162377773053],[109.76136205737257,-7.212770114346135],[109.76124242660198,-7.213093157316171],[109.7613880829517,-7.213405505490018],[109.76204360352598,-7.213510889360202]]]}},{"type":"Feature","properties":{"waterway":"stream","name":null},"geometry":{"type":"Polygon","coordinates":[[[109.7598736906764,-7.214101427495843],[109.76241159052493,-7.214408019192831],[109.76238176075483,-7.215530014934456],[109.76152623114645,-7.218325641973161],[109.76173901747536,-7.218778491431327],[109.76224216837754,-7.218756758241144],[109.76262413224251,-7.2181302919443215],[109.7631700972977,-7.216261633597715],[109.76330842002115,-7.2140147245212],[109.76308834586722,-7.213699094302064],[109.76246812969922,-7.213469727137292],[109.75955054388564,-7.213160085057833],[109.7593132199578,-7.213411099022025],[109.75932431615686,-7.213755077919913],[109.7598736906764,-7.214101427495843]]]}},{"type":"Feature","properties":{"waterway":"stream","name":null},"geometry":{"type":"Polygon","coordinates":[[[109.75877928598673,-7.216297253609515],[109.75845059003798,-7.216739707274953],[109.75847801468524,-7.21745954066113],[109.7593401407938,-7.218298309770371],[109.75968602326023,-7.218324706324288],[109.75999711684399,-7.217931788506055],[109.75988556880854,-7.217580394295083],[109.7593117719229,-7.217037681094547],[109.75956627012937,-7.216828813595982],[109.75973402607295,-7.216380123424923],[109.75972287692557,-7.215657407726073],[109.75943341031123,-7.215056718884724],[109.75908954423178,-7.215011288342579],[109.75881401336082,-7.215220388633861],[109.75877928598673,-7.216297253609515]]]}},{"type":"Feature","properties":{"waterway":"stream","name":null},"geometry":{"type":"Polygon","coordinates":[[[109.7568294522386,-7.210714702557253],[109.7556064857956,-7.211038256211288],[109.75541414551236,-7.211324666421206],[109.75548227767639,-7.211662118380454],[109.75594781943265,-7.211852702144349],[109.75723891323265,-7.211520676071569],[109.75790191393722,-7.211004601643539],[109.75810970806307,-7.210285107769302],[109.75787275201029,-7.210033753493058],[109.75752604793034,-7.210022247258208],[109.7568294522386,-7.210714702557253]]]}},{"type":"Feature","properties":{"waterway":"stream","name":null},"geometry":{"type":"Polygon","coordinates":[[[109.75444193272745,-7.213201289414245],[109.7557396112155,-7.213396785005739],[109.75605441625221,-7.2132522065455555],[109.75617396883169,-7.2129291350710245],[109.75587730314419,-7.212525386883332],[109.7544514053543,-7.212276746979362],[109.75413388614201,-7.212415359107119],[109.75400816120921,-7.212736116134303],[109.75414787884829,-7.213051123095492],[109.75444193272745,-7.213201289414245]]]}},{"type":"Feature","properties":{"waterway":"stream","name":null},"geometry":{"type":"Polygon","coordinates":[[[109.74922322041103,-7.207485639498911],[109.74987771939018,-7.207963844698392],[109.75108886296492,-7.208380065432386],[109.7515706545578,-7.208375241310652],[109.75231985912617,-7.2079635587996576],[109.75334470300805,-7.208365832151313],[109.75379795836909,-7.208368898233837],[109.75444059820651,-7.2088145600049955],[109.7547612067856,-7.208683139392571],[109.75489424225434,-7.208365298394462],[109.75478192914836,-7.2079369488960685],[109.7540888431459,-7.207468356971933],[109.75226477477189,-7.207029240164312],[109.75136259493854,-7.207479450804771],[109.75037697374822,-7.207211857507376],[109.74962239615539,-7.206540844228274],[109.7485021224416,-7.206665499984196],[109.74834708859821,-7.206973372433664],[109.74845689543746,-7.207299830552042],[109.74922322041103,-7.207485639498911]]]}},{"type":"Feature","properties":{"waterway":"stream","name":null},"geometry":{"type":"Polygon","coordinates":[[[109.75583224007536,-7.206068348649884],[109.75539273775023,-7.206208372595777],[109.75520696193207,-7.206591369586911],[109.75525061608658,-7.206932788643942],[109.75552482663353,-7.20714358399245],[109.75659043987056,-7.20667569839155],[109.75768806650082,-7.207075415707098],[109.75834819918187,-7.207013033616164],[109.75892312784913,-7.2066192108449245],[109.75907638602801,-7.20631046464351],[109.7589647011446,-7.205984634280555],[109.75865349704543,-7.205832586627613],[109.7577668304016,-7.206147150953371],[109.75631957744245,-7.205696254577417],[109.75583224007536,-7.206068348649884]]]}},{"type":"Feature","properties":{"waterway":"stream","name":null},"geometry":{"type":"Polygon","coordinates":[[[109.75144492922863,-7.204811151265182],[109.75128543700089,-7.205107362867722],[109.75133504681757,-7.205444522364106],[109.7515894722469,-7.205678464178771],[109.75193611692606,-7.205665400651299],[109.75234640063853,-7.205059085221757],[109.75235886117049,-7.204761270484174],[109.75277481766774,-7.204331674245394],[109.75283620186394,-7.203957551084218],[109.75368589947158,-7.203105571603958],[109.75390308265521,-7.202447634691115],[109.75375777446241,-7.202135128562286],[109.75343229363786,-7.202016090884622],[109.75311730209228,-7.202160252170535],[109.75289024798234,-7.202672359391558],[109.75204344091956,-7.203500021050691],[109.75192914105723,-7.203927443550942],[109.75151834247225,-7.204399915194998],[109.75144492922863,-7.204811151265182]]]}},{"type":"Feature","properties":{"waterway":"stream","name":null},"geometry":{"type":"Polygon","coordinates":[[[109.75153461287964,-7.20568541342439],[109.7518494136875,-7.206175246578806],[109.75240661906484,-7.206372233950363],[109.75401134073122,-7.205932443125734],[109.75503438964323,-7.206297249089341],[109.7549899780853,-7.207702001907214],[109.75406698822563,-7.208059058365889],[109.75379488725112,-7.208712938195603],[109.75378115518903,-7.209175342122942],[109.75451279020284,-7.210074787844235],[109.755116280239,-7.210451644028262],[109.75554353449026,-7.212065821035157],[109.75531507730396,-7.21252669063662],[109.75518776850004,-7.2136917532228875],[109.75625103481957,-7.214870044899825],[109.75629660536418,-7.21568026897372],[109.75670545755607,-7.2161773352958765],[109.75669408077168,-7.21652120667806],[109.75701834754481,-7.217023733288372],[109.75731693608765,-7.2180072622016604],[109.75771519065644,-7.218263174429342],[109.75953953368408,-7.218407592046106],[109.76004484730981,-7.219054800428454],[109.76163973794209,-7.218973076430701],[109.76160560790304,-7.219948966339146],[109.76203980348714,-7.2203876403395695],[109.76334848886361,-7.220764716283251],[109.76380918411905,-7.221150136005099],[109.76433200442672,-7.220952936116569],[109.76469146686938,-7.221373469391488],[109.76540638430664,-7.221377512771383],[109.76594051444965,-7.221668357579833],[109.76591043334686,-7.223188503342789],[109.76616471848422,-7.223906427832767],[109.76608424329302,-7.224629065238749],[109.76663642013263,-7.22700542364824],[109.76773240181109,-7.22784473671188],[109.76916973565108,-7.228229077769796],[109.76949931692181,-7.228877644618537],[109.77000208127642,-7.228848214462385],[109.77017749010403,-7.2285512943244665],[109.77012610715164,-7.228096680726341],[109.76971805964655,-7.227505715650314],[109.76817335054383,-7.227056414561807],[109.76750269026925,-7.226565630018671],[109.76698111929102,-7.224478036026294],[109.76714702005056,-7.223697509148781],[109.76689332010957,-7.223316596155998],[109.76706935472343,-7.2224612480141],[109.7668982399812,-7.221213932121512],[109.76666657799555,-7.220883885019691],[109.76570087274628,-7.220493281060831],[109.76528943592454,-7.220484173417791],[109.76463418227472,-7.219916671135242],[109.76395247996919,-7.220006896533562],[109.76263873059409,-7.219679196400552],[109.76252798238201,-7.2184704918252045],[109.76219664372353,-7.2180023165727984],[109.7617647644747,-7.217901924729253],[109.76121802252052,-7.218149023466661],[109.76048747692933,-7.218211162414798],[109.76020006585954,-7.21778535381348],[109.75968303751289,-7.217449923522576],[109.75801030774237,-7.21739307248777],[109.75757920751781,-7.215704926050411],[109.75715426862311,-7.215279099884495],[109.757231570971,-7.214882354366596],[109.7570579748902,-7.214387702558404],[109.75667607272972,-7.213726127923753],[109.75621638764719,-7.213354275298697],[109.75618821060176,-7.212776418140558],[109.75641952441828,-7.212421314829273],[109.7564586422786,-7.211959081578891],[109.7559673358924,-7.210093856923977],[109.75470950024885,-7.208922694803588],[109.75475993841033,-7.208759979217477],[109.75561920529968,-7.208457925976417],[109.75586667467998,-7.208095699288825],[109.75609699621775,-7.206689889285668],[109.75588747774842,-7.205771469360914],[109.75504131003476,-7.205218802628653],[109.75402323398166,-7.20499355032398],[109.75247601826297,-7.205463314595334],[109.7520721131949,-7.20494359978587],[109.75175363189905,-7.204807189421982],[109.75133078401258,-7.205078570932098],[109.75132563131686,-7.205422687965681],[109.75153461287964,-7.20568541342439]]]}},{"type":"Feature","properties":{"waterway":"stream","name":null},"geometry":{"type":"Polygon","coordinates":[[[109.7397282323076,-7.193276254213818],[109.73948682974702,-7.193666311039372],[109.73924278928743,-7.1949625178049335],[109.73932358604705,-7.195297207150681],[109.73961925774722,-7.195477186093148],[109.7400767137055,-7.19526825347545],[109.74036229569836,-7.193983153195899],[109.74061553983101,-7.1935197232870225],[109.74150733297093,-7.192664185332215],[109.74215707535082,-7.192855380128751],[109.74331084522474,-7.192432799985536],[109.7437954952693,-7.192407196185102],[109.74457767013685,-7.191913759762178],[109.74531785381518,-7.19171763944889],[109.74576408980147,-7.191253686815607],[109.74617199034623,-7.191766025120219],[109.74716992993127,-7.192194037173293],[109.74851074292316,-7.1923833755745346],[109.74953201706302,-7.193197867464929],[109.74883147066554,-7.19526189977683],[109.7490328990258,-7.195707678707764],[109.74937312075684,-7.1957748200787135],[109.74966154668618,-7.195583617658125],[109.74997012014991,-7.194944779876631],[109.75045642174994,-7.193008502530606],[109.75035280788155,-7.1927054844231675],[109.74915465707481,-7.191670619816465],[109.74739731660736,-7.191321059837905],[109.74667933593435,-7.191013180880398],[109.74625403157192,-7.190446325059388],[109.74582551357936,-7.190325957820105],[109.7452784353482,-7.190479402080008],[109.74493479595363,-7.190883685149351],[109.7441900198472,-7.191078454574317],[109.7436050327511,-7.191504727432619],[109.7420640062266,-7.1918858789953],[109.74162771896928,-7.19165742747599],[109.74107831529963,-7.1917639874052925],[109.74027986065977,-7.192453898470905],[109.7397282323076,-7.193276254213818]]]}},{"type":"Feature","properties":{"waterway":"stream","name":null},"geometry":{"type":"Polygon","coordinates":[[[109.74821147999802,-7.195285320648594],[109.74858964357774,-7.195471228679087],[109.74882187341083,-7.196546026577601],[109.74912082483085,-7.197100412370119],[109.74971997082207,-7.197604362972649],[109.75044866006816,-7.197933705510818],[109.75269151383931,-7.198432775973764],[109.75294740234102,-7.19896264468018],[109.7536891067745,-7.1990996842875425],[109.75585961382633,-7.200117891911999],[109.7563135363431,-7.20006914294899],[109.756910713298,-7.199445890792963],[109.75768971904517,-7.199460319724883],[109.75815204229036,-7.199632457904534],[109.75856988290192,-7.199353554443622],[109.75856877870417,-7.199009401184103],[109.75824507417458,-7.198635308111712],[109.75773112539235,-7.198534908301131],[109.75724597034205,-7.198161517372548],[109.75687132897895,-7.198209501095646],[109.75598297657494,-7.198925483357695],[109.75545924060214,-7.19892855255948],[109.75365518011789,-7.19817543017919],[109.75359352162221,-7.197848678476141],[109.75333669485968,-7.197623569861052],[109.75034143414776,-7.196925201397757],[109.74992998307543,-7.1966617391613035],[109.74968686670152,-7.196272826037241],[109.7497372464952,-7.195309125127995],[109.74959596892221,-7.195006957730371],[109.74826974732956,-7.1943232702910755],[109.74792307549461,-7.194311178920115],[109.7476693235354,-7.194545832960751],[109.74765713587654,-7.194889775480672],[109.74821147999802,-7.195285320648594]]]}},{"type":"Feature","properties":{"waterway":"stream","name":null},"geometry":{"type":"Polygon","coordinates":[[[109.75784410981291,-7.194787146240342],[109.75781059379473,-7.1951100717753125],[109.75806344507451,-7.195578088504679],[109.75758457295204,-7.197983419531551],[109.7576528638681,-7.198596352220313],[109.75788665416788,-7.19881639580482],[109.75769585558336,-7.199058942397531],[109.75778354362399,-7.199526406348987],[109.75826246700233,-7.199849566381263],[109.7593321579598,-7.199707704413534],[109.75966136138264,-7.199937607943147],[109.76028107504109,-7.200028436259369],[109.76111592121394,-7.19987305960284],[109.76098993351815,-7.200317783154653],[109.76126656151934,-7.200736405246902],[109.76111077054597,-7.201377691563796],[109.76162414591361,-7.201762262141522],[109.76166453786063,-7.2025648627791155],[109.76200316614666,-7.202910541713442],[109.7621021242519,-7.203496932710155],[109.7626748594565,-7.203667135257605],[109.7624033001825,-7.204062764692769],[109.76243612111443,-7.204447711682781],[109.7629368720529,-7.204906471091825],[109.76380910419157,-7.205047961442751],[109.76380709044363,-7.205808568467131],[109.76416920218229,-7.206125352355273],[109.76462834035961,-7.206150860195326],[109.76461552253714,-7.206654635115869],[109.76494387498764,-7.206955684537506],[109.76474931280762,-7.2073706406789055],[109.76483815136378,-7.20781878067328],[109.76541243434905,-7.20840645721691],[109.7652804209582,-7.208864478035449],[109.76545975362939,-7.209343095250658],[109.7659955516238,-7.209718944021322],[109.76608489054888,-7.210117433369598],[109.76574589744848,-7.210639088273932],[109.76587142664296,-7.211163222674132],[109.76637706057058,-7.211430342323707],[109.76713934740592,-7.211006412308069],[109.76688042943053,-7.211551464809199],[109.76689886871574,-7.211852857834661],[109.76788241522243,-7.2129436138624845],[109.76839780157047,-7.21287716273178],[109.76875893666971,-7.212350631202927],[109.76924129540205,-7.213100016670724],[109.76963454459332,-7.213274352527304],[109.77004191291515,-7.21384600920146],[109.76980964119515,-7.214278677886782],[109.76984664201908,-7.214891880068887],[109.77050316954423,-7.215743080031767],[109.77102547137397,-7.215729227259906],[109.77129215648876,-7.2153210831092185],[109.77190176002664,-7.215621144398314],[109.77235252955407,-7.21551275871463],[109.77267342481053,-7.2160519925692865],[109.77198407058559,-7.217551674968974],[109.77205033563631,-7.218111186240501],[109.7724281915781,-7.218343394925868],[109.7732624813516,-7.2184690829102145],[109.77396693036563,-7.21925263743959],[109.77446775053156,-7.219199950950501],[109.77461034075453,-7.218720759089884],[109.77421368886698,-7.218246859220447],[109.77409685142297,-7.217559129553589],[109.7737947632323,-7.217413851333527],[109.77297118548911,-7.217530478171388],[109.7732974651176,-7.2167430031763],[109.77387770481371,-7.216921583288339],[109.77465434599176,-7.216019531712059],[109.774834012855,-7.215349588321166],[109.77447782023648,-7.214806185543598],[109.77436338536005,-7.214200580720555],[109.77374565728896,-7.2139832964115636],[109.7725827392756,-7.21425841583482],[109.77202638277738,-7.214658229596206],[109.7711890913454,-7.214181744553436],[109.77077434652148,-7.213315840035867],[109.77127298617697,-7.212767451242959],[109.77105076362983,-7.212164653824106],[109.77022937687696,-7.211814515323309],[109.76980888895773,-7.211863741172991],[109.7696039183218,-7.211416651864458],[109.76932898296555,-7.2112478677126],[109.76839421679873,-7.211318565473057],[109.76803694232566,-7.211521438673793],[109.7681768159016,-7.211193863507545],[109.76803074116877,-7.2106702651660175],[109.76756625197677,-7.210051842636132],[109.7669743512378,-7.209911885780906],[109.76722640390473,-7.209681780017544],[109.76725477853826,-7.209047196862865],[109.76688540481969,-7.208718215767133],[109.76650322528577,-7.208753980339309],[109.76698877975042,-7.20836002047797],[109.76701219554526,-7.207799847091326],[109.76666315189097,-7.207522161370732],[109.7658356092215,-7.207606705323078],[109.76569015739726,-7.207486582239325],[109.76597309415808,-7.207170816834606],[109.7660144921833,-7.206802280198753],[109.76558569464501,-7.206272833242101],[109.76553474196871,-7.205644907481746],[109.76514610559204,-7.205293053369544],[109.76478769702774,-7.205243798305673],[109.76471693997036,-7.204576926266469],[109.764494733942,-7.204226554572499],[109.76402380553485,-7.204070972964211],[109.76351860574182,-7.204135788411323],[109.76369198775355,-7.203675767001564],[109.76361218383015,-7.203311614178007],[109.7632347941436,-7.20291647897591],[109.76329168768179,-7.202583811529857],[109.76314613841923,-7.202256930766489],[109.76258542086418,-7.201999874182076],[109.76228353846425,-7.20105646326037],[109.76261462811345,-7.2007063601817585],[109.7626082633745,-7.200377219107533],[109.76219731157074,-7.200032272173082],[109.76171905384905,-7.199073173978354],[109.76113179246236,-7.198812275215183],[109.76075488533937,-7.199034802263263],[109.76006385322493,-7.199107209977237],[109.75975012426179,-7.19857393983632],[109.75896794810825,-7.198445839802634],[109.7584981883697,-7.197913418484012],[109.75868268527495,-7.197528996877428],[109.75877578648706,-7.196195922460858],[109.75900055536546,-7.1955089391035685],[109.75861545703992,-7.194189947790895],[109.7585463748959,-7.19299059748258],[109.76033703098128,-7.191689978597354],[109.76078574981322,-7.191173167293886],[109.76122386004405,-7.191033056929809],[109.76156067226461,-7.190638954514844],[109.7628409808689,-7.190580480634625],[109.76330833238158,-7.1902916868400855],[109.76345449066189,-7.190009376935876],[109.76363164896865,-7.188114116925222],[109.76332902979115,-7.187111368165204],[109.76369085100957,-7.186224887893442],[109.76346685830381,-7.185461863990951],[109.7630998514575,-7.185077317585201],[109.7634827627216,-7.183934086652554],[109.76291919351826,-7.182952963878737],[109.76261834769346,-7.1819763170931905],[109.76235948366957,-7.181747233171284],[109.76187197802913,-7.1818724871033535],[109.76175772089984,-7.182197436369395],[109.76206486821907,-7.183255429437234],[109.76255001610494,-7.184083083528335],[109.76211146461627,-7.185197708641537],[109.76218861401962,-7.185517403671829],[109.76277238505655,-7.186161263981948],[109.76241100472882,-7.18697059034704],[109.76272735700132,-7.18824098948648],[109.76257666618739,-7.189709745932764],[109.76115146818948,-7.189801955152699],[109.7578108788613,-7.192452653386675],[109.75762311791222,-7.192856233848207],[109.75784410981291,-7.194787146240342]]]}},{"type":"Feature","properties":{"waterway":"stream","name":null},"geometry":{"type":"Polygon","coordinates":[[[109.74532129200557,-7.1859030064854945],[109.74502634855259,-7.186089684249792],[109.7449161731052,-7.186416018422442],[109.74507084750472,-7.18672406535726],[109.74539976585588,-7.186833375160133],[109.74644983519741,-7.186323109205769],[109.74822013449861,-7.1859065428570235],[109.74876382537737,-7.185546148304146],[109.749323936317,-7.185476704818986],[109.74978664782596,-7.184994915385373],[109.75037417499918,-7.185261042315689],[109.75107756985673,-7.185314405939459],[109.75159356611813,-7.185213925249806],[109.75181531127234,-7.184765334077118],[109.75148244543362,-7.1843904085264105],[109.75074915777876,-7.184418592566605],[109.74942308176594,-7.1840377389965955],[109.74895533440656,-7.184596224818563],[109.74836703939252,-7.184726436869068],[109.74802577441264,-7.1850220894444865],[109.74621526767612,-7.185452423473633],[109.74532129200557,-7.1859030064854945]]]}},{"type":"Feature","properties":{"waterway":"stream","name":null},"geometry":{"type":"Polygon","coordinates":[[[109.74169884156,-7.184619284905352],[109.74218823365239,-7.18488483054332],[109.74254930584361,-7.1856355880142635],[109.7433275592751,-7.185995061373195],[109.74388010914815,-7.186698916010915],[109.74475497408375,-7.186664178803737],[109.7459734280335,-7.186992691501516],[109.74659602123674,-7.187347506140394],[109.74712754382095,-7.187270629211388],[109.74748650689979,-7.187506614285539],[109.74809586939313,-7.187434661661033],[109.74831098885423,-7.187176072762451],[109.74854960246063,-7.187809603080601],[109.74915329076913,-7.188379260036385],[109.7494973527787,-7.188423050295309],[109.74977185086064,-7.188212638155775],[109.74970844939224,-7.187587753308253],[109.74875614147842,-7.186269645137591],[109.74811292852166,-7.186155184788964],[109.74759894297974,-7.18638607107676],[109.74705278901065,-7.186242364340538],[109.74664288057444,-7.186326257614543],[109.74572205792026,-7.186078396915765],[109.74487470413071,-7.185644289175262],[109.74443125257147,-7.185733293366938],[109.74388011495377,-7.185263676496137],[109.74323706255782,-7.184976003244895],[109.74279059708341,-7.184079770304045],[109.74187994834615,-7.183737747766189],[109.74153772489585,-7.183793937216365],[109.74133578242927,-7.184073757992918],[109.74139241624886,-7.184413295090592],[109.74169884156,-7.184619284905352]]]}},{"type":"Feature","properties":{"waterway":"stream","name":null},"geometry":{"type":"Polygon","coordinates":[[[109.7214092494993,-7.168236176857543],[109.72217265587526,-7.169105969086312],[109.72286199665773,-7.169267434909586],[109.72331936353767,-7.169086030348072],[109.72397531341188,-7.169696121475486],[109.72605066141867,-7.170725759795054],[109.72689308947092,-7.170697709738539],[109.72738649848746,-7.170450720004389],[109.72802439467524,-7.170840072203846],[109.72844343468209,-7.171890284442487],[109.7292567273503,-7.172771305804701],[109.72952142550871,-7.173643358993603],[109.73006931735218,-7.174260947161736],[109.73014804143365,-7.176082849441587],[109.72993096170511,-7.176571472606957],[109.73032937985195,-7.17805938537086],[109.73029783831011,-7.179126672883638],[109.73093959608744,-7.179633955630259],[109.73060104174981,-7.180097171621901],[109.73061592303405,-7.180405585495958],[109.73100288234114,-7.180966913471961],[109.73125539148022,-7.182063746954704],[109.73166070880333,-7.182588506049237],[109.73188595774052,-7.183641454361062],[109.73224490252503,-7.183905057745883],[109.73231502266567,-7.184573174638315],[109.73264595454512,-7.184872761078776],[109.73337651298145,-7.18485207317572],[109.73412167309085,-7.185182091201389],[109.73489678327827,-7.185209477388327],[109.73568320005499,-7.185476960181343],[109.73599983161749,-7.18534902521487],[109.73613546297567,-7.185080626874634],[109.73655384244736,-7.1851346160837535],[109.73684852281482,-7.184982978269],[109.73702517230718,-7.1845307586535965],[109.73730088122586,-7.184593166366598],[109.73756631582718,-7.185112381237803],[109.73822590014491,-7.185242760181748],[109.73855974247684,-7.185183012788833],[109.73930001163802,-7.184686473680039],[109.73962029740044,-7.183930308048406],[109.74048657724929,-7.1837207731529675],[109.74068315939651,-7.1839041709374225],[109.7407473148551,-7.184478155030481],[109.74115486586781,-7.18470091925805],[109.74197945665424,-7.184578100733043],[109.74326646336091,-7.184901963779177],[109.74474302755857,-7.184677260183413],[109.74540296054028,-7.184899473733554],[109.74590750022773,-7.184868869101208],[109.74654835776144,-7.1841273665078305],[109.74672199737573,-7.183096975997856],[109.74710607551529,-7.183014656281817],[109.7478417160525,-7.18354343100808],[109.74840341501552,-7.183562984624196],[109.7487845071569,-7.183265022501308],[109.74889194799626,-7.182779635562279],[109.74935090826224,-7.182715342206445],[109.74977878360997,-7.182211130885398],[109.7507222296382,-7.181994844648108],[109.7516051955108,-7.181128834941435],[109.75256885086878,-7.181073706815254],[109.7528736823128,-7.180771261436657],[109.7530237272359,-7.180191195483366],[109.75351138361656,-7.180320019948472],[109.75399347795812,-7.180241440498171],[109.75430081840327,-7.179904702941042],[109.754251377302,-7.179194261002725],[109.75481713043371,-7.178633922238331],[109.75474437967458,-7.178014873344156],[109.75526815911087,-7.178063774073826],[109.75591942155587,-7.177725736109518],[109.75636650882618,-7.177021141283576],[109.75751842996772,-7.176791524763313],[109.75803303431894,-7.176281494907335],[109.75959031326431,-7.177099939441038],[109.75992237554439,-7.177000448557113],[109.76008627255361,-7.176697134031606],[109.75984944180544,-7.176256200595577],[109.75797599751388,-7.175327445016219],[109.75755754472222,-7.175464222494089],[109.75709575365777,-7.17599100427404],[109.75568428623373,-7.176354132283277],[109.75538576477808,-7.1769393356611],[109.75503231616666,-7.1771549648330994],[109.75443887613194,-7.176926742897702],[109.75402081936322,-7.177042193519546],[109.75370729791477,-7.177569180404024],[109.75390316927708,-7.178351651316044],[109.75344203315876,-7.178654870956399],[109.75335586220412,-7.179354418879492],[109.75294494258831,-7.179189899862654],[109.75249097000288,-7.179249555024619],[109.75226831023227,-7.179477736107755],[109.7520898335457,-7.180244920949783],[109.75126563980555,-7.1802780268992015],[109.75035029362698,-7.181133811856684],[109.74832085252714,-7.181688444713495],[109.7480761033778,-7.181965779776591],[109.74797588342808,-7.182471067010819],[109.74716753365905,-7.182113486274649],[109.74612213416293,-7.182254491517685],[109.74571653664128,-7.182758464149576],[109.74582441165272,-7.18323803279404],[109.7455545548019,-7.184012622932692],[109.74481719725587,-7.18378061862405],[109.74291694307887,-7.1839422011325285],[109.74182186404981,-7.183619590895616],[109.7410759827261,-7.1827698511026625],[109.74054863228939,-7.182586372431147],[109.73901581886773,-7.183229520543112],[109.73863995240413,-7.1840414729868],[109.7382161033292,-7.184198362489342],[109.73781737689846,-7.183765083337598],[109.73682107667368,-7.183427069054562],[109.73645146059391,-7.1835402515120235],[109.73618029487415,-7.183899643466851],[109.73549599603457,-7.184020960850654],[109.73529703109669,-7.184293169046124],[109.73428697173468,-7.184294400734295],[109.73359281140692,-7.183961237477019],[109.73316822048659,-7.183932205387732],[109.73299660892951,-7.183345112902654],[109.73273765902206,-7.183148157663847],[109.73246084929917,-7.182136247169586],[109.73211047342161,-7.181750247688883],[109.73162365784346,-7.180241995794157],[109.73187826791535,-7.179939937053901],[109.73186438108567,-7.179385373068214],[109.73164737583717,-7.179026546840651],[109.73118503383216,-7.17874163226942],[109.73122613529195,-7.177800947373397],[109.73090807818667,-7.17661145935451],[109.73109116148812,-7.175426948539188],[109.73093788366171,-7.173983525147795],[109.73069392899215,-7.173509695776777],[109.73033982244357,-7.1732240736845565],[109.73027215716914,-7.17273203860204],[109.72931729379941,-7.171491604772718],[109.7287392999466,-7.170279505242833],[109.72755743384215,-7.1695583191248575],[109.72642224844533,-7.169877041321593],[109.72501645636032,-7.169073704906295],[109.72438461974606,-7.168887405449648],[109.7239725246069,-7.168437579541914],[109.72339144355566,-7.168148784886786],[109.72254655468038,-7.168283811447358],[109.72209830032911,-7.167592196928135],[109.72169997175054,-7.167320423849769],[109.72118610606306,-7.16736240652442],[109.72087752516437,-7.167746745076078],[109.72097436327752,-7.168077216024137],[109.7214092494993,-7.168236176857543]]]}},{"type":"Feature","properties":{"waterway":"river","name":"Sungai"},"geometry":{"type":"Polygon","coordinates":[[[109.8204891395247,-7.417129990542501],[109.82127958402923,-7.41767713092368],[109.82196399340795,-7.417822230336373],[109.82464136531509,-7.41646002104639],[109.82621204111378,-7.416763603389845],[109.8266401789109,-7.416515598867871],[109.82673988726269,-7.416247848937998],[109.82658074717726,-7.415479495491771],[109.82757736991218,-7.414747194513992],[109.82776266155376,-7.413176463688104],[109.8285103613718,-7.411608535946615],[109.82870490436878,-7.410777511420159],[109.82862076455348,-7.410422661506622],[109.8281655214633,-7.40993307439169],[109.8285613168839,-7.408570972653774],[109.82852184040725,-7.408046478261641],[109.82816828089466,-7.407704851421048],[109.82744247136407,-7.407489066401528],[109.82686046694474,-7.406920259979559],[109.8265091270163,-7.405902864033634],[109.82675594089591,-7.405603512334124],[109.82765023257407,-7.405535824123278],[109.82831291909817,-7.40516961170016],[109.82855643231206,-7.403495225119214],[109.82879594543299,-7.403489035250602],[109.82954585695289,-7.404201149470089],[109.8302125488449,-7.4040865168708265],[109.83061514367739,-7.40384406983972],[109.83083461516651,-7.403110819538231],[109.83194324042944,-7.403009534104279],[109.8328962535016,-7.402492254438131],[109.83350369619089,-7.401734709066217],[109.83368688715267,-7.400749005642765],[109.83575371991239,-7.400693088100527],[109.83703242227004,-7.39990657631258],[109.83888568653816,-7.400195709231465],[109.83924998332421,-7.399849997685723],[109.83949543426262,-7.398358167390308],[109.84036800809403,-7.398331621721555],[109.84147593042115,-7.397504273602637],[109.84217472367324,-7.397249855477685],[109.84376550005418,-7.3975921601785295],[109.84435482054322,-7.3972387452806565],[109.8444597602904,-7.3967953971927525],[109.84399701717761,-7.395444888151638],[109.84384575764933,-7.394126576508103],[109.84298457201258,-7.393440428578474],[109.84188031858598,-7.393036270662108],[109.84157519757285,-7.39249734035786],[109.84125864818508,-7.392286380937823],[109.84135429083045,-7.391464793127551],[109.84170284156102,-7.391227753206967],[109.84195320290024,-7.390674294562888],[109.8418229065419,-7.389918933801189],[109.84241090798706,-7.389779808237732],[109.84255579859037,-7.389467083675384],[109.84243527015997,-7.389144351822146],[109.8413253397962,-7.3887139639630135],[109.84069136389851,-7.388955575529192],[109.84059858042654,-7.3895143740611235],[109.84107609110563,-7.3904310393313635],[109.84041132226464,-7.3910809040784065],[109.84033094725488,-7.392650323123737],[109.84089173334037,-7.393121756108829],[109.84140640996954,-7.3938420555759015],[109.84205819123895,-7.393988674498212],[109.84300125351302,-7.394507673461288],[109.84312633037574,-7.39570033428164],[109.84346875155744,-7.39653737585163],[109.84199011019716,-7.396367554127486],[109.84093871943706,-7.3967730010040915],[109.84003282495983,-7.397493670756458],[109.83974006625364,-7.3972744929809515],[109.83925142906597,-7.397259376682487],[109.8386695697647,-7.397982005968101],[109.83845578791531,-7.3991861999344515],[109.83690181159807,-7.399012874777066],[109.83551802217718,-7.399819889354903],[109.8341353378988,-7.399919220120489],[109.83334436770977,-7.399811706187084],[109.83284942113134,-7.400386503012074],[109.83263213971844,-7.401418019990873],[109.83224709197685,-7.401861601641596],[109.83173312122074,-7.402129662503191],[109.83023123512012,-7.402397631042796],[109.82989588361177,-7.402855079930016],[109.82983639014851,-7.403224219367088],[109.82883449927908,-7.402538963258591],[109.82831275688159,-7.402579374042511],[109.82793766516997,-7.40282583040503],[109.8275961055689,-7.403451807591157],[109.82754704537523,-7.404608129129637],[109.82634225092029,-7.404797789115218],[109.82585107761722,-7.405153313966585],[109.82561209835615,-7.405766593263758],[109.82562732979646,-7.406354806426271],[109.82609560278256,-7.4074105144171405],[109.82700299327418,-7.408280603572489],[109.82765276248068,-7.408485686335566],[109.82724766225265,-7.410005815417171],[109.82778384643044,-7.410967451236397],[109.82690322392372,-7.412885118037454],[109.8267635617587,-7.4142750607065055],[109.82578902100099,-7.415003861716613],[109.82572068862976,-7.415772142326011],[109.82512406433978,-7.41557687847424],[109.82444119160128,-7.41558063628899],[109.82186723729667,-7.416917187156691],[109.82064462100656,-7.416090931912709],[109.82025569828357,-7.416060597549196],[109.81878212365021,-7.417535955763585],[109.81876200919422,-7.418035193087254],[109.81904265139153,-7.418237666519749],[109.81938547415318,-7.4181840535224195],[109.8204891395247,-7.417129990542501]]]}},{"type":"Feature","properties":{"waterway":"stream","name":null},"geometry":{"type":"Polygon","coordinates":[[[109.72288914184094,-7.236210998953373],[109.7230186965383,-7.236518209580587],[109.72335603028708,-7.236736808427251],[109.72519844158185,-7.2369737425764935],[109.72617696313536,-7.236841161364675],[109.72643287622137,-7.236564870089591],[109.72725637920435,-7.2363356244398815],[109.72748604795245,-7.235890961764664],[109.72725048800082,-7.235516357025812],[109.72693355073471,-7.2354097882247395],[109.72512174223664,-7.236069888953345],[109.72443505975865,-7.2358244181419655],[109.72384078264558,-7.235916767864663],[109.7234995765944,-7.235333156929629],[109.72294702825269,-7.2353127265792585],[109.72236446726639,-7.234801178843991],[109.72202486389985,-7.234871473643417],[109.72183483266055,-7.23515940342023],[109.72190569145172,-7.235496303021534],[109.72241438700027,-7.236053966470515],[109.72288914184094,-7.236210998953373]]]}},{"type":"Feature","properties":{"waterway":"ditch","name":null},"geometry":{"type":"Polygon","coordinates":[[[109.73916815330128,-7.382663455447887],[109.73835584872538,-7.382691269407186],[109.73777270768556,-7.382454010657651],[109.73570930596762,-7.380896586661266],[109.73536670165713,-7.380809825130561],[109.73506545169575,-7.380993439792117],[109.73373018107925,-7.383945504009061],[109.73372109435375,-7.384289541015225],[109.73413252803431,-7.384577906021761],[109.73445651227387,-7.384454573767478],[109.73561592257632,-7.381956267987443],[109.73727089430648,-7.383205414460156],[109.73810189892966,-7.383560010372564],[109.73953430804117,-7.3835209645372855],[109.74024102145881,-7.382836067079512],[109.74023665556143,-7.382479121578991],[109.73984977614595,-7.381620672634917],[109.74023187529427,-7.381648838057818],[109.74051980455897,-7.3814567239780855],[109.74058642073662,-7.38111896933982],[109.74039270140089,-7.380833426315439],[109.73958463915676,-7.380641802494198],[109.73912132156362,-7.3808322106318345],[109.73893324042807,-7.381767408730568],[109.73927881194015,-7.38255777005074],[109.73916815330128,-7.382663455447887]]]}},{"type":"Feature","properties":{"waterway":"river","name":"Serayu"},"geometry":{"type":"Polygon","coordinates":[[[109.69655121866754,-7.386634425419162],[109.69702403918727,-7.386635105343466],[109.70089564805721,-7.387887437121069],[109.70384567706576,-7.3882966526296405],[109.7046893387862,-7.387972721415603],[109.70485682542832,-7.387155758527576],[109.704058424977,-7.386120858161169],[109.70220124145486,-7.385200792112316],[109.70236323450852,-7.384927121257581],[109.70274147041887,-7.3847777214410595],[109.70325852606298,-7.384815322693744],[109.70645853281282,-7.38589966125246],[109.70938476539435,-7.387150152441419],[109.71000864395457,-7.387237153042207],[109.71081411206359,-7.387140927162368],[109.71281709999879,-7.386234602007558],[109.71368682326118,-7.386173674691847],[109.71445353279219,-7.386234954021494],[109.7164992077769,-7.38692331557597],[109.71724708745978,-7.386912728627005],[109.71807888799822,-7.386566027305975],[109.72057598753888,-7.384580911655293],[109.72076658994061,-7.3846515535139545],[109.72301353646051,-7.387548628966104],[109.72428576945954,-7.388228673171768],[109.72492144182922,-7.388190573399635],[109.72554053955322,-7.387946462247061],[109.72754460384361,-7.386136200452013],[109.72835799590001,-7.385791567969959],[109.72898748272033,-7.385830747612434],[109.73003293941831,-7.386173173112963],[109.73310570552123,-7.3880262968681745],[109.73412077353832,-7.388433864635634],[109.73446777695288,-7.388429119984231],[109.73474188137766,-7.38800990059177],[109.73445622614544,-7.387598335302116],[109.73354438082698,-7.387238295126586],[109.73045989578097,-7.385378104641296],[109.72910260104301,-7.384936822796318],[109.7282019456874,-7.384892963285768],[109.72711585716587,-7.385339898140639],[109.72510445941995,-7.387154365061294],[109.72443425018986,-7.387327656537581],[109.72363373618337,-7.386890672144585],[109.72143884389803,-7.384041478440545],[109.72082287957632,-7.383695346512739],[109.72018402016833,-7.383754602137823],[109.71760976990323,-7.385795214055888],[109.71704547276077,-7.386034049104936],[109.71671219983101,-7.386045305957834],[109.71470379372221,-7.3853694850529354],[109.71369714700855,-7.385274076654624],[109.7125871366661,-7.385362882314474],[109.71047482541668,-7.386302144218927],[109.71006188322201,-7.386338298339464],[109.70349650839451,-7.3839455940775895],[109.7026015337919,-7.38387728698455],[109.70194382364753,-7.384124755636932],[109.70152809274296,-7.384478324864351],[109.70126152229932,-7.385073153002473],[109.70133526497787,-7.38549399605303],[109.70189831499063,-7.38615624313887],[109.70351279967183,-7.386853709946407],[109.70392290333452,-7.3873272345233625],[109.7010780898944,-7.387004920932774],[109.69725041150602,-7.385763550607906],[109.69663798191452,-7.3857001510357545],[109.69582289930729,-7.3860188068995924],[109.69559073398688,-7.386718074424919],[109.69594580577633,-7.3873309297859695],[109.6976089237384,-7.388627257057218],[109.69756907499364,-7.389028258893784],[109.69739637058841,-7.389125354149024],[109.69695366653566,-7.389064056636248],[109.69468432594937,-7.3876816525864495],[109.69388140993328,-7.387484142010719],[109.69317491694707,-7.387797913863795],[109.69230878372726,-7.389160537530427],[109.69190943460265,-7.389524793820124],[109.69056048002392,-7.3899052044845615],[109.68897101325953,-7.389841510694702],[109.68571537704665,-7.388321420839053],[109.68473814934346,-7.388252282136963],[109.68385487387734,-7.3890819991419665],[109.68371995894566,-7.391162241789972],[109.68260466572066,-7.391408697193194],[109.68197441929215,-7.392069086775341],[109.68197555802291,-7.392413239914248],[109.68222175604204,-7.392655794350556],[109.68256879388646,-7.392654664756244],[109.68308939735722,-7.392183553098508],[109.68431075507374,-7.391938333613415],[109.68461947366097,-7.39130828768212],[109.68469315643704,-7.389479541641783],[109.68505695279363,-7.38913851924997],[109.68537809397888,-7.389161465335682],[109.68737572393215,-7.390199680038333],[109.68870665376619,-7.390703917448246],[109.69060629998886,-7.390804024644003],[109.69168527097678,-7.390616048195267],[109.69247055283081,-7.390234857727492],[109.69304551489138,-7.389688444227976],[109.69392167706195,-7.388393011849766],[109.69655977490619,-7.389879548530062],[109.69761904901584,-7.390021696777002],[109.69838729846971,-7.389456588014589],[109.69852680974807,-7.388903624639457],[109.69845825556949,-7.388198358121988],[109.69655121866754,-7.386634425419162]]]}},{"type":"Feature","properties":{"waterway":"river","name":null},"geometry":{"type":"Polygon","coordinates":[[[109.73428715826289,-7.387169146355547],[109.73384126432867,-7.387942060748459],[109.73391946458028,-7.388277364350184],[109.73421384108431,-7.38845962282448],[109.734673121458,-7.388254231818075],[109.7352115488484,-7.387169464506065],[109.7345892458228,-7.384041365122047],[109.73439689589503,-7.383754912227355],[109.73405663759807,-7.383687243276093],[109.73376778920205,-7.383877997733976],[109.73369955400206,-7.384215434437672],[109.73428715826289,-7.387169146355547]]]}},{"type":"Feature","properties":{"waterway":"ditch","name":null},"geometry":{"type":"Polygon","coordinates":[[[109.74021628325143,-7.380766055350245],[109.73979806100421,-7.3809150939108745],[109.7397374158064,-7.381411096549366],[109.74059845605609,-7.381829853948166],[109.74094921072778,-7.381801429886154],[109.7411907242668,-7.3813555078573465],[109.7410830342533,-7.380341359504425],[109.74261815336676,-7.379844820303328],[109.74278554350563,-7.379543348132139],[109.7426889527192,-7.37921279284922],[109.7419992387301,-7.378806583648957],[109.74168872483213,-7.378978620935458],[109.74156547716048,-7.379304364535991],[109.74031793435147,-7.37963520711175],[109.74013921045537,-7.379949205225976],[109.74021628325143,-7.380766055350245]]]}},{"type":"Feature","properties":{"waterway":"canal","name":null},"geometry":{"type":"Polygon","coordinates":[[[109.7429879463111,-7.387784406514771],[109.74242644761262,-7.387160294957228],[109.74208487543785,-7.3872211212833685],[109.74188671787466,-7.387503655174183],[109.74222465287923,-7.388269992557694],[109.7428156539895,-7.3889397054533195],[109.74315722719658,-7.3888788774915835],[109.74335538365575,-7.388596342413875],[109.7429879463111,-7.387784406514771]]]}},{"type":"Feature","properties":{"waterway":"river","name":null},"geometry":{"type":"Polygon","coordinates":[[[109.6493875258426,-7.376605601070431],[109.64937000320015,-7.377086749707514],[109.64982385372633,-7.377303663076127],[109.65020424981859,-7.377056924595231],[109.65036761281395,-7.37664229977122],[109.65092129942595,-7.376630420074387],[109.65230943344446,-7.375958778989545],[109.65252042054009,-7.375608566565141],[109.65254620037352,-7.375068530502808],[109.65199015480093,-7.374307742927145],[109.65281952093106,-7.373412566650813],[109.6533271992868,-7.37389507270031],[109.65372692756063,-7.373984616911269],[109.65497785437303,-7.373279129736951],[109.65509901355988,-7.37432062891332],[109.65529855954313,-7.374637928044092],[109.65567683165735,-7.374844269513506],[109.65609597930538,-7.374775687953895],[109.65656567471758,-7.374259661846721],[109.65811754538106,-7.374304730257394],[109.65892353454905,-7.373484431333897],[109.65916819131047,-7.372184896119098],[109.65893072130275,-7.371933939753058],[109.65843373073938,-7.3720158093888095],[109.65760656264511,-7.37314460551431],[109.65755237527948,-7.3734734179714145],[109.65646636172248,-7.373354820612248],[109.6559511939652,-7.37358571909494],[109.65571968580116,-7.372692108525907],[109.65530072130845,-7.372357753891715],[109.65479608637644,-7.372371722555815],[109.65368358495243,-7.372954565814779],[109.6531134254458,-7.37246309674593],[109.65247179125694,-7.372473701995315],[109.65110673560731,-7.374008388741968],[109.65109036873277,-7.374652365968544],[109.65165999655524,-7.375311935649612],[109.65071642133502,-7.375743393469067],[109.65014079968006,-7.375592145918308],[109.64966839525161,-7.375654977551822],[109.64930868665328,-7.376073151265416],[109.6493875258426,-7.376605601070431]]]}},{"type":"Feature","properties":{"waterway":"river","name":null},"geometry":{"type":"Polygon","coordinates":[[[109.64114907785147,-7.376383660186337],[109.6410991194608,-7.376652139153733],[109.64127239480582,-7.376950322442097],[109.64160752630099,-7.377039659610778],[109.64190819806306,-7.376867818043439],[109.64205598964689,-7.3764251646408985],[109.64242767576312,-7.3760200212857026],[109.64236967649634,-7.37548013966475],[109.64321387388564,-7.375084063432362],[109.64351162407401,-7.374755189974548],[109.64335679270351,-7.374041576241902],[109.64359978120612,-7.37340135284645],[109.6439831085684,-7.373040517024321],[109.64605646666374,-7.372324106573784],[109.64694592336643,-7.372242009886602],[109.64720915479104,-7.37204948366691],[109.64744429245776,-7.3716675860858105],[109.64751896006709,-7.371111247268328],[109.64723169410628,-7.369898560036815],[109.64703160525936,-7.369617373525265],[109.64652797168227,-7.369630111843128],[109.64634259550347,-7.369921047855673],[109.64658501382543,-7.371377881341093],[109.64580189467918,-7.371460035056104],[109.64360595826408,-7.372220103343142],[109.64312043137852,-7.372571527083248],[109.64259796370972,-7.373425932505171],[109.64248792684495,-7.3743803682372535],[109.64179419461342,-7.374701177803746],[109.64150843332772,-7.37501731533679],[109.6414631865489,-7.375633257641631],[109.64124389796193,-7.375861716556738],[109.64114907785147,-7.376383660186337]]]}},{"type":"Feature","properties":{"waterway":"canal","name":null},"geometry":{"type":"Polygon","coordinates":[[[109.60138691499833,-7.38658907178115],[109.60079312779946,-7.385596301735875],[109.60045819559711,-7.3855062088060475],[109.60015712434752,-7.385677371245456],[109.6001226310411,-7.386175834514498],[109.60091108418872,-7.387645528154441],[109.60135040927851,-7.387890110157983],[109.60165978271634,-7.387734183109345],[109.6017673625286,-7.387406981958645],[109.60138691499833,-7.38658907178115]]]}},{"type":"Feature","properties":{"waterway":"canal","name":null},"geometry":{"type":"Polygon","coordinates":[[[109.55083883330299,-7.421098549977735],[109.55246625845005,-7.420300555889491],[109.5536024080087,-7.420046979992038],[109.55503309303276,-7.4192270035497385],[109.55612426031878,-7.4192440066799366],[109.5565526202097,-7.4190970537247845],[109.55978164667401,-7.416923223829116],[109.56103953414363,-7.417257506073077],[109.562608574228,-7.416927281683744],[109.56293053255959,-7.416500520733363],[109.56300919585,-7.415809188447801],[109.56335317336116,-7.415521096294238],[109.56432804057589,-7.416254516864548],[109.56474839950405,-7.416382407918244],[109.56524386926472,-7.4162807377407685],[109.56612214224334,-7.41568455222098],[109.56690217228311,-7.414686728136005],[109.56685874858505,-7.41373277044777],[109.56733610868824,-7.412215108517556],[109.56809662239345,-7.4121742296158795],[109.56956166172678,-7.4108680972689225],[109.56974738401951,-7.410501977417611],[109.56977198043722,-7.410051005946398],[109.5695713276086,-7.409596232392327],[109.56870646191038,-7.408393893198047],[109.56866696356005,-7.407243448849274],[109.56833653901204,-7.405599465787602],[109.56932585773184,-7.40534170820071],[109.57113989120135,-7.40554305996515],[109.57163880618067,-7.4061085182549276],[109.57251945725223,-7.40644644096954],[109.57316745854304,-7.407953476040945],[109.57382813147841,-7.408339572230616],[109.5747751243343,-7.4084951638638135],[109.5757778129705,-7.408455926115759],[109.57690469421706,-7.407942983662538],[109.57708261169284,-7.407668388671135],[109.57711072777884,-7.407072436538848],[109.57678688490951,-7.4064034864357655],[109.57765386639231,-7.406850411801799],[109.57927093567713,-7.406585389294622],[109.5797340942847,-7.406367321344997],[109.58064075033087,-7.405299863785099],[109.5809036274706,-7.4033796173643065],[109.58081780229286,-7.402144534131907],[109.58124823578207,-7.401416236758341],[109.58222865200217,-7.402016653181377],[109.58261931130397,-7.402058570648864],[109.58547342533812,-7.400997203726503],[109.58672107032682,-7.398726149044324],[109.58883069909693,-7.397250419670941],[109.58934417589512,-7.396631015327467],[109.58979932732181,-7.396469748672774],[109.58995086820984,-7.395863191316771],[109.5905699277902,-7.395335554505351],[109.59090809148087,-7.395271046027014],[109.59191248493259,-7.395669771162948],[109.59454193499009,-7.395318516886381],[109.59484341330548,-7.394950897233328],[109.59485167020085,-7.394352467080882],[109.593842777917,-7.392186480997489],[109.59377180756854,-7.391664912973588],[109.59447559023049,-7.38982971689714],[109.59845245917086,-7.3879891911045625],[109.59930137332948,-7.387100737691526],[109.60087523260813,-7.386226569979447],[109.60090907788003,-7.385728063040019],[109.60045761661196,-7.385506283001888],[109.59909132977883,-7.3861447008542],[109.5979082466105,-7.387266885924121],[109.59438770877959,-7.388831698322666],[109.59374173879287,-7.389299558269712],[109.59306188311236,-7.390777416971581],[109.59286484432924,-7.3917245315602935],[109.5929920362357,-7.392505434147286],[109.59396257474616,-7.394537294295327],[109.59197345157455,-7.394769882600715],[109.59113220745414,-7.394393925536573],[109.5901867208562,-7.39451585414225],[109.58915635543944,-7.395376735448697],[109.58904831792248,-7.395771878796407],[109.58824891184311,-7.396558406780803],[109.58609466486526,-7.398074184868621],[109.58526333723783,-7.399416088473252],[109.58493000661281,-7.400272894796972],[109.58247576745259,-7.40111385999521],[109.58156990715008,-7.400566022770167],[109.58070943152453,-7.40064144262032],[109.5799429475098,-7.401837075228832],[109.58000101190336,-7.403276856141388],[109.57979184273454,-7.404943151936073],[109.57918328094864,-7.405649851923102],[109.57781083457087,-7.405940171445077],[109.57704725494888,-7.405460005117323],[109.57639560669274,-7.405504415925916],[109.57586714650502,-7.4061333736526045],[109.5759267943526,-7.406696388719417],[109.57621375317116,-7.407320982870271],[109.57538834854091,-7.407625980069137],[109.57488945938944,-7.407602750979215],[109.57411463811272,-7.407486075098453],[109.57376981828494,-7.407277539733313],[109.57347711901,-7.406246964217743],[109.57315410105409,-7.405789030922584],[109.57209923428167,-7.405329572752523],[109.57158695602338,-7.4047410485741505],[109.56927656081467,-7.404441141886422],[109.56748134996728,-7.40495973327429],[109.56727519758101,-7.405440569198733],[109.56765986400195,-7.406660451654657],[109.56782002262098,-7.408592275825148],[109.5688689237541,-7.410228648355339],[109.56769367534086,-7.411332853942793],[109.56698418236535,-7.411371370082681],[109.56659306909762,-7.411695359367034],[109.5659556829087,-7.413606861872161],[109.56603520943949,-7.4142873656621076],[109.56553054425407,-7.415000464047679],[109.56483948459753,-7.415471860214803],[109.56369984232005,-7.414657982514269],[109.56319268019709,-7.414579549742009],[109.56224084045549,-7.415303770796146],[109.562071268356,-7.4161680681316495],[109.56113220506498,-7.416356651792722],[109.55967194968756,-7.4159785907518065],[109.55617630675823,-7.418278221042069],[109.55483752123781,-7.418344468320633],[109.55326096260606,-7.419212252603501],[109.55186332827259,-7.419591446234199],[109.55020680689405,-7.420415625704096],[109.54968007818798,-7.421160253711905],[109.5474475837504,-7.423187185687081],[109.54730514582775,-7.423501021263572],[109.54742821803168,-7.423822811174452],[109.54774470668144,-7.423964055102369],[109.54806921671151,-7.4238420140977945],[109.55029791148793,-7.421818736557332],[109.55083883330299,-7.421098549977735]]]}},{"type":"Feature","properties":{"waterway":"river","name":null},"geometry":{"type":"Polygon","coordinates":[[[109.64366060242412,-7.340540843591985],[109.6434375313218,-7.340846965944082],[109.64347105769853,-7.341189510830896],[109.64373898227738,-7.341408214143302],[109.64408435838571,-7.341374962224224],[109.64445360152622,-7.341022459952265],[109.64457008168827,-7.340553115718294],[109.64410430394379,-7.338220409629627],[109.64417251166948,-7.337511744931519],[109.64498984786965,-7.336910322671371],[109.64554615500984,-7.337460801778322],[109.64610323853432,-7.33749308680642],[109.64712089831113,-7.336504359745885],[109.64716971125033,-7.335841034045465],[109.64687962211178,-7.335425396272019],[109.6474602542854,-7.3346505916521805],[109.64773169883499,-7.33375189127992],[109.6476098032166,-7.331993594488359],[109.6483368308177,-7.331168052996583],[109.64895012577095,-7.330760549180189],[109.649181986616,-7.329531055271457],[109.64968934287502,-7.328807637186831],[109.6492790335754,-7.328038959349624],[109.64739728220047,-7.326872446767257],[109.64714519309581,-7.325937461154158],[109.6475313806225,-7.325405853312144],[109.64753660596706,-7.324857572968548],[109.64630196617084,-7.322635696744433],[109.6467685180295,-7.321496229231],[109.64696141066408,-7.3201243584365745],[109.64687744284286,-7.3197482767689985],[109.64649519418566,-7.319350694347773],[109.64576998737324,-7.319159101280414],[109.64379776013743,-7.319226942659441],[109.64379919027678,-7.3186154434167205],[109.64455711227006,-7.317214264321407],[109.64450886768681,-7.316122960213551],[109.64512463637828,-7.315964131855067],[109.6454645799889,-7.315258213191185],[109.64528474886218,-7.3139504701045945],[109.64563798128933,-7.313152492158715],[109.64552526569985,-7.312827002200018],[109.64521352029203,-7.312675899528446],[109.64477818491655,-7.312927274497144],[109.64439098985237,-7.313777069584258],[109.64454930233231,-7.315149986793769],[109.64393334124007,-7.31533902281709],[109.64362165781294,-7.315728351402275],[109.64365349404522,-7.317109757533539],[109.64294429504585,-7.318314620110984],[109.64287894339236,-7.319414270302539],[109.64313486315496,-7.319843257499029],[109.64356402889013,-7.320096195224753],[109.64559072604042,-7.320041912003915],[109.64603328201193,-7.320154340790982],[109.64587253610782,-7.321340668556725],[109.64539781650797,-7.322711862526686],[109.64579758857595,-7.323787387489408],[109.64665652616573,-7.325157333585715],[109.64636229090908,-7.325446271898313],[109.6462132442225,-7.32592292727321],[109.64650881758651,-7.327081852797854],[109.64701102117418,-7.327743857002369],[109.64865846799422,-7.328696698890203],[109.64827554991052,-7.3293445318074415],[109.64817348135959,-7.330267972447272],[109.64760611944949,-7.330620344610458],[109.64674748504414,-7.331708871074978],[109.64665270643354,-7.3321176510942205],[109.6468354389926,-7.333594909905674],[109.64667594445667,-7.334186854921728],[109.64566480862699,-7.335327162583658],[109.64577030916008,-7.335763170671474],[109.6462931285935,-7.336112794482344],[109.64590501811236,-7.336555211280374],[109.6453072781966,-7.336034384994953],[109.64457775903998,-7.3360689754674],[109.6435208067291,-7.336881795594037],[109.6431935405044,-7.337397323638727],[109.64319054979806,-7.338273080538252],[109.64366060242412,-7.340540843591985]]]}},{"type":"Feature","properties":{"waterway":"stream","name":null},"geometry":{"type":"Polygon","coordinates":[[[109.63492512117256,-7.2291401985035355],[109.63489013967296,-7.229653172455537],[109.63525201388984,-7.230414976928608],[109.63598471341261,-7.2311527910276645],[109.6369310259253,-7.231473890454226],[109.6380864515295,-7.232913742843044],[109.6384960818531,-7.233036554899705],[109.63911363454508,-7.232960061226508],[109.6397988113866,-7.233467790541373],[109.64198405427207,-7.234513242881424],[109.64261079611217,-7.234515356951617],[109.64377242678178,-7.23489304691159],[109.64447787519835,-7.2348890602080544],[109.64473779510168,-7.235265495358036],[109.64564800812225,-7.235863743969515],[109.64526171974816,-7.237018433647438],[109.64477527669601,-7.237420188318496],[109.64449034798716,-7.238183625329855],[109.64455630954174,-7.238948661332223],[109.64499207308796,-7.239705722609199],[109.64489341308705,-7.24005380640568],[109.64501998844655,-7.2407945128314],[109.64400986775878,-7.24187643985255],[109.64349029132059,-7.241938259210008],[109.64308630356709,-7.242380858634081],[109.64291470330386,-7.243540084201718],[109.64323420593865,-7.244284374880039],[109.642774657859,-7.244666670475688],[109.64274466429285,-7.2453532356152754],[109.64230359188792,-7.245697489586997],[109.6419082649998,-7.246661901583174],[109.64217455384819,-7.247528459958379],[109.64188333946623,-7.248310448919711],[109.64221091649874,-7.249303020118032],[109.64067624241156,-7.249969713244555],[109.64034411268767,-7.250503631269615],[109.64018908790801,-7.2512649898269315],[109.6403690414785,-7.251820125405765],[109.64064554873836,-7.2520994969677535],[109.6416859081622,-7.252466770437964],[109.64172192002147,-7.253167761228258],[109.64253785752896,-7.254294026318643],[109.64369123057648,-7.254817326090332],[109.64368868124889,-7.255458455241199],[109.64393498530967,-7.25601872588787],[109.64432192086208,-7.2563622531110425],[109.64492976224666,-7.256523572507019],[109.64512733447346,-7.257838139652222],[109.64356645455649,-7.258420910314113],[109.64326409585574,-7.258772406703234],[109.6427040604246,-7.260282039126756],[109.64166476731161,-7.2607159987404195],[109.64089919667843,-7.260807244099414],[109.63995287646296,-7.261255379545521],[109.63911628682985,-7.261309331658632],[109.63872940119275,-7.261506084309109],[109.6384830606406,-7.262022114320686],[109.6385534048859,-7.263123357481884],[109.63789216597074,-7.2627783022535155],[109.63718094905256,-7.262948014045514],[109.636495923222,-7.263721244241527],[109.6362997345293,-7.264616159656654],[109.63640745217096,-7.265744255136314],[109.63674667398188,-7.266320921887383],[109.63836566789004,-7.268032712147561],[109.63774419963231,-7.268696235994664],[109.6378287119677,-7.269226740806732],[109.63842166674604,-7.2697247930451345],[109.6395800500792,-7.270249367139769],[109.64002219474784,-7.270874676265486],[109.63948515122568,-7.272135722468667],[109.64005092801592,-7.273934115057386],[109.64043608693449,-7.274436252648834],[109.64135704065433,-7.274944932862841],[109.6409614912743,-7.2755689402960275],[109.64116168467991,-7.27644481920375],[109.64044054875978,-7.27656136782447],[109.6397113403868,-7.27635166589413],[109.63921722059719,-7.276655596407809],[109.63882380724961,-7.277253732041447],[109.63894472161911,-7.278075811284384],[109.63837590087957,-7.278491106357248],[109.63792958371175,-7.279311523743657],[109.63781664042574,-7.280458986554188],[109.63809725408605,-7.281275525969551],[109.63827152343367,-7.282633470933436],[109.63855402760746,-7.283012836910261],[109.63809442221137,-7.283166166811982],[109.63774780513158,-7.283593697807175],[109.63720724896667,-7.285044776387299],[109.63724038606604,-7.2854592766471065],[109.63808475021268,-7.286202093542157],[109.63816381805482,-7.288016782496869],[109.6389409883958,-7.289317326202487],[109.63968698186353,-7.289754207907038],[109.63952926692555,-7.29034412994851],[109.63965414731283,-7.290697312703345],[109.64008976555077,-7.291174248066106],[109.64073464686935,-7.291304749080013],[109.64084353947965,-7.291624083945274],[109.64072080369404,-7.29315781229729],[109.6405156716213,-7.29376189977547],[109.64075728458906,-7.29458867509799],[109.6402413822883,-7.295237018890828],[109.6401662329441,-7.295656040195091],[109.64032122883445,-7.29611589600834],[109.6407146356628,-7.296505113901548],[109.64152163786443,-7.2969312265352855],[109.64260851187774,-7.296996874264388],[109.6429607571472,-7.297301624783244],[109.64315935491624,-7.297681959576751],[109.6434101348834,-7.299125122413691],[109.64325696523571,-7.300072599771818],[109.64347383908675,-7.301321330128711],[109.64414549120205,-7.301913599834417],[109.64435577835906,-7.3025395300288345],[109.64480009253819,-7.302848453463705],[109.64530682771449,-7.304301572965322],[109.64623698484522,-7.304913390021627],[109.64800975848597,-7.306739074529327],[109.64780559182572,-7.307751376007099],[109.64707500275046,-7.309097268013906],[109.64687059531792,-7.310705459644793],[109.6451258063093,-7.3121099021162275],[109.64483901248185,-7.312588408128361],[109.64481457942212,-7.313383237277667],[109.64528437140669,-7.313563536106194],[109.64556826167153,-7.313365659974966],[109.64577229586965,-7.312747960912037],[109.64767432753966,-7.311128860229038],[109.64794802918404,-7.309345493189435],[109.64869494725735,-7.307929114246962],[109.64887457621187,-7.306379451420211],[109.6469023892414,-7.304285359793884],[109.64606327340181,-7.303772016025077],[109.64554581871435,-7.302290762829029],[109.64509163665264,-7.301938090137206],[109.64481483756407,-7.301290504925604],[109.6443046883747,-7.300909617861129],[109.64416363474578,-7.300054324064169],[109.64430238860112,-7.2989387776140555],[109.6440384180313,-7.297461476279277],[109.64374436250905,-7.296841742964508],[109.64299539942948,-7.296176862391136],[109.64180557637206,-7.296054894990833],[109.64108367495965,-7.2956219691612105],[109.6416775178357,-7.294896263756198],[109.64166790430707,-7.29437255121975],[109.64143386074593,-7.293774446685848],[109.64164801085492,-7.293089011735112],[109.64174288721013,-7.291472780249269],[109.64134887441463,-7.290613780864548],[109.64054396603923,-7.290375567273115],[109.64056122611379,-7.289436643080733],[109.64007326233119,-7.2888116415204705],[109.63965906083065,-7.288732799173987],[109.63909680229305,-7.287919584993724],[109.63905294004802,-7.28615569987364],[109.63879228128577,-7.285597925969489],[109.63812567270575,-7.2851413963716665],[109.63854625713886,-7.284022843784113],[109.63918993509061,-7.2838476105156476],[109.63956538625862,-7.283364707586114],[109.63955775227777,-7.282817981090542],[109.6391356746993,-7.282322429943109],[109.63905522763704,-7.281979674341413],[109.63901186505088,-7.28122740985507],[109.63870789430494,-7.280288307543636],[109.63877501995549,-7.2796410152530235],[109.63912700052705,-7.2790058856557005],[109.63980381423892,-7.27848679667532],[109.63975171216858,-7.277444688063287],[109.63987034721977,-7.277308289277763],[109.64079239067046,-7.277550635577349],[109.64189871765227,-7.277175178817127],[109.64207179878608,-7.276742483497011],[109.64193165034801,-7.275817006881546],[109.64229572734418,-7.275389068673116],[109.64236110937891,-7.274962399774915],[109.64200209268395,-7.2743063150501985],[109.64087327161627,-7.273537584572934],[109.64073448922983,-7.27275806578086],[109.64041076539111,-7.272177813032785],[109.64090150533531,-7.271167690517967],[109.64089024156658,-7.270598409623911],[109.64066280337055,-7.27013019302261],[109.63980314521751,-7.269267129852158],[109.63888655369344,-7.268944179030331],[109.63927721792915,-7.2683433796786465],[109.6392500388439,-7.26773565062634],[109.63811777545958,-7.266316553822586],[109.63760118357365,-7.26593731462284],[109.6372771970764,-7.265422881116218],[109.63721001267955,-7.264679908509861],[109.6372761860038,-7.264179524957033],[109.63771572543925,-7.26367572948617],[109.63849373379611,-7.264036097733471],[109.63888052157697,-7.264054927577385],[109.63923681685614,-7.263874461271739],[109.63948556765197,-7.26303292099523],[109.63938389654413,-7.262243762602771],[109.64234305797751,-7.261442793556264],[109.64326544077115,-7.26100906276633],[109.64377015154291,-7.260193090828111],[109.64416151005553,-7.259109391863954],[109.64525711410381,-7.25881101532747],[109.64596388730594,-7.258231823936937],[109.64608365210381,-7.257480396258745],[109.64567258010315,-7.256007116201241],[109.64518276450724,-7.2555169270285935],[109.64466008624586,-7.255471077519296],[109.64460201929305,-7.254633568645508],[109.64437823926728,-7.254220774828772],[109.64375803001774,-7.25378906628936],[109.64315287582173,-7.253603056216819],[109.64256755452085,-7.252760588579725],[109.6426374275837,-7.252341314462087],[109.64246435435648,-7.25197036224584],[109.6419351221483,-7.251532007864786],[109.64109940649476,-7.251213770849446],[109.64127176437971,-7.250673507272518],[109.64179754150837,-7.250378519568672],[109.64263600576551,-7.25019148480675],[109.64306425938902,-7.249631434425927],[109.6431049324533,-7.249043906972555],[109.6428159136447,-7.248295693719983],[109.64316389316305,-7.247516195850831],[109.64286669869983,-7.246828839374211],[109.64314968037634,-7.246200199774129],[109.64363580510796,-7.245810026934366],[109.6436294589584,-7.2451550722846925],[109.64409664924251,-7.244709621181776],[109.64393083891653,-7.24278933850888],[109.64435324783881,-7.242744697384027],[109.64512509805992,-7.242134586924232],[109.64597903263542,-7.240858894877826],[109.64580279179883,-7.240116619092216],[109.64589776333514,-7.239543218072104],[109.64542915092554,-7.238660584036154],[109.64539950550223,-7.238317609491112],[109.64608439265145,-7.237397144977882],[109.64660076434376,-7.235659803650733],[109.64625643162985,-7.235128141053829],[109.6453336096953,-7.234581476044171],[109.64483779034855,-7.234033049687479],[109.64402117018582,-7.2340090658633045],[109.64278463164975,-7.233592894252359],[109.64231150251904,-7.233666007934075],[109.64025994177392,-7.232693031841896],[109.6393779121357,-7.2320954300676545],[109.63855771314034,-7.232133321892056],[109.63811498085,-7.231329074994649],[109.63745328788997,-7.23070144831901],[109.63650294971565,-7.2304074137835155],[109.63597328565788,-7.22985862279038],[109.63579581192762,-7.229480994291949],[109.6358179074809,-7.228873613882],[109.63542172971083,-7.228325325194583],[109.63546741856884,-7.2281829045114145],[109.63613131329913,-7.227731522845379],[109.63686788622199,-7.226121352127581],[109.63794788578588,-7.226127792044208],[109.63824014147404,-7.225942371872909],[109.63831463574849,-7.225606245316683],[109.63812773128376,-7.22531631084777],[109.63689740012161,-7.225144939818658],[109.63626516770023,-7.225399838408675],[109.6354034757204,-7.227191379568796],[109.6349573762957,-7.2273956386152785],[109.63462018398911,-7.227858433237707],[109.63451043388329,-7.228444211896481],[109.63492512117256,-7.2291401985035355]]]}},{"type":"Feature","properties":{"waterway":"stream","name":"Kali Sapi"},"geometry":{"type":"Polygon","coordinates":[[[109.60875303297671,-7.466884076936273],[109.60807248318994,-7.466648317193556],[109.60740910189962,-7.466646452143712],[109.60715056900685,-7.466876086943263],[109.60713152350756,-7.467219723466453],[109.60736312246065,-7.467476064124084],[109.60844183232656,-7.467759908868407],[109.60954172651097,-7.467785612799709],[109.6100178267769,-7.467433884373494],[109.61010604967252,-7.466965924248453],[109.60979661812944,-7.466560013272198],[109.6099157842323,-7.4665009161588545],[109.61030669200994,-7.466441240085864],[109.61069698337995,-7.466823073288541],[109.61122857453142,-7.4668686632502315],[109.6129510869576,-7.4663913414219],[109.6138522643477,-7.465958318321262],[109.6139956706649,-7.466374406169836],[109.61490017492146,-7.4675013455270784],[109.6164488065911,-7.4686742906726415],[109.61770922491213,-7.46932731855483],[109.61857474226555,-7.4693391936210665],[109.61961255239268,-7.468967184430906],[109.62000190329567,-7.4691889864857615],[109.62102823651026,-7.46926824189117],[109.62163556549376,-7.469844124557846],[109.62219505054925,-7.470050737303048],[109.62274637742887,-7.469844465192999],[109.62292346185515,-7.469490326953108],[109.62373631792005,-7.470074424371435],[109.62393156806984,-7.470772831685828],[109.62454979045587,-7.47086086741117],[109.62552772712247,-7.471996454289443],[109.6271807997128,-7.472809376473977],[109.62765394397086,-7.472659123214165],[109.62791334596463,-7.471971243919559],[109.62859229800874,-7.47159561013296],[109.62860063827473,-7.471251554496153],[109.62818849750235,-7.470964069657032],[109.62735861315468,-7.47124394253647],[109.6270158583712,-7.471789925202925],[109.62686736314922,-7.471722660936723],[109.62610997299471,-7.471300465642626],[109.62501084275478,-7.4699499215838845],[109.6246587089716,-7.469893410951905],[109.62449820905499,-7.469413493200463],[109.62290887635055,-7.468476775380499],[109.62242330723478,-7.468463909113212],[109.62198870079749,-7.468832597302178],[109.6212530038663,-7.468384592636526],[109.62029068251965,-7.468323871190593],[109.61979066701737,-7.468054630908697],[109.61832344531427,-7.468470258721366],[109.61762621497996,-7.468322381181428],[109.61552322672146,-7.4668420067396895],[109.61477133857132,-7.465881543947285],[109.6144947598479,-7.465189345275266],[109.61412301213228,-7.465014542766852],[109.61110921316971,-7.465975620159513],[109.61052683428885,-7.465567035669878],[109.60965166533828,-7.465639067253511],[109.60891755254436,-7.466071918589047],[109.60873924563018,-7.466389599808004],[109.60875303297671,-7.466884076936273]]]}},{"type":"Feature","properties":{"waterway":"canal","name":null},"geometry":{"type":"Polygon","coordinates":[[[109.60622550370906,-7.39421500860518],[109.60547121250308,-7.394393338033761],[109.60535734131186,-7.3947184392462875],[109.60550863147904,-7.395028169957949],[109.60583645956287,-7.395141093938893],[109.60672183008437,-7.394968875897392],[109.60949176367413,-7.392573348714084],[109.6096454402814,-7.39226477598885],[109.60953408346504,-7.391938819565248],[109.60922292490439,-7.391786420156296],[109.6088942367836,-7.391896851087086],[109.60622550370906,-7.39421500860518]]]}},{"type":"Feature","properties":{"waterway":"canal","name":null},"geometry":{"type":"Polygon","coordinates":[[[109.60517932060377,-7.394222270446448],[109.60369829827627,-7.3943384424981735],[109.60347432127507,-7.394601326306995],[109.60350339136316,-7.394944271776484],[109.6039442823597,-7.395186079812502],[109.60612019300277,-7.3950201763651675],[109.60626319880272,-7.394706598972397],[109.60614072686961,-7.394384586951407],[109.60517932060377,-7.394222270446448]]]}},{"type":"Feature","properties":{"waterway":"canal","name":null},"geometry":{"type":"Polygon","coordinates":[[[109.60916456487158,-7.391786324882127],[109.6087640294307,-7.392089413307087],[109.608785792434,-7.392432890931592],[109.60904609236471,-7.392660505343071],[109.60959304917365,-7.392626422790048],[109.60982257090637,-7.392368286091499],[109.60980080709987,-7.392024808517242],[109.60954050715489,-7.391797194543242],[109.60916456487158,-7.391786324882127]]]}},{"type":"Feature","properties":{"waterway":"canal","name":"Serayu"},"geometry":{"type":"Polygon","coordinates":[[[109.60125643010498,-7.39464818703462],[109.60113948465647,-7.395525599683636],[109.60141075285392,-7.395740251665764],[109.60175562361938,-7.395701813437622],[109.60197207588536,-7.395432801642768],[109.60320293467399,-7.3910408150744535],[109.60316036190859,-7.390699259489368],[109.60288671898705,-7.390487596504167],[109.60254230210917,-7.390529815202904],[109.60232886556314,-7.390801184500193],[109.60125643010498,-7.39464818703462]]]}},{"type":"Feature","properties":{"waterway":"stream","name":null},"geometry":{"type":"Polygon","coordinates":[[[109.81672398772004,-7.200520213921198],[109.81663387431718,-7.201011785805531],[109.81688316388602,-7.201251105438749],[109.817230008269,-7.201245445817436],[109.81764123018137,-7.2008238221228025],[109.81763552512788,-7.200479713665745],[109.81738623558604,-7.200240394439611],[109.8170393919737,-7.200246054178531],[109.81672398772004,-7.200520213921198]]]}},{"type":"Feature","properties":{"waterway":"stream","name":null},"geometry":{"type":"Polygon","coordinates":[[[109.81765726154265,-7.198684964284328],[109.81708576475813,-7.199431329984443],[109.81677765349048,-7.200559306574666],[109.8168363566027,-7.200898497898279],[109.81711961736474,-7.201097160289293],[109.8175897980944,-7.200918164579922],[109.81791702563167,-7.1998569024687615],[109.81892754174898,-7.198294204779106],[109.81920700541464,-7.197539710140925],[109.81900412372036,-7.196351998243911],[109.81908019371816,-7.195964142416296],[109.82079570054866,-7.193848899911702],[109.82084929808879,-7.193508877828746],[109.82064485796796,-7.1932308450133275],[109.82014168645003,-7.193251432346959],[109.81840445789311,-7.195272269014252],[109.81809894990432,-7.196250230822149],[109.81827108829066,-7.1975177937510635],[109.81765726154265,-7.198684964284328]]]}},{"type":"Feature","properties":{"waterway":"river","name":null},"geometry":{"type":"Polygon","coordinates":[[[109.70828333112831,-7.282650194787459],[109.70716871421831,-7.281992264987457],[109.70618810833665,-7.281941274627542],[109.70561289741165,-7.282308200784791],[109.70538548262896,-7.282907745077357],[109.70453996775426,-7.283378742385873],[109.70445370913879,-7.283712091617607],[109.70478979794616,-7.284084241847001],[109.70537224707657,-7.284010331608422],[109.70603824314516,-7.2835514445805405],[109.70629753030649,-7.282917475231032],[109.70653674622045,-7.282812140688327],[109.708150752639,-7.283548133401954],[109.70879037785332,-7.2834318593895215],[109.70910479298587,-7.2830384038918465],[109.7095786182401,-7.283222690408856],[109.70998814701578,-7.283158023493102],[109.71034335220898,-7.282760765859005],[109.71025352943204,-7.282121334387894],[109.71058780925138,-7.281921220976499],[109.71143743272016,-7.280885588686504],[109.7122773604541,-7.28079273683196],[109.71277615116516,-7.280529411764046],[109.71302090749722,-7.280242159692074],[109.71302348542513,-7.279898014189006],[109.7126067686417,-7.279617352234166],[109.71205781515621,-7.279912150501059],[109.71105085975888,-7.28003041753107],[109.7100196099126,-7.281205709818504],[109.70919879247997,-7.281508779654394],[109.7090679643807,-7.281813675534546],[109.70914244928447,-7.28211074755204],[109.70865049666277,-7.282222043341853],[109.70828333112831,-7.282650194787459]]]}},{"type":"Feature","properties":{"waterway":"stream","name":"Kali Telatasuren"},"geometry":{"type":"Polygon","coordinates":[[[109.7164109995274,-7.276888529045375],[109.71642837402304,-7.277206312596412],[109.71668080876209,-7.277442409738904],[109.71702760877695,-7.277432294951669],[109.7172598042303,-7.277221314785541],[109.71727382526251,-7.275943891415133],[109.71704324998923,-7.275686733034784],[109.71669689428494,-7.27566662290969],[109.71641504649998,-7.275910661846708],[109.71624024766754,-7.276442116068033],[109.7164109995274,-7.276888529045375]]]}},{"type":"Feature","properties":{"waterway":"river","name":null},"geometry":{"type":"Polygon","coordinates":[[[109.57508103859931,-7.428042539411009],[109.58112559672657,-7.424990087706693],[109.59042009477663,-7.420661564821929],[109.59105975322892,-7.419960083036397],[109.59132600561252,-7.4193687616804604],[109.59144244512855,-7.417544241602313],[109.59217851712492,-7.41510264306109],[109.59276109892595,-7.414301963926266],[109.59405860235518,-7.41308292461683],[109.5958730773758,-7.412642883262556],[109.59636681118829,-7.412312174387138],[109.5968608867753,-7.41175285408401],[109.5972381415773,-7.410822176057572],[109.59909292116942,-7.412131165969306],[109.59957865078117,-7.4122127103677204],[109.60223644304136,-7.411714808527617],[109.60250851800708,-7.411501150719065],[109.60246788275084,-7.4110031426857805],[109.60198835720286,-7.410849791437856],[109.59952641398237,-7.411312519280841],[109.59823217215772,-7.410327898319508],[109.5974157952444,-7.409900445939617],[109.59682021511732,-7.4098648690906295],[109.59651180302005,-7.410132340185783],[109.59629122035666,-7.410858752764815],[109.59579301761144,-7.411614116740861],[109.59534595848089,-7.4118682168610235],[109.59407502817359,-7.412064781265167],[109.59356675540376,-7.412325306369882],[109.59208723381268,-7.41369836988888],[109.59143649270054,-7.4145821414948925],[109.59108032560944,-7.415339508176138],[109.59056215280806,-7.417326357454831],[109.59044880759707,-7.419133005534789],[109.59004421981206,-7.419805060883717],[109.58073206961289,-7.424179823572124],[109.5746249341347,-7.427262815963414],[109.5742550643729,-7.4275383805456405],[109.57410725853617,-7.427955171587248],[109.5744201687539,-7.428846485425503],[109.57465909973241,-7.429096103197337],[109.57500605013053,-7.429105077851662],[109.5752577806473,-7.428868152145434],[109.57508103859931,-7.428042539411009]]]}},{"type":"Feature","properties":{"waterway":"canal","name":null},"geometry":{"type":"Polygon","coordinates":[[[109.57443052569482,-7.428485120620891],[109.57398042046762,-7.430184980238769],[109.57417012972398,-7.430473172791156],[109.57450978320229,-7.43054393723006],[109.5748004160766,-7.430355820614296],[109.57513590005446,-7.429562598759662],[109.57529071862051,-7.428610915095586],[109.5749453388994,-7.428247125974721],[109.57443052569482,-7.428485120620891]]]}},{"type":"Feature","properties":{"waterway":"river","name":null},"geometry":{"type":"Polygon","coordinates":[[[109.57444406560056,-7.4290029503504815],[109.57385787835872,-7.430708417889724],[109.57397805681259,-7.431031282226729],[109.57429326919733,-7.431175316320996],[109.5747228447258,-7.430914189261826],[109.57517568450817,-7.429856409500422],[109.57535842973296,-7.429132321792914],[109.57522137862962,-7.428436726230469],[109.57493344473015,-7.428244573947234],[109.5745928225552,-7.428310592791137],[109.57439904352533,-7.428596109905424],[109.57444406560056,-7.4290029503504815]]]}},{"type":"Feature","properties":{"waterway":"canal","name":null},"geometry":{"type":"Polygon","coordinates":[[[109.5738647388833,-7.430646149265094],[109.5740658259782,-7.431104271606412],[109.57456961350447,-7.431095367042096],[109.57475726127893,-7.430805850289172],[109.57474649480356,-7.4301233583523505],[109.5744545265719,-7.429937286507155],[109.57411538708125,-7.43001043284468],[109.5738647388833,-7.430646149265094]]]}},{"type":"Feature","properties":{"waterway":"river","name":null},"geometry":{"type":"Polygon","coordinates":[[[109.57385260410102,-7.430643875229827],[109.5726096169534,-7.431401369855591],[109.57056102542715,-7.431660542461237],[109.56919673018521,-7.431660818855029],[109.56891388362044,-7.431860265439271],[109.56885610550444,-7.432199618073499],[109.56922260958231,-7.432542485647384],[109.57067677550924,-7.432554431183063],[109.57284543026346,-7.432299025164124],[109.57437187125859,-7.431401622453593],[109.57476440428033,-7.4307335635943295],[109.57463699873219,-7.430413435535595],[109.57431862787608,-7.430276403439021],[109.57399578872463,-7.430402738680225],[109.57385260410102,-7.430643875229827]]]}},{"type":"Feature","properties":{"waterway":"stream","name":null},"geometry":{"type":"Polygon","coordinates":[[[109.77398469368849,-7.400705548692197],[109.77387378898963,-7.399127837270323],[109.77363500772073,-7.398878093950654],[109.7732880859958,-7.3988689364891025],[109.7730362453947,-7.399105729190253],[109.77297952383519,-7.399932534941825],[109.77309153560904,-7.40086397312209],[109.77345766456428,-7.401688427324352],[109.77380219354744,-7.401729808314576],[109.77407531877441,-7.401517480122328],[109.77398469368849,-7.400705548692197]]]}},{"type":"Feature","properties":{"waterway":"stream","name":null},"geometry":{"type":"Polygon","coordinates":[[[109.80033791548645,-7.412378180036517],[109.80079522661647,-7.413247081477784],[109.80111810223278,-7.413373293613921],[109.80143640739568,-7.413236139679121],[109.80152618527629,-7.412744499710264],[109.80118387080009,-7.411875072537652],[109.80093645343985,-7.411622318564993],[109.79971385538319,-7.4112756334053564],[109.7991945815983,-7.410955243360276],[109.79873270899837,-7.411154889802913],[109.79867126375464,-7.411493607928636],[109.79886934327106,-7.411776203149495],[109.79929915000314,-7.412091099722446],[109.80033791548645,-7.412378180036517]]]}}]}