{
"type": "FeatureCollection",
"name": "Administrasi Kecamatan 20",
"crs": { "type": "name", "properties": { "name": "urn:ogc:def:crs:OGC:1.3:CRS84" } },
"features": [
{ "type": "Feature", "properties": { "KECAMATAN": "Banjarmangu" }, "geometry": { "type": "MultiPolygon", "coordinates": [ [ [ [ 109.682497814687977, -7.382426621316334 ], [ 109.682138137479811, -7.382678816542032 ], [ 109.681898372571169, -7.382949448642965 ], [ 109.681718142594548, -7.383220165904488 ], [ 109.681522046051214, -7.383753134222223 ], [ 109.68128056486627, -7.384602516143837 ], [ 109.681038593993335, -7.385641861132844 ], [ 109.680781898682298, -7.386482065366259 ], [ 109.68061472793174, -7.387386006207262 ], [ 109.68043316283601, -7.388181223805853 ], [ 109.680371914092859, -7.388506631989075 ], [ 109.680384509683947, -7.389221139269451 ], [ 109.680441886884935, -7.389998980014825 ], [ 109.680530038786443, -7.390550961322151 ], [ 109.680812390325087, -7.391085343289213 ], [ 109.681185104952448, -7.391502451078031 ], [ 109.681521527447373, -7.391865201562015 ], [ 109.681814633866338, -7.392300156979109 ], [ 109.68204682381608, -7.392671550388019 ], [ 109.681844816316342, -7.393105042481048 ], [ 109.681619926279723, -7.393999680707687 ], [ 109.681290918136867, -7.394586595057648 ], [ 109.680804380466327, -7.395218160674093 ], [ 109.680291982248903, -7.395677857931108 ], [ 109.679609770003609, -7.396218426130443 ], [ 109.679163294537787, -7.396615025524227 ], [ 109.678625718831256, -7.397074645652523 ], [ 109.678245026791288, -7.397254439838355 ], [ 109.677904201512391, -7.397316720380312 ], [ 109.677315766423519, -7.397269766460675 ], [ 109.676866691983108, -7.39703326106758 ], [ 109.676257466693642, -7.396543114431332 ], [ 109.675761783348634, -7.395854388920351 ], [ 109.675358342389359, -7.395120638682924 ], [ 109.675007271614362, -7.394260461314381 ], [ 109.674590749902336, -7.393354881286649 ], [ 109.674174318872673, -7.392494509461065 ], [ 109.673770241361879, -7.391950721023193 ], [ 109.673365137411096, -7.391651052783496 ], [ 109.672894619218624, -7.391468820976074 ], [ 109.672436802242373, -7.391386084207576 ], [ 109.6720308019095, -7.391412000518964 ], [ 109.671519188260106, -7.391808398059308 ], [ 109.671307861676055, -7.392232723893583 ], [ 109.671542392198788, -7.392667509846627 ], [ 109.671855499784868, -7.393030196939831 ], [ 109.672011316179947, -7.393383373923966 ], [ 109.672023019981182, -7.394016411466114 ], [ 109.671942826021379, -7.39450460004824 ], [ 109.67162777106445, -7.394792992818365 ], [ 109.671025475493536, -7.394836405987764 ], [ 109.670528612156687, -7.394545593579972 ], [ 109.670202081807162, -7.394399863882835 ], [ 109.66982248064437, -7.394290232467582 ], [ 109.669151731617134, -7.394143565516337 ], [ 109.668645235338829, -7.393952089694438 ], [ 109.668226539127403, -7.393751924423557 ], [ 109.667861266775077, -7.393398120986805 ], [ 109.667666133966591, -7.392954409786238 ], [ 109.667589054516156, -7.392502009667908 ], [ 109.667564522215571, -7.391914142704509 ], [ 109.667553069582198, -7.391398647517601 ], [ 109.667161836757373, -7.390809594668005 ], [ 109.66663963763159, -7.390600077685903 ], [ 109.66610366043821, -7.390327137476703 ], [ 109.665567948357975, -7.389891449047313 ], [ 109.665136748868164, -7.389727410682152 ], [ 109.66470435478881, -7.389762283124664 ], [ 109.663839763483864, -7.389940526218613 ], [ 109.663328853127936, -7.390002377257559 ], [ 109.662870898590441, -7.389991872989334 ], [ 109.662583225121637, -7.389819220863561 ], [ 109.662257443001522, -7.389402241509129 ], [ 109.662219321577268, -7.388913791983653 ], [ 109.662259918811259, -7.388579285156393 ], [ 109.662588202725573, -7.388164266446879 ], [ 109.662904262759909, -7.387640711873185 ], [ 109.662957741440479, -7.387270077148619 ], [ 109.663050858334742, -7.386610230746811 ], [ 109.663127290065901, -7.38595928544813 ], [ 109.663748572898527, -7.385807438867356 ], [ 109.664472695161024, -7.385637815866273 ], [ 109.665197394488601, -7.385450019735259 ], [ 109.665715259636357, -7.385334027271605 ], [ 109.666202552367096, -7.385199859645867 ], [ 109.666962739165342, -7.384985041642733 ], [ 109.667666629458665, -7.384761103038607 ], [ 109.668258369774009, -7.384545779866253 ], [ 109.668717342871332, -7.384339191964701 ], [ 109.6690869080943, -7.384105121808796 ], [ 109.669472002175823, -7.3837988551771 ], [ 109.669812901528218, -7.383483324449538 ], [ 109.67047724778368, -7.382942716428296 ], [ 109.671101134795549, -7.38249240278255 ], [ 109.671545306602511, -7.382213344039146 ], [ 109.672300075475931, -7.3817091679482 ], [ 109.672803541682555, -7.381385075868357 ], [ 109.673203212160473, -7.381123966078398 ], [ 109.673455272200258, -7.380889632764916 ], [ 109.673662145982334, -7.380627949835908 ], [ 109.673775237566318, -7.38030278746263 ], [ 109.673887010273987, -7.379642900493446 ], [ 109.673951290259609, -7.378802040141122 ], [ 109.673979366416049, -7.378404201916415 ], [ 109.674010520600632, -7.377825540467779 ], [ 109.674042081031686, -7.377210713724419 ], [ 109.674073396533061, -7.376577712569292 ], [ 109.674045823073399, -7.375953668724958 ], [ 109.674032127881688, -7.375510498403703 ], [ 109.674065214698246, -7.374859419202352 ], [ 109.674194985584961, -7.374425715959783 ], [ 109.674197532191741, -7.373946427283066 ], [ 109.674052615189908, -7.373294910560197 ], [ 109.673787801492296, -7.372570614916772 ], [ 109.673249063444061, -7.371899846809249 ], [ 109.672629947669833, -7.37125587420886 ], [ 109.671857960692549, -7.370475822975114 ], [ 109.670824186641056, -7.369713166740214 ], [ 109.669913571762805, -7.369032158912299 ], [ 109.669431110502117, -7.368379638378095 ], [ 109.669249280363658, -7.368035426253047 ], [ 109.669377166409177, -7.367683093593239 ], [ 109.669774969364354, -7.367367820141254 ], [ 109.670148373719968, -7.367368929984925 ], [ 109.670583245103131, -7.367623387176141 ], [ 109.670975923725791, -7.367724011340263 ], [ 109.671665479512541, -7.367337179101346 ], [ 109.671663044578239, -7.366649918882333 ], [ 109.671987308282652, -7.366497173785691 ], [ 109.672533713880128, -7.366471579569049 ], [ 109.672627706239695, -7.365911187708952 ], [ 109.67293986555535, -7.36565894807051 ], [ 109.67326448103853, -7.36548802922656 ], [ 109.672851465940326, -7.364917092481085 ], [ 109.672317722171712, -7.364779885476923 ], [ 109.671870015208782, -7.364923223209432 ], [ 109.671766336850141, -7.364371286707894 ], [ 109.671581069834261, -7.364027065246487 ], [ 109.671101189116939, -7.363862892026509 ], [ 109.670838254532597, -7.363563647896496 ], [ 109.670857898128233, -7.363238117789443 ], [ 109.671033030796664, -7.362696050510544 ], [ 109.671171502488917, -7.362199082351549 ], [ 109.671679172622291, -7.36178458387248 ], [ 109.672349093671258, -7.361641904608755 ], [ 109.672474811528701, -7.361162981136802 ], [ 109.672963943172078, -7.360802675532301 ], [ 109.673390555301637, -7.360894355566254 ], [ 109.673778394467888, -7.360787004712456 ], [ 109.674239201346907, -7.360607446070809 ], [ 109.674923973055726, -7.3605190562094 ], [ 109.675394058911067, -7.360258149039782 ], [ 109.675504789632342, -7.359869686436339 ], [ 109.675427604548872, -7.359173071930614 ], [ 109.675207842739809, -7.358521334415112 ], [ 109.674905902635473, -7.357824055300635 ], [ 109.674390450966442, -7.357062853162315 ], [ 109.673864914608814, -7.356428294035014 ], [ 109.673238047686837, -7.356010433517598 ], [ 109.672352247825515, -7.355456181077487 ], [ 109.671686420764999, -7.355255202275035 ], [ 109.670864681377452, -7.355062892308371 ], [ 109.670172943262372, -7.354834709802632 ], [ 109.669300399340827, -7.354597038441078 ], [ 109.668280415592747, -7.354232254648965 ], [ 109.667970841666218, -7.354095710791494 ], [ 109.667665957129799, -7.353814424616879 ], [ 109.667064569145808, -7.353297175180809 ], [ 109.666085440806057, -7.352534587934618 ], [ 109.665239534785869, -7.3518086524846 ], [ 109.664565543225407, -7.351218761355561 ], [ 109.663864485895985, -7.350538463382583 ], [ 109.663390566424297, -7.349985333435826 ], [ 109.662779929423237, -7.349142555231098 ], [ 109.662198716253997, -7.348227350795551 ], [ 109.660971913132514, -7.346595934789233 ], [ 109.660648328656777, -7.346052383778192 ], [ 109.660421571019413, -7.345301074912514 ], [ 109.660278212546785, -7.344785186493471 ], [ 109.660184544131923, -7.344187981759702 ], [ 109.660165444780901, -7.343582048442168 ], [ 109.660214592753178, -7.342958235633152 ], [ 109.660340972576904, -7.342434020211074 ], [ 109.660554859497708, -7.341620825514111 ], [ 109.660808350379924, -7.340626736144049 ], [ 109.660929554182928, -7.33956000974397 ], [ 109.661017792583067, -7.33807718154338 ], [ 109.660878583404795, -7.337597472157228 ], [ 109.660669282628675, -7.337253177607131 ], [ 109.660373342512145, -7.337008082121853 ], [ 109.660186501089598, -7.336446856417433 ], [ 109.660067598880715, -7.335695869631182 ], [ 109.659876944638725, -7.335360762548473 ], [ 109.659588418678581, -7.334934857299449 ], [ 109.659083536081255, -7.334426841874232 ], [ 109.658030983841968, -7.332660231282772 ], [ 109.657573844055122, -7.33199874101808 ], [ 109.656989550021024, -7.33127348930208 ], [ 109.65613092336568, -7.330448050524158 ], [ 109.655241481128428, -7.329712843767671 ], [ 109.655030897976189, -7.32944991817906 ], [ 109.654723008790981, -7.329231999743098 ], [ 109.654383207607083, -7.328995812129956 ], [ 109.653760125411665, -7.328903531966844 ], [ 109.653285932647918, -7.328477068611195 ], [ 109.653008321219801, -7.328250198349609 ], [ 109.65241086599768, -7.328130778196453 ], [ 109.651716369754254, -7.328092530876651 ], [ 109.651378892556167, -7.328028228342129 ], [ 109.650918443865208, -7.327999723005042 ], [ 109.650572017104764, -7.328080057887715 ], [ 109.650142332666675, -7.328178225746118 ], [ 109.649828116511173, -7.328276830177658 ], [ 109.649492933233191, -7.328393364093913 ], [ 109.648843458912978, -7.328608410749001 ], [ 109.648599632881243, -7.328101261338121 ], [ 109.648243432021872, -7.327856069408282 ], [ 109.647664293821506, -7.327582992100409 ], [ 109.647196373083247, -7.327382671354944 ], [ 109.646929624690301, -7.327047241784443 ], [ 109.646930961602109, -7.326604119971991 ], [ 109.646887287417456, -7.32625127818446 ], [ 109.646799603079984, -7.325780764039927 ], [ 109.647050900759155, -7.325320310743495 ], [ 109.647069516231795, -7.324967656225605 ], [ 109.646947255602512, -7.324668917827011 ], [ 109.646632383647571, -7.324242928294401 ], [ 109.646422657108502, -7.323970961017543 ], [ 109.646089716081917, -7.323716706140389 ], [ 109.645686870617652, -7.323263326964276 ], [ 109.645688344499604, -7.322774998035862 ], [ 109.645812603223931, -7.32238649536838 ], [ 109.64598937413912, -7.321971025947514 ], [ 109.646324605360235, -7.321465617468382 ], [ 109.646449510269008, -7.320887244050047 ], [ 109.646503610085787, -7.32040811464649 ], [ 109.64638173136008, -7.32008216244235 ], [ 109.645885453324979, -7.319727959981702 ], [ 109.645413656194265, -7.319627084179159 ], [ 109.644862893572608, -7.319607344120208 ], [ 109.644390530863348, -7.319669213194401 ], [ 109.643702107457642, -7.319603849654095 ], [ 109.643329623432777, -7.319213851526761 ], [ 109.643370158519716, -7.318825097463752 ], [ 109.6434894950673, -7.31840954653892 ], [ 109.643825384978797, -7.317858843786865 ], [ 109.644141718688758, -7.317353379840625 ], [ 109.644319776474632, -7.317055454716519 ], [ 109.644282136407028, -7.316485634429551 ], [ 109.644205265822464, -7.315897613028855 ], [ 109.644481562700378, -7.315590941766091 ], [ 109.644994079111243, -7.31523977298001 ], [ 109.645034857233043, -7.314769645276949 ], [ 109.644976851388421, -7.314389635904777 ], [ 109.644919362492217, -7.313937295797654 ], [ 109.645021316494024, -7.313340770465188 ], [ 109.645257016189234, -7.312997810112902 ], [ 109.645601272188998, -7.31289034620603 ], [ 109.646289981789891, -7.312584912268344 ], [ 109.647119432797851, -7.312243823752058 ], [ 109.647651618839447, -7.312055457711949 ], [ 109.648246268858728, -7.311858327130901 ], [ 109.648684614980112, -7.311606387457428 ], [ 109.648966853812013, -7.311308771721789 ], [ 109.649296307059586, -7.310957138281236 ], [ 109.649594324174871, -7.310578195270397 ], [ 109.649783367599838, -7.310126593217258 ], [ 109.650019340269026, -7.309666089946004 ], [ 109.650223503254438, -7.309277823709586 ], [ 109.650565731892669, -7.308799554858529 ], [ 109.650883484010038, -7.308538209842308 ], [ 109.651351794402558, -7.30820498225876 ], [ 109.651836371995756, -7.307926142481272 ], [ 109.652388098021348, -7.307620287577773 ], [ 109.652956010115844, -7.307395944726504 ], [ 109.653373662725215, -7.307243394659276 ], [ 109.654091759604839, -7.307046623224759 ], [ 109.655060295292628, -7.306769132658219 ], [ 109.655678103095582, -7.306617267314075 ], [ 109.656263020791542, -7.306374796860656 ], [ 109.656664663445042, -7.305905740302733 ], [ 109.656749214783204, -7.30555327990489 ], [ 109.656766949557721, -7.305191669390045 ], [ 109.656801683926588, -7.304739603219849 ], [ 109.65690828570871, -7.3043058340967 ], [ 109.657038056757003, -7.303691211747859 ], [ 109.65712761611627, -7.302886596356037 ], [ 109.657066047051117, -7.301719867863518 ], [ 109.656934063253175, -7.30049858997592 ], [ 109.656727912052801, -7.299304216252506 ], [ 109.656539888562293, -7.298091903741674 ], [ 109.656277209102441, -7.296870237198014 ], [ 109.655972415288275, -7.29562132065982 ], [ 109.655840944251366, -7.295204926282189 ], [ 109.655715427336233, -7.294770466451008 ], [ 109.655508427393272, -7.294136849367298 ], [ 109.655431552249794, -7.293820074834612 ], [ 109.655324895538541, -7.293322380047487 ], [ 109.655231063717366, -7.292806640262802 ], [ 109.654484682181462, -7.291203697590249 ], [ 109.654003977499698, -7.290017638945081 ], [ 109.655136100066514, -7.289541623156328 ], [ 109.656235650444572, -7.288993265016163 ], [ 109.657547445565072, -7.288445533815787 ], [ 109.658598334112199, -7.287960315617566 ], [ 109.659587697605062, -7.287520120223268 ], [ 109.660298791149998, -7.287205680613583 ], [ 109.661048951641177, -7.286963778607903 ], [ 109.661768017202448, -7.286730734407791 ], [ 109.662691851015879, -7.28642596146101 ], [ 109.663648302626171, -7.286202747706484 ], [ 109.664444319585769, -7.286060432690309 ], [ 109.665403804528367, -7.285972757780751 ], [ 109.66610759878975, -7.285902500573106 ], [ 109.666662689888838, -7.28588605372817 ], [ 109.667124598984643, -7.285887414912049 ], [ 109.667538940529582, -7.285988093436846 ], [ 109.668313248687113, -7.286596343624024 ], [ 109.668734433793162, -7.287339087699918 ], [ 109.669168662634519, -7.288091002041681 ], [ 109.6695029672929, -7.288842622208414 ], [ 109.669936942329514, -7.289883867855325 ], [ 109.670392006043542, -7.291042807120776 ], [ 109.670817006521688, -7.291658978752221 ], [ 109.671304592722109, -7.292275334157717 ], [ 109.671573586533682, -7.29261075594596 ], [ 109.671999117287385, -7.292946637629066 ], [ 109.672319141834819, -7.29317370935933 ], [ 109.672917158566094, -7.292913167648776 ], [ 109.673230689577252, -7.292733255233844 ], [ 109.673764435542367, -7.292562940016953 ], [ 109.674144225641925, -7.292301846426393 ], [ 109.674465427012066, -7.292103781767564 ], [ 109.675107499353771, -7.291870581239432 ], [ 109.675341533151908, -7.29159992709368 ], [ 109.676158977991903, -7.291005482004789 ], [ 109.676940339206709, -7.290465088992507 ], [ 109.67801090562439, -7.28973575543281 ], [ 109.678985867492614, -7.288906590647117 ], [ 109.679594540187878, -7.28816677052094 ], [ 109.680321582804496, -7.287427385007988 ], [ 109.680998265351107, -7.286669677265006 ], [ 109.681671737641281, -7.286038542235577 ], [ 109.682215865808445, -7.285506578029169 ], [ 109.682564986845207, -7.285182003839132 ], [ 109.682980812097298, -7.284776338719187 ], [ 109.683727207571778, -7.284362502739818 ], [ 109.684503290120361, -7.284165752142059 ], [ 109.685356404753932, -7.284059731243912 ], [ 109.686124535449409, -7.284080045652759 ], [ 109.686924178180007, -7.28412757530887 ], [ 109.687289749713827, -7.284282344901507 ], [ 109.687975125606371, -7.284510465718433 ], [ 109.688906392017373, -7.285164258346027 ], [ 109.68983919489601, -7.285881436333765 ], [ 109.690640633506234, -7.286598232663474 ], [ 109.691270723635498, -7.287169774413596 ], [ 109.691853252377456, -7.287840636845117 ], [ 109.692558512378312, -7.289018370612842 ], [ 109.693069034871954, -7.29013224896574 ], [ 109.693532185398936, -7.291074107149963 ], [ 109.693978891410708, -7.292124418288704 ], [ 109.69448934516906, -7.293238295921431 ], [ 109.69483490841526, -7.293935597070109 ], [ 109.695035736186554, -7.294270811226697 ], [ 109.695702927437111, -7.295421217430137 ], [ 109.69641924557888, -7.296526646737209 ], [ 109.696937730935716, -7.297423454599268 ], [ 109.697522164802947, -7.29850128699119 ], [ 109.698259933575656, -7.299733360989249 ], [ 109.698639372249502, -7.300548391536588 ], [ 109.698945821979223, -7.301164203063959 ], [ 109.699298842534247, -7.301843531264729 ], [ 109.699121829685396, -7.302259031389138 ], [ 109.699430118160933, -7.30254925527595 ], [ 109.699854942674378, -7.302650028664367 ], [ 109.700299271720468, -7.302669391787544 ], [ 109.70072375754809, -7.302887615633399 ], [ 109.700819177592422, -7.303285817273085 ], [ 109.700837301246594, -7.303656671192146 ], [ 109.70120312679434, -7.30411894333434 ], [ 109.701453323414768, -7.304508548644415 ], [ 109.701548878321063, -7.304834416728282 ], [ 109.701875868506818, -7.305296576836068 ], [ 109.702203993134177, -7.305469313859628 ], [ 109.702690651407195, -7.305651548293779 ], [ 109.702904145818053, -7.306104339829353 ], [ 109.702973517867278, -7.3065748004877 ], [ 109.703045921222696, -7.306900601927629 ], [ 109.703292356802137, -7.307326362890199 ], [ 109.703596926455319, -7.307924174503854 ], [ 109.703711922397432, -7.308476142055341 ], [ 109.703564751322105, -7.308955022066726 ], [ 109.703533745764702, -7.309606029136749 ], [ 109.703590954978964, -7.309995079146128 ], [ 109.703691979615897, -7.310393296873912 ], [ 109.703924132891757, -7.310773808063673 ], [ 109.704185884110828, -7.31099156237258 ], [ 109.704578480813325, -7.311264033460979 ], [ 109.704974133267456, -7.311590763570893 ], [ 109.705297836346958, -7.311926238134062 ], [ 109.706243948480477, -7.312173172136291 ], [ 109.706879001193627, -7.312310620615225 ], [ 109.707378966672437, -7.312465854854736 ], [ 109.707770937579895, -7.312593563321139 ], [ 109.708216726126452, -7.312784718050072 ], [ 109.709081582208555, -7.313031413792305 ], [ 109.709554593968249, -7.313132227667877 ], [ 109.709973937700326, -7.313169595109319 ], [ 109.710298411379839, -7.313134356574877 ], [ 109.710718478565397, -7.312945681141869 ], [ 109.711016583437527, -7.312729440778602 ], [ 109.711464341637864, -7.312260458320591 ], [ 109.711627474266294, -7.311917246757991 ], [ 109.711952893698125, -7.311655965173721 ], [ 109.712584917094361, -7.311965281318693 ], [ 109.71324153492219, -7.312084699138329 ], [ 109.713883399751253, -7.312113656152314 ], [ 109.71461480696432, -7.312224243650227 ], [ 109.715166805341326, -7.312415785198771 ], [ 109.715494565204338, -7.312615638589731 ], [ 109.715941105432435, -7.313041965303934 ], [ 109.716447540857658, -7.313522713026446 ], [ 109.716789901078371, -7.313867366357698 ], [ 109.717132391172953, -7.314166720504357 ], [ 109.717670129713426, -7.314095916524011 ], [ 109.718043677398427, -7.314033686663181 ], [ 109.718386890806968, -7.314079871773579 ], [ 109.718744190810142, -7.314424566424231 ], [ 109.719085367448542, -7.315185228204854 ], [ 109.719412793360064, -7.315529837625919 ], [ 109.720143979650686, -7.315694667495741 ], [ 109.720203263792158, -7.316147016407163 ], [ 109.720222623022792, -7.316508833894328 ], [ 109.72064919892091, -7.316998393206727 ], [ 109.720953561320286, -7.31746952166903 ], [ 109.721361162464532, -7.317488762401282 ], [ 109.721910068161023, -7.317852082796565 ], [ 109.722235285998693, -7.318160426910839 ], [ 109.722885835507697, -7.318632536427613 ], [ 109.723312133280245, -7.319221643566808 ], [ 109.723494181835534, -7.319710507857303 ], [ 109.723818887734879, -7.320199776442165 ], [ 109.724388651900568, -7.320400310707158 ], [ 109.72495928047158, -7.320401926816749 ], [ 109.72544817537532, -7.320385227231976 ], [ 109.725753597430781, -7.320485642035959 ], [ 109.726007183097963, -7.320902373704532 ], [ 109.725501939844619, -7.321099863896666 ], [ 109.725119955048996, -7.321343001970726 ], [ 109.724727153871598, -7.321712604008281 ], [ 109.724026882861892, -7.322307560408566 ], [ 109.723634064097894, -7.322577701206053 ], [ 109.723360828238839, -7.322794020286421 ], [ 109.723121180138151, -7.32325456328281 ], [ 109.723478119540459, -7.323572129451405 ], [ 109.724074298404531, -7.323546694390991 ], [ 109.724380688393893, -7.323701273633394 ], [ 109.724302782811819, -7.324017606715365 ], [ 109.724089443120533, -7.324288256353992 ], [ 109.723406739291136, -7.324666166851717 ], [ 109.723101611914927, -7.324855179209982 ], [ 109.722816055889737, -7.325541727108821 ], [ 109.722747917853766, -7.326020839904899 ], [ 109.722596664380234, -7.326336964178762 ], [ 109.722278956556877, -7.326589232633144 ], [ 109.722309792518359, -7.327484639740742 ], [ 109.722308787546496, -7.327837357693679 ], [ 109.722206671117007, -7.328497300198396 ], [ 109.721987601018739, -7.329283405134456 ], [ 109.721985564242914, -7.329997882618938 ], [ 109.722079195032975, -7.330323744016084 ], [ 109.722274627450474, -7.330677020090897 ], [ 109.722439655534671, -7.331084460569627 ], [ 109.722453070358299, -7.331645180945036 ], [ 109.722075946481155, -7.331463182775929 ], [ 109.721820005802243, -7.331191201235219 ], [ 109.72147283114505, -7.331036413197312 ], [ 109.721110193932049, -7.33114397397524 ], [ 109.720806733732601, -7.331531998531437 ], [ 109.720578821143889, -7.332064906529728 ], [ 109.720153863399972, -7.332678629557635 ], [ 109.720032160008003, -7.332976752723916 ], [ 109.719940680955304, -7.333283913269192 ], [ 109.720059852627315, -7.333872150105257 ], [ 109.720240426535469, -7.334171043502973 ], [ 109.72036013847017, -7.334596439146086 ], [ 109.719982650488774, -7.335743943323354 ], [ 109.719857969802121, -7.336168642867024 ], [ 109.719384482203139, -7.336538097595125 ], [ 109.718849180654587, -7.336843992490901 ], [ 109.718169319047107, -7.337420908661699 ], [ 109.717962963560012, -7.337700615236664 ], [ 109.717818067425853, -7.338089088926778 ], [ 109.717858190050919, -7.338423839921909 ], [ 109.718000988943501, -7.338767925750682 ], [ 109.718246772274711, -7.339039880739089 ], [ 109.71855427758544, -7.339303060364315 ], [ 109.719005839476267, -7.339575692503421 ], [ 109.719174914486231, -7.339847428364343 ], [ 109.719147863434642, -7.340191029631238 ], [ 109.718633842141912, -7.340289023034826 ], [ 109.718181480037458, -7.340269648585483 ], [ 109.717605594711827, -7.34053030671135 ], [ 109.717152892691061, -7.340655598736113 ], [ 109.716454216734448, -7.340653602374232 ], [ 109.71487170540523, -7.340621951243492 ], [ 109.714378636284692, -7.34060245644078 ], [ 109.714048806381882, -7.340909022752182 ], [ 109.713903775645761, -7.341342702837728 ], [ 109.71369063107781, -7.341929897785645 ], [ 109.713502160780607, -7.342300160770495 ], [ 109.713177092753824, -7.342742366263421 ], [ 109.71295479230875, -7.343058281302985 ], [ 109.712732007596856, -7.343464522027158 ], [ 109.712440886874845, -7.343997332102807 ], [ 109.712081574091428, -7.344502730490064 ], [ 109.711705379755372, -7.345008079983903 ], [ 109.711312168225405, -7.345404879020053 ], [ 109.710698659466956, -7.345421200489178 ], [ 109.7101711026245, -7.345211633815987 ], [ 109.70976337532376, -7.344839749921008 ], [ 109.709406194916454, -7.344630672259034 ], [ 109.709023545298848, -7.344602446586578 ], [ 109.708432719521426, -7.344808707131602 ], [ 109.707952405600963, -7.345078667609892 ], [ 109.707580426581245, -7.345493607412547 ], [ 109.707510432383543, -7.346090251555323 ], [ 109.707611616232299, -7.346461345014902 ], [ 109.707918140597812, -7.347140539646989 ], [ 109.708095553634365, -7.34757514483369 ], [ 109.708253359867371, -7.347919185645438 ], [ 109.708490442250962, -7.348254503332165 ], [ 109.708707977655081, -7.34860784818564 ], [ 109.708765945356646, -7.349123485210774 ], [ 109.708209125158177, -7.349501725893031 ], [ 109.707672527587292, -7.3496538899159 ], [ 109.707017117507831, -7.349796759426255 ], [ 109.706480922829229, -7.349912756084575 ], [ 109.705964024352852, -7.350200691200392 ], [ 109.705962532201994, -7.350716156479409 ], [ 109.70610015053451, -7.351195856177067 ], [ 109.706158690803179, -7.351512576396938 ], [ 109.706316234309028, -7.351947124880118 ], [ 109.706592967963843, -7.352363933700978 ], [ 109.706472715102777, -7.353032766033019 ], [ 109.705994313439703, -7.353438354200005 ], [ 109.705499288008838, -7.3537806015396 ], [ 109.704970336330618, -7.354050325892565 ], [ 109.704509101720532, -7.35435650256501 ], [ 109.704235911528158, -7.354572714535619 ], [ 109.703604832165766, -7.354797023500674 ], [ 109.703008263661758, -7.354840506354458 ], [ 109.702445695266164, -7.354956420625368 ], [ 109.702172030800298, -7.355335471186851 ], [ 109.702017293906934, -7.355787199727489 ], [ 109.701879985353742, -7.356076227614193 ], [ 109.701674884299464, -7.356328801720544 ], [ 109.701300406985055, -7.356210174294025 ], [ 109.701131106161966, -7.355838882677681 ], [ 109.70092816127702, -7.355349951161807 ], [ 109.700724944275365, -7.354851977111705 ], [ 109.700487935208827, -7.354390071952813 ], [ 109.700130616855546, -7.354099610554749 ], [ 109.69972144100349, -7.354252223491788 ], [ 109.699464941543198, -7.35455889773667 ], [ 109.699259576651784, -7.354901977437073 ], [ 109.698883275092882, -7.355307852797818 ], [ 109.698474097835287, -7.355460464319177 ], [ 109.698302775135005, -7.355758343250762 ], [ 109.698454854222419, -7.356220002626933 ], [ 109.698629148612696, -7.356645559663403 ], [ 109.69828230516606, -7.356861643765845 ], [ 109.69771150433381, -7.356905193846619 ], [ 109.697344603031809, -7.356904127424447 ], [ 109.697058749667207, -7.35718358925861 ], [ 109.697036748283949, -7.357735250184676 ], [ 109.696974332830578, -7.358160119257642 ], [ 109.696830662529408, -7.358503286188551 ], [ 109.696564689287882, -7.35885522933168 ], [ 109.696217412427927, -7.359116518597156 ], [ 109.695666004954319, -7.359603255715083 ], [ 109.69531891225553, -7.359801162309461 ], [ 109.694829362402487, -7.359926410351124 ], [ 109.6944423878181, -7.359943366025596 ], [ 109.693994362495189, -7.359815385834903 ], [ 109.693525151401431, -7.35995877506828 ], [ 109.693176812611895, -7.360301343214982 ], [ 109.69278904392597, -7.360870018995742 ], [ 109.692604347069079, -7.361294529691387 ], [ 109.69250101020782, -7.361764486235194 ], [ 109.692351952464577, -7.362695525686212 ], [ 109.692184761886708, -7.363518011735649 ], [ 109.691876952001124, -7.364150120901666 ], [ 109.691521817180103, -7.364872598613936 ], [ 109.691355446106471, -7.365414703676952 ], [ 109.691330054927946, -7.366074762706628 ], [ 109.691398795293679, -7.366653812232041 ], [ 109.69149160287958, -7.367151466575305 ], [ 109.691631262053761, -7.367694466332244 ], [ 109.691558454673597, -7.368399685534025 ], [ 109.691415770245342, -7.368887609499379 ], [ 109.691233520735878, -7.369239792393619 ], [ 109.690515610123342, -7.369644657592642 ], [ 109.690060492180052, -7.369995950552251 ], [ 109.689530129424128, -7.370609411885403 ], [ 109.689341261489218, -7.370925317099041 ], [ 109.689077216108302, -7.371277258951305 ], [ 109.688645987985481, -7.371682960428759 ], [ 109.688357815361115, -7.3721614143031 ], [ 109.688308977169541, -7.372613444961251 ], [ 109.688092091873273, -7.373209739698872 ], [ 109.687780515244327, -7.373543367129394 ], [ 109.687515774163515, -7.374130479235669 ], [ 109.68727577832351, -7.374609073312707 ], [ 109.68705151076442, -7.374997296713771 ], [ 109.686895570007067, -7.375367546899196 ], [ 109.686673067740614, -7.375764816822503 ], [ 109.686492987854848, -7.376062752947345 ], [ 109.686431922895991, -7.376505705329167 ], [ 109.686474661359469, -7.377084587690584 ], [ 109.686442024306899, -7.378070213663874 ], [ 109.686291619593604, -7.378386320044814 ], [ 109.685631991133846, -7.378981310491868 ], [ 109.685421319649222, -7.379469030594753 ], [ 109.68542035860726, -7.379794527410323 ], [ 109.685404329477706, -7.380138153610464 ], [ 109.685208996885365, -7.380616876935506 ], [ 109.684742634835814, -7.38132997553183 ], [ 109.684512726890503, -7.381627763438943 ], [ 109.684024009196563, -7.381942781554656 ], [ 109.683575325647709, -7.382031875785324 ], [ 109.683051510487886, -7.382166046650566 ], [ 109.682497814687977, -7.382426621316334 ] ] ], [ [ [ 109.602719296941871, -7.247404012663982 ], [ 109.603936612820718, -7.24700079774358 ], [ 109.604889513099323, -7.245963778655019 ], [ 109.605461284514561, -7.245748447761456 ], [ 109.606240958684978, -7.245651382037978 ], [ 109.607023067356451, -7.24549103241116 ], [ 109.608119252603899, -7.245648092477938 ], [ 109.609333314255394, -7.245281017050135 ], [ 109.610684624638296, -7.244914357220297 ], [ 109.611350236657955, -7.244364771491575 ], [ 109.612622395077395, -7.244142616976939 ], [ 109.614033229520032, -7.243649456851827 ], [ 109.615310140907866, -7.243092684440083 ], [ 109.615860045903005, -7.242895445616566 ], [ 109.616267606265382, -7.24233593402052 ], [ 109.617367499814904, -7.241986660357858 ], [ 109.618777939619676, -7.241448274711726 ], [ 109.619603004944352, -7.240935323811123 ], [ 109.621435199005575, -7.240642508438974 ], [ 109.622805308655813, -7.239660863344874 ], [ 109.624354282980548, -7.238128222614707 ], [ 109.62411509310023, -7.240496821910342 ], [ 109.624173345403563, -7.241898699881662 ], [ 109.624134356140232, -7.242911499833449 ], [ 109.624112256800458, -7.244141256054301 ], [ 109.624088090028209, -7.245018387974484 ], [ 109.624027140382296, -7.245515666163536 ], [ 109.623914830151065, -7.245958449588316 ], [ 109.623317831062636, -7.246761425309443 ], [ 109.622399534870056, -7.247111352586213 ], [ 109.622090642973717, -7.247246038893941 ], [ 109.621811330069747, -7.247525568651487 ], [ 109.621601083579748, -7.248176098474582 ], [ 109.620999266300032, -7.248400310449684 ], [ 109.620457923153239, -7.248579497657799 ], [ 109.619296711310056, -7.248313770188052 ], [ 109.618301720566762, -7.24849157686019 ], [ 109.618000333238641, -7.24866253904867 ], [ 109.617560210857093, -7.249050074209896 ], [ 109.617174965768683, -7.249464809692694 ], [ 109.617034667028435, -7.249998009773858 ], [ 109.617825445327242, -7.250425454029834 ], [ 109.61807987489756, -7.250887432605845 ], [ 109.617980101052311, -7.2515020390215 ], [ 109.617776081683104, -7.251944540540266 ], [ 109.617758403771106, -7.252378567272783 ], [ 109.618067759958436, -7.253292876553034 ], [ 109.618313722297628, -7.25410753694862 ], [ 109.61849251291676, -7.254885827222751 ], [ 109.618629397430439, -7.255374572870171 ], [ 109.618920550442198, -7.256406365815736 ], [ 109.619029074840427, -7.256840776458557 ], [ 109.619215034852843, -7.257203090852534 ], [ 109.620142511759894, -7.258381571878838 ], [ 109.621104085707344, -7.25942444295123 ], [ 109.62124900502549, -7.260537164748582 ], [ 109.621246084568909, -7.26149582291576 ], [ 109.621317290566509, -7.262463657304319 ], [ 109.622511760741034, -7.263615732599994 ], [ 109.62259243686934, -7.264637935275413 ], [ 109.622443155499383, -7.26515293637121 ], [ 109.622134048100193, -7.265721700715919 ], [ 109.621898140454007, -7.266064650349267 ], [ 109.621745776211469, -7.266561558645211 ], [ 109.62150345702571, -7.266949695783727 ], [ 109.621251586669871, -7.267310679269734 ], [ 109.621044690243124, -7.267861670090922 ], [ 109.62070082438008, -7.26861124673332 ], [ 109.620491030178783, -7.269107979438473 ], [ 109.620300151722788, -7.269695184146462 ], [ 109.620134689247834, -7.270029305089722 ], [ 109.619852135629714, -7.269603405877095 ], [ 109.619544039491942, -7.269105097126763 ], [ 109.619325893089695, -7.268815015760498 ], [ 109.618861898441793, -7.268307190563521 ], [ 109.618271057601703, -7.267618059055902 ], [ 109.617693773663831, -7.266965224644289 ], [ 109.617408472085643, -7.266584523527009 ], [ 109.616895410506345, -7.266103671881647 ], [ 109.616629559436916, -7.265858651555979 ], [ 109.615927500134191, -7.265105979247347 ], [ 109.61521594534095, -7.26447976711016 ], [ 109.614789781220779, -7.264180098439055 ], [ 109.614306274542969, -7.263853039598756 ], [ 109.613873642795028, -7.263544218672683 ], [ 109.613313278009016, -7.263271263274019 ], [ 109.612823229716682, -7.262935141790762 ], [ 109.612346321193684, -7.262770847374573 ], [ 109.612007024724633, -7.262661312471588 ], [ 109.611469255259124, -7.262496921500642 ], [ 109.610947833855249, -7.262432035743992 ], [ 109.610227912348662, -7.2623212440016 ], [ 109.609770378208651, -7.262292718313434 ], [ 109.609408914593061, -7.262228320866133 ], [ 109.608817018782389, -7.262181299664523 ], [ 109.60824109367492, -7.262089119586717 ], [ 109.607588365043256, -7.262032868857728 ], [ 109.606890829599422, -7.261904148351419 ], [ 109.6061425452164, -7.261910892184954 ], [ 109.604261223663272, -7.261688026036881 ], [ 109.603592534529128, -7.261577472248801 ], [ 109.602952849627769, -7.261602627836272 ], [ 109.602165790588487, -7.261518831847185 ], [ 109.601046200067671, -7.261506340851391 ], [ 109.600317016734991, -7.261567382402682 ], [ 109.599584753190143, -7.26168266157197 ], [ 109.59921094378906, -7.261771921845093 ], [ 109.598571334003793, -7.261941823955927 ], [ 109.597909741403214, -7.262120608125331 ], [ 109.5971682351543, -7.262398689791318 ], [ 109.596478384807781, -7.262803509112217 ], [ 109.596002947926081, -7.263154651967373 ], [ 109.595722811413921, -7.262873502510105 ], [ 109.595289226791976, -7.262420001483718 ], [ 109.595271662718048, -7.26196778808814 ], [ 109.595311657332118, -7.261208255751523 ], [ 109.595257747556118, -7.260339936293739 ], [ 109.595428953232968, -7.259987762094954 ], [ 109.595694781388005, -7.259681177776422 ], [ 109.595846906644709, -7.259365109780211 ], [ 109.59581092506464, -7.258831466924952 ], [ 109.595736335332717, -7.258514697678702 ], [ 109.595623838635959, -7.258188769818643 ], [ 109.595587829423906, -7.257591837275459 ], [ 109.595556104069033, -7.257130538609609 ], [ 109.595501714649075, -7.256705335356252 ], [ 109.595577297268491, -7.256244368528135 ], [ 109.595857059782674, -7.255729784638071 ], [ 109.59595061934067, -7.255395452483427 ], [ 109.595711334811043, -7.254897346657659 ], [ 109.595453690410594, -7.254299728896987 ], [ 109.595233225614805, -7.253656928771254 ], [ 109.595217164621189, -7.252815850372141 ], [ 109.595237935750077, -7.252137720991279 ], [ 109.595240010321348, -7.251468484751087 ], [ 109.595222547141034, -7.25107956118421 ], [ 109.595205718902221, -7.250582143062567 ], [ 109.595076207547748, -7.250084376675356 ], [ 109.595010384582878, -7.249396847830209 ], [ 109.597564744843879, -7.249142535003094 ], [ 109.599154751888122, -7.248188868837213 ], [ 109.600356137924393, -7.247794656837835 ], [ 109.601275548666024, -7.24771611341917 ], [ 109.602719296941871, -7.247404012663982 ] ] ], [ [ [ 109.643075631014099, -7.21761068973558 ], [ 109.643310943009624, -7.217276760632881 ], [ 109.643226658244814, -7.216869549256789 ], [ 109.643697713662064, -7.216708200472616 ], [ 109.64388566917259, -7.216328922384543 ], [ 109.644411005536014, -7.216294315909857 ], [ 109.644811542293951, -7.216042250298618 ], [ 109.645217540610361, -7.216188120150086 ], [ 109.645319827639923, -7.21556446451221 ], [ 109.645856130823077, -7.215457556104888 ], [ 109.646371759035404, -7.214970749006317 ], [ 109.647077048496456, -7.214936672436453 ], [ 109.647423422912468, -7.214566903012271 ], [ 109.647742498701575, -7.214513598269236 ], [ 109.647614479492802, -7.213871085951306 ], [ 109.649261243904064, -7.215286717622508 ], [ 109.650070457735737, -7.216745168196434 ], [ 109.650542452872173, -7.218962205751426 ], [ 109.651399325566885, -7.220493038950011 ], [ 109.651992633355491, -7.222167848894795 ], [ 109.652683853980392, -7.223056148008222 ], [ 109.65354293444193, -7.223845484403624 ], [ 109.654163909254137, -7.224299487459495 ], [ 109.656385528297577, -7.225599258455937 ], [ 109.657648695357523, -7.227266906601313 ], [ 109.658841220474443, -7.228608846698436 ], [ 109.660919296379831, -7.229953387343471 ], [ 109.662662465916355, -7.231224604921271 ], [ 109.663426742147976, -7.231633811039151 ], [ 109.665939148103519, -7.231758714384729 ], [ 109.66825999904772, -7.231865051448692 ], [ 109.670007882169628, -7.231842940874876 ], [ 109.66998159112272, -7.232304169521769 ], [ 109.669942227616076, -7.232792394544105 ], [ 109.66973773646383, -7.233135380506758 ], [ 109.669595026239833, -7.233469595494439 ], [ 109.669809367592563, -7.234302234595071 ], [ 109.669416663423121, -7.234554344464343 ], [ 109.668953156296496, -7.234733823382389 ], [ 109.668506082112003, -7.234605933645286 ], [ 109.668133823436236, -7.234939386426721 ], [ 109.668154196051205, -7.235427875934947 ], [ 109.668523108403093, -7.235854002559275 ], [ 109.668445092565449, -7.236305947432017 ], [ 109.668027327103374, -7.236521725342904 ], [ 109.667513074262047, -7.236918143840448 ], [ 109.667385295657866, -7.237252401268865 ], [ 109.66757515133186, -7.237750337861025 ], [ 109.66724086319833, -7.237866900900539 ], [ 109.667175282744552, -7.23822846517351 ], [ 109.667192617210588, -7.238581230507838 ], [ 109.666787850719828, -7.238616211954104 ], [ 109.666596533252786, -7.23889594260073 ], [ 109.666704726032251, -7.239357473709029 ], [ 109.666860790322005, -7.239792020095243 ], [ 109.666612284340985, -7.240270589712674 ], [ 109.666127014725362, -7.241119262957161 ], [ 109.665214402193328, -7.242238021581998 ], [ 109.664588463324051, -7.243484201900971 ], [ 109.664455929583085, -7.244189150714375 ], [ 109.663437797745544, -7.244240410397897 ], [ 109.662767396078749, -7.244328946964012 ], [ 109.661977135639759, -7.244444164430161 ], [ 109.661474795901626, -7.244442686631843 ], [ 109.660996331010409, -7.244423195311596 ], [ 109.66049403986824, -7.244304175527391 ], [ 109.659991909595092, -7.244130815587844 ], [ 109.659465792425948, -7.244038849439259 ], [ 109.658915443139747, -7.244010102584451 ], [ 109.658101217360226, -7.244224700306441 ], [ 109.657310181059515, -7.244602204228293 ], [ 109.656232670556534, -7.244834194680704 ], [ 109.655418710854093, -7.244958371871746 ], [ 109.653957782756791, -7.24535197177129 ], [ 109.653550941367655, -7.24540501719612 ], [ 109.65307291280466, -7.245213728454735 ], [ 109.651830243179305, -7.244658329321876 ], [ 109.649607400673801, -7.243747397276128 ], [ 109.648294391416513, -7.242667369783055 ], [ 109.647171715126433, -7.241994776169165 ], [ 109.645290459083029, -7.241184389860974 ], [ 109.645530852884676, -7.240678687236031 ], [ 109.645392503553595, -7.240370771836549 ], [ 109.645295965148321, -7.239339565170796 ], [ 109.644859249860389, -7.238795590627735 ], [ 109.644790821058933, -7.2383793845487 ], [ 109.644971123680193, -7.237991043481192 ], [ 109.645291160546705, -7.237621291590375 ], [ 109.645710911123317, -7.237143246711879 ], [ 109.646082369852763, -7.236131424235221 ], [ 109.646083717777003, -7.235679259313513 ], [ 109.645905385370739, -7.235407482056302 ], [ 109.645547309012088, -7.23516220459236 ], [ 109.644901094673713, -7.23480757100029 ], [ 109.644443785007482, -7.234534963353362 ], [ 109.643836711098601, -7.234352234721348 ], [ 109.643189600196948, -7.234223725898762 ], [ 109.642721658574075, -7.234186165670811 ], [ 109.642163499507177, -7.234202585413555 ], [ 109.641497115406381, -7.233902136915164 ], [ 109.640503389838017, -7.233193841099839 ], [ 109.639807071469519, -7.232866176621672 ], [ 109.639369481366813, -7.232593533224393 ], [ 109.638632449896491, -7.232546123978254 ], [ 109.638214344855882, -7.232499666855603 ], [ 109.637996068889009, -7.232227768177959 ], [ 109.637778464383217, -7.23175686711974 ], [ 109.637182956773117, -7.231031582553649 ], [ 109.636884579698673, -7.230876984041072 ], [ 109.636336710186356, -7.230875345051722 ], [ 109.636018437008545, -7.230657305346964 ], [ 109.635333856774409, -7.229805171088417 ], [ 109.635235194781615, -7.229488331619515 ], [ 109.635236742241972, -7.228972878447021 ], [ 109.634979321372171, -7.228483774538999 ], [ 109.635020553544734, -7.228031730941686 ], [ 109.635270859170888, -7.227607437759967 ], [ 109.635860165566015, -7.227012369480209 ], [ 109.636160872393333, -7.226389222073268 ], [ 109.636531524013122, -7.225648833823026 ], [ 109.636870748091894, -7.225477968164874 ], [ 109.637348800618739, -7.225551819477682 ], [ 109.638334760559786, -7.225554764257589 ], [ 109.638673848831502, -7.225429104449195 ], [ 109.63941400660984, -7.224427520212905 ], [ 109.639714698890543, -7.22373203672758 ], [ 109.639596550188344, -7.223288557981443 ], [ 109.639318857932253, -7.222935109367606 ], [ 109.639389905031294, -7.22247411174796 ], [ 109.639868549101621, -7.22224940961651 ], [ 109.640357483074496, -7.22197952978222 ], [ 109.640647410718913, -7.221636814485301 ], [ 109.64112686335109, -7.22114086642741 ], [ 109.64118757195962, -7.220815460693307 ], [ 109.640980741734609, -7.220037090044767 ], [ 109.640394956577339, -7.219483720128618 ], [ 109.640725450605757, -7.218833531504404 ], [ 109.64090242070192, -7.21775793220085 ], [ 109.641227077367333, -7.21801215261703 ], [ 109.641856115974932, -7.217833102709698 ], [ 109.642390194226095, -7.217997529729789 ], [ 109.64258064252742, -7.217609218345197 ], [ 109.643075631014099, -7.21761068973558 ] ] ], [ [ [ 109.775817560445461, -7.262535930390987 ], [ 109.776600038560474, -7.261832582697428 ], [ 109.777664588137938, -7.261184335438444 ], [ 109.778269674744067, -7.261068418278942 ], [ 109.778750919638441, -7.261042587278115 ], [ 109.779585620766113, -7.260827733334924 ], [ 109.780374684711404, -7.260504250809438 ], [ 109.781121956881691, -7.260280207236923 ], [ 109.780402762419897, -7.261752396933124 ], [ 109.780211732338898, -7.262276411373973 ], [ 109.779744141481345, -7.263441846468767 ], [ 109.779510420546671, -7.264038081687383 ], [ 109.779274525688535, -7.264498680522893 ], [ 109.778788277437968, -7.265546517310807 ], [ 109.77855050263625, -7.265790011602646 ], [ 109.778110030997723, -7.266340478701656 ], [ 109.777756007633883, -7.266737463917815 ], [ 109.777468025869467, -7.267098458720657 ], [ 109.777195734894065, -7.267622251780349 ], [ 109.776744054343084, -7.268643052084276 ], [ 109.776269856686795, -7.269428517733361 ], [ 109.775674815462438, -7.27010524260141 ], [ 109.775014608141348, -7.270989756361952 ], [ 109.774573603863814, -7.271540216924528 ], [ 109.774236251849729, -7.271928201198059 ], [ 109.77392819518316, -7.272198718379322 ], [ 109.77232227961278, -7.272691771292779 ], [ 109.771817288765604, -7.273151635046208 ], [ 109.771329871126412, -7.273575377746414 ], [ 109.770973865385841, -7.273845671989552 ], [ 109.770631562409747, -7.27369102962839 ], [ 109.770215372615908, -7.273518102558303 ], [ 109.769922899521461, -7.273056077033354 ], [ 109.76979537954206, -7.272684919055522 ], [ 109.769708384606801, -7.272214409240302 ], [ 109.769704789223766, -7.271861671625872 ], [ 109.769795889887533, -7.27145493911295 ], [ 109.769208160262522, -7.271417175665624 ], [ 109.76881248496673, -7.27119900309315 ], [ 109.76861068371548, -7.270900069514805 ], [ 109.768446248123851, -7.270564979053085 ], [ 109.768447108286182, -7.27016704376267 ], [ 109.769003709132591, -7.269897295941969 ], [ 109.769083756709122, -7.269490533567332 ], [ 109.768885791129279, -7.269236730099072 ], [ 109.768392695537202, -7.268620445732426 ], [ 109.768553268273422, -7.267960636230167 ], [ 109.768670833096891, -7.267626311647651 ], [ 109.768148569518814, -7.267217913714382 ], [ 109.76863486452072, -7.266902764864041 ], [ 109.769634530958342, -7.266064392143138 ], [ 109.770131324996001, -7.265622591502001 ], [ 109.770701494333437, -7.265578927021951 ], [ 109.771279501539141, -7.265426688698089 ], [ 109.77195630500357, -7.265084925541213 ], [ 109.772211258334394, -7.264814265305213 ], [ 109.772616393038263, -7.264462633203006 ], [ 109.773220871375742, -7.263966867660958 ], [ 109.774117173625882, -7.263345301526813 ], [ 109.774899346924002, -7.262976601280326 ], [ 109.775817560445461, -7.262535930390987 ] ] ], [ [ [ 109.838723878793203, -7.224001744877444 ], [ 109.839876442726023, -7.223272075971375 ], [ 109.841130751474225, -7.22370033908524 ], [ 109.841546166473051, -7.224850029122101 ], [ 109.842170650595008, -7.226099624033958 ], [ 109.842586897621132, -7.227041344441418 ], [ 109.842585033221923, -7.227773851252716 ], [ 109.843419224520744, -7.228816096686406 ], [ 109.844776188505577, -7.229968082799365 ], [ 109.845400210146508, -7.231434778590369 ], [ 109.846862161206744, -7.232478609830917 ], [ 109.848350547825092, -7.233142548784104 ], [ 109.847616013178779, -7.234081266354457 ], [ 109.847090880044377, -7.234812540590769 ], [ 109.845938493810195, -7.235433627741273 ], [ 109.845519136770008, -7.235857640829334 ], [ 109.844993491984553, -7.23678793015215 ], [ 109.844886094351367, -7.237936203007412 ], [ 109.84436097440819, -7.238775979478345 ], [ 109.84425380469834, -7.239716280904342 ], [ 109.844251156647587, -7.240756312208068 ], [ 109.844353537195076, -7.241697236005616 ], [ 109.844665828281919, -7.242322033676669 ], [ 109.845290620277126, -7.243372700016371 ], [ 109.845392398762584, -7.244521593857024 ], [ 109.844971949785801, -7.245253128593031 ], [ 109.844341557793456, -7.246400072111588 ], [ 109.844546953793724, -7.247856665014059 ], [ 109.844544556664019, -7.24879732254662 ], [ 109.843880636443927, -7.249998432488334 ], [ 109.843668244773781, -7.250377756398896 ], [ 109.842831205118102, -7.251316198917236 ], [ 109.842499872698156, -7.251713303631068 ], [ 109.842338941487469, -7.252002335392988 ], [ 109.84214678078196, -7.252354583073489 ], [ 109.841464288667169, -7.252723574834756 ], [ 109.841294067425963, -7.252994497925122 ], [ 109.841150476998649, -7.253364953274333 ], [ 109.841363330992579, -7.254441701365336 ], [ 109.841712671006249, -7.255093813038276 ], [ 109.842016360020494, -7.25563721110166 ], [ 109.842199192468016, -7.256071794325309 ], [ 109.842275172616382, -7.256469936275178 ], [ 109.842430897568761, -7.256786901463478 ], [ 109.842764043348055, -7.257230909902582 ], [ 109.843246217020891, -7.257602869588282 ], [ 109.843800726201223, -7.257812343373073 ], [ 109.844324753532504, -7.25808494417005 ], [ 109.844668129423226, -7.258384301969777 ], [ 109.844889110565589, -7.258855150620218 ], [ 109.845135233514455, -7.259687842870603 ], [ 109.845377654002519, -7.260303421686943 ], [ 109.84561805943089, -7.260801536732068 ], [ 109.845806642195186, -7.261208916771431 ], [ 109.846051863491368, -7.261634615669432 ], [ 109.846403910940737, -7.262078670509159 ], [ 109.84714794580583, -7.263003140501364 ], [ 109.846824612544793, -7.263716746000537 ], [ 109.846675046882481, -7.264087187918984 ], [ 109.846624746652623, -7.264512135506006 ], [ 109.846574349511044, -7.264828576008636 ], [ 109.846349935752443, -7.265497221107255 ], [ 109.846199999847784, -7.266012337470053 ], [ 109.846075307905011, -7.266409968924893 ], [ 109.845950684914897, -7.266780473785667 ], [ 109.845479301835127, -7.267267644997421 ], [ 109.845280816777247, -7.267520412530715 ], [ 109.845427453954613, -7.268180959039077 ], [ 109.845550230549449, -7.268534008994995 ], [ 109.845347728871658, -7.269248010329185 ], [ 109.845062650145678, -7.269835119491009 ], [ 109.844815876421407, -7.27013297469886 ], [ 109.844474948357785, -7.270421457090101 ], [ 109.844058209366651, -7.270682709598429 ], [ 109.843773914590997, -7.270962293504543 ], [ 109.843621482095926, -7.271341768452999 ], [ 109.843299871561129, -7.271377116765814 ], [ 109.842884126782906, -7.271249464586291 ], [ 109.842661514236539, -7.270977539258253 ], [ 109.842289967484007, -7.270506304721729 ], [ 109.842247829205235, -7.270162592799433 ], [ 109.842396044025932, -7.269855445397481 ], [ 109.842589560067921, -7.269123338789062 ], [ 109.842367203238823, -7.268751949718918 ], [ 109.842081200500999, -7.268561332876335 ], [ 109.841796222556283, -7.26799989714251 ], [ 109.841487359350779, -7.267375014368619 ], [ 109.841127299675463, -7.266939977664624 ], [ 109.840750923299822, -7.266577327218943 ], [ 109.840715240041874, -7.2661340770403 ], [ 109.840610211843554, -7.265618221490079 ], [ 109.840050964848842, -7.265273187716875 ], [ 109.839735785705926, -7.264666372621057 ], [ 109.839449246532183, -7.264249607559459 ], [ 109.839629728663724, -7.263969760571469 ], [ 109.839815036899509, -7.263671750963809 ], [ 109.839687872377553, -7.263255393569246 ], [ 109.839539637121192, -7.262784729008406 ], [ 109.83933909281798, -7.262413395003173 ], [ 109.83892343597752, -7.2619058775195 ], [ 109.83863443443839, -7.261489105984953 ], [ 109.838217522667136, -7.260918289411613 ], [ 109.837827807104048, -7.260808785293581 ], [ 109.836956794210053, -7.260743168586238 ], [ 109.836646287488563, -7.260878096411894 ], [ 109.835899767539217, -7.261482100542461 ], [ 109.835396111550139, -7.261652700756522 ], [ 109.834934057792609, -7.261705768133629 ], [ 109.834520837005002, -7.261704707234794 ], [ 109.833912530318528, -7.26162167460411 ], [ 109.833153611679549, -7.261529302252246 ], [ 109.832372255969773, -7.261391660003997 ], [ 109.832645968022561, -7.260958248390258 ], [ 109.833029324222295, -7.261013487273407 ], [ 109.833167915810805, -7.260615896599421 ], [ 109.832985763806377, -7.260326078157137 ], [ 109.832649000194721, -7.25978249989471 ], [ 109.833148742742509, -7.259593898528556 ], [ 109.833707330692661, -7.259522996263817 ], [ 109.83383674472185, -7.25917963480095 ], [ 109.833775744840267, -7.258564518327811 ], [ 109.833639162669584, -7.258066665863424 ], [ 109.833682367959909, -7.257442774837434 ], [ 109.834015429768016, -7.257045682956871 ], [ 109.834464735061488, -7.256865992266835 ], [ 109.834685992951648, -7.25658616139499 ], [ 109.83456292833543, -7.256233109407277 ], [ 109.834419921557696, -7.255590655844254 ], [ 109.834473244038961, -7.254894362405752 ], [ 109.834534788505394, -7.253962992784821 ], [ 109.834340772261712, -7.253030967576472 ], [ 109.834331111619804, -7.252605868941322 ], [ 109.834289711348831, -7.252180688888281 ], [ 109.83400042060066, -7.25176391512872 ], [ 109.833669842242188, -7.251546054115882 ], [ 109.833225695693955, -7.25102941843278 ], [ 109.833585209937368, -7.250885575557857 ], [ 109.834092016935131, -7.25058848320042 ], [ 109.834222470148063, -7.249955682852278 ], [ 109.834690408798977, -7.248247544517428 ], [ 109.834484510477722, -7.246999011916659 ], [ 109.834487206697702, -7.245949851947017 ], [ 109.8335129229269, -7.243451254694023 ], [ 109.833517224015026, -7.24177809666377 ], [ 109.832578798915591, -7.240527595553362 ], [ 109.831535240981452, -7.23947584218449 ], [ 109.831015401436915, -7.238226413352074 ], [ 109.830600618015211, -7.236868747756856 ], [ 109.829765892835795, -7.235926034659001 ], [ 109.828760933995952, -7.233580981685477 ], [ 109.827614791899705, -7.23180540340296 ], [ 109.827096378661523, -7.229922932972361 ], [ 109.828249528137533, -7.229093836367268 ], [ 109.830448380169997, -7.228267419795617 ], [ 109.833381637338107, -7.226701319445847 ], [ 109.836942767960281, -7.225046285748693 ], [ 109.838723878793203, -7.224001744877444 ] ] ] ] } },
{ "type": "Feature", "properties": { "KECAMATAN": "Banjarnegara" }, "geometry": { "type": "MultiPolygon", "coordinates": [ [ [ [ 109.705116489632502, -7.430495965904426 ], [ 109.704241722914688, -7.430448204067068 ], [ 109.703347737527835, -7.430508884782735 ], [ 109.702535284267952, -7.43056085075867 ], [ 109.702466341070036, -7.429945632952138 ], [ 109.701257755270007, -7.425555972192285 ], [ 109.701024196606937, -7.424877071586506 ], [ 109.700772179972674, -7.424505534541852 ], [ 109.700438128149855, -7.424314591240855 ], [ 109.699934491506681, -7.423996658125299 ], [ 109.699641230081909, -7.423805833738157 ], [ 109.699135466293086, -7.423551185494136 ], [ 109.69844550355495, -7.423160281378186 ], [ 109.698128160298026, -7.422851843726548 ], [ 109.697521105806402, -7.422289389483763 ], [ 109.697219335362647, -7.422071413861315 ], [ 109.696714033795274, -7.421762514689935 ], [ 109.696355087662127, -7.421553412563099 ], [ 109.695846319103921, -7.421280669138726 ], [ 109.695542628800055, -7.420954186873681 ], [ 109.695006887426828, -7.420581814661649 ], [ 109.694731730455459, -7.420282540834929 ], [ 109.694553647741614, -7.419820801954256 ], [ 109.694117576238469, -7.419647728989574 ], [ 109.693813439937486, -7.419194661224188 ], [ 109.69361760014344, -7.418877536729635 ], [ 109.693406344512198, -7.418316241787301 ], [ 109.692594386400586, -7.41800634714874 ], [ 109.692295588135451, -7.417770384881556 ], [ 109.691781048117903, -7.417506572199088 ], [ 109.691135828498389, -7.417224381380628 ], [ 109.690230685517392, -7.416950375303565 ], [ 109.689416817410716, -7.416631428366607 ], [ 109.688959366094466, -7.41631362169182 ], [ 109.688506686846338, -7.415923405084659 ], [ 109.688188101641188, -7.415660166911939 ], [ 109.687766682460662, -7.415713173320596 ], [ 109.687338201795185, -7.415476825674065 ], [ 109.686571102113049, -7.414931880788421 ], [ 109.686180247105582, -7.414704685030466 ], [ 109.685706789112757, -7.414269196640637 ], [ 109.685011378381233, -7.413986759623423 ], [ 109.684893513515632, -7.413552321885908 ], [ 109.684776805394876, -7.413181269477402 ], [ 109.684544854254014, -7.412927327182686 ], [ 109.684048676795982, -7.412898734594539 ], [ 109.683643047433875, -7.41306932547071 ], [ 109.683459617237844, -7.41333108046342 ], [ 109.683096024002239, -7.413257670995141 ], [ 109.682771853634705, -7.413166294732878 ], [ 109.682434714991871, -7.413165296176372 ], [ 109.682199648996885, -7.413381598973309 ], [ 109.68186565380276, -7.413353484376642 ], [ 109.681538098525152, -7.413144465606416 ], [ 109.681473598713026, -7.413506030021416 ], [ 109.68110575605364, -7.413731070517216 ], [ 109.680780601410376, -7.414146111438577 ], [ 109.680308440272086, -7.41395474604548 ], [ 109.679934833651657, -7.414007887020878 ], [ 109.679605354758095, -7.414269206426522 ], [ 109.679296811306372, -7.414449122680578 ], [ 109.678959242417449, -7.414366745456305 ], [ 109.678065944823118, -7.414309841293293 ], [ 109.677484657550622, -7.41383785860861 ], [ 109.676831809122135, -7.413564577981857 ], [ 109.676081608070064, -7.413245889128093 ], [ 109.675164689189103, -7.412845237768932 ], [ 109.674414484814463, -7.412553580901315 ], [ 109.6736641731286, -7.412298179442323 ], [ 109.672386988121929, -7.412212904728837 ], [ 109.672183016516911, -7.412546925453926 ], [ 109.671948742040357, -7.412871813956243 ], [ 109.671125253767215, -7.413303441395023 ], [ 109.67057357582614, -7.413573130941542 ], [ 109.669792924556333, -7.414068174602279 ], [ 109.669342108841732, -7.414482829366431 ], [ 109.669134384931326, -7.414174703436061 ], [ 109.668833614612737, -7.413929590060934 ], [ 109.668230906596079, -7.413529865615315 ], [ 109.667644905863639, -7.413139322579116 ], [ 109.667325135305362, -7.412903193105554 ], [ 109.666857276574135, -7.412476746509394 ], [ 109.666509025491564, -7.412023533392697 ], [ 109.666238370904665, -7.411651926950487 ], [ 109.665999309690847, -7.411208082544067 ], [ 109.665710714919541, -7.41059229961858 ], [ 109.665512143616183, -7.410148576536566 ], [ 109.665377206080436, -7.409659836413828 ], [ 109.665318532719283, -7.409297907062974 ], [ 109.665276233690236, -7.408782320066722 ], [ 109.665251251256336, -7.408420491764488 ], [ 109.665252448825271, -7.408022575676396 ], [ 109.665263501093392, -7.407452899217127 ], [ 109.66533407020161, -7.406964775361612 ], [ 109.665550301534566, -7.406504212841094 ], [ 109.665789350581903, -7.406007552201887 ], [ 109.665971972021836, -7.405519673425006 ], [ 109.666167991725601, -7.404923426100097 ], [ 109.666325050260099, -7.4043903529518 ], [ 109.666547092463418, -7.403685593808889 ], [ 109.666743490450173, -7.402962764897869 ], [ 109.666978630835303, -7.402249002877924 ], [ 109.667109208861802, -7.40185147356175 ], [ 109.667305414627677, -7.401191934558027 ], [ 109.667436290427517, -7.400694948479599 ], [ 109.667554174850238, -7.400270256132987 ], [ 109.667788373541413, -7.399221861187848 ], [ 109.667958396883549, -7.398498952058278 ], [ 109.668131719862686, -7.397721712658183 ], [ 109.668367503756386, -7.396691495152147 ], [ 109.668577162937723, -7.395878197443893 ], [ 109.668747156765335, -7.395263696056887 ], [ 109.668904098522432, -7.394766786658781 ], [ 109.669151731617134, -7.394143565516337 ], [ 109.66982248064437, -7.394290232467582 ], [ 109.670202081807162, -7.394399863882835 ], [ 109.670528612156687, -7.394545593579972 ], [ 109.671025475493536, -7.394836405987764 ], [ 109.67162777106445, -7.394792992818365 ], [ 109.671942826021379, -7.39450460004824 ], [ 109.672023019981182, -7.394016411466114 ], [ 109.672011316179947, -7.393383373923966 ], [ 109.671855499784868, -7.393030196939831 ], [ 109.671542392198788, -7.392667509846627 ], [ 109.671307861676055, -7.392232723893583 ], [ 109.671519188260106, -7.391808398059308 ], [ 109.6720308019095, -7.391412000518964 ], [ 109.672436802242373, -7.391386084207576 ], [ 109.672894619218624, -7.391468820976074 ], [ 109.673365137411096, -7.391651052783496 ], [ 109.673770241361879, -7.391950721023193 ], [ 109.674174318872673, -7.392494509461065 ], [ 109.674590749902336, -7.393354881286649 ], [ 109.675007271614362, -7.394260461314381 ], [ 109.675358342389359, -7.395120638682924 ], [ 109.675761783348634, -7.395854388920351 ], [ 109.676257466693642, -7.396543114431332 ], [ 109.676866691983108, -7.39703326106758 ], [ 109.677315766423519, -7.397269766460675 ], [ 109.677904201512391, -7.397316720380312 ], [ 109.678245026791288, -7.397254439838355 ], [ 109.678625718831256, -7.397074645652523 ], [ 109.679163294537787, -7.396615025524227 ], [ 109.679609770003609, -7.396218426130443 ], [ 109.680291982248903, -7.395677857931108 ], [ 109.680804380466327, -7.395218160674093 ], [ 109.681290918136867, -7.394586595057648 ], [ 109.681619926279723, -7.393999680707687 ], [ 109.681844816316342, -7.393105042481048 ], [ 109.68204682381608, -7.392671550388019 ], [ 109.682459062475687, -7.39235631095646 ], [ 109.682773970360827, -7.39214015126153 ], [ 109.683084972151192, -7.391905986885054 ], [ 109.683486154063601, -7.391590623182037 ], [ 109.683853166318471, -7.391184741730492 ], [ 109.683973445673345, -7.390524965921106 ], [ 109.684290514855931, -7.389476798633388 ], [ 109.684619295620081, -7.388862845392698 ], [ 109.685143801132241, -7.38880109968029 ], [ 109.685679985234245, -7.388983512385736 ], [ 109.686621144040416, -7.389411331902136 ], [ 109.687510345720696, -7.38980283025505 ], [ 109.688386439301411, -7.390130996920006 ], [ 109.688948723974733, -7.390304441260527 ], [ 109.689446163744577, -7.390378236144488 ], [ 109.689878480825257, -7.39037046424741 ], [ 109.690926455528896, -7.390219832118036 ], [ 109.691633012825562, -7.390131488016818 ], [ 109.692105395090692, -7.389988115844813 ], [ 109.692485387843078, -7.389763187689828 ], [ 109.692879640448453, -7.389312168520668 ], [ 109.693314136219257, -7.388562800813681 ], [ 109.693551080234386, -7.388183653518866 ], [ 109.693891592697938, -7.38802189996037 ], [ 109.694352397279346, -7.388131748593609 ], [ 109.695682849367742, -7.388859155157632 ], [ 109.696650289275084, -7.389296073636426 ], [ 109.697173444583655, -7.389415143514093 ], [ 109.697631995970823, -7.389326065250842 ], [ 109.697816413471017, -7.389001012005605 ], [ 109.697694351798646, -7.388439980184224 ], [ 109.697230763880384, -7.387724152285381 ], [ 109.69685233807833, -7.38741553944184 ], [ 109.696631151007779, -7.386854218153441 ], [ 109.696894438650759, -7.386457061944901 ], [ 109.697430932840234, -7.386458627862501 ], [ 109.698119123540735, -7.386569226408532 ], [ 109.698460626766476, -7.386425464724183 ], [ 109.69889651925125, -7.386752327185569 ], [ 109.699612107902027, -7.386971413460712 ], [ 109.700185318886767, -7.387190174499034 ], [ 109.700580982324027, -7.387326952220952 ], [ 109.700947021047966, -7.387427476572244 ], [ 109.70130350260942, -7.387500938129337 ], [ 109.701747757281481, -7.387574564340613 ], [ 109.702140495436453, -7.387638998609819 ], [ 109.703135414124048, -7.387723266260975 ], [ 109.703528469107155, -7.387679199680226 ], [ 109.704065787499772, -7.387373251403534 ], [ 109.704080753076525, -7.386903035042877 ], [ 109.703793640597652, -7.386531400459751 ], [ 109.703297043249179, -7.386168289411353 ], [ 109.702565300596703, -7.385750153866011 ], [ 109.702369903820184, -7.385487285800469 ], [ 109.702344735048982, -7.384998869673135 ], [ 109.702659414578449, -7.38472844234564 ], [ 109.703013122076612, -7.38470234486411 ], [ 109.703366702183274, -7.384694330160327 ], [ 109.703916149519728, -7.384813558306747 ], [ 109.70479290644856, -7.385096396095297 ], [ 109.705420289923012, -7.38538764140688 ], [ 109.705917256874159, -7.385624167156077 ], [ 109.706558096381855, -7.385861199752306 ], [ 109.707146378536081, -7.386061821985714 ], [ 109.707984141373203, -7.386218047467983 ], [ 109.708821263302326, -7.386338012260822 ], [ 109.71006467246697, -7.38651340030719 ], [ 109.710483587423823, -7.386541735959265 ], [ 109.71112522186516, -7.386480296957263 ], [ 109.71178062040137, -7.386283270532824 ], [ 109.712580235374659, -7.385941900600652 ], [ 109.712999191624348, -7.385852691188199 ], [ 109.713418263527274, -7.385826773951006 ], [ 109.714211127957256, -7.385856183646194 ], [ 109.715512164199495, -7.385995555591671 ], [ 109.716087928064098, -7.386006253740772 ], [ 109.716585682407029, -7.385998643347174 ], [ 109.716926502018239, -7.385909205464478 ], [ 109.71728030385448, -7.385747470479163 ], [ 109.717713298490679, -7.385504496329617 ], [ 109.718499690731917, -7.385135951476649 ], [ 109.719574522874964, -7.384578355082321 ], [ 109.720125346864677, -7.384299548963697 ], [ 109.720806514897632, -7.384283417467298 ], [ 109.721354797655735, -7.384628666004452 ], [ 109.721811291091413, -7.385253946439696 ], [ 109.72231958881828, -7.38599700847637 ], [ 109.722737675523604, -7.386522718830781 ], [ 109.723076248746125, -7.386903532914753 ], [ 109.723481312499345, -7.387230286293073 ], [ 109.723926188585594, -7.387376227065578 ], [ 109.724292417483085, -7.387413441179226 ], [ 109.7247508593655, -7.387387625963703 ], [ 109.72557675285482, -7.387154898418122 ], [ 109.725491301305269, -7.387543541926174 ], [ 109.725650978494514, -7.387842377070586 ], [ 109.725998306288474, -7.388349799623033 ], [ 109.7263989773801, -7.388803123509171 ], [ 109.726852522620788, -7.389392315403446 ], [ 109.727306057489031, -7.39008991815269 ], [ 109.72789193162906, -7.391321545069246 ], [ 109.728078816842455, -7.391720007606806 ], [ 109.728184573386017, -7.392145364192636 ], [ 109.728317130542408, -7.392733549605846 ], [ 109.728369078479361, -7.393375846398565 ], [ 109.728527545930788, -7.39407260731674 ], [ 109.728632822594705, -7.394796432396364 ], [ 109.728685015503245, -7.395248761677841 ], [ 109.728977347104049, -7.395973120122035 ], [ 109.729484081354542, -7.396878925715767 ], [ 109.729777633442183, -7.397386193756034 ], [ 109.730205269027294, -7.397740042632402 ], [ 109.730472328451995, -7.398003106190511 ], [ 109.730659347168952, -7.398356359739164 ], [ 109.731058890812037, -7.398999556295732 ], [ 109.731305204268438, -7.399307769514327 ], [ 109.731726855304132, -7.399770192504757 ], [ 109.732701989851506, -7.400415026114439 ], [ 109.733626408944119, -7.401005553410234 ], [ 109.73401412128699, -7.401241742562045 ], [ 109.734482186333608, -7.401514417405925 ], [ 109.735097482284161, -7.401896011781628 ], [ 109.735900221243142, -7.402431848446336 ], [ 109.736943416020836, -7.403158334690023 ], [ 109.737985741514223, -7.403902809809909 ], [ 109.73902902067033, -7.404602167002872 ], [ 109.740206087094393, -7.40543752836783 ], [ 109.741409477583034, -7.406291045422491 ], [ 109.742313862817014, -7.407053206429025 ], [ 109.743414760765248, -7.407987806393155 ], [ 109.744238719102071, -7.40876791159898 ], [ 109.745044766406323, -7.409674551129752 ], [ 109.745792542739864, -7.410635276575391 ], [ 109.746406284936398, -7.41146903763698 ], [ 109.747100807742356, -7.41234823500892 ], [ 109.747660996292325, -7.413100467496902 ], [ 109.748088227625232, -7.41360810471554 ], [ 109.748587071735642, -7.414206361792007 ], [ 109.749242041522805, -7.414967901607484 ], [ 109.749781900281974, -7.415593489194164 ], [ 109.750000572825414, -7.415856318058593 ], [ 109.75067875391629, -7.417024896185164 ], [ 109.751250353908461, -7.418238293318486 ], [ 109.751633797871762, -7.419017151975155 ], [ 109.752827355668629, -7.420756904052997 ], [ 109.753606089635284, -7.421799085510353 ], [ 109.754333848402226, -7.422479448148398 ], [ 109.755530063537563, -7.42338716959375 ], [ 109.756492542583672, -7.423941510362068 ], [ 109.757585411958914, -7.424541514048891 ], [ 109.758235341774522, -7.425113061114454 ], [ 109.758207821968952, -7.425628462233487 ], [ 109.757447601869345, -7.427245194905984 ], [ 109.756608448306437, -7.429033499912673 ], [ 109.756084375492478, -7.430144363601155 ], [ 109.755585615961252, -7.431418141392007 ], [ 109.75511050851091, -7.433524017815973 ], [ 109.754819971860783, -7.434952089717802 ], [ 109.754372483463357, -7.436506396803228 ], [ 109.754004302625049, -7.438151253995965 ], [ 109.753344728937932, -7.439695920727857 ], [ 109.753228618370287, -7.440916517339828 ], [ 109.752919653305909, -7.442832884993442 ], [ 109.752706554476191, -7.444188835877545 ], [ 109.752544520446989, -7.446033281150981 ], [ 109.751215136238969, -7.445939116093879 ], [ 109.750464911780156, -7.445900832648332 ], [ 109.749765169470123, -7.445528051499902 ], [ 109.749043414289289, -7.445146165411899 ], [ 109.748094101512422, -7.444628007549681 ], [ 109.746878834101878, -7.443946252152888 ], [ 109.745815805552212, -7.443274057269782 ], [ 109.74479048394268, -7.442610918588 ], [ 109.744031470489745, -7.442093292700978 ], [ 109.743214906130987, -7.441584544408292 ], [ 109.742588517951972, -7.441221003828348 ], [ 109.741866702651294, -7.440839107973078 ], [ 109.741012538526292, -7.440339291473072 ], [ 109.740347876906469, -7.439984681399702 ], [ 109.73958818775472, -7.439602765247244 ], [ 109.738980604311564, -7.439275441233097 ], [ 109.738486851144145, -7.438984607752626 ], [ 109.737841598372384, -7.438584840724168 ], [ 109.736968275210415, -7.438021670615695 ], [ 109.736152388926712, -7.437386328390074 ], [ 109.735545053303284, -7.436896248719932 ], [ 109.735222254643844, -7.436705359718669 ], [ 109.734850590164001, -7.436568672363061 ], [ 109.734481100490939, -7.436585701617337 ], [ 109.733929236206009, -7.436683586100791 ], [ 109.733167978121784, -7.436853206066704 ], [ 109.732387535662525, -7.437095194577432 ], [ 109.731531083937227, -7.437373131297087 ], [ 109.730674329571031, -7.437678100267911 ], [ 109.729493740588197, -7.438126898482643 ], [ 109.728522866083196, -7.438522043985953 ], [ 109.7271902360485, -7.438997524516096 ], [ 109.726352807252709, -7.439257421114421 ], [ 109.725515235699632, -7.439462974496593 ], [ 109.724487699302728, -7.439686153502612 ], [ 109.724012086977993, -7.439766160494921 ], [ 109.723442470943667, -7.439438926340723 ], [ 109.722721251685002, -7.438885210690663 ], [ 109.721867619798616, -7.438186444244455 ], [ 109.721203452800808, -7.437668967851243 ], [ 109.720596084540787, -7.437196953810405 ], [ 109.719666462138562, -7.436452756152674 ], [ 109.719173266852764, -7.436053404333059 ], [ 109.718718024539768, -7.435654161761553 ], [ 109.717997264091636, -7.434946641535988 ], [ 109.717428420445586, -7.434357192935527 ], [ 109.716650605139961, -7.433694714939036 ], [ 109.716005673381815, -7.433195462361816 ], [ 109.715530767900034, -7.432931877069113 ], [ 109.714922896645689, -7.432740149727721 ], [ 109.714181514016872, -7.432602375551776 ], [ 109.713383309779985, -7.432428268498572 ], [ 109.712247378152043, -7.432244047849847 ], [ 109.711729792258893, -7.432143086259558 ], [ 109.710912263174947, -7.431987002397012 ], [ 109.71009503401406, -7.431830827578063 ], [ 109.709543857385029, -7.431720724223954 ], [ 109.708289664750239, -7.431409566018444 ], [ 109.707130603464037, -7.431089730445582 ], [ 109.70612353711229, -7.430987245931887 ], [ 109.705743512376415, -7.430624469368369 ], [ 109.705116489632502, -7.430495965904426 ] ] ], [ [ [ 109.777309258738256, -7.306131281273015 ], [ 109.777308226109213, -7.30651113278909 ], [ 109.777119427487705, -7.30694472733087 ], [ 109.776742614515129, -7.307468231867094 ], [ 109.776185357734548, -7.308181218661212 ], [ 109.775530119826698, -7.308477826033542 ], [ 109.775090616134023, -7.309064542774562 ], [ 109.775339519189217, -7.309544534620361 ], [ 109.775734810554326, -7.309916419976737 ], [ 109.775905885272067, -7.310287606047689 ], [ 109.775987033059636, -7.310631512430008 ], [ 109.775944944063582, -7.311002210235543 ], [ 109.775800627946666, -7.3113093365196 ], [ 109.775430674572377, -7.311615759479081 ], [ 109.775102317280243, -7.311732503737902 ], [ 109.774773984010253, -7.311812989426115 ], [ 109.774220310692925, -7.311838610301164 ], [ 109.773194898674916, -7.311890072952601 ], [ 109.772087331170979, -7.312076939140226 ], [ 109.771574513954988, -7.312157010245376 ], [ 109.770590230634227, -7.312190494925368 ], [ 109.769954771973914, -7.312188761478896 ], [ 109.769605749480021, -7.312296312649573 ], [ 109.769174569930044, -7.312512142829784 ], [ 109.768927774738415, -7.312818986221456 ], [ 109.768742027228271, -7.313252583714172 ], [ 109.768638214654302, -7.313740656717154 ], [ 109.768534054542911, -7.314355406636923 ], [ 109.768450185462441, -7.315006289364603 ], [ 109.768121403053996, -7.315276740037943 ], [ 109.767771906567106, -7.315556085300909 ], [ 109.767176555003772, -7.315880057830309 ], [ 109.766478553439754, -7.316185664492044 ], [ 109.766066938319625, -7.316510047843701 ], [ 109.765771515177391, -7.316789629688371 ], [ 109.765424754267471, -7.316996734957941 ], [ 109.764973725565767, -7.31714921193632 ], [ 109.763587973385697, -7.3172087044831 ], [ 109.763051125292947, -7.317143937137879 ], [ 109.762341694169749, -7.316879681892568 ], [ 109.761666047596279, -7.316877825258532 ], [ 109.761387575703424, -7.317347331081332 ], [ 109.761403906015587, -7.317709144027901 ], [ 109.761610571946903, -7.318089564175104 ], [ 109.762215686145581, -7.318534373012635 ], [ 109.762647345301588, -7.319041998339801 ], [ 109.762836634649219, -7.319494705993766 ], [ 109.762853140161667, -7.319874603430975 ], [ 109.762574218602524, -7.320425486082789 ], [ 109.76227938862985, -7.320596563127851 ], [ 109.761794396765396, -7.320631397537603 ], [ 109.761326509409386, -7.320612026828598 ], [ 109.760876673741095, -7.320438901952846 ], [ 109.760357650412075, -7.320193341156229 ], [ 109.759907691027266, -7.320038298968623 ], [ 109.759457406947405, -7.320000891039148 ], [ 109.758885624467979, -7.320116951091044 ], [ 109.758573241686278, -7.320287886714096 ], [ 109.758312317844769, -7.320648934911713 ], [ 109.757762610983832, -7.321262360220566 ], [ 109.757375760137322, -7.321433179754663 ], [ 109.75692176188241, -7.32163084887301 ], [ 109.756518077694281, -7.321946291847806 ], [ 109.756198045703002, -7.322316217014667 ], [ 109.755843725926084, -7.322903053182666 ], [ 109.755589711676137, -7.323653011182734 ], [ 109.755453913206281, -7.324140989737843 ], [ 109.755032894389089, -7.324592011617789 ], [ 109.754495289370865, -7.324717110948753 ], [ 109.753975043463683, -7.324589084080124 ], [ 109.753556033131488, -7.324316576031667 ], [ 109.753120242047601, -7.324062195426796 ], [ 109.752616929667894, -7.323861788394079 ], [ 109.751912051118708, -7.323678996234783 ], [ 109.751240557187216, -7.323604708119217 ], [ 109.75157950601286, -7.321833163527191 ], [ 109.751746920616966, -7.320666950456231 ], [ 109.751998390502067, -7.319302048067191 ], [ 109.752140382942514, -7.318117680132464 ], [ 109.752412535350842, -7.316861337146431 ], [ 109.752657144967515, -7.315812971832496 ], [ 109.753222948505211, -7.314512230870182 ], [ 109.753412523241636, -7.313915898470312 ], [ 109.753619245807855, -7.313572786966373 ], [ 109.753834668582329, -7.312650926243459 ], [ 109.754260057793374, -7.31083431462355 ], [ 109.75440729212491, -7.309586665152876 ], [ 109.754411066473821, -7.308736554205641 ], [ 109.754393457316098, -7.307732671517741 ], [ 109.754254855480951, -7.306592735473611 ], [ 109.754081669962005, -7.30564267471131 ], [ 109.753836483052879, -7.304855169701141 ], [ 109.753546932746445, -7.304040416386981 ], [ 109.753533371558333, -7.303624450626454 ], [ 109.753834293643351, -7.303299682057032 ], [ 109.754294919469103, -7.303156192457239 ], [ 109.755534464061768, -7.302825060588815 ], [ 109.756961199849528, -7.30245818239124 ], [ 109.758244882131379, -7.302154199347095 ], [ 109.759839562379128, -7.301742563545034 ], [ 109.761012281044643, -7.30153781893782 ], [ 109.762041449989866, -7.30133258707292 ], [ 109.762766267167223, -7.301262238432467 ], [ 109.763306233759423, -7.301381263285666 ], [ 109.763867213278047, -7.3015998970005 ], [ 109.764993904140766, -7.301973791417522 ], [ 109.765810541666909, -7.302165906050902 ], [ 109.766594814497267, -7.30228559517643 ], [ 109.767384140562399, -7.302333051494544 ], [ 109.768193111052724, -7.302434721460775 ], [ 109.769404577344503, -7.302645991201533 ], [ 109.770660136262762, -7.302875552339971 ], [ 109.77192941651343, -7.303168350972896 ], [ 109.773242241943834, -7.30346135508305 ], [ 109.774147369549198, -7.303689954526608 ], [ 109.775329146662628, -7.30400059062127 ], [ 109.776630974512841, -7.304302597766934 ], [ 109.776467268246009, -7.304627756202518 ], [ 109.776547869014109, -7.304980612561629 ], [ 109.776997741008586, -7.305660162690504 ], [ 109.777309258738256, -7.306131281273015 ] ] ], [ [ [ 109.897574305606369, -7.189128399854933 ], [ 109.897801798219717, -7.18939126749682 ], [ 109.898204109560211, -7.189681592180213 ], [ 109.898586085423176, -7.18982727941488 ], [ 109.898961804832126, -7.19009041238804 ], [ 109.899057382847388, -7.190588065597582 ], [ 109.899081953164071, -7.190958954321808 ], [ 109.899328190393945, -7.191655993155265 ], [ 109.899479033330209, -7.192244203331282 ], [ 109.899891562784475, -7.192634108654467 ], [ 109.900418831808267, -7.193069501238472 ], [ 109.900689872494567, -7.193576617942423 ], [ 109.900626821235718, -7.194146229809241 ], [ 109.900845718081143, -7.194445245588287 ], [ 109.901503792876298, -7.194736272404391 ], [ 109.90189328139067, -7.194710079097914 ], [ 109.902428467799666, -7.194711361908581 ], [ 109.902788791658608, -7.194920201138231 ], [ 109.903194167312634, -7.19533721437941 ], [ 109.903508044915654, -7.195545941923817 ], [ 109.903975524313921, -7.195818424398905 ], [ 109.904438482976957, -7.196045683485344 ], [ 109.904898424097823, -7.196254759656309 ], [ 109.905233932123579, -7.19631885895081 ], [ 109.90558048236872, -7.196355857089342 ], [ 109.906052485148876, -7.196393154695715 ], [ 109.906217944745364, -7.196900017018026 ], [ 109.906118573649522, -7.197514846372687 ], [ 109.906045605246248, -7.197831247827182 ], [ 109.90587486420543, -7.198219664673598 ], [ 109.905638418777315, -7.198635142075097 ], [ 109.905343086020864, -7.199068563337005 ], [ 109.905034749686379, -7.199474825903136 ], [ 109.90458222997681, -7.200061682221716 ], [ 109.90416941018475, -7.200503863622089 ], [ 109.903958979903791, -7.200937486867661 ], [ 109.903886242917878, -7.201280925053194 ], [ 109.903773096926102, -7.202094653658839 ], [ 109.903713374444635, -7.202429170927487 ], [ 109.903600634894858, -7.203197688187464 ], [ 109.903513800590645, -7.203875752715718 ], [ 109.90341429258811, -7.204544834781371 ], [ 109.903275501281996, -7.205060010862005 ], [ 109.90313062023418, -7.205529960099143 ], [ 109.902795714850029, -7.206144132186853 ], [ 109.902598833301909, -7.20646927752329 ], [ 109.90228412260727, -7.206821267155924 ], [ 109.90193660699866, -7.207182220138221 ], [ 109.901490941946378, -7.207615276342839 ], [ 109.901084652018483, -7.208039384203786 ], [ 109.900606071777162, -7.208526614677008 ], [ 109.900114378582856, -7.209031897770838 ], [ 109.899635643476714, -7.20958242343567 ], [ 109.899242256349012, -7.210042729825642 ], [ 109.898924404127712, -7.210394708771986 ], [ 109.898691452955404, -7.210656377468052 ], [ 109.898272120272509, -7.211098535372503 ], [ 109.897930867282184, -7.211522796252835 ], [ 109.897471762711149, -7.212136753437647 ], [ 109.897038916153178, -7.212669301262522 ], [ 109.8966257702604, -7.213238065715455 ], [ 109.896284382590153, -7.213716578959898 ], [ 109.896041860335501, -7.213951185876972 ], [ 109.895786335372378, -7.214158543562942 ], [ 109.895478623931197, -7.214329695703624 ], [ 109.895171035185626, -7.214419375867314 ], [ 109.894798323552379, -7.214418474247679 ], [ 109.894020516993379, -7.214344252512421 ], [ 109.893510725491495, -7.214270678770377 ], [ 109.893033462747027, -7.214179008098038 ], [ 109.892458571501479, -7.214005809153462 ], [ 109.891929545497476, -7.213796551235844 ], [ 109.891308927531554, -7.213541768133074 ], [ 109.890916868042623, -7.213359968729451 ], [ 109.890146156649081, -7.213041523126749 ], [ 109.88946033144309, -7.212732325098914 ], [ 109.889003376314463, -7.212459942692814 ], [ 109.88841556374706, -7.212105769729198 ], [ 109.887926139655931, -7.211797047496399 ], [ 109.88751462858049, -7.211569986353656 ], [ 109.886920576231105, -7.211233881364145 ], [ 109.886378618159981, -7.210879817921763 ], [ 109.885712629743168, -7.210462154958528 ], [ 109.885334103084119, -7.210153700820058 ], [ 109.884865656210124, -7.209727476236344 ], [ 109.884549542832929, -7.209609154088366 ], [ 109.884137380191063, -7.209436343062035 ], [ 109.883650990571155, -7.209263260015767 ], [ 109.883244728057605, -7.209090462689135 ], [ 109.88268960386543, -7.20905293670966 ], [ 109.882261392108987, -7.209060932228005 ], [ 109.881840308524403, -7.208933309333804 ], [ 109.881053737262505, -7.208632896342924 ], [ 109.881108126815377, -7.208135609186205 ], [ 109.881198610503731, -7.20747555738612 ], [ 109.881401116067565, -7.206598762861613 ], [ 109.881580627401661, -7.205993273190483 ], [ 109.881819557223892, -7.205396971002307 ], [ 109.882095192658397, -7.204936393773889 ], [ 109.882452707144495, -7.204430804509305 ], [ 109.882861845780482, -7.204006722222827 ], [ 109.883315260166071, -7.20364604411488 ], [ 109.883657519268709, -7.20323988236318 ], [ 109.884044903188425, -7.202580553486718 ], [ 109.884298530020104, -7.201957157884724 ], [ 109.884379949282931, -7.201550359180721 ], [ 109.884335370071668, -7.20090815155469 ], [ 109.884017464800195, -7.20060888769367 ], [ 109.883745711474063, -7.200400159958617 ], [ 109.883609989445418, -7.200110473014112 ], [ 109.88362107120669, -7.199640206287164 ], [ 109.883915369107569, -7.199179672564126 ], [ 109.884163261090748, -7.198854661045197 ], [ 109.884535405449242, -7.198837483290495 ], [ 109.885082360466512, -7.199218686021533 ], [ 109.885450180654132, -7.199382344580343 ], [ 109.885781278207489, -7.199600258183398 ], [ 109.886123324570136, -7.19964630260665 ], [ 109.886452326984951, -7.199927416938347 ], [ 109.886799475427324, -7.200208665652147 ], [ 109.887419982660234, -7.200255386410843 ], [ 109.887789277380051, -7.200274368773157 ], [ 109.888174991911498, -7.20026626357545 ], [ 109.888532917203776, -7.199833007977343 ], [ 109.888815824952005, -7.199417654655001 ], [ 109.889113732973286, -7.198975210310818 ], [ 109.889411306387103, -7.198577976813817 ], [ 109.889768851551651, -7.198054295010886 ], [ 109.89017817555164, -7.197548823095027 ], [ 109.890498184334902, -7.197106431001721 ], [ 109.890749971425194, -7.196681958109421 ], [ 109.891061281868744, -7.196438477059415 ], [ 109.891385835248755, -7.196122779058596 ], [ 109.89165117222484, -7.195806847017017 ], [ 109.892011730685795, -7.195454975553277 ], [ 109.892339401831052, -7.195238750597902 ], [ 109.892832227187355, -7.194724434971554 ], [ 109.893064569641709, -7.194372252455164 ], [ 109.893117304375423, -7.193965381366929 ], [ 109.893111344786334, -7.19340464758692 ], [ 109.893119933652599, -7.192880028133517 ], [ 109.893262340309875, -7.192292525535168 ], [ 109.893456281022694, -7.19188599536364 ], [ 109.893850891989317, -7.191253889379439 ], [ 109.894275389237407, -7.19067601900429 ], [ 109.894766759276891, -7.189926593990904 ], [ 109.895146393756903, -7.189402959121484 ], [ 109.895570566940577, -7.188834128627844 ], [ 109.896017206045471, -7.188238314858113 ], [ 109.896422292876878, -7.187470504139984 ], [ 109.896761910124255, -7.187932575127189 ], [ 109.897101375348029, -7.188457942505145 ], [ 109.897291347365183, -7.188765932123919 ], [ 109.897574305606369, -7.189128399854933 ] ] ] ] } },
{ "type": "Feature", "properties": { "KECAMATAN": "Batur" }, "geometry": { "type": "Polygon", "coordinates": [ [ [ 109.881840308524403, -7.208933309333804 ], [ 109.882261392108987, -7.209060932228005 ], [ 109.88268960386543, -7.20905293670966 ], [ 109.883244728057605, -7.209090462689135 ], [ 109.883650990571155, -7.209263260015767 ], [ 109.884137380191063, -7.209436343062035 ], [ 109.884549542832929, -7.209609154088366 ], [ 109.884865656210124, -7.209727476236344 ], [ 109.885334103084119, -7.210153700820058 ], [ 109.885712629743168, -7.210462154958528 ], [ 109.886378618159981, -7.210879817921763 ], [ 109.886920576231105, -7.211233881364145 ], [ 109.88751462858049, -7.211569986353656 ], [ 109.887926139655931, -7.211797047496399 ], [ 109.88841556374706, -7.212105769729198 ], [ 109.889003376314463, -7.212459942692814 ], [ 109.88946033144309, -7.212732325098914 ], [ 109.890146156649081, -7.213041523126749 ], [ 109.890916868042623, -7.213359968729451 ], [ 109.891308927531554, -7.213541768133074 ], [ 109.891929545497476, -7.213796551235844 ], [ 109.892458571501479, -7.214005809153462 ], [ 109.893033462747027, -7.214179008098038 ], [ 109.893510725491495, -7.214270678770377 ], [ 109.894020516993379, -7.214344252512421 ], [ 109.894798323552379, -7.214418474247679 ], [ 109.895171035185626, -7.214419375867314 ], [ 109.895478623931197, -7.214329695703624 ], [ 109.895786335372378, -7.214158543562942 ], [ 109.896041860335501, -7.213951185876972 ], [ 109.896284382590153, -7.213716578959898 ], [ 109.8966257702604, -7.213238065715455 ], [ 109.897038916153178, -7.212669301262522 ], [ 109.897471762711149, -7.212136753437647 ], [ 109.897930867282184, -7.211522796252835 ], [ 109.898272120272509, -7.211098535372503 ], [ 109.898691452955404, -7.210656377468052 ], [ 109.898924404127712, -7.210394708771986 ], [ 109.899242256349012, -7.210042729825642 ], [ 109.899635643476714, -7.20958242343567 ], [ 109.900114378582856, -7.209031897770838 ], [ 109.900606071777162, -7.208526614677008 ], [ 109.901084652018483, -7.208039384203786 ], [ 109.901490941946378, -7.207615276342839 ], [ 109.90193660699866, -7.207182220138221 ], [ 109.90228412260727, -7.206821267155924 ], [ 109.902598833301909, -7.20646927752329 ], [ 109.902795714850029, -7.206144132186853 ], [ 109.90313062023418, -7.205529960099143 ], [ 109.903275501281996, -7.205060010862005 ], [ 109.90341429258811, -7.204544834781371 ], [ 109.903513800590645, -7.203875752715718 ], [ 109.903600634894858, -7.203197688187464 ], [ 109.903713374444635, -7.202429170927487 ], [ 109.903773096926102, -7.202094653658839 ], [ 109.903886242917878, -7.201280925053194 ], [ 109.903958979903791, -7.200937486867661 ], [ 109.90416941018475, -7.200503863622089 ], [ 109.90458222997681, -7.200061682221716 ], [ 109.905034749686379, -7.199474825903136 ], [ 109.905343086020864, -7.199068563337005 ], [ 109.905638418777315, -7.198635142075097 ], [ 109.90587486420543, -7.198219664673598 ], [ 109.906045605246248, -7.197831247827182 ], [ 109.906118573649522, -7.197514846372687 ], [ 109.906217944745364, -7.196900017018026 ], [ 109.906052485148876, -7.196393154695715 ], [ 109.906700113977934, -7.1963404467665 ], [ 109.907012537200359, -7.196097046637911 ], [ 109.90790644893319, -7.195791645784802 ], [ 109.908320359152214, -7.195702208201721 ], [ 109.908610013813259, -7.195549086559907 ], [ 109.909275924176583, -7.195188975043465 ], [ 109.909735247380851, -7.195063383979509 ], [ 109.910251347090181, -7.195209381936456 ], [ 109.910701895214103, -7.195318963210171 ], [ 109.911077963577071, -7.195346984893754 ], [ 109.911417355556225, -7.195411088922308 ], [ 109.911799573264133, -7.195240190593934 ], [ 109.912204188570726, -7.194788938468347 ], [ 109.912506966743493, -7.194454996057584 ], [ 109.912886314292805, -7.194265914476525 ], [ 109.913233375635002, -7.194339168168903 ], [ 109.913516428744458, -7.193978050742874 ], [ 109.913524834612844, -7.193426390035514 ], [ 109.913679403916277, -7.193146349817904 ], [ 109.914068958552335, -7.192966424106947 ], [ 109.914513162019873, -7.192886004202841 ], [ 109.914861548557568, -7.192778319927384 ], [ 109.915218907908866, -7.192571189459985 ], [ 109.915512527636352, -7.192381902308306 ], [ 109.915980948362915, -7.192102694255693 ], [ 109.916358351293141, -7.191913604678844 ], [ 109.91673445247261, -7.191706517145226 ], [ 109.916990564201598, -7.191462885349644 ], [ 109.917328807277144, -7.191065725357128 ], [ 109.917456884032802, -7.192069923502378 ], [ 109.91749994476632, -7.192522329826325 ], [ 109.917666101366351, -7.19286633643402 ], [ 109.917708277972778, -7.19321918302626 ], [ 109.917430806841679, -7.193652656596385 ], [ 109.917042755430032, -7.193923103978175 ], [ 109.916788968338381, -7.194130480763868 ], [ 109.916305108634958, -7.194463998105976 ], [ 109.91598224744547, -7.194671210908997 ], [ 109.91566876295316, -7.194860451126614 ], [ 109.915233029030773, -7.195555779710338 ], [ 109.914870116479975, -7.195961921332415 ], [ 109.914729839010107, -7.196386675200356 ], [ 109.914571296613659, -7.196892767862753 ], [ 109.914349417199489, -7.197498267752374 ], [ 109.913997930142898, -7.198311436630271 ], [ 109.913965712795076, -7.198890168197836 ], [ 109.913776416187275, -7.199233423005878 ], [ 109.913289831733664, -7.199422159721833 ], [ 109.91278050831211, -7.199375737932618 ], [ 109.912378514178201, -7.1993205281742 ], [ 109.911372445389262, -7.199652797759688 ], [ 109.910677172048352, -7.199985714301287 ], [ 109.910568041845892, -7.200311073233017 ], [ 109.910727644772379, -7.200646114267226 ], [ 109.910890394197892, -7.20100829012052 ], [ 109.911131478151347, -7.201370561928092 ], [ 109.911262937584283, -7.201795960434541 ], [ 109.911209514804227, -7.20212145204255 ], [ 109.911109371269532, -7.203061809610037 ], [ 109.91108075024772, -7.203414487535651 ], [ 109.910698149696032, -7.203648770821631 ], [ 109.910055901087205, -7.20428934533007 ], [ 109.909721368963559, -7.20487639758856 ], [ 109.909556622752575, -7.205255878036119 ], [ 109.909401141846118, -7.205789102054719 ], [ 109.909362129292816, -7.206114627492608 ], [ 109.909373604799853, -7.206874401142686 ], [ 109.909443410411527, -7.207381035010743 ], [ 109.909591669184366, -7.207869771104782 ], [ 109.909884532619486, -7.208376936912091 ], [ 109.910130533384361, -7.208838778658271 ], [ 109.910291224763156, -7.209219034949412 ], [ 109.910843777451817, -7.210586032853861 ], [ 109.911042729900402, -7.211174446961349 ], [ 109.911399512991935, -7.212278656686453 ], [ 109.911643345814355, -7.212930384360802 ], [ 109.911770580318006, -7.213437245486001 ], [ 109.91197764144232, -7.214070800619118 ], [ 109.9121373162765, -7.214659030619829 ], [ 109.912165461052055, -7.215319377389175 ], [ 109.911817739995783, -7.215390888667282 ], [ 109.911424858780521, -7.21551654672016 ], [ 109.91077315329909, -7.215732102091387 ], [ 109.910425557522998, -7.215875952089151 ], [ 109.910023869036095, -7.21615539977361 ], [ 109.909833038017851, -7.216417175129578 ], [ 109.909582853720906, -7.217140154053214 ], [ 109.909622405259682, -7.217619588362582 ], [ 109.909369344918204, -7.217890347632538 ], [ 109.908992777232882, -7.218187848491664 ], [ 109.908593798245221, -7.218394961424146 ], [ 109.907890555110839, -7.218736982749892 ], [ 109.907426838571908, -7.219251382431088 ], [ 109.90725357029261, -7.21963084037024 ], [ 109.907101076038273, -7.220191196611776 ], [ 109.90703635931493, -7.220769847813674 ], [ 109.90696471208696, -7.221249015606511 ], [ 109.906604628756497, -7.221646110466102 ], [ 109.905785471165629, -7.221680316760757 ], [ 109.905366486392779, -7.221851208488668 ], [ 109.904981084448124, -7.221814114130248 ], [ 109.904663792330254, -7.221713795536782 ], [ 109.90428344065981, -7.221595330911835 ], [ 109.903962598463565, -7.221666899831483 ], [ 109.903698178898736, -7.221349689438992 ], [ 109.903303741673071, -7.221312572040356 ], [ 109.902255469492957, -7.221409608757682 ], [ 109.901975482114807, -7.221571698706676 ], [ 109.901653279597809, -7.221742729266063 ], [ 109.901195745977233, -7.22216671177651 ], [ 109.900838057750676, -7.222373916278482 ], [ 109.900280794657405, -7.222625761127829 ], [ 109.9000183387042, -7.222887448860467 ], [ 109.899694710387436, -7.222968050232741 ], [ 109.899295816666125, -7.223229408406315 ], [ 109.8990075791084, -7.223065859154041 ], [ 109.89847122057779, -7.222856589185412 ], [ 109.898104713967442, -7.222973255496409 ], [ 109.897892647659972, -7.223334529940439 ], [ 109.897408228460193, -7.223541334796061 ], [ 109.896792734524652, -7.223630361324067 ], [ 109.896381239880981, -7.223728832496087 ], [ 109.895919995900698, -7.223709631680906 ], [ 109.895574863877883, -7.223880601872859 ], [ 109.895067191962582, -7.223852245381284 ], [ 109.894610015909478, -7.223787841105478 ], [ 109.894181744797507, -7.223813930396356 ], [ 109.893672003873917, -7.223930245643415 ], [ 109.893304683474994, -7.223920312322652 ], [ 109.892944432199243, -7.223675293708124 ], [ 109.89237137367607, -7.223664860380496 ], [ 109.891565948746333, -7.223518135614737 ], [ 109.891177354282789, -7.223535276105765 ], [ 109.890835024526368, -7.223597831086888 ], [ 109.890342386380254, -7.223560463592062 ], [ 109.889586829079363, -7.223513322928724 ], [ 109.88920166154395, -7.223503342927572 ], [ 109.888838986791583, -7.223701482513294 ], [ 109.888455952946742, -7.224071377322113 ], [ 109.887867420772821, -7.2244950250073 ], [ 109.887290108781031, -7.224819142601038 ], [ 109.886706022227116, -7.225134290852832 ], [ 109.886042157029991, -7.225214051365035 ], [ 109.88541399943972, -7.22516730498722 ], [ 109.884421106180412, -7.225427196672889 ], [ 109.8838288592749, -7.225597552627291 ], [ 109.883470096679048, -7.225569547432493 ], [ 109.883155172554737, -7.225297415147283 ], [ 109.882755068845128, -7.225287392921449 ], [ 109.882271321064692, -7.225430975894021 ], [ 109.881827698913511, -7.225230866276696 ], [ 109.881222826229632, -7.224704836023228 ], [ 109.880796365199799, -7.22445060396091 ], [ 109.88046889867104, -7.224693943939781 ], [ 109.880128064207028, -7.224937341231896 ], [ 109.879583628244646, -7.225252486510155 ], [ 109.879271603032024, -7.225441699695724 ], [ 109.878918375393027, -7.225440831623271 ], [ 109.878585637700183, -7.225277160986078 ], [ 109.878175888564115, -7.225484217766157 ], [ 109.877942163495916, -7.225718743811474 ], [ 109.877671479997517, -7.225980396206419 ], [ 109.877275392903513, -7.225825701496933 ], [ 109.876662396407156, -7.225688466555297 ], [ 109.876289781289742, -7.225524786546774 ], [ 109.875903396307052, -7.225433411048567 ], [ 109.875174185938391, -7.225060787066802 ], [ 109.874245227459326, -7.224289716044329 ], [ 109.873618246820953, -7.223980729049833 ], [ 109.873202821286682, -7.222831055777786 ], [ 109.872890766046709, -7.222097675371669 ], [ 109.872264327385551, -7.221571582098901 ], [ 109.871219623053207, -7.221044453852683 ], [ 109.870383770862162, -7.220526882851235 ], [ 109.869757636222829, -7.220000787625214 ], [ 109.869445857589568, -7.219158898742439 ], [ 109.869656307351534, -7.218643917089745 ], [ 109.869448956706691, -7.217910794716717 ], [ 109.867103212431516, -7.218085826530157 ], [ 109.865325577644541, -7.217764931265537 ], [ 109.863755585969997, -7.218177063340566 ], [ 109.862394636726407, -7.218490154792266 ], [ 109.859885127792751, -7.218067858753192 ], [ 109.858108545820912, -7.2173309031344 ], [ 109.856226479775074, -7.216910157150246 ], [ 109.854866377210868, -7.217006213400046 ], [ 109.852774352595944, -7.216901497219789 ], [ 109.851312452174554, -7.215848647791526 ], [ 109.850896490860521, -7.214907024828276 ], [ 109.851320068448814, -7.212828006876811 ], [ 109.851115645346766, -7.210946248946168 ], [ 109.851223758642263, -7.209589909060639 ], [ 109.848384080963299, -7.209826994855333 ], [ 109.846712500362955, -7.208990711790282 ], [ 109.846086113239267, -7.208464589876979 ], [ 109.845143563458578, -7.208878243772504 ], [ 109.84367693618961, -7.209706603754209 ], [ 109.841792229194368, -7.210434343784254 ], [ 109.839908098728372, -7.21084559834634 ], [ 109.838547995716198, -7.21095065051858 ], [ 109.836975573682139, -7.212203792036052 ], [ 109.835928008636273, -7.212825218512982 ], [ 109.834044324249703, -7.213028386225305 ], [ 109.832160435749998, -7.213340142305737 ], [ 109.831113141664119, -7.213852960063369 ], [ 109.829121827242815, -7.215312967925223 ], [ 109.827655691809269, -7.21593329917947 ], [ 109.827860015476773, -7.217814961679647 ], [ 109.829215555106089, -7.219491607919836 ], [ 109.83057267633427, -7.220643627145879 ], [ 109.830674475929811, -7.221684012380672 ], [ 109.828683937009401, -7.222827446976341 ], [ 109.827531617216252, -7.223457621482194 ], [ 109.824390115565251, -7.224697538938859 ], [ 109.823346512004946, -7.223654816913728 ], [ 109.822303235335795, -7.222603051884168 ], [ 109.821677942782998, -7.221660870730713 ], [ 109.821367053991764, -7.220511440769487 ], [ 109.820636830418692, -7.219776957832011 ], [ 109.819589728802811, -7.22009081742423 ], [ 109.818018068548881, -7.221135821713428 ], [ 109.816969364005985, -7.222064717899207 ], [ 109.814010678758848, -7.220691311508396 ], [ 109.81265628435365, -7.218598692832782 ], [ 109.812035716697267, -7.215883892776946 ], [ 109.811099311603755, -7.213900774885952 ], [ 109.809325595679013, -7.212114492582709 ], [ 109.808074565133396, -7.210546670561158 ], [ 109.807240477137597, -7.209395872560928 ], [ 109.805238549786395, -7.205601270250186 ], [ 109.80398845409843, -7.203716789067865 ], [ 109.803470887539461, -7.201526789994817 ], [ 109.803371427341546, -7.199645406795115 ], [ 109.802748122866646, -7.197970622722167 ], [ 109.802332055317848, -7.197028973099114 ], [ 109.804530523839006, -7.19641072133479 ], [ 109.806517151686208, -7.196732468750068 ], [ 109.809761822989344, -7.196008320085476 ], [ 109.811229269980828, -7.194863507682395 ], [ 109.813325476355274, -7.193304379419546 ], [ 109.814585727688126, -7.1914265110941 ], [ 109.815635439327053, -7.18996403309548 ], [ 109.817519486239675, -7.189552867737494 ], [ 109.82066155772317, -7.187996394727221 ], [ 109.82181539425099, -7.186742226484265 ], [ 109.822447357176671, -7.185079725564786 ], [ 109.823705588842856, -7.18393441518445 ], [ 109.823083640890545, -7.181735115055801 ], [ 109.823819187083231, -7.18038040073892 ], [ 109.823414570340745, -7.178281122366525 ], [ 109.824182080006793, -7.179567352187491 ], [ 109.826365531708547, -7.179699531742729 ], [ 109.828163517549839, -7.179957398376051 ], [ 109.829831384150836, -7.180730332706724 ], [ 109.830597350249477, -7.182658729409694 ], [ 109.830722177036009, -7.184069904489278 ], [ 109.831360661222419, -7.185482388846425 ], [ 109.83225606556212, -7.187022208768237 ], [ 109.833150806161626, -7.188824250524972 ], [ 109.834303858808255, -7.189975727671799 ], [ 109.835458506071831, -7.190620842083381 ], [ 109.836486380541345, -7.190496771309147 ], [ 109.838344048698872, -7.190004070550674 ], [ 109.840400340023876, -7.189629413347797 ], [ 109.841303278680627, -7.188094243758161 ], [ 109.842719187144581, -7.187066822861813 ], [ 109.844774824895367, -7.186945324914611 ], [ 109.846958652397333, -7.186950822094239 ], [ 109.848887398504488, -7.186186985065494 ], [ 109.849661849660805, -7.184777972158703 ], [ 109.849921701597069, -7.18362103178137 ], [ 109.850569885102004, -7.181316423520454 ], [ 109.850959435316497, -7.179653258027222 ], [ 109.851860781422445, -7.178760146907801 ], [ 109.852503748554128, -7.17849943805119 ], [ 109.854687224825483, -7.178631573761177 ], [ 109.856357141982443, -7.178635737417885 ], [ 109.857000084794933, -7.178384064069876 ], [ 109.858031434230455, -7.176975760526739 ], [ 109.862655303688442, -7.177249465391574 ], [ 109.864324831628039, -7.177380281241195 ], [ 109.865736130556442, -7.178152458381554 ], [ 109.866759859854582, -7.179692544371757 ], [ 109.866884561668456, -7.181230319398199 ], [ 109.867138324172004, -7.182515227943842 ], [ 109.867777539442386, -7.18380108809875 ], [ 109.869701826774076, -7.184827798682581 ], [ 109.870601480077582, -7.184703422270346 ], [ 109.871756603905226, -7.185086134092121 ], [ 109.872911931804836, -7.185477886139394 ], [ 109.873295729526532, -7.186120926240833 ], [ 109.874064135891643, -7.187018186958277 ], [ 109.875003014535181, -7.187979252058356 ], [ 109.875379378404418, -7.188549934063529 ], [ 109.875611270154053, -7.188839858183629 ], [ 109.875927937311246, -7.189546119205171 ], [ 109.876044208497049, -7.189908188884156 ], [ 109.876321860938859, -7.190234484859683 ], [ 109.876678706518263, -7.190696610165062 ], [ 109.876926119354749, -7.191113255326557 ], [ 109.877317875891478, -7.190860938898546 ], [ 109.877520860183793, -7.190608159729729 ], [ 109.877878486504912, -7.19050956961599 ], [ 109.878215414369379, -7.190447097970348 ], [ 109.878527556889765, -7.190321268890005 ], [ 109.879077888050006, -7.190141677610899 ], [ 109.879401991770479, -7.189979707668001 ], [ 109.879689124290834, -7.189790519997746 ], [ 109.880008479153943, -7.189646532250714 ], [ 109.880264838038585, -7.189430141851175 ], [ 109.880637383707963, -7.189367755262666 ], [ 109.880978390320877, -7.189133395942956 ], [ 109.881651488752865, -7.188737084010882 ], [ 109.881717277533951, -7.188339289793209 ], [ 109.881866651745327, -7.187869360447111 ], [ 109.881872091358289, -7.187507588443366 ], [ 109.881876333231048, -7.187055389797652 ], [ 109.881605306786071, -7.186674949196766 ], [ 109.881517210228665, -7.186240610094899 ], [ 109.881495757058488, -7.185761131271749 ], [ 109.881410829982542, -7.185435398777301 ], [ 109.881148729622197, -7.185100101282679 ], [ 109.880965723419109, -7.184819250899767 ], [ 109.881488332218353, -7.184277893040702 ], [ 109.8818428693708, -7.18418833376195 ], [ 109.882169440418949, -7.184053494165664 ], [ 109.882507737877205, -7.184009106620633 ], [ 109.882868071822614, -7.183991899613221 ], [ 109.883239260594777, -7.183902289309443 ], [ 109.88359923984666, -7.183785614690636 ], [ 109.88386851523245, -7.183261721597952 ], [ 109.884165428863582, -7.183009166863152 ], [ 109.884544437872421, -7.182621175785807 ], [ 109.884839997857625, -7.182341580474104 ], [ 109.885177323347648, -7.18174542213688 ], [ 109.88573670493291, -7.181339873617921 ], [ 109.886052790444197, -7.180879298542343 ], [ 109.886312425071253, -7.180111235406379 ], [ 109.886267538060238, -7.179378512251697 ], [ 109.886262101813216, -7.179034797909417 ], [ 109.886644829668768, -7.178773497154872 ], [ 109.886927289855862, -7.179334900770127 ], [ 109.887007643430039, -7.179669754472332 ], [ 109.887211076423213, -7.180149584865341 ], [ 109.888157631567495, -7.180540792388879 ], [ 109.888818281730025, -7.180804622009998 ], [ 109.889044091696547, -7.181049403845938 ], [ 109.889206300006961, -7.181502006738711 ], [ 109.889456176804487, -7.181737713891916 ], [ 109.890060939407263, -7.181739177265817 ], [ 109.890382692502271, -7.181495810731326 ], [ 109.890932464354194, -7.182003604773925 ], [ 109.891287322157396, -7.182366248907536 ], [ 109.891710136578951, -7.182819481046471 ], [ 109.892071165454553, -7.182946946745218 ], [ 109.892483964918625, -7.183219306077243 ], [ 109.892677898733197, -7.183554343238781 ], [ 109.892954832793833, -7.183934883136726 ], [ 109.893392127586608, -7.184361021891381 ], [ 109.893628526314131, -7.184922402298128 ], [ 109.893836545048273, -7.185393199700917 ], [ 109.894028688490422, -7.185728232229407 ], [ 109.894321464419136, -7.186135937069131 ], [ 109.894617318782025, -7.186444182707883 ], [ 109.894891566117579, -7.186670904016713 ], [ 109.895235240420021, -7.186843628445593 ], [ 109.895699190436687, -7.187025594346427 ], [ 109.896024772853252, -7.18720731710368 ], [ 109.896422292876878, -7.187470504139984 ], [ 109.896017206045471, -7.188238314858113 ], [ 109.895570566940577, -7.188834128627844 ], [ 109.895146393756903, -7.189402959121484 ], [ 109.894766759276891, -7.189926593990904 ], [ 109.894275389237407, -7.19067601900429 ], [ 109.893850891989317, -7.191253889379439 ], [ 109.893456281022694, -7.19188599536364 ], [ 109.893262340309875, -7.192292525535168 ], [ 109.893119933652599, -7.192880028133517 ], [ 109.893111344786334, -7.19340464758692 ], [ 109.893117304375423, -7.193965381366929 ], [ 109.893064569641709, -7.194372252455164 ], [ 109.892832227187355, -7.194724434971554 ], [ 109.892339401831052, -7.195238750597902 ], [ 109.892011730685795, -7.195454975553277 ], [ 109.89165117222484, -7.195806847017017 ], [ 109.891385835248755, -7.196122779058596 ], [ 109.891061281868744, -7.196438477059415 ], [ 109.890749971425194, -7.196681958109421 ], [ 109.890498184334902, -7.197106431001721 ], [ 109.89017817555164, -7.197548823095027 ], [ 109.889768851551651, -7.198054295010886 ], [ 109.889411306387103, -7.198577976813817 ], [ 109.889113732973286, -7.198975210310818 ], [ 109.888815824952005, -7.199417654655001 ], [ 109.888532917203776, -7.199833007977343 ], [ 109.888174991911498, -7.20026626357545 ], [ 109.887789277380051, -7.200274368773157 ], [ 109.887419982660234, -7.200255386410843 ], [ 109.886799475427324, -7.200208665652147 ], [ 109.886452326984951, -7.199927416938347 ], [ 109.886123324570136, -7.19964630260665 ], [ 109.885781278207489, -7.199600258183398 ], [ 109.885450180654132, -7.199382344580343 ], [ 109.885082360466512, -7.199218686021533 ], [ 109.884535405449242, -7.198837483290495 ], [ 109.884163261090748, -7.198854661045197 ], [ 109.883915369107569, -7.199179672564126 ], [ 109.88362107120669, -7.199640206287164 ], [ 109.883609989445418, -7.200110473014112 ], [ 109.883745711474063, -7.200400159958617 ], [ 109.884017464800195, -7.20060888769367 ], [ 109.884335370071668, -7.20090815155469 ], [ 109.884379949282931, -7.201550359180721 ], [ 109.884298530020104, -7.201957157884724 ], [ 109.884044903188425, -7.202580553486718 ], [ 109.883657519268709, -7.20323988236318 ], [ 109.883315260166071, -7.20364604411488 ], [ 109.882861845780482, -7.204006722222827 ], [ 109.882452707144495, -7.204430804509305 ], [ 109.882095192658397, -7.204936393773889 ], [ 109.881819557223892, -7.205396971002307 ], [ 109.881580627401661, -7.205993273190483 ], [ 109.881401116067565, -7.206598762861613 ], [ 109.881198610503731, -7.20747555738612 ], [ 109.881108126815377, -7.208135609186205 ], [ 109.881053737262505, -7.208632896342924 ], [ 109.881840308524403, -7.208933309333804 ] ] ] } },
{ "type": "Feature", "properties": { "KECAMATAN": "Bawang" }, "geometry": { "type": "MultiPolygon", "coordinates": [ [ [ [ 109.629129210817965, -7.470103363551006 ], [ 109.629653791862935, -7.470575236518417 ], [ 109.63000027272156, -7.470874769302173 ], [ 109.630346259524458, -7.47116516852343 ], [ 109.630891848159465, -7.471537649966161 ], [ 109.631270065989924, -7.471746866205375 ], [ 109.631784979820239, -7.471965456974151 ], [ 109.632414735624096, -7.47222970066915 ], [ 109.632992427684371, -7.472466567621379 ], [ 109.633549256918769, -7.472685376873308 ], [ 109.63414777667505, -7.472904224139169 ], [ 109.634627335928883, -7.473104710183972 ], [ 109.635303156091169, -7.473405168210216 ], [ 109.635933271473192, -7.473723657376657 ], [ 109.636668312461751, -7.474105760126845 ], [ 109.637235353797365, -7.474405969983597 ], [ 109.637802069408494, -7.474715129273842 ], [ 109.638348192854679, -7.475015273381881 ], [ 109.638757732254447, -7.475269788263914 ], [ 109.639061880256392, -7.475514845865483 ], [ 109.639292314613229, -7.475823056546132 ], [ 109.639511691913057, -7.476203564698589 ], [ 109.639689725103665, -7.476592986757797 ], [ 109.639856477065806, -7.47705470565456 ], [ 109.639939185953693, -7.477416618949437 ], [ 109.639927391520175, -7.477823538514882 ], [ 109.639831124103978, -7.478293487726806 ], [ 109.639650756654234, -7.478826558035784 ], [ 109.639406611550669, -7.479494962774305 ], [ 109.639141713748103, -7.480109054458337 ], [ 109.638972607837331, -7.480479322390202 ], [ 109.638133306319702, -7.481308724620304 ], [ 109.637564032465605, -7.481171343862406 ], [ 109.634515845307661, -7.481740654806767 ], [ 109.634112277127386, -7.481775570198134 ], [ 109.633750176146492, -7.481738282283777 ], [ 109.633430757340619, -7.481574546377536 ], [ 109.632816084611775, -7.481644971797166 ], [ 109.632438651938514, -7.481996507068295 ], [ 109.63206993475292, -7.482212357155099 ], [ 109.63161291348446, -7.482473230257584 ], [ 109.630893454961296, -7.482914116053887 ], [ 109.630580151230646, -7.483329138400543 ], [ 109.63035256767553, -7.483952379467996 ], [ 109.630052983409286, -7.484304153920291 ], [ 109.629587758594894, -7.484583081621923 ], [ 109.628997599269525, -7.484960985132447 ], [ 109.628642716388384, -7.485267379156706 ], [ 109.627833619539075, -7.485771269386334 ], [ 109.627497949093822, -7.485978266575239 ], [ 109.627140824537491, -7.486546852826789 ], [ 109.626663659569331, -7.486843822252327 ], [ 109.626282865064852, -7.486905924719356 ], [ 109.625732033269131, -7.487130241591598 ], [ 109.625539493800687, -7.487391931850812 ], [ 109.625343192832119, -7.487852521013611 ], [ 109.625000184882978, -7.488158948253588 ], [ 109.624677489010381, -7.488230271857679 ], [ 109.623984768483552, -7.488526564531375 ], [ 109.623556922104044, -7.488796469302774 ], [ 109.623302271676593, -7.489112212406459 ], [ 109.62236607921605, -7.490113059459079 ], [ 109.622095387478225, -7.490302171964551 ], [ 109.621545454484917, -7.490761651616772 ], [ 109.621143936054693, -7.490950263350673 ], [ 109.620455638947377, -7.491192314814568 ], [ 109.619112928427157, -7.491640264471252 ], [ 109.618900099394835, -7.492055590412341 ], [ 109.618611486565541, -7.492714795392661 ], [ 109.618191760631717, -7.493464092505128 ], [ 109.6178547592326, -7.493924234545141 ], [ 109.617320313789762, -7.494682120966266 ], [ 109.616983125682154, -7.495106095935252 ], [ 109.616614201897292, -7.495358184837616 ], [ 109.616221318260017, -7.495673487532864 ], [ 109.615687581690992, -7.496205339258751 ], [ 109.615416769597161, -7.496430521054344 ], [ 109.615039028289488, -7.497415111253243 ], [ 109.615037214424973, -7.497894387865514 ], [ 109.615022145093477, -7.498265126450694 ], [ 109.615089641187225, -7.498871200283152 ], [ 109.613875509260055, -7.499030119795037 ], [ 109.612656892743772, -7.499071484129709 ], [ 109.610861570613594, -7.499101982504012 ], [ 109.608623067556522, -7.499049699642274 ], [ 109.608110227166392, -7.498785878307241 ], [ 109.607779694932759, -7.498640080459746 ], [ 109.607226497426339, -7.498520791761637 ], [ 109.606933892475084, -7.498384245202341 ], [ 109.606310641837638, -7.498020527409525 ], [ 109.60570563460324, -7.497629742774983 ], [ 109.605684095784127, -7.497096146086938 ], [ 109.605948407010771, -7.496708116438469 ], [ 109.605812818375014, -7.495902828197487 ], [ 109.605774049854929, -7.49500743352982 ], [ 109.605654956664154, -7.494066577746267 ], [ 109.605636423905949, -7.493315908365991 ], [ 109.605450390775275, -7.492772749173099 ], [ 109.606098704945254, -7.492277439421468 ], [ 109.60637029944283, -7.492088431510074 ], [ 109.607058991872222, -7.491276710835018 ], [ 109.606653922834525, -7.490958892110427 ], [ 109.606282843757953, -7.490478436826741 ], [ 109.606008687434354, -7.490133908114067 ], [ 109.605706128222891, -7.48981650375605 ], [ 109.605177645536699, -7.489236004498429 ], [ 109.604222464876997, -7.488726573661654 ], [ 109.603912780864462, -7.48853572434554 ], [ 109.603458635136263, -7.48826295452952 ], [ 109.603110399367452, -7.488071982520591 ], [ 109.602691605356839, -7.487889737348751 ], [ 109.602434308948972, -7.487671929466345 ], [ 109.602303540633358, -7.487137986619762 ], [ 109.602064339655655, -7.486657857153719 ], [ 109.601809234360857, -7.486385808164621 ], [ 109.602368213119874, -7.48576355046464 ], [ 109.602642136557066, -7.484842024377829 ], [ 109.602957408542025, -7.484074421766609 ], [ 109.603377238149065, -7.483225687784485 ], [ 109.603462177203468, -7.482782841892728 ], [ 109.603443484127951, -7.482059296277187 ], [ 109.603051325614544, -7.480810080409309 ], [ 109.603014563185326, -7.480176981200827 ], [ 109.603205307334008, -7.479237107486372 ], [ 109.603373687408435, -7.4788216496894 ], [ 109.603792917427157, -7.478135655967588 ], [ 109.604170387328494, -7.47749482645983 ], [ 109.603755314689778, -7.476779067296164 ], [ 109.603338989687913, -7.47655171618343 ], [ 109.603005790866604, -7.476451206506405 ], [ 109.602819103288581, -7.476115995977949 ], [ 109.602674749560578, -7.475554796121677 ], [ 109.602593004330004, -7.474993884996525 ], [ 109.602594729441122, -7.474451320892955 ], [ 109.602701234738447, -7.473827716718358 ], [ 109.602911071423762, -7.473367183378563 ], [ 109.602621501732969, -7.472633738753182 ], [ 109.602559928419566, -7.472307965852403 ], [ 109.602644605497474, -7.471946490733676 ], [ 109.602791418926429, -7.47163955060839 ], [ 109.603335420126413, -7.471161991803093 ], [ 109.603624919674957, -7.470764999033935 ], [ 109.603679313019157, -7.469869899093486 ], [ 109.603799680800648, -7.468785049441385 ], [ 109.604071877113924, -7.465458068589268 ], [ 109.603949151815584, -7.464508160473644 ], [ 109.603909769028718, -7.463639887683136 ], [ 109.60391827665859, -7.463006840738077 ], [ 109.603900638457333, -7.461948768710593 ], [ 109.603788179321782, -7.460447191180549 ], [ 109.603386309090212, -7.45915283089381 ], [ 109.603273019128466, -7.458808812118621 ], [ 109.603446398440866, -7.458321037660731 ], [ 109.603835018251729, -7.457643984377251 ], [ 109.603817487492421, -7.457282185393733 ], [ 109.603511553622823, -7.457163682077084 ], [ 109.603147145517013, -7.456990745908874 ], [ 109.603265015270082, -7.456502796048695 ], [ 109.603325744777763, -7.456105078951319 ], [ 109.603058525878069, -7.455652078186043 ], [ 109.602732233494891, -7.455687212827029 ], [ 109.602601748339211, -7.456030461411919 ], [ 109.602188127300622, -7.456110526288537 ], [ 109.602008187269547, -7.455793420787062 ], [ 109.602630844355275, -7.455053818813222 ], [ 109.602904901911572, -7.454810568640386 ], [ 109.602964342827732, -7.454277227584521 ], [ 109.60305198357787, -7.453780050429168 ], [ 109.603404237088327, -7.453591294625311 ], [ 109.6034827871581, -7.45327500558969 ], [ 109.603267714403898, -7.452704632469484 ], [ 109.603244906794913, -7.452216238227702 ], [ 109.603416989717886, -7.451782707072489 ], [ 109.60380753297089, -7.451675443440887 ], [ 109.604149247137116, -7.451676521422335 ], [ 109.604210044241199, -7.451351134742596 ], [ 109.604085766959599, -7.45053684187601 ], [ 109.604007663261342, -7.450075397094313 ], [ 109.603960483736245, -7.449686380521708 ], [ 109.603957255762651, -7.449360882316671 ], [ 109.604257752511202, -7.448882458299881 ], [ 109.603997558041257, -7.448429480733139 ], [ 109.603769057419456, -7.447994685719921 ], [ 109.603553011446877, -7.447189235277319 ], [ 109.60349714867435, -7.446782108687237 ], [ 109.603379388735419, -7.446410952227818 ], [ 109.603193154974818, -7.444872976641523 ], [ 109.603301144972662, -7.444294581430195 ], [ 109.603260260245136, -7.443616262085779 ], [ 109.603284877708532, -7.442187447271235 ], [ 109.603376283055681, -7.441301503757172 ], [ 109.603474477729279, -7.440252837474834 ], [ 109.6032813767156, -7.438452641569697 ], [ 109.603278667296834, -7.43789197979881 ], [ 109.603269809784564, -7.437385546664189 ], [ 109.603451807293752, -7.436861541611349 ], [ 109.60410565181553, -7.436194450996328 ], [ 109.604183334649576, -7.435606918011944 ], [ 109.60415910428155, -7.434503526987941 ], [ 109.60405217695272, -7.432595105966481 ], [ 109.604021262054346, -7.432070520507787 ], [ 109.603977742006052, -7.431681515503488 ], [ 109.603958380075341, -7.431283545169461 ], [ 109.603935564102642, -7.430867481285286 ], [ 109.604032716620111, -7.430406588096697 ], [ 109.604252270811159, -7.429484880922563 ], [ 109.604706978556592, -7.428473499237707 ], [ 109.605059550253685, -7.427371291865839 ], [ 109.60510569625491, -7.426738452163577 ], [ 109.60498087803181, -7.426023612779555 ], [ 109.604930501680855, -7.425652668877549 ], [ 109.603808985140702, -7.424699622154648 ], [ 109.60373972068065, -7.42430149489673 ], [ 109.603786670426416, -7.423343079289955 ], [ 109.603968014284192, -7.422312755204989 ], [ 109.603879765212653, -7.420757004977482 ], [ 109.604123518704171, -7.419763041930565 ], [ 109.603736399730153, -7.417917029764982 ], [ 109.603797052112355, -7.41699482219659 ], [ 109.604056049844104, -7.415666286291899 ], [ 109.604133254921791, -7.413875980125015 ], [ 109.604006253872541, -7.411886032823581 ], [ 109.603681400200756, -7.411640896900193 ], [ 109.602972618869771, -7.411430630315365 ], [ 109.602754546676124, -7.411104366660708 ], [ 109.602084550115904, -7.410984724526211 ], [ 109.600842788077657, -7.410628118550684 ], [ 109.600308179801189, -7.410499858355658 ], [ 109.599964340296097, -7.410354115213121 ], [ 109.599366828379488, -7.409872953703889 ], [ 109.598824927840141, -7.409617999980312 ], [ 109.597897329372287, -7.409226210721208 ], [ 109.597260971039375, -7.409549783354445 ], [ 109.596743998260237, -7.409656649266548 ], [ 109.596441095287389, -7.410361097813851 ], [ 109.596106501876051, -7.411164900468823 ], [ 109.595554277575332, -7.411669561711364 ], [ 109.595081736987652, -7.411686152270184 ], [ 109.594477193368832, -7.411539491236397 ], [ 109.593888957455533, -7.411338723544941 ], [ 109.593534880411951, -7.411147736798869 ], [ 109.59340634762755, -7.410785587666236 ], [ 109.593143808016308, -7.410468221372436 ], [ 109.592974637523753, -7.409870869706081 ], [ 109.592072731567043, -7.409506274304907 ], [ 109.591589770276087, -7.409323829508697 ], [ 109.591328381775284, -7.40899751527802 ], [ 109.591593520796906, -7.408048836809954 ], [ 109.591569018422362, -7.407578521084728 ], [ 109.5913816816321, -7.40719810312808 ], [ 109.591139917461547, -7.406573307318829 ], [ 109.591395200844616, -7.406140042201083 ], [ 109.591549925273199, -7.405380971775746 ], [ 109.591807400591591, -7.40435080614377 ], [ 109.592239565712774, -7.404225594308 ], [ 109.592672143711894, -7.40394659064552 ], [ 109.592977869887264, -7.403694400034955 ], [ 109.593425346942027, -7.403451607771655 ], [ 109.594109693190617, -7.402974488579691 ], [ 109.594330766138455, -7.402703946903054 ], [ 109.594442265083501, -7.402288307823487 ], [ 109.594488073454485, -7.401763875185786 ], [ 109.594533337138984, -7.401411406643254 ], [ 109.594732401575541, -7.401131663390584 ], [ 109.595614191552073, -7.400790783485954 ], [ 109.596650358473937, -7.400694594072043 ], [ 109.596936286654241, -7.400867279850792 ], [ 109.59741959188176, -7.401293834548738 ], [ 109.597793448154889, -7.40151209379881 ], [ 109.598255918107142, -7.401558755959611 ], [ 109.598674750465079, -7.401514867058368 ], [ 109.599028237901024, -7.401181359144852 ], [ 109.598919929161411, -7.400611324080209 ], [ 109.598524875182207, -7.400103676486956 ], [ 109.598482726359336, -7.399470469804169 ], [ 109.598660203719277, -7.399118325586961 ], [ 109.599014230877771, -7.398613033635283 ], [ 109.599831265719473, -7.397982617413974 ], [ 109.600807023118207, -7.397189862977765 ], [ 109.601122438390604, -7.396467364710639 ], [ 109.601338670427438, -7.395762727944506 ], [ 109.601669929889042, -7.395203113250348 ], [ 109.602214278121394, -7.394960613418089 ], [ 109.603499864230685, -7.394765732262391 ], [ 109.604290670600278, -7.394704828582551 ], [ 109.604857011186283, -7.394570980695229 ], [ 109.605272487977885, -7.394237659807924 ], [ 109.605826226861041, -7.393525033505554 ], [ 109.606387240947598, -7.392730966204753 ], [ 109.606689233202601, -7.392306875163397 ], [ 109.607730125712962, -7.390863235200897 ], [ 109.608463835965281, -7.389997371870713 ], [ 109.609720602363296, -7.388861805088022 ], [ 109.61121458463532, -7.387636648363923 ], [ 109.612363626105903, -7.386835358135325 ], [ 109.613526854833097, -7.38610643937912 ], [ 109.614718265358661, -7.385585646902917 ], [ 109.616234794307502, -7.384957271311812 ], [ 109.617165952792774, -7.384652748650291 ], [ 109.618780281270077, -7.384232708991169 ], [ 109.620695104611215, -7.383768384177802 ], [ 109.621911555489703, -7.383600262723567 ], [ 109.623523648119473, -7.383442489411434 ], [ 109.624539714390338, -7.383337123158515 ], [ 109.625000268693384, -7.38334758299765 ], [ 109.625833382481304, -7.383151145486974 ], [ 109.626896133273178, -7.382973585747884 ], [ 109.62888154778787, -7.3825546475485 ], [ 109.630724920068928, -7.382415640000646 ], [ 109.631630132842233, -7.382626368145282 ], [ 109.633043250507143, -7.383191357242333 ], [ 109.633852655014465, -7.383636956681623 ], [ 109.634716291615049, -7.383766269217448 ], [ 109.635475794365263, -7.383678085701145 ], [ 109.635974113448839, -7.383480695739829 ], [ 109.636814294334627, -7.382732637727951 ], [ 109.637100745790917, -7.382371852754629 ], [ 109.637497021356353, -7.38202939511753 ], [ 109.638035641571093, -7.381696412586092 ], [ 109.638572211174932, -7.381471920860297 ], [ 109.638976018450634, -7.381328487689832 ], [ 109.639345802455097, -7.381221116427866 ], [ 109.63987005192925, -7.381141339686418 ], [ 109.640340605355632, -7.381106606321953 ], [ 109.641152292876029, -7.381100034854231 ], [ 109.642017197557308, -7.380985035278072 ], [ 109.643091443398347, -7.380735137761177 ], [ 109.644034103582214, -7.380548038177791 ], [ 109.644584256571136, -7.380522583293098 ], [ 109.645104872785424, -7.380605536277926 ], [ 109.645543833238818, -7.380814912709267 ], [ 109.64608704457109, -7.381205435095405 ], [ 109.646870929287275, -7.381867931725264 ], [ 109.647360639963864, -7.382240207841236 ], [ 109.64778537561655, -7.382485705530855 ], [ 109.648321057951179, -7.382749531351325 ], [ 109.648700723528577, -7.382832054070237 ], [ 109.649988410956325, -7.38284499022817 ], [ 109.65055980939708, -7.382810551119736 ], [ 109.651303311654672, -7.38277663106822 ], [ 109.651777548249314, -7.382759979989147 ], [ 109.65251078462515, -7.382662736133938 ], [ 109.653061135420089, -7.38247452405427 ], [ 109.6534415138985, -7.382321874508411 ], [ 109.653800626305198, -7.382359123307049 ], [ 109.654173608419981, -7.382577334923694 ], [ 109.655008615778272, -7.383655975437575 ], [ 109.658311919033991, -7.385745923758342 ], [ 109.658734778890462, -7.385304067669173 ], [ 109.659011769175237, -7.384509061616114 ], [ 109.659208988716401, -7.384256490200945 ], [ 109.659746178581315, -7.384221936795003 ], [ 109.660282422627802, -7.384476709985276 ], [ 109.660792292449585, -7.384659070987273 ], [ 109.661564851313798, -7.384552888842366 ], [ 109.662351134223982, -7.384428663265771 ], [ 109.662729909432016, -7.384610629403764 ], [ 109.663056212244996, -7.385027609515737 ], [ 109.663158134145959, -7.385588673235414 ], [ 109.663127290065901, -7.38595928544813 ], [ 109.663050858334742, -7.386610230746811 ], [ 109.662957741440479, -7.387270077148619 ], [ 109.662904262759909, -7.387640711873185 ], [ 109.662588202725573, -7.388164266446879 ], [ 109.662259918811259, -7.388579285156393 ], [ 109.662219321577268, -7.388913791983653 ], [ 109.662257443001522, -7.389402241509129 ], [ 109.662583225121637, -7.389819220863561 ], [ 109.662870898590441, -7.389991872989334 ], [ 109.663328853127936, -7.390002377257559 ], [ 109.663839763483864, -7.389940526218613 ], [ 109.66470435478881, -7.389762283124664 ], [ 109.665136748868164, -7.389727410682152 ], [ 109.665567948357975, -7.389891449047313 ], [ 109.66610366043821, -7.390327137476703 ], [ 109.66663963763159, -7.390600077685903 ], [ 109.667161836757373, -7.390809594668005 ], [ 109.667553069582198, -7.391398647517601 ], [ 109.667564522215571, -7.391914142704509 ], [ 109.667589054516156, -7.392502009667908 ], [ 109.667666133966591, -7.392954409786238 ], [ 109.667861266775077, -7.393398120986805 ], [ 109.668226539127403, -7.393751924423557 ], [ 109.668645235338829, -7.393952089694438 ], [ 109.669151731617134, -7.394143565516337 ], [ 109.668904098522432, -7.394766786658781 ], [ 109.668747156765335, -7.395263696056887 ], [ 109.668577162937723, -7.395878197443893 ], [ 109.668367503756386, -7.396691495152147 ], [ 109.668131719862686, -7.397721712658183 ], [ 109.667958396883549, -7.398498952058278 ], [ 109.667788373541413, -7.399221861187848 ], [ 109.667554174850238, -7.400270256132987 ], [ 109.667436290427517, -7.400694948479599 ], [ 109.667305414627677, -7.401191934558027 ], [ 109.667109208861802, -7.40185147356175 ], [ 109.666978630835303, -7.402249002877924 ], [ 109.666743490450173, -7.402962764897869 ], [ 109.666547092463418, -7.403685593808889 ], [ 109.666325050260099, -7.4043903529518 ], [ 109.666167991725601, -7.404923426100097 ], [ 109.665971972021836, -7.405519673425006 ], [ 109.665789350581903, -7.406007552201887 ], [ 109.665550301534566, -7.406504212841094 ], [ 109.66533407020161, -7.406964775361612 ], [ 109.665263501093392, -7.407452899217127 ], [ 109.665252448825271, -7.408022575676396 ], [ 109.665251251256336, -7.408420491764488 ], [ 109.665276233690236, -7.408782320066722 ], [ 109.665318532719283, -7.409297907062974 ], [ 109.665377206080436, -7.409659836413828 ], [ 109.665512143616183, -7.410148576536566 ], [ 109.665710714919541, -7.41059229961858 ], [ 109.665107418147372, -7.410961284919469 ], [ 109.664588508707368, -7.411240016406611 ], [ 109.66403845429069, -7.411491619354116 ], [ 109.663315046796171, -7.411805991633978 ], [ 109.662623775322658, -7.412066119370857 ], [ 109.661964258932358, -7.412299307138825 ], [ 109.660596352663447, -7.412919148232381 ], [ 109.660282072504842, -7.413117206358728 ], [ 109.65991387126347, -7.41326076201947 ], [ 109.658970403173043, -7.41359254617251 ], [ 109.658443549271396, -7.413853162183142 ], [ 109.658163501741882, -7.414069404873097 ], [ 109.657821034268977, -7.415433915996712 ], [ 109.657647930817433, -7.416030225770903 ], [ 109.657549632810685, -7.416346473423493 ], [ 109.657739982296675, -7.416690717226466 ], [ 109.658295319974243, -7.416818975187097 ], [ 109.658611593427423, -7.416901303505274 ], [ 109.658946515615938, -7.416992729422679 ], [ 109.65926243335204, -7.417192686803059 ], [ 109.659506407189937, -7.417591341167847 ], [ 109.659594566675565, -7.418107065786415 ], [ 109.659551421593036, -7.418712809931391 ], [ 109.659376460359056, -7.41918253319335 ], [ 109.659076149990881, -7.419724210488205 ], [ 109.658830011794635, -7.420040012276873 ], [ 109.658625946731206, -7.420301691594234 ], [ 109.658277669369028, -7.420770890866214 ], [ 109.658061887662953, -7.421077651720359 ], [ 109.657731707124697, -7.42156507849437 ], [ 109.657503291969576, -7.421898925386111 ], [ 109.657125055444041, -7.42236803275429 ], [ 109.656909110144966, -7.422629674976741 ], [ 109.656632992205772, -7.422927301230255 ], [ 109.656171395393429, -7.423441363008828 ], [ 109.655919276480304, -7.423757144309501 ], [ 109.655643091204041, -7.424199434024856 ], [ 109.655534452497506, -7.424524600365404 ], [ 109.655395798251817, -7.424967306105765 ], [ 109.655293209922476, -7.425292581046459 ], [ 109.655130582454333, -7.425708089412614 ], [ 109.654878162500481, -7.426023868820756 ], [ 109.654166985384265, -7.426482922168339 ], [ 109.653441782192914, -7.426616346264887 ], [ 109.652679787786113, -7.42695770287077 ], [ 109.652330087695987, -7.427227887124569 ], [ 109.651887649371261, -7.427678710207645 ], [ 109.651403524494611, -7.428129406039128 ], [ 109.65079215225812, -7.427901510399153 ], [ 109.650446251375683, -7.427782919295117 ], [ 109.649914560223252, -7.427491883836185 ], [ 109.649232756629985, -7.426305100902377 ], [ 109.648812328317604, -7.42593302943998 ], [ 109.648491772798408, -7.425588476613554 ], [ 109.64816272931651, -7.425234765879225 ], [ 109.646838284139179, -7.425158400079517 ], [ 109.646353654663798, -7.425138840098351 ], [ 109.646020061961536, -7.424685657780684 ], [ 109.645688843393643, -7.424775062824646 ], [ 109.645277648986308, -7.424999846074295 ], [ 109.64474216355616, -7.425486633711633 ], [ 109.644757639211875, -7.426092551425031 ], [ 109.644956123421167, -7.426436824378162 ], [ 109.645281082992469, -7.427025603585906 ], [ 109.645656533048836, -7.427569329250917 ], [ 109.646024131828071, -7.427896034867082 ], [ 109.646417692636234, -7.428258985431311 ], [ 109.646675503591439, -7.428576223981365 ], [ 109.646958866709141, -7.428965962752796 ], [ 109.647087177545643, -7.429319062815038 ], [ 109.647144097661183, -7.429662903761082 ], [ 109.647084078746644, -7.430331882248855 ], [ 109.646998936169879, -7.430666248583142 ], [ 109.646887795801547, -7.431000535598193 ], [ 109.646646824529952, -7.431551422541302 ], [ 109.646438615511357, -7.431966786727265 ], [ 109.646256456517634, -7.432291815261538 ], [ 109.646061494796967, -7.432625846092789 ], [ 109.645859931191453, -7.432968807709294 ], [ 109.645649953041584, -7.433863455435087 ], [ 109.645243573564514, -7.434269172020739 ], [ 109.644917248520372, -7.434611842253192 ], [ 109.644609817446863, -7.435054026276269 ], [ 109.644284274854542, -7.435676984363069 ], [ 109.644048805788429, -7.436209893018576 ], [ 109.643825300041016, -7.436787955041424 ], [ 109.643663497327381, -7.437221541835012 ], [ 109.643456141295843, -7.437989614455953 ], [ 109.642758203318792, -7.439551925806413 ], [ 109.643102829166409, -7.439625312804759 ], [ 109.643560327154361, -7.439653837576718 ], [ 109.643906268288788, -7.439663937616687 ], [ 109.644271624791273, -7.439701221235158 ], [ 109.64465404028077, -7.43965718333729 ], [ 109.644970143501126, -7.43960390088699 ], [ 109.645371370406963, -7.439686500716649 ], [ 109.645823082408086, -7.439823593824101 ], [ 109.646285824005489, -7.439969671286101 ], [ 109.646821247817343, -7.44014309471966 ], [ 109.647251688682744, -7.440298204577956 ], [ 109.647713687018538, -7.440516610437073 ], [ 109.648291213750511, -7.440798749197485 ], [ 109.648826744879827, -7.441035461361819 ], [ 109.649383521023239, -7.441263286639749 ], [ 109.649751544836988, -7.441381947730946 ], [ 109.650307610852536, -7.441573603810714 ], [ 109.650928036917975, -7.44172919877253 ], [ 109.651663580136244, -7.441912267785459 ], [ 109.652325426256169, -7.4421313680121 ], [ 109.652892878325602, -7.442313923902162 ], [ 109.653371353538049, -7.442496299142137 ], [ 109.653417702842319, -7.443735399255555 ], [ 109.65327902650273, -7.444548804676819 ], [ 109.653108263515406, -7.445398368840823 ], [ 109.652821405740212, -7.446319911760725 ], [ 109.652567934855554, -7.44709689162753 ], [ 109.652354882475777, -7.447702115036978 ], [ 109.651810005010404, -7.448197920180139 ], [ 109.651479850859786, -7.448495284505709 ], [ 109.649855798382077, -7.448671255182135 ], [ 109.64971855222862, -7.44901441370083 ], [ 109.649517954952458, -7.449429801298948 ], [ 109.64910307233427, -7.449826451809066 ], [ 109.648671823923948, -7.45039493070996 ], [ 109.6480249908861, -7.450637075792317 ], [ 109.647706021293246, -7.450672267318501 ], [ 109.647266046265443, -7.450869926072712 ], [ 109.646989080298027, -7.451167448687976 ], [ 109.646421157443967, -7.451428005691325 ], [ 109.645687846861279, -7.451706138704815 ], [ 109.64517207880229, -7.451939638583477 ], [ 109.644532047847449, -7.452082342316453 ], [ 109.64421201065241, -7.452027113000619 ], [ 109.643503464821563, -7.451880277914952 ], [ 109.642683302522784, -7.452121882912115 ], [ 109.641959272420721, -7.452418120524083 ], [ 109.641451400045256, -7.452488893308082 ], [ 109.640896332277023, -7.452722357380101 ], [ 109.640638588452134, -7.452938560857039 ], [ 109.640177317905554, -7.453208477878787 ], [ 109.639848170217363, -7.453442544241695 ], [ 109.639538392868701, -7.45391192874821 ], [ 109.638083108717836, -7.453816946148559 ], [ 109.637219656965286, -7.454139870064065 ], [ 109.636514130777101, -7.454490403207634 ], [ 109.635966670174241, -7.454823339557637 ], [ 109.635387149286458, -7.455255632100544 ], [ 109.634652333790982, -7.456112482655751 ], [ 109.634329419197371, -7.456599814052844 ], [ 109.634085089711974, -7.456969758645309 ], [ 109.633756645806599, -7.457240077711122 ], [ 109.633341977147779, -7.457464922780239 ], [ 109.632980566753076, -7.457789297440756 ], [ 109.632655782795155, -7.457987295267897 ], [ 109.632283268246766, -7.458230261924447 ], [ 109.63200926743427, -7.458482664853987 ], [ 109.631706409987885, -7.45871680496909 ], [ 109.631326386048627, -7.458923672053733 ], [ 109.630981060737909, -7.459528469131682 ], [ 109.63064436999997, -7.460359418636544 ], [ 109.630462573410043, -7.46099193620201 ], [ 109.630149952628443, -7.461361665914892 ], [ 109.629804673814533, -7.461686177345932 ], [ 109.63000445896246, -7.462356043030819 ], [ 109.629752901107921, -7.462861673289328 ], [ 109.629544099015135, -7.463168434169845 ], [ 109.629183435270562, -7.463610435526125 ], [ 109.628898596016029, -7.464414419011999 ], [ 109.628995489822827, -7.46477646696477 ], [ 109.628692310250443, -7.464920188691811 ], [ 109.628955006101521, -7.465300834142851 ], [ 109.629263530812992, -7.465527917561051 ], [ 109.629035879731873, -7.465888958324781 ], [ 109.628961803827494, -7.466404179778292 ], [ 109.628782548076998, -7.466674865893818 ], [ 109.628531722558108, -7.467207711614042 ], [ 109.628487380731116, -7.467723025156181 ], [ 109.628066176872153, -7.468146753786655 ], [ 109.627847049571983, -7.468959890724312 ], [ 109.628196320401031, -7.469250391752888 ], [ 109.628584515126818, -7.469613344834412 ], [ 109.629129210817965, -7.470103363551006 ] ] ], [ [ [ 109.551117946334244, -7.398749290251999 ], [ 109.551225508872434, -7.399436948355745 ], [ 109.551566539967894, -7.400685917026898 ], [ 109.552123110678224, -7.40206225297893 ], [ 109.552520227278521, -7.403293412084339 ], [ 109.552716407001782, -7.404523918133502 ], [ 109.552888282590899, -7.405808592178091 ], [ 109.553016011497675, -7.407093122770243 ], [ 109.552868372381724, -7.408431005025291 ], [ 109.552787536940542, -7.409624355383821 ], [ 109.552874036921381, -7.410700805305564 ], [ 109.553068285214323, -7.411813679924667 ], [ 109.55332453319069, -7.413270500965597 ], [ 109.55352266142566, -7.414247770987618 ], [ 109.55398813449743, -7.415777511506651 ], [ 109.553668495761869, -7.415866883397411 ], [ 109.553150916594262, -7.415973783654153 ], [ 109.551984133293942, -7.416096561229396 ], [ 109.550540839297852, -7.416209393077565 ], [ 109.54929703734193, -7.416241500848139 ], [ 109.548042526302112, -7.416373113003975 ], [ 109.547038476148657, -7.416758691720502 ], [ 109.546601635933868, -7.417028497596368 ], [ 109.544893077867442, -7.418596424923526 ], [ 109.544117320030026, -7.418955619555882 ], [ 109.543805447860038, -7.41909021453916 ], [ 109.543471119715136, -7.419170488983402 ], [ 109.543049735022336, -7.419214313306663 ], [ 109.541937730019697, -7.419282995236307 ], [ 109.540928826018856, -7.419279683991298 ], [ 109.540352138911061, -7.419277790263021 ], [ 109.539816343578764, -7.419402695955905 ], [ 109.539220444637536, -7.419563477359804 ], [ 109.537794250744952, -7.419811937568022 ], [ 109.537421420930443, -7.419720299731464 ], [ 109.535638549188079, -7.419262283701344 ], [ 109.534920113030978, -7.419070053133288 ], [ 109.534298429517534, -7.418896132359175 ], [ 109.533486933167822, -7.418766880316316 ], [ 109.532567853971727, -7.418709600261969 ], [ 109.53223246229166, -7.419043102778469 ], [ 109.53206868581654, -7.419413336120875 ], [ 109.532092000246507, -7.420064460548795 ], [ 109.532296817669334, -7.421059835618268 ], [ 109.532502307130557, -7.422100508711099 ], [ 109.532611165981081, -7.422996115099108 ], [ 109.532679509283042, -7.4237197169144 ], [ 109.532706053912136, -7.424072496763293 ], [ 109.532515966134923, -7.424379355493481 ], [ 109.531796934798564, -7.424702547812997 ], [ 109.531012839634414, -7.424935022491569 ], [ 109.530567527517135, -7.425186789334838 ], [ 109.53018243896291, -7.425456746685823 ], [ 109.529637194087755, -7.425545352145717 ], [ 109.529039684775512, -7.425064106860255 ], [ 109.528691986331793, -7.424827887584479 ], [ 109.528305787563269, -7.424600491163527 ], [ 109.528019776335654, -7.42443680433025 ], [ 109.527680805777734, -7.424137235619486 ], [ 109.527486604383682, -7.423883442386512 ], [ 109.526784749836381, -7.423130527147282 ], [ 109.525979760827028, -7.423154979660206 ], [ 109.525548008468334, -7.423081218339383 ], [ 109.525183093307405, -7.422654987532336 ], [ 109.525431639084204, -7.421462123827911 ], [ 109.525730792401376, -7.420549790354589 ], [ 109.525945850836393, -7.419474438651184 ], [ 109.526165830611205, -7.418715539543759 ], [ 109.526464607037127, -7.4177579983289 ], [ 109.526692217490762, -7.417062411207508 ], [ 109.526908150301423, -7.41605938940291 ], [ 109.526986664282973, -7.415092076260717 ], [ 109.527095208253243, -7.414034451941046 ], [ 109.527067259522326, -7.413093818727106 ], [ 109.52693660194717, -7.412017320013176 ], [ 109.52683075984352, -7.410913780349772 ], [ 109.526725803024888, -7.409611250084965 ], [ 109.527835535306565, -7.409678210318963 ], [ 109.528562245714923, -7.409689655064438 ], [ 109.529132239704097, -7.409655375316345 ], [ 109.529613284003801, -7.40954838198238 ], [ 109.53023984122548, -7.409351548474799 ], [ 109.530877154612497, -7.409154749485199 ], [ 109.531292000735604, -7.40902945345815 ], [ 109.531661818111033, -7.408922180982461 ], [ 109.531971144792422, -7.408787585403794 ], [ 109.532281414293919, -7.408345505737246 ], [ 109.532410928128044, -7.40796611726949 ], [ 109.53247971190136, -7.407631733865135 ], [ 109.532541519181777, -7.40717075236062 ], [ 109.532678740903975, -7.406854676634011 ], [ 109.533016077396468, -7.406810583086565 ], [ 109.533620070516676, -7.406930197621156 ], [ 109.534248894327391, -7.40690505501545 ], [ 109.534669728278345, -7.406933654210518 ], [ 109.535136129140071, -7.407233545151739 ], [ 109.535508575624846, -7.407777326371662 ], [ 109.536021261395504, -7.408312618096772 ], [ 109.536371611939543, -7.408331852599205 ], [ 109.536957424975185, -7.40796300353152 ], [ 109.537075401827209, -7.407637821546265 ], [ 109.537029789258824, -7.407312101845474 ], [ 109.536890669041156, -7.406913746060623 ], [ 109.536682541353002, -7.406262012845503 ], [ 109.536940651195749, -7.4059372914096 ], [ 109.53736181310758, -7.405866346531363 ], [ 109.537758893968387, -7.40598518517365 ], [ 109.538272787963379, -7.406131620772359 ], [ 109.538832952121069, -7.406404692718002 ], [ 109.539323302619877, -7.406578173291569 ], [ 109.539650347184846, -7.406642534022722 ], [ 109.54042142880165, -7.406744515116728 ], [ 109.541075787999205, -7.406882276843445 ], [ 109.541636311851548, -7.407046944011392 ], [ 109.542173916119111, -7.407048705026741 ], [ 109.542549373375309, -7.406679158373236 ], [ 109.542643979734805, -7.406326774178227 ], [ 109.542811400787258, -7.405160746923492 ], [ 109.542859987708837, -7.404582184013017 ], [ 109.542814994148728, -7.404066602666918 ], [ 109.542793218185423, -7.403623426238547 ], [ 109.543004873678811, -7.403226219141374 ], [ 109.54364835009477, -7.403219282720658 ], [ 109.544179684079126, -7.403582755254908 ], [ 109.544477559363429, -7.403999711049341 ], [ 109.544907792738499, -7.404715456423656 ], [ 109.54527250880993, -7.405114548126352 ], [ 109.545637936837011, -7.405296654901878 ], [ 109.546253375503213, -7.405298664823973 ], [ 109.546504037220828, -7.404919665265385 ], [ 109.546488699783282, -7.404585002917035 ], [ 109.546457916553678, -7.403789102018899 ], [ 109.54649287634156, -7.40330994571675 ], [ 109.54661097328011, -7.402785855031238 ], [ 109.546911709997332, -7.402397977135724 ], [ 109.547244812667628, -7.402254405563601 ], [ 109.547743824792832, -7.402292197415084 ], [ 109.548308845012855, -7.402474862098002 ], [ 109.54865895987534, -7.402222851147151 ], [ 109.54884279583878, -7.401925002033438 ], [ 109.548944042182725, -7.401527431197335 ], [ 109.549039768049624, -7.40092189602869 ], [ 109.549066005210236, -7.40059640991791 ], [ 109.549054384607942, -7.400243677074572 ], [ 109.548980061632761, -7.399854575458745 ], [ 109.548919191543334, -7.399257571369279 ], [ 109.548908342391712, -7.398760182751372 ], [ 109.548998656147418, -7.39807316908788 ], [ 109.549516298430902, -7.397848825513868 ], [ 109.549907169251924, -7.39813046345745 ], [ 109.550614661839916, -7.398648200938406 ], [ 109.551117946334244, -7.398749290251999 ] ] ], [ [ [ 109.795612443275317, -7.410411239601117 ], [ 109.796074704795259, -7.410448658647369 ], [ 109.796924573931435, -7.410586587639885 ], [ 109.797229195547246, -7.411012476640953 ], [ 109.79764116586685, -7.411303025295241 ], [ 109.798301185083588, -7.411503733049551 ], [ 109.799175983983091, -7.411623641442645 ], [ 109.800644985317859, -7.411889913427599 ], [ 109.800745536136347, -7.412306208429649 ], [ 109.800971866931718, -7.412677632320958 ], [ 109.801207713033946, -7.41309429196567 ], [ 109.801471471833011, -7.413438600065255 ], [ 109.80192172220886, -7.413720206633286 ], [ 109.802194815946947, -7.41398325167579 ], [ 109.802155581510718, -7.415204001776122 ], [ 109.802547236719604, -7.416435044940959 ], [ 109.802605901624133, -7.416815058918261 ], [ 109.80250282095399, -7.417140385023311 ], [ 109.8023487987507, -7.417655456593729 ], [ 109.802387422685257, -7.418152963048628 ], [ 109.802479404591082, -7.418478814579875 ], [ 109.802797759631645, -7.418940906466133 ], [ 109.802898083574931, -7.419746098823829 ], [ 109.802698807155664, -7.420668030516796 ], [ 109.802752515837028, -7.421029856667226 ], [ 109.802841933734427, -7.421364743346523 ], [ 109.802696543351701, -7.421726123431443 ], [ 109.801968596361988, -7.421525236427152 ], [ 109.801155984796111, -7.421414449789387 ], [ 109.800630308752133, -7.421394947058801 ], [ 109.800056352236766, -7.421520076181847 ], [ 109.799577406458866, -7.42179004320846 ], [ 109.799098660625717, -7.422096268679 ], [ 109.798668238992988, -7.422104147045442 ], [ 109.797920046388128, -7.42184885631238 ], [ 109.797171973626305, -7.421439850474067 ], [ 109.796169269343665, -7.420984943723547 ], [ 109.795691777319917, -7.420829935601343 ], [ 109.795229804037547, -7.420792515246393 ], [ 109.794608033920738, -7.420890291121818 ], [ 109.794156658641953, -7.421323173250919 ], [ 109.793798893895342, -7.421810560962694 ], [ 109.793458376719698, -7.421972482893286 ], [ 109.793024646405854, -7.422070766847809 ], [ 109.792905993154179, -7.422405089043217 ], [ 109.793069766918649, -7.422866766630506 ], [ 109.793411315129177, -7.423039492544899 ], [ 109.793362592244634, -7.423482508856925 ], [ 109.793543951018961, -7.424043696213928 ], [ 109.79329268669936, -7.424296280185718 ], [ 109.7922898978956, -7.424474394594263 ], [ 109.791841716228703, -7.424364671669363 ], [ 109.791333284394582, -7.423802594055602 ], [ 109.790921789328436, -7.422707121246625 ], [ 109.79063594635258, -7.422353705330533 ], [ 109.790094606137814, -7.422243637016194 ], [ 109.789425218321654, -7.42226893950055 ], [ 109.788787556964877, -7.422303369451611 ], [ 109.788150515838794, -7.422193128350226 ], [ 109.787736950736232, -7.421938824428858 ], [ 109.787323707168909, -7.421485506963856 ], [ 109.786846739828746, -7.421140519077265 ], [ 109.785796063451656, -7.420721627638542 ], [ 109.785096868520782, -7.420556870498427 ], [ 109.786278980276592, -7.419004608470918 ], [ 109.786998651269329, -7.417993689888973 ], [ 109.787333960597067, -7.417741338692621 ], [ 109.788051847269656, -7.417490120768995 ], [ 109.789264145404374, -7.417077402018625 ], [ 109.789647388139628, -7.416725717336488 ], [ 109.790047210982507, -7.416184195410562 ], [ 109.790032583237888, -7.41574100733876 ], [ 109.790050594552966, -7.414945179762301 ], [ 109.790243723105661, -7.41431258449118 ], [ 109.790803954693089, -7.413409727217914 ], [ 109.790932859769924, -7.412849383167996 ], [ 109.791125070168647, -7.412442925081094 ], [ 109.791508703755554, -7.412027944892328 ], [ 109.791894147159766, -7.411359793036589 ], [ 109.792422328797528, -7.411523983071043 ], [ 109.793462570027756, -7.411490637331921 ], [ 109.79427206482903, -7.411393369760124 ], [ 109.795050481969255, -7.410608642509067 ], [ 109.795612443275317, -7.410411239601117 ] ] ] ] } },
{ "type": "Feature", "properties": { "KECAMATAN": "Kalibening" }, "geometry": { "type": "Polygon", "coordinates": [ [ [ 109.661048951641177, -7.286963778607903 ], [ 109.660298791149998, -7.287205680613583 ], [ 109.659587697605062, -7.287520120223268 ], [ 109.658598334112199, -7.287960315617566 ], [ 109.657547445565072, -7.288445533815787 ], [ 109.656235650444572, -7.288993265016163 ], [ 109.655136100066514, -7.289541623156328 ], [ 109.654003977499698, -7.290017638945081 ], [ 109.653717772102269, -7.289474111320584 ], [ 109.653450264603308, -7.288921688144644 ], [ 109.653004332753255, -7.288196853147214 ], [ 109.652557736166358, -7.287444981658464 ], [ 109.652082927160947, -7.286837600654215 ], [ 109.651294746815665, -7.286157043012641 ], [ 109.650107646405189, -7.284742746566365 ], [ 109.649792494374481, -7.284416219419639 ], [ 109.649577455851869, -7.284026699970673 ], [ 109.649371587431787, -7.283393085613239 ], [ 109.648900543342535, -7.282279296001421 ], [ 109.648410291469176, -7.281644832515744 ], [ 109.64805676113906, -7.280992603543086 ], [ 109.647302557605329, -7.279471097440667 ], [ 109.646890560761065, -7.278592654503652 ], [ 109.646562499770852, -7.277841044092002 ], [ 109.646260149825792, -7.277107683993606 ], [ 109.645949261382654, -7.276582163663956 ], [ 109.645437158209745, -7.275965716467292 ], [ 109.644917256553001, -7.27558432593331 ], [ 109.644403798689126, -7.275221037336256 ], [ 109.64376206235022, -7.274974994836891 ], [ 109.642793970701192, -7.274655551253597 ], [ 109.641939753227149, -7.274390696429219 ], [ 109.641221622930757, -7.274144421795488 ], [ 109.640446664042358, -7.273698971454348 ], [ 109.63956122651949, -7.273560690909289 ], [ 109.638800112664072, -7.273205695082192 ], [ 109.63618218927644, -7.271307784176191 ], [ 109.635385623965036, -7.270527635320365 ], [ 109.63449234170281, -7.269602529998169 ], [ 109.633633445965216, -7.268840274396687 ], [ 109.632805673978851, -7.268060028494132 ], [ 109.631805545102836, -7.267107473005967 ], [ 109.631064318570395, -7.266282278564824 ], [ 109.630226618645068, -7.265429667571468 ], [ 109.629480406024669, -7.264920999333845 ], [ 109.628628370578895, -7.264882258491363 ], [ 109.626677498561563, -7.265834935516243 ], [ 109.626242388146423, -7.265969330666882 ], [ 109.6257898109981, -7.266076457564026 ], [ 109.625285458252321, -7.266093012221003 ], [ 109.625000523668973, -7.265884104056092 ], [ 109.624991821829923, -7.264373878929559 ], [ 109.624726925197066, -7.264083658197473 ], [ 109.624449113578578, -7.263865820474726 ], [ 109.623989204314753, -7.263683505926163 ], [ 109.623510574806858, -7.263419851307576 ], [ 109.6230698188905, -7.263373306628183 ], [ 109.622511760741034, -7.263615732599994 ], [ 109.621317290566509, -7.262463657304319 ], [ 109.621246084568909, -7.26149582291576 ], [ 109.62124900502549, -7.260537164748582 ], [ 109.621104085707344, -7.25942444295123 ], [ 109.620142511759894, -7.258381571878838 ], [ 109.619215034852843, -7.257203090852534 ], [ 109.619029074840427, -7.256840776458557 ], [ 109.618920550442198, -7.256406365815736 ], [ 109.618629397430439, -7.255374572870171 ], [ 109.61849251291676, -7.254885827222751 ], [ 109.618313722297628, -7.25410753694862 ], [ 109.618067759958436, -7.253292876553034 ], [ 109.617758403771106, -7.252378567272783 ], [ 109.617776081683104, -7.251944540540266 ], [ 109.617980101052311, -7.2515020390215 ], [ 109.61807987489756, -7.250887432605845 ], [ 109.617825445327242, -7.250425454029834 ], [ 109.617034667028435, -7.249998009773858 ], [ 109.617174965768683, -7.249464809692694 ], [ 109.617560210857093, -7.249050074209896 ], [ 109.618000333238641, -7.24866253904867 ], [ 109.618301720566762, -7.24849157686019 ], [ 109.619296711310056, -7.248313770188052 ], [ 109.620457923153239, -7.248579497657799 ], [ 109.620999266300032, -7.248400310449684 ], [ 109.621601083579748, -7.248176098474582 ], [ 109.621811330069747, -7.247525568651487 ], [ 109.622090642973717, -7.247246038893941 ], [ 109.622399534870056, -7.247111352586213 ], [ 109.623317831062636, -7.246761425309443 ], [ 109.623914830151065, -7.245958449588316 ], [ 109.624027140382296, -7.245515666163536 ], [ 109.624088090028209, -7.245018387974484 ], [ 109.624112256800458, -7.244141256054301 ], [ 109.624134356140232, -7.242911499833449 ], [ 109.624173345403563, -7.241898699881662 ], [ 109.62411509310023, -7.240496821910342 ], [ 109.624354282980548, -7.238128222614707 ], [ 109.624446502416021, -7.237685377804453 ], [ 109.624550076783663, -7.237314899160111 ], [ 109.624653650929531, -7.236944420454499 ], [ 109.62485926733342, -7.236610506219622 ], [ 109.624983911134137, -7.236285298436062 ], [ 109.625406525150552, -7.235409368437899 ], [ 109.625910335028578, -7.234153849364629 ], [ 109.626051837255247, -7.233611695895015 ], [ 109.626093870669578, -7.232996819964534 ], [ 109.626155281588822, -7.232517715313151 ], [ 109.626337729044181, -7.231695308117529 ], [ 109.62645933942251, -7.231162135770857 ], [ 109.626421213731703, -7.230583274435843 ], [ 109.626343933148249, -7.229642544675682 ], [ 109.626227809110091, -7.228385154947969 ], [ 109.626509234679787, -7.227870546893409 ], [ 109.62711029108948, -7.227492523612044 ], [ 109.628011354175996, -7.227196775705485 ], [ 109.629232778447999, -7.226721158720626 ], [ 109.628754693320289, -7.226113849699588 ], [ 109.628575970185068, -7.225679229374612 ], [ 109.628358075068476, -7.225036446099653 ], [ 109.628081400591256, -7.223878120033738 ], [ 109.627704217916403, -7.22291840488188 ], [ 109.627367147486865, -7.222004017878132 ], [ 109.626929032196173, -7.22134248898342 ], [ 109.626270319083474, -7.220861216398128 ], [ 109.625791649857732, -7.220425692772787 ], [ 109.624737120864893, -7.220286893844366 ], [ 109.624241557853608, -7.220204026827007 ], [ 109.623338683061903, -7.220165138373291 ], [ 109.622002434572991, -7.220269603713381 ], [ 109.620994823132307, -7.220592053748099 ], [ 109.619706792522734, -7.220850453280017 ], [ 109.617982857641024, -7.221125611936605 ], [ 109.617201992244205, -7.221530202996837 ], [ 109.617109204196751, -7.220218637501977 ], [ 109.616926570807991, -7.219404171036697 ], [ 109.616586106665054, -7.217648732766872 ], [ 109.61635642155295, -7.216960704350504 ], [ 109.61565076523857, -7.216551609084495 ], [ 109.614295336474868, -7.216068210006317 ], [ 109.613537290205699, -7.215405792266004 ], [ 109.612280484757349, -7.214316729383308 ], [ 109.611063893411838, -7.213019923455834 ], [ 109.610271232015251, -7.211199729895676 ], [ 109.610852944516253, -7.211038752572795 ], [ 109.611278101738577, -7.210795925633954 ], [ 109.611612982392316, -7.210308523899351 ], [ 109.61182072214902, -7.20983890894886 ], [ 109.611960439386948, -7.209197299611294 ], [ 109.612040409882695, -7.208682089106135 ], [ 109.612270257690781, -7.208185416452428 ], [ 109.612458428913698, -7.207643319391392 ], [ 109.612748803402027, -7.207155871432805 ], [ 109.613063707244805, -7.206532875673572 ], [ 109.613281161801069, -7.206108496150344 ], [ 109.613723238147159, -7.205431546057867 ], [ 109.61426461664783, -7.204854442683216 ], [ 109.614526846223328, -7.204511571025069 ], [ 109.614847115569944, -7.204259379992844 ], [ 109.615112590144676, -7.20388035179728 ], [ 109.615338666208501, -7.203320374714815 ], [ 109.61552031509332, -7.202760172540759 ], [ 109.615803288985802, -7.202100910991634 ], [ 109.616014371842397, -7.201658426994406 ], [ 109.616165533684537, -7.201351383699697 ], [ 109.616428739363613, -7.201153267209242 ], [ 109.616898799024341, -7.200946643905014 ], [ 109.617299238765412, -7.200848397824242 ], [ 109.617836482578468, -7.200696315707959 ], [ 109.618333003077396, -7.200652607718151 ], [ 109.619010570470607, -7.200591272185705 ], [ 109.619535775575585, -7.200592856839217 ], [ 109.620050937499428, -7.200458788286761 ], [ 109.620536114646839, -7.20011658403318 ], [ 109.621033348791912, -7.199638793074776 ], [ 109.621473143325161, -7.199142745390511 ], [ 109.622037892430058, -7.198782695709465 ], [ 109.622843489867819, -7.198233498339134 ], [ 109.623428970445858, -7.197584180835136 ], [ 109.623466495811087, -7.196851751196854 ], [ 109.62358099309003, -7.196246224342983 ], [ 109.623733346851267, -7.19554126421371 ], [ 109.62399258288572, -7.194601545949847 ], [ 109.624136609252204, -7.193562024696551 ], [ 109.624264041650264, -7.19297452871747 ], [ 109.6243443766285, -7.191934815863791 ], [ 109.624511321786088, -7.190994819465003 ], [ 109.62472994687954, -7.190199642078738 ], [ 109.624740287341439, -7.189765590256925 ], [ 109.625027166954794, -7.18921482849714 ], [ 109.625520214772521, -7.188981137631314 ], [ 109.625885000764384, -7.188891816273342 ], [ 109.626322245297899, -7.188965459037978 ], [ 109.626905351198687, -7.189075794892826 ], [ 109.627379216033873, -7.189113380342096 ], [ 109.628036044139677, -7.18891634305432 ], [ 109.628493338942619, -7.188429378961667 ], [ 109.629023871426284, -7.187770844273143 ], [ 109.629463637345879, -7.187102905392136 ], [ 109.629849497782729, -7.186009852866697 ], [ 109.630033928428716, -7.185359232927917 ], [ 109.630218107050581, -7.184717743993708 ], [ 109.630365151576754, -7.1842840992192 ], [ 109.630647468785455, -7.184031688882253 ], [ 109.631498572462036, -7.183283600803574 ], [ 109.631955937252869, -7.182670050078 ], [ 109.632727231215057, -7.180818471890226 ], [ 109.632983566620766, -7.180439400418154 ], [ 109.63356892668898, -7.179817186822597 ], [ 109.63408116276878, -7.179203705677521 ], [ 109.634793982783179, -7.178527619904668 ], [ 109.635397164197585, -7.177986739576698 ], [ 109.636092560623482, -7.177193059023375 ], [ 109.636970453658719, -7.176191782068595 ], [ 109.637446842787497, -7.175352240449187 ], [ 109.637977961141061, -7.174612227082951 ], [ 109.638435603450517, -7.173899119642946 ], [ 109.63885632821659, -7.173448197929252 ], [ 109.639330750187213, -7.173268772219366 ], [ 109.639943023797485, -7.173207294562308 ], [ 109.641409011278327, -7.173293007142691 ], [ 109.642903398880989, -7.173369757470399 ], [ 109.64359661331136, -7.173281389258497 ], [ 109.644216797617062, -7.173120381285951 ], [ 109.645165466944803, -7.172870015885539 ], [ 109.647391347823557, -7.172234441285735 ], [ 109.648577090693834, -7.172002849314789 ], [ 109.649306301831345, -7.171986910624813 ], [ 109.649816772162325, -7.171988411163852 ], [ 109.650344298861441, -7.172333632820484 ], [ 109.650816795146056, -7.172832399773636 ], [ 109.65129075647998, -7.172833791614136 ], [ 109.651746649433662, -7.172835129933468 ], [ 109.652329907552243, -7.172891091184781 ], [ 109.652894160572799, -7.173164085243093 ], [ 109.65413193469962, -7.173800717645624 ], [ 109.655370057722408, -7.174319807195674 ], [ 109.656773138156112, -7.174577169108707 ], [ 109.65744700085763, -7.174723805711014 ], [ 109.658248021184434, -7.175124069194975 ], [ 109.658975148356177, -7.175822489834409 ], [ 109.661432844593421, -7.176933013386109 ], [ 109.662149201853836, -7.177052642920223 ], [ 109.661940243928342, -7.178064879501403 ], [ 109.66153342389083, -7.180378897643237 ], [ 109.660866657824727, -7.182728231861699 ], [ 109.659677696818903, -7.185781466329721 ], [ 109.658789732648017, -7.188491902791825 ], [ 109.65834224160669, -7.191040875891404 ], [ 109.657635190388973, -7.193516663355596 ], [ 109.656994009684325, -7.193876539347085 ], [ 109.655711460163872, -7.194786161545227 ], [ 109.65366543215417, -7.19686017440702 ], [ 109.651940499999682, -7.198464776015483 ], [ 109.651696767100105, -7.199051943294691 ], [ 109.65125488902595, -7.200262487426213 ], [ 109.650939031845283, -7.201428103791542 ], [ 109.650519743474973, -7.201689164195364 ], [ 109.649129419433976, -7.202571318579771 ], [ 109.648393702744627, -7.203229272168494 ], [ 109.647954928869055, -7.203463147288653 ], [ 109.646879900565921, -7.20384884718496 ], [ 109.646637395503262, -7.204119377275703 ], [ 109.64584546378191, -7.205048497100726 ], [ 109.645271905104551, -7.205309094684496 ], [ 109.64499126127302, -7.205950305679528 ], [ 109.644602027453104, -7.206573201729172 ], [ 109.643978432155009, -7.207312852249593 ], [ 109.643387384493195, -7.207853773967125 ], [ 109.642788795299268, -7.208168452213958 ], [ 109.641824003178783, -7.208491173624438 ], [ 109.640823412752781, -7.208949409717093 ], [ 109.640908354766736, -7.209410872327982 ], [ 109.641066980443597, -7.209827346227818 ], [ 109.641705982249078, -7.210109624620511 ], [ 109.643345008397432, -7.210476246091313 ], [ 109.644104789346017, -7.210596041364528 ], [ 109.645223989174909, -7.210780192139159 ], [ 109.647643613726103, -7.210923073094685 ], [ 109.649751896552075, -7.211182471954483 ], [ 109.651307478659277, -7.211087608200192 ], [ 109.652408949864125, -7.210855685655548 ], [ 109.653654388932097, -7.210470477085462 ], [ 109.655019921530936, -7.209949993977402 ], [ 109.655906384610617, -7.209500430605917 ], [ 109.656458237459418, -7.209004673701989 ], [ 109.656771238404758, -7.208426839551189 ], [ 109.656821206021419, -7.207712517594977 ], [ 109.656942492739745, -7.207070828462407 ], [ 109.657711043549966, -7.206114492490167 ], [ 109.658575853308122, -7.204950389112245 ], [ 109.659344396803093, -7.203994049015195 ], [ 109.660425603272571, -7.202468818848554 ], [ 109.660714444391431, -7.201927075920584 ], [ 109.660931618155061, -7.201303748215971 ], [ 109.661005486943964, -7.200634702391204 ], [ 109.66110421353298, -7.199585980420617 ], [ 109.661394408618904, -7.198555901533987 ], [ 109.661852885882254, -7.197200724570194 ], [ 109.662094707104671, -7.19636941933171 ], [ 109.662551303832558, -7.195629157547608 ], [ 109.663608943498232, -7.19403151177765 ], [ 109.663874524518462, -7.193218447638171 ], [ 109.664020894629928, -7.192214980015017 ], [ 109.664075958358623, -7.189827692370701 ], [ 109.664159135435099, -7.185866876851574 ], [ 109.664669787442449, -7.183101074813604 ], [ 109.665058109533248, -7.181212136707672 ], [ 109.665398905544535, -7.179232552315723 ], [ 109.665859959049882, -7.177081524865283 ], [ 109.666518673421976, -7.177074396984493 ], [ 109.667266234168139, -7.177094651087807 ], [ 109.668086101451408, -7.177232745913604 ], [ 109.66846798113842, -7.177577437253513 ], [ 109.66879494388975, -7.178012476273915 ], [ 109.669031096037102, -7.178248335014963 ], [ 109.669541209659826, -7.178376397326495 ], [ 109.66994205335368, -7.178413725724328 ], [ 109.670707896295895, -7.178361694172608 ], [ 109.67151082744094, -7.178110851619156 ], [ 109.672131592648796, -7.177750889938822 ], [ 109.672572785083659, -7.17656743362164 ], [ 109.672776228011656, -7.175491879986128 ], [ 109.67286960839219, -7.174804800653855 ], [ 109.673198476088174, -7.174480159641278 ], [ 109.673763451239438, -7.174536041683544 ], [ 109.674236319510484, -7.174917248582831 ], [ 109.674600216465777, -7.175207723664554 ], [ 109.675037307927795, -7.175335568778273 ], [ 109.675438307210612, -7.175318642236179 ], [ 109.676150641746318, -7.174868520932627 ], [ 109.676827217879847, -7.174183210942313 ], [ 109.677522483647849, -7.173307987127606 ], [ 109.678107369086646, -7.172803244623065 ], [ 109.678781696976685, -7.172895601743158 ], [ 109.679744233698358, -7.17410109808503 ], [ 109.680234677785123, -7.174681358315024 ], [ 109.680763524999975, -7.174682877805081 ], [ 109.681055863488311, -7.174466625828828 ], [ 109.681384228036436, -7.174340984667802 ], [ 109.681748910977831, -7.174360115024938 ], [ 109.682247847569784, -7.174922224118354 ], [ 109.682256246414738, -7.175428675107204 ], [ 109.682290857940899, -7.176089001014494 ], [ 109.682689049490619, -7.177048747143858 ], [ 109.683125860014314, -7.177276133849277 ], [ 109.683562787992216, -7.177566722218985 ], [ 109.683633275596847, -7.17834469366538 ], [ 109.683267353373111, -7.178859112864105 ], [ 109.682699439411962, -7.179743752934849 ], [ 109.682424528411417, -7.180285557455097 ], [ 109.682350386307647, -7.180674228994308 ], [ 109.682531849692793, -7.181054592757695 ], [ 109.68278648328841, -7.181254332119838 ], [ 109.683113685452071, -7.181508439591351 ], [ 109.68336808208916, -7.181816678727477 ], [ 109.683658369689027, -7.18231489698691 ], [ 109.683711620194686, -7.182803393349061 ], [ 109.683491444578266, -7.183291105047537 ], [ 109.683107282979648, -7.183733137144847 ], [ 109.682923744507747, -7.184202870106478 ], [ 109.683085256796318, -7.185107686930685 ], [ 109.68381254600132, -7.185770001593729 ], [ 109.684576635511021, -7.18633287162819 ], [ 109.685340580986164, -7.186868615110621 ], [ 109.685959185159945, -7.187340648941754 ], [ 109.686594947477232, -7.188156407597088 ], [ 109.687448057757251, -7.18947017409368 ], [ 109.688798548682357, -7.19148175808541 ], [ 109.689698120495478, -7.192090218669875 ], [ 109.690145433626626, -7.192697385018636 ], [ 109.690172241418693, -7.193113472310002 ], [ 109.690634235221367, -7.193548887263064 ], [ 109.690704804812569, -7.193910849220384 ], [ 109.690495207304153, -7.194172551061643 ], [ 109.690106036826492, -7.194406523576105 ], [ 109.6898893712317, -7.194659163075541 ], [ 109.690034803079939, -7.19505750616644 ], [ 109.690390676818453, -7.195004183076744 ], [ 109.690808005030291, -7.194924000556543 ], [ 109.691201498849921, -7.194979375721219 ], [ 109.691607622210284, -7.195161461539342 ], [ 109.692335733856098, -7.194946448718593 ], [ 109.692768058425116, -7.194974808187861 ], [ 109.693133373931133, -7.195066358740473 ], [ 109.693488629333203, -7.1954380843082 ], [ 109.693721863079858, -7.195710092741092 ], [ 109.693998364768561, -7.195891716525454 ], [ 109.694379746541259, -7.196109896682056 ], [ 109.694690676553932, -7.196237367748487 ], [ 109.695885849746972, -7.196882919205787 ], [ 109.696372110585585, -7.19692951278349 ], [ 109.696753008982782, -7.197030056560027 ], [ 109.697443998858418, -7.196950646999694 ], [ 109.697975366471624, -7.196680814871949 ], [ 109.698354351212771, -7.196247796970503 ], [ 109.698776135469245, -7.195914359744311 ], [ 109.699357698686242, -7.195689967569538 ], [ 109.699678514748328, -7.195519084903855 ], [ 109.700341579408089, -7.195412375421581 ], [ 109.700921378632216, -7.195414020520354 ], [ 109.701662946095311, -7.195560882495097 ], [ 109.702563509951517, -7.195409634067452 ], [ 109.70337830267475, -7.195276314922315 ], [ 109.70409675928866, -7.195305473905349 ], [ 109.704561703437818, -7.195496667006895 ], [ 109.704830706514997, -7.195823022898063 ], [ 109.705215667603667, -7.196782722686435 ], [ 109.706238083970476, -7.198585292367938 ], [ 109.706725801261868, -7.199147442975203 ], [ 109.707697617443088, -7.199810329816752 ], [ 109.70691370828591, -7.200820978103571 ], [ 109.706576847098958, -7.201462174622952 ], [ 109.706453486130656, -7.202755074202576 ], [ 109.706615353384095, -7.204763172558033 ], [ 109.706563643197228, -7.206119567078127 ], [ 109.706364487117327, -7.208886425975464 ], [ 109.706553407290073, -7.209727937952508 ], [ 109.706284440316182, -7.211780115978029 ], [ 109.706231286577776, -7.213642936466236 ], [ 109.706036517693605, -7.214781921802172 ], [ 109.7058435646954, -7.215360140139767 ], [ 109.705670449651393, -7.217313128177795 ], [ 109.705716206712822, -7.218054775012941 ], [ 109.705881331407554, -7.218887268565715 ], [ 109.705974261732408, -7.219846142517572 ], [ 109.705922537471196, -7.221229660809128 ], [ 109.705342592635219, -7.223235744487388 ], [ 109.705012199415577, -7.224980232825733 ], [ 109.704881732339416, -7.22537779127838 ], [ 109.704592109797105, -7.226308453172755 ], [ 109.704421808970807, -7.227293704373233 ], [ 109.704419567132618, -7.228080513774707 ], [ 109.7046812231263, -7.228605770981955 ], [ 109.704654266436634, -7.229627596495192 ], [ 109.704555670654685, -7.230658350523134 ], [ 109.704314228664728, -7.231372055176432 ], [ 109.704360859961881, -7.231779158235898 ], [ 109.704647513409455, -7.231997066300024 ], [ 109.704934322013216, -7.2321606335671 ], [ 109.705603456120713, -7.232406753382755 ], [ 109.705890188156019, -7.232597445285119 ], [ 109.706272091742377, -7.232933166270885 ], [ 109.706552232776517, -7.235438988399764 ], [ 109.707212917654147, -7.238759923320782 ], [ 109.707402073484957, -7.239520151350789 ], [ 109.707974556351971, -7.240118625025206 ], [ 109.708500292913754, -7.240454753668952 ], [ 109.709073804904662, -7.240718592589435 ], [ 109.709647387197222, -7.241036772281106 ], [ 109.710196446097456, -7.241418174455275 ], [ 109.710745727624527, -7.241826702144102 ], [ 109.711292644817547, -7.243094374388005 ], [ 109.711553904187085, -7.243764297878642 ], [ 109.71176678030163, -7.24464213614444 ], [ 109.711907175638757, -7.245745904589802 ], [ 109.71199987612458, -7.246867531162777 ], [ 109.71195042268586, -7.247346696899526 ], [ 109.712045047091323, -7.247817228922776 ], [ 109.712307310632823, -7.248134525139464 ], [ 109.712569880533593, -7.248370355501557 ], [ 109.712856344884059, -7.2486334692272 ], [ 109.713022688650568, -7.249068037064981 ], [ 109.711968790791389, -7.249345438659749 ], [ 109.711441644047838, -7.249606156945156 ], [ 109.711058489755487, -7.249704530492419 ], [ 109.710531882091232, -7.249775461832679 ], [ 109.710172606174893, -7.249801567965164 ], [ 109.709622663324183, -7.249727582510361 ], [ 109.709239794563956, -7.249699370196796 ], [ 109.708305805879391, -7.249931894161147 ], [ 109.707626183838727, -7.250761987420167 ], [ 109.7069627224231, -7.251266530653342 ], [ 109.706299379383466, -7.251572153861984 ], [ 109.705932164313481, -7.251815236398977 ], [ 109.70537067194833, -7.252202523973348 ], [ 109.703973802179533, -7.2521804588315 ], [ 109.703154372771536, -7.252096745253356 ], [ 109.7021344634218, -7.251976290689795 ], [ 109.701102876590909, -7.251891877177505 ], [ 109.700420680518732, -7.251817592809682 ], [ 109.699725942180777, -7.251716146305073 ], [ 109.698785229621294, -7.251505493580622 ], [ 109.697874941450692, -7.251258668810946 ], [ 109.697004963523611, -7.251147674561261 ], [ 109.696162898832839, -7.251172384942246 ], [ 109.695205239437968, -7.251350471485426 ], [ 109.694591741042558, -7.251538676695847 ], [ 109.693799002932437, -7.251834776263602 ], [ 109.693129329707858, -7.252339278440785 ], [ 109.692300992134648, -7.253015206040769 ], [ 109.691689822142905, -7.253637416291445 ], [ 109.691225459109518, -7.25431438911486 ], [ 109.690986598937343, -7.254612168248497 ], [ 109.690583010786227, -7.255008840935848 ], [ 109.689919553652473, -7.255504403471924 ], [ 109.689340078867104, -7.255855358805332 ], [ 109.688588727499152, -7.256323449710688 ], [ 109.687161507185479, -7.257006677295561 ], [ 109.685678173716738, -7.25769877890915 ], [ 109.684653780703613, -7.258247446951124 ], [ 109.683589968001556, -7.258714622672943 ], [ 109.682463599439799, -7.259172572278149 ], [ 109.681342069776022, -7.259558199226379 ], [ 109.679922756763276, -7.260033374060501 ], [ 109.678295404289571, -7.260706855102471 ], [ 109.676822026510436, -7.261281410365898 ], [ 109.675899709258147, -7.26164951944541 ], [ 109.67536087150512, -7.261837822089794 ], [ 109.6746341691899, -7.262296915728825 ], [ 109.673877974727688, -7.26285538000933 ], [ 109.673139860467529, -7.263359645609607 ], [ 109.672542608305477, -7.263755821985488 ], [ 109.672042638113794, -7.264007615677158 ], [ 109.670820653644512, -7.264365793826273 ], [ 109.670414276358542, -7.264635852499975 ], [ 109.670234901606548, -7.265015166338513 ], [ 109.67001559093562, -7.265566154223698 ], [ 109.669927170100507, -7.266099532855541 ], [ 109.670055456520799, -7.266561123340435 ], [ 109.670272678781132, -7.266796843029937 ], [ 109.6709938968432, -7.267242088150301 ], [ 109.671930066629429, -7.267832628338726 ], [ 109.673334152725687, -7.268713959671565 ], [ 109.674368717749559, -7.26952187401857 ], [ 109.675338804196272, -7.270239181601264 ], [ 109.67611214108733, -7.27079307265719 ], [ 109.676595446436679, -7.271210491004336 ], [ 109.676660912824374, -7.271653814229555 ], [ 109.676591114791449, -7.272485624573021 ], [ 109.676370888618365, -7.273579203746186 ], [ 109.676012778633691, -7.274654386747153 ], [ 109.675689145375898, -7.275584912900219 ], [ 109.675253531488963, -7.276831659565061 ], [ 109.674536745538177, -7.278050367058689 ], [ 109.673968411884431, -7.27891688293131 ], [ 109.67334724820121, -7.279665701396988 ], [ 109.672338984158486, -7.280675591341324 ], [ 109.671483097052175, -7.281523175851804 ], [ 109.670722441010156, -7.282163080088236 ], [ 109.670112976482699, -7.282866628007995 ], [ 109.669483377837608, -7.283787205244568 ], [ 109.669006730630016, -7.284554523290476 ], [ 109.668775940696648, -7.285168856247141 ], [ 109.668512545695194, -7.2860000017546 ], [ 109.668313248687113, -7.286596343624024 ], [ 109.667538940529582, -7.285988093436846 ], [ 109.667124598984643, -7.285887414912049 ], [ 109.666662689888838, -7.28588605372817 ], [ 109.66610759878975, -7.285902500573106 ], [ 109.665403804528367, -7.285972757780751 ], [ 109.664444319585769, -7.286060432690309 ], [ 109.663648302626171, -7.286202747706484 ], [ 109.662691851015879, -7.28642596146101 ], [ 109.661768017202448, -7.286730734407791 ], [ 109.661048951641177, -7.286963778607903 ] ], [ [ 109.664551039877736, -7.21547643875489 ], [ 109.664741131411304, -7.216833512569661 ], [ 109.664969555614817, -7.217214020010737 ], [ 109.66504306166506, -7.218019031800022 ], [ 109.665225086510091, -7.218562243605778 ], [ 109.66534101892681, -7.218879040180638 ], [ 109.665616286915309, -7.219404441273561 ], [ 109.665647987800085, -7.219874790004005 ], [ 109.665569319613269, -7.220371940987019 ], [ 109.665944053383427, -7.221024125541146 ], [ 109.666450392857598, -7.221767201497503 ], [ 109.666459210751086, -7.222707739585886 ], [ 109.666785261124474, -7.223079490513792 ], [ 109.667315715406573, -7.22344279680436 ], [ 109.667508364546876, -7.223750775708894 ], [ 109.667630205542523, -7.224167138010545 ], [ 109.668026116315801, -7.225443438624913 ], [ 109.668303291303943, -7.226059170920927 ], [ 109.668511642389774, -7.226539167812406 ], [ 109.668778382644788, -7.226765987959416 ], [ 109.668804807871112, -7.227100696774121 ], [ 109.669461341313806, -7.227889418042065 ], [ 109.669845127219148, -7.228360794550118 ], [ 109.670090662109914, -7.228587552351524 ], [ 109.670498624639023, -7.228733408842379 ], [ 109.670324677194486, -7.229076575024959 ], [ 109.670231503796117, -7.229401893410468 ], [ 109.670365368770078, -7.229971998901808 ], [ 109.670610103299978, -7.230370636246576 ], [ 109.670577603160723, -7.230759423269503 ], [ 109.670036220156007, -7.231345641965348 ], [ 109.670007882169628, -7.231842940874876 ], [ 109.66825999904772, -7.231865051448692 ], [ 109.665939148103519, -7.231758714384729 ], [ 109.663426742147976, -7.231633811039151 ], [ 109.662662465916355, -7.231224604921271 ], [ 109.660919296379831, -7.229953387343471 ], [ 109.658841220474443, -7.228608846698436 ], [ 109.657648695357523, -7.227266906601313 ], [ 109.656385528297577, -7.225599258455937 ], [ 109.654163909254137, -7.224299487459495 ], [ 109.65354293444193, -7.223845484403624 ], [ 109.652683853980392, -7.223056148008222 ], [ 109.651992633355491, -7.222167848894795 ], [ 109.651399325566885, -7.220493038950011 ], [ 109.650542452872173, -7.218962205751426 ], [ 109.650070457735737, -7.216745168196434 ], [ 109.649261243904064, -7.215286717622508 ], [ 109.647614479492802, -7.213871085951306 ], [ 109.647742498701575, -7.214513598269236 ], [ 109.647423422912468, -7.214566903012271 ], [ 109.647077048496456, -7.214936672436453 ], [ 109.646371759035404, -7.214970749006317 ], [ 109.645856130823077, -7.215457556104888 ], [ 109.645319827639923, -7.21556446451221 ], [ 109.645217540610361, -7.216188120150086 ], [ 109.644811542293951, -7.216042250298618 ], [ 109.644411005536014, -7.216294315909857 ], [ 109.64388566917259, -7.216328922384543 ], [ 109.643697713662064, -7.216708200472616 ], [ 109.643226658244814, -7.216869549256789 ], [ 109.643310943009624, -7.217276760632881 ], [ 109.643075631014099, -7.21761068973558 ], [ 109.64258064252742, -7.217609218345197 ], [ 109.642390194226095, -7.217997529729789 ], [ 109.641856115974932, -7.217833102709698 ], [ 109.641227077367333, -7.21801215261703 ], [ 109.64090242070192, -7.21775793220085 ], [ 109.640725450605757, -7.218833531504404 ], [ 109.640394956577339, -7.219483720128618 ], [ 109.640980741734609, -7.220037090044767 ], [ 109.64118757195962, -7.220815460693307 ], [ 109.64112686335109, -7.22114086642741 ], [ 109.640647410718913, -7.221636814485301 ], [ 109.640357483074496, -7.22197952978222 ], [ 109.639868549101621, -7.22224940961651 ], [ 109.639389905031294, -7.22247411174796 ], [ 109.639318857932253, -7.222935109367606 ], [ 109.639596550188344, -7.223288557981443 ], [ 109.639714698890543, -7.22373203672758 ], [ 109.63941400660984, -7.224427520212905 ], [ 109.638673848831502, -7.225429104449195 ], [ 109.638334760559786, -7.225554764257589 ], [ 109.637348800618739, -7.225551819477682 ], [ 109.636870748091894, -7.225477968164874 ], [ 109.636531524013122, -7.225648833823026 ], [ 109.636160872393333, -7.226389222073268 ], [ 109.635860165566015, -7.227012369480209 ], [ 109.635270859170888, -7.227607437759967 ], [ 109.635020553544734, -7.228031730941686 ], [ 109.634979321372171, -7.228483774538999 ], [ 109.635236742241972, -7.228972878447021 ], [ 109.635235194781615, -7.229488331619515 ], [ 109.635333856774409, -7.229805171088417 ], [ 109.636018437008545, -7.230657305346964 ], [ 109.636336710186356, -7.230875345051722 ], [ 109.636884579698673, -7.230876984041072 ], [ 109.637182956773117, -7.231031582553649 ], [ 109.637778464383217, -7.23175686711974 ], [ 109.637996068889009, -7.232227768177959 ], [ 109.638214344855882, -7.232499666855603 ], [ 109.638632449896491, -7.232546123978254 ], [ 109.639369481366813, -7.232593533224393 ], [ 109.639807071469519, -7.232866176621672 ], [ 109.640503389838017, -7.233193841099839 ], [ 109.641497115406381, -7.233902136915164 ], [ 109.642163499507177, -7.234202585413555 ], [ 109.642721658574075, -7.234186165670811 ], [ 109.643189600196948, -7.234223725898762 ], [ 109.643836711098601, -7.234352234721348 ], [ 109.644443785007482, -7.234534963353362 ], [ 109.644901094673713, -7.23480757100029 ], [ 109.645547309012088, -7.23516220459236 ], [ 109.645905385370739, -7.235407482056302 ], [ 109.646083717777003, -7.235679259313513 ], [ 109.646082369852763, -7.236131424235221 ], [ 109.645710911123317, -7.237143246711879 ], [ 109.645291160546705, -7.237621291590375 ], [ 109.644971123680193, -7.237991043481192 ], [ 109.644790821058933, -7.2383793845487 ], [ 109.644859249860389, -7.238795590627735 ], [ 109.645295965148321, -7.239339565170796 ], [ 109.645392503553595, -7.240370771836549 ], [ 109.645530852884676, -7.240678687236031 ], [ 109.645290459083029, -7.241184389860974 ], [ 109.647171715126433, -7.241994776169165 ], [ 109.648294391416513, -7.242667369783055 ], [ 109.649607400673801, -7.243747397276128 ], [ 109.651830243179305, -7.244658329321876 ], [ 109.65307291280466, -7.245213728454735 ], [ 109.653550941367655, -7.24540501719612 ], [ 109.653957782756791, -7.24535197177129 ], [ 109.655418710854093, -7.244958371871746 ], [ 109.656232670556534, -7.244834194680704 ], [ 109.657310181059515, -7.244602204228293 ], [ 109.658101217360226, -7.244224700306441 ], [ 109.658915443139747, -7.244010102584451 ], [ 109.659465792425948, -7.244038849439259 ], [ 109.659991909595092, -7.244130815587844 ], [ 109.66049403986824, -7.244304175527391 ], [ 109.660996331010409, -7.244423195311596 ], [ 109.661474795901626, -7.244442686631843 ], [ 109.661977135639759, -7.244444164430161 ], [ 109.662767396078749, -7.244328946964012 ], [ 109.663437797745544, -7.244240410397897 ], [ 109.664455929583085, -7.244189150714375 ], [ 109.664588463324051, -7.243484201900971 ], [ 109.665214402193328, -7.242238021581998 ], [ 109.666127014725362, -7.241119262957161 ], [ 109.666612284340985, -7.240270589712674 ], [ 109.666860790322005, -7.239792020095243 ], [ 109.666704726032251, -7.239357473709029 ], [ 109.666596533252786, -7.23889594260073 ], [ 109.666787850719828, -7.238616211954104 ], [ 109.667192617210588, -7.238581230507838 ], [ 109.667175282744552, -7.23822846517351 ], [ 109.66724086319833, -7.237866900900539 ], [ 109.66757515133186, -7.237750337861025 ], [ 109.667385295657866, -7.237252401268865 ], [ 109.667513074262047, -7.236918143840448 ], [ 109.668027327103374, -7.236521725342904 ], [ 109.668445092565449, -7.236305947432017 ], [ 109.668523108403093, -7.235854002559275 ], [ 109.668154196051205, -7.235427875934947 ], [ 109.668133823436236, -7.234939386426721 ], [ 109.668506082112003, -7.234605933645286 ], [ 109.668953156296496, -7.234733823382389 ], [ 109.669416663423121, -7.234554344464343 ], [ 109.669809367592563, -7.234302234595071 ], [ 109.669595026239833, -7.233469595494439 ], [ 109.66973773646383, -7.233135380506758 ], [ 109.669942227616076, -7.232792394544105 ], [ 109.66998159112272, -7.232304169521769 ], [ 109.671848489341485, -7.232237191222652 ], [ 109.672925280765085, -7.232240328536448 ], [ 109.674911165775242, -7.232291316267369 ], [ 109.676681566899234, -7.232513552026783 ], [ 109.677972325465916, -7.232996598667259 ], [ 109.679167167250796, -7.233569780957773 ], [ 109.680003719535776, -7.233861630121353 ], [ 109.680649746265502, -7.233881584909699 ], [ 109.681536407581618, -7.233504310143052 ], [ 109.682351029581767, -7.233144908448683 ], [ 109.682638892776211, -7.232838322990303 ], [ 109.682975894283658, -7.232170030321162 ], [ 109.683240863185517, -7.231646286777339 ], [ 109.684247419104764, -7.231097559473798 ], [ 109.68599530233746, -7.230767968546284 ], [ 109.687719605527732, -7.230302676743289 ], [ 109.689803159699693, -7.229657485555631 ], [ 109.691575494888198, -7.229210399215907 ], [ 109.693299871221853, -7.228690833959608 ], [ 109.693299310523003, -7.228184404398058 ], [ 109.69325394949476, -7.227442670723884 ], [ 109.693009665053253, -7.226854166967293 ], [ 109.693010117191065, -7.226411032517486 ], [ 109.692714513626711, -7.225777172953914 ], [ 109.692442188462451, -7.225514091397807 ], [ 109.692371487115125, -7.225197337391603 ], [ 109.692392143072468, -7.224817643538086 ], [ 109.69206112299922, -7.224373558837825 ], [ 109.691774710004239, -7.223712509796872 ], [ 109.691587941975087, -7.223404464669717 ], [ 109.691595985487112, -7.222970393910454 ], [ 109.691498075973144, -7.222273808903067 ], [ 109.69081580552664, -7.22198242586389 ], [ 109.691067845801129, -7.221612347321702 ], [ 109.690543692659432, -7.221439050563621 ], [ 109.690366286252171, -7.221121990347399 ], [ 109.690322766936518, -7.220805404761736 ], [ 109.689769364373404, -7.220469181786453 ], [ 109.690123071437426, -7.220189812925159 ], [ 109.690587665995494, -7.21991076183971 ], [ 109.690192404364737, -7.219294699393967 ], [ 109.689751905937683, -7.219166850934292 ], [ 109.689520241596256, -7.218632633306848 ], [ 109.688858158498562, -7.218386515083359 ], [ 109.688213908924709, -7.217860153704732 ], [ 109.686734061857806, -7.218090984153367 ], [ 109.686269264585349, -7.21802635485257 ], [ 109.685749734491267, -7.218323326725056 ], [ 109.684965888024294, -7.218094936184945 ], [ 109.68412789424444, -7.218309613162753 ], [ 109.683387406626522, -7.218271311369632 ], [ 109.683094697769803, -7.218424176176161 ], [ 109.682910493394289, -7.218704028161598 ], [ 109.683086373856867, -7.219030127527699 ], [ 109.682893548409112, -7.219373156124814 ], [ 109.682562297224067, -7.219426450430196 ], [ 109.682316140693047, -7.219697081508306 ], [ 109.681700695529173, -7.219876138464707 ], [ 109.681174385528465, -7.220037459081609 ], [ 109.680726422801001, -7.22042504800807 ], [ 109.680682793254547, -7.22074138139521 ], [ 109.680409962784026, -7.220939600396853 ], [ 109.680061820625468, -7.221255143438557 ], [ 109.679736705357584, -7.221046153512954 ], [ 109.679233820375501, -7.221343164709217 ], [ 109.678705165637993, -7.221359717718451 ], [ 109.678580508738577, -7.221883865338083 ], [ 109.678020032094594, -7.222135499643455 ], [ 109.678101210425481, -7.222723535118614 ], [ 109.677081620199147, -7.223317421650372 ], [ 109.677225484977683, -7.223661513318276 ], [ 109.677545417573029, -7.223906656866847 ], [ 109.677643979108552, -7.224268610107895 ], [ 109.677903902043795, -7.224504537854314 ], [ 109.67781835190732, -7.224829881088204 ], [ 109.677375265921626, -7.22518122226559 ], [ 109.677767694007429, -7.225507951267785 ], [ 109.677434482683822, -7.22613104234253 ], [ 109.677616652224046, -7.226656078886059 ], [ 109.677443186069638, -7.227143917296772 ], [ 109.67683124187711, -7.226988433327854 ], [ 109.676347393421423, -7.226950771914395 ], [ 109.675838002501678, -7.226940251287807 ], [ 109.675698921188385, -7.226415339516901 ], [ 109.675703255854742, -7.226080719513588 ], [ 109.675866220083677, -7.225430101252164 ], [ 109.675889494955726, -7.22510457787669 ], [ 109.675750137669382, -7.224751457312013 ], [ 109.675270736699133, -7.224777280694993 ], [ 109.674881900233274, -7.224577143893608 ], [ 109.674643488840559, -7.224314242584628 ], [ 109.674525607607833, -7.223997350953886 ], [ 109.674682304612404, -7.223627007030426 ], [ 109.675016170162451, -7.222497495694481 ], [ 109.675126512014614, -7.222018516662853 ], [ 109.675496659203432, -7.221712174086295 ], [ 109.675462774207986, -7.221296067973065 ], [ 109.67506942826536, -7.220824668328415 ], [ 109.675511517754515, -7.220301353206929 ], [ 109.675719945999106, -7.219858825150697 ], [ 109.675445947754213, -7.219405855578129 ], [ 109.675988315133509, -7.219063845111731 ], [ 109.675808135605521, -7.2187286897604 ], [ 109.67562272773101, -7.21808601157098 ], [ 109.674763745927635, -7.217224468895187 ], [ 109.673904078802053, -7.216625041398423 ], [ 109.673044624572341, -7.215953370310153 ], [ 109.672327714902281, -7.215616654320796 ], [ 109.671251231309327, -7.215495981858732 ], [ 109.670797252305718, -7.215232362038694 ], [ 109.670488070311194, -7.214607496731483 ], [ 109.670108851348672, -7.213367413389594 ], [ 109.669252129735796, -7.211764182632435 ], [ 109.668364662481508, -7.212430860776534 ], [ 109.66719094497445, -7.212879611553831 ], [ 109.666040600129506, -7.213455010246745 ], [ 109.664675561480067, -7.213830861737788 ], [ 109.664551039877736, -7.21547643875489 ] ] ] } },
{ "type": "Feature", "properties": { "KECAMATAN": "Karangkobar" }, "geometry": { "type": "Polygon", "coordinates": [ [ [ 109.728160639898164, -7.308138775611368 ], [ 109.728796798507247, -7.308891222078285 ], [ 109.728904560278735, -7.309397958956486 ], [ 109.728745778281123, -7.310003404660216 ], [ 109.728564407106148, -7.310382740703741 ], [ 109.728521828369651, -7.311124231745355 ], [ 109.728059688805317, -7.311692653977252 ], [ 109.728068112262875, -7.312226236162042 ], [ 109.728001823700083, -7.312741523855887 ], [ 109.727896995660075, -7.313573257181588 ], [ 109.727716078175732, -7.314793664619608 ], [ 109.727452229354213, -7.315706325003587 ], [ 109.727294024548712, -7.316185185387518 ], [ 109.727320854094913, -7.316601275600857 ], [ 109.726837075520592, -7.316816912531438 ], [ 109.726594142993406, -7.317042361947466 ], [ 109.726548684926499, -7.317611958738208 ], [ 109.726631059846241, -7.318299551009597 ], [ 109.726641198948855, -7.319122566410025 ], [ 109.72682310643772, -7.319557178625617 ], [ 109.727049514976812, -7.319865240659429 ], [ 109.726622715936728, -7.320135379128254 ], [ 109.726365870769001, -7.320577792439463 ], [ 109.726007183097963, -7.320902373704532 ], [ 109.725753597430781, -7.320485642035959 ], [ 109.72544817537532, -7.320385227231976 ], [ 109.72495928047158, -7.320401926816749 ], [ 109.724388651900568, -7.320400310707158 ], [ 109.723818887734879, -7.320199776442165 ], [ 109.723494181835534, -7.319710507857303 ], [ 109.723312133280245, -7.319221643566808 ], [ 109.722885835507697, -7.318632536427613 ], [ 109.722235285998693, -7.318160426910839 ], [ 109.721910068161023, -7.317852082796565 ], [ 109.721361162464532, -7.317488762401282 ], [ 109.720953561320286, -7.31746952166903 ], [ 109.72064919892091, -7.316998393206727 ], [ 109.720222623022792, -7.316508833894328 ], [ 109.720203263792158, -7.316147016407163 ], [ 109.720143979650686, -7.315694667495741 ], [ 109.719412793360064, -7.315529837625919 ], [ 109.719085367448542, -7.315185228204854 ], [ 109.718744190810142, -7.314424566424231 ], [ 109.718386890806968, -7.314079871773579 ], [ 109.718043677398427, -7.314033686663181 ], [ 109.717670129713426, -7.314095916524011 ], [ 109.717132391172953, -7.314166720504357 ], [ 109.716789901078371, -7.313867366357698 ], [ 109.716447540857658, -7.313522713026446 ], [ 109.715941105432435, -7.313041965303934 ], [ 109.715494565204338, -7.312615638589731 ], [ 109.715166805341326, -7.312415785198771 ], [ 109.71461480696432, -7.312224243650227 ], [ 109.713883399751253, -7.312113656152314 ], [ 109.71324153492219, -7.312084699138329 ], [ 109.712584917094361, -7.311965281318693 ], [ 109.711952893698125, -7.311655965173721 ], [ 109.711627474266294, -7.311917246757991 ], [ 109.711464341637864, -7.312260458320591 ], [ 109.711016583437527, -7.312729440778602 ], [ 109.710718478565397, -7.312945681141869 ], [ 109.710298411379839, -7.313134356574877 ], [ 109.709973937700326, -7.313169595109319 ], [ 109.709554593968249, -7.313132227667877 ], [ 109.709081582208555, -7.313031413792305 ], [ 109.708216726126452, -7.312784718050072 ], [ 109.707770937579895, -7.312593563321139 ], [ 109.707378966672437, -7.312465854854736 ], [ 109.706879001193627, -7.312310620615225 ], [ 109.706243948480477, -7.312173172136291 ], [ 109.705297836346958, -7.311926238134062 ], [ 109.704974133267456, -7.311590763570893 ], [ 109.704578480813325, -7.311264033460979 ], [ 109.704185884110828, -7.31099156237258 ], [ 109.703924132891757, -7.310773808063673 ], [ 109.703691979615897, -7.310393296873912 ], [ 109.703590954978964, -7.309995079146128 ], [ 109.703533745764702, -7.309606029136749 ], [ 109.703564751322105, -7.308955022066726 ], [ 109.703711922397432, -7.308476142055341 ], [ 109.703596926455319, -7.307924174503854 ], [ 109.703292356802137, -7.307326362890199 ], [ 109.703045921222696, -7.306900601927629 ], [ 109.702973517867278, -7.3065748004877 ], [ 109.702904145818053, -7.306104339829353 ], [ 109.702690651407195, -7.305651548293779 ], [ 109.702203993134177, -7.305469313859628 ], [ 109.701875868506818, -7.305296576836068 ], [ 109.701548878321063, -7.304834416728282 ], [ 109.701453323414768, -7.304508548644415 ], [ 109.70120312679434, -7.30411894333434 ], [ 109.700837301246594, -7.303656671192146 ], [ 109.700819177592422, -7.303285817273085 ], [ 109.70072375754809, -7.302887615633399 ], [ 109.700299271720468, -7.302669391787544 ], [ 109.699854942674378, -7.302650028664367 ], [ 109.699430118160933, -7.30254925527595 ], [ 109.699121829685396, -7.302259031389138 ], [ 109.699298842534247, -7.301843531264729 ], [ 109.698945821979223, -7.301164203063959 ], [ 109.698639372249502, -7.300548391536588 ], [ 109.698259933575656, -7.299733360989249 ], [ 109.697522164802947, -7.29850128699119 ], [ 109.696937730935716, -7.297423454599268 ], [ 109.69641924557888, -7.296526646737209 ], [ 109.695702927437111, -7.295421217430137 ], [ 109.695035736186554, -7.294270811226697 ], [ 109.69483490841526, -7.293935597070109 ], [ 109.69448934516906, -7.293238295921431 ], [ 109.693978891410708, -7.292124418288704 ], [ 109.693532185398936, -7.291074107149963 ], [ 109.693069034871954, -7.29013224896574 ], [ 109.692558512378312, -7.289018370612842 ], [ 109.691853252377456, -7.287840636845117 ], [ 109.691270723635498, -7.287169774413596 ], [ 109.690640633506234, -7.286598232663474 ], [ 109.68983919489601, -7.285881436333765 ], [ 109.688906392017373, -7.285164258346027 ], [ 109.687975125606371, -7.284510465718433 ], [ 109.687289749713827, -7.284282344901507 ], [ 109.686924178180007, -7.28412757530887 ], [ 109.686124535449409, -7.284080045652759 ], [ 109.685356404753932, -7.284059731243912 ], [ 109.684503290120361, -7.284165752142059 ], [ 109.683727207571778, -7.284362502739818 ], [ 109.682980812097298, -7.284776338719187 ], [ 109.682564986845207, -7.285182003839132 ], [ 109.682215865808445, -7.285506578029169 ], [ 109.681671737641281, -7.286038542235577 ], [ 109.680998265351107, -7.286669677265006 ], [ 109.680321582804496, -7.287427385007988 ], [ 109.679594540187878, -7.28816677052094 ], [ 109.678985867492614, -7.288906590647117 ], [ 109.67801090562439, -7.28973575543281 ], [ 109.676940339206709, -7.290465088992507 ], [ 109.676158977991903, -7.291005482004789 ], [ 109.675341533151908, -7.29159992709368 ], [ 109.675107499353771, -7.291870581239432 ], [ 109.674465427012066, -7.292103781767564 ], [ 109.674144225641925, -7.292301846426393 ], [ 109.673764435542367, -7.292562940016953 ], [ 109.673230689577252, -7.292733255233844 ], [ 109.672917158566094, -7.292913167648776 ], [ 109.672319141834819, -7.29317370935933 ], [ 109.671999117287385, -7.292946637629066 ], [ 109.671573586533682, -7.29261075594596 ], [ 109.671304592722109, -7.292275334157717 ], [ 109.670817006521688, -7.291658978752221 ], [ 109.670392006043542, -7.291042807120776 ], [ 109.669936942329514, -7.289883867855325 ], [ 109.6695029672929, -7.288842622208414 ], [ 109.669168662634519, -7.288091002041681 ], [ 109.668734433793162, -7.287339087699918 ], [ 109.668313248687113, -7.286596343624024 ], [ 109.668512545695194, -7.2860000017546 ], [ 109.668775940696648, -7.285168856247141 ], [ 109.669006730630016, -7.284554523290476 ], [ 109.669483377837608, -7.283787205244568 ], [ 109.670112976482699, -7.282866628007995 ], [ 109.670722441010156, -7.282163080088236 ], [ 109.671483097052175, -7.281523175851804 ], [ 109.672338984158486, -7.280675591341324 ], [ 109.67334724820121, -7.279665701396988 ], [ 109.673968411884431, -7.27891688293131 ], [ 109.674536745538177, -7.278050367058689 ], [ 109.675253531488963, -7.276831659565061 ], [ 109.675689145375898, -7.275584912900219 ], [ 109.676012778633691, -7.274654386747153 ], [ 109.676370888618365, -7.273579203746186 ], [ 109.676591114791449, -7.272485624573021 ], [ 109.676660912824374, -7.271653814229555 ], [ 109.676595446436679, -7.271210491004336 ], [ 109.67611214108733, -7.27079307265719 ], [ 109.675338804196272, -7.270239181601264 ], [ 109.674368717749559, -7.26952187401857 ], [ 109.673334152725687, -7.268713959671565 ], [ 109.671930066629429, -7.267832628338726 ], [ 109.6709938968432, -7.267242088150301 ], [ 109.670272678781132, -7.266796843029937 ], [ 109.670055456520799, -7.266561123340435 ], [ 109.669927170100507, -7.266099532855541 ], [ 109.67001559093562, -7.265566154223698 ], [ 109.670234901606548, -7.265015166338513 ], [ 109.670414276358542, -7.264635852499975 ], [ 109.670820653644512, -7.264365793826273 ], [ 109.672042638113794, -7.264007615677158 ], [ 109.672542608305477, -7.263755821985488 ], [ 109.673139860467529, -7.263359645609607 ], [ 109.673877974727688, -7.26285538000933 ], [ 109.6746341691899, -7.262296915728825 ], [ 109.67536087150512, -7.261837822089794 ], [ 109.675899709258147, -7.26164951944541 ], [ 109.676822026510436, -7.261281410365898 ], [ 109.678295404289571, -7.260706855102471 ], [ 109.679922756763276, -7.260033374060501 ], [ 109.681342069776022, -7.259558199226379 ], [ 109.682463599439799, -7.259172572278149 ], [ 109.683589968001556, -7.258714622672943 ], [ 109.684653780703613, -7.258247446951124 ], [ 109.685678173716738, -7.25769877890915 ], [ 109.687161507185479, -7.257006677295561 ], [ 109.688588727499152, -7.256323449710688 ], [ 109.689340078867104, -7.255855358805332 ], [ 109.689919553652473, -7.255504403471924 ], [ 109.690583010786227, -7.255008840935848 ], [ 109.690986598937343, -7.254612168248497 ], [ 109.691225459109518, -7.25431438911486 ], [ 109.691689822142905, -7.253637416291445 ], [ 109.692300992134648, -7.253015206040769 ], [ 109.693129329707858, -7.252339278440785 ], [ 109.693799002932437, -7.251834776263602 ], [ 109.694591741042558, -7.251538676695847 ], [ 109.695205239437968, -7.251350471485426 ], [ 109.696162898832839, -7.251172384942246 ], [ 109.697004963523611, -7.251147674561261 ], [ 109.697874941450692, -7.251258668810946 ], [ 109.698785229621294, -7.251505493580622 ], [ 109.699725942180777, -7.251716146305073 ], [ 109.700420680518732, -7.251817592809682 ], [ 109.701102876590909, -7.251891877177505 ], [ 109.7021344634218, -7.251976290689795 ], [ 109.703154372771536, -7.252096745253356 ], [ 109.703973802179533, -7.2521804588315 ], [ 109.70537067194833, -7.252202523973348 ], [ 109.705932164313481, -7.251815236398977 ], [ 109.706299379383466, -7.251572153861984 ], [ 109.7069627224231, -7.251266530653342 ], [ 109.707626183838727, -7.250761987420167 ], [ 109.708305805879391, -7.249931894161147 ], [ 109.709239794563956, -7.249699370196796 ], [ 109.709622663324183, -7.249727582510361 ], [ 109.710172606174893, -7.249801567965164 ], [ 109.710531882091232, -7.249775461832679 ], [ 109.711058489755487, -7.249704530492419 ], [ 109.711441644047838, -7.249606156945156 ], [ 109.711968790791389, -7.249345438659749 ], [ 109.713022688650568, -7.249068037064981 ], [ 109.713884783770837, -7.248853382908781 ], [ 109.714818843719584, -7.248620937200534 ], [ 109.71553685040854, -7.248523506277208 ], [ 109.716877699048794, -7.248337323714996 ], [ 109.717499890139479, -7.248293870042674 ], [ 109.718074108730065, -7.248313572990535 ], [ 109.719006814663516, -7.248533295882685 ], [ 109.719532851472124, -7.248769865104697 ], [ 109.720130461074319, -7.248916307448797 ], [ 109.720800337650047, -7.249017652848655 ], [ 109.721959934633219, -7.248993788585436 ], [ 109.723145818575276, -7.248969995168384 ], [ 109.72391126380198, -7.248999269785831 ], [ 109.724964293536189, -7.249029349753877 ], [ 109.725514540294981, -7.249103227356257 ], [ 109.726771138372229, -7.249215250469152 ], [ 109.727141513820825, -7.249252454996523 ], [ 109.727859137135411, -7.24937209814643 ], [ 109.728768237008993, -7.249465059706928 ], [ 109.729294439389832, -7.249538865689468 ], [ 109.730155646429282, -7.24964073256853 ], [ 109.73068222418101, -7.249687412475844 ], [ 109.731304216687988, -7.249716274356469 ], [ 109.731687167207227, -7.249690217339956 ], [ 109.732213699642983, -7.249646476699618 ], [ 109.732644517699782, -7.249647677955547 ], [ 109.733410291443477, -7.249667895910017 ], [ 109.734152621868219, -7.249552419183913 ], [ 109.734631486570265, -7.249463333558283 ], [ 109.735085977835411, -7.249464598361445 ], [ 109.735588586168248, -7.249484080300145 ], [ 109.736043099021174, -7.249584804904233 ], [ 109.736387187304729, -7.249703305927556 ], [ 109.736783693313825, -7.250011922357807 ], [ 109.737219900913814, -7.250411067673459 ], [ 109.737815684846495, -7.251190505512689 ], [ 109.73829344649954, -7.252195662445261 ], [ 109.738526670467436, -7.252919751406918 ], [ 109.738731733844574, -7.253860948352092 ], [ 109.738919175393391, -7.254747754641582 ], [ 109.738982101831411, -7.255643257180545 ], [ 109.739006072667465, -7.256475267923975 ], [ 109.739209082770898, -7.257054693269633 ], [ 109.739774521139822, -7.257390903057252 ], [ 109.740299161203779, -7.257708824900223 ], [ 109.740988368596092, -7.25811771193561 ], [ 109.741931657523054, -7.258735356256558 ], [ 109.742497246413919, -7.25920719223514 ], [ 109.742821873188802, -7.259506473965172 ], [ 109.743364758519292, -7.260086839537596 ], [ 109.744101017779428, -7.260658607414244 ], [ 109.744536368341329, -7.261157206940555 ], [ 109.744953173466456, -7.261691922545844 ], [ 109.745194483958628, -7.262036272671764 ], [ 109.745229575009304, -7.262470471674201 ], [ 109.745229966238242, -7.262814155657314 ], [ 109.745188907987796, -7.263239102182244 ], [ 109.745333502251952, -7.263854442130333 ], [ 109.745570529918908, -7.264316325228225 ], [ 109.745497397203806, -7.265292829870143 ], [ 109.745270252887877, -7.265952441680137 ], [ 109.74548629746613, -7.266332889747887 ], [ 109.745449970522401, -7.266667339821812 ], [ 109.745321685400611, -7.267010667819763 ], [ 109.745239674493661, -7.267498794264234 ], [ 109.745383292806181, -7.268358353503745 ], [ 109.745490578482574, -7.268666165552573 ], [ 109.745628281325025, -7.26912777415354 ], [ 109.745133521185323, -7.269931315456728 ], [ 109.744724618264243, -7.270744135555621 ], [ 109.744528395681527, -7.271078142521115 ], [ 109.744220267921321, -7.271638067685365 ], [ 109.744079723533474, -7.272306869296767 ], [ 109.744363126972985, -7.272904510421967 ], [ 109.744559969752274, -7.273664756309751 ], [ 109.744508277403156, -7.274125840446111 ], [ 109.745081030063389, -7.2756015284314 ], [ 109.74539678716144, -7.276651535004899 ], [ 109.745766867331383, -7.277611182550378 ], [ 109.746008621709436, -7.278416762308884 ], [ 109.746117087382132, -7.279402811054453 ], [ 109.746016343356487, -7.280234568022584 ], [ 109.745840449621184, -7.280776685379996 ], [ 109.745558007528487, -7.281282339723774 ], [ 109.744857956373409, -7.281832135876186 ], [ 109.744106299713721, -7.28230031996786 ], [ 109.74342945056911, -7.282750626457525 ], [ 109.742861932123191, -7.283363989467923 ], [ 109.742440148717762, -7.283887337626496 ], [ 109.742247752956558, -7.284158150002273 ], [ 109.74235272212826, -7.284493082092355 ], [ 109.742285147898173, -7.285478641008156 ], [ 109.742042634134265, -7.285857816467451 ], [ 109.741717270917206, -7.286218587088222 ], [ 109.741522107192367, -7.286570768161442 ], [ 109.741500409054296, -7.286959599298902 ], [ 109.741443130607664, -7.287493001583895 ], [ 109.741378153979355, -7.288162101093898 ], [ 109.741332227086801, -7.288695534881416 ], [ 109.740984231181542, -7.289056331912259 ], [ 109.74057704710107, -7.289109449331171 ], [ 109.740216763970722, -7.289189822674452 ], [ 109.73975071414057, -7.289568373365346 ], [ 109.739524795217491, -7.290074179221796 ], [ 109.73936878447789, -7.290498802909898 ], [ 109.739109651321442, -7.29107685077636 ], [ 109.738617863605882, -7.291310658005006 ], [ 109.738534396119348, -7.291726441715401 ], [ 109.738751961210369, -7.292658542703514 ], [ 109.738425424870428, -7.293435413294407 ], [ 109.737983231230402, -7.294067200087838 ], [ 109.737507266314609, -7.29443667765792 ], [ 109.737029253331301, -7.294923693141685 ], [ 109.736925040384094, -7.295438878676881 ], [ 109.736612938027022, -7.296206745484128 ], [ 109.737157217314831, -7.296832246532035 ], [ 109.737773711740587, -7.297114357944738 ], [ 109.737988163371696, -7.297558099183187 ], [ 109.738009328630255, -7.297974174744897 ], [ 109.737777364918855, -7.29823574074273 ], [ 109.737300311021556, -7.298379167538269 ], [ 109.737053951560753, -7.299219553069095 ], [ 109.736981757620853, -7.299635367393896 ], [ 109.736936033317917, -7.300412930327396 ], [ 109.736874417593896, -7.300864941615623 ], [ 109.736470175811377, -7.301089947475071 ], [ 109.736387342475652, -7.301650401556464 ], [ 109.736419935848346, -7.30246444126831 ], [ 109.736400644113161, -7.302871361490756 ], [ 109.736149943251718, -7.303340926786361 ], [ 109.735713199136995, -7.30375571954198 ], [ 109.735245438314891, -7.304098089942151 ], [ 109.734602160189112, -7.304467093163223 ], [ 109.733757578883825, -7.305161037136275 ], [ 109.733291977809813, -7.305557662156958 ], [ 109.733227651242686, -7.305883078595354 ], [ 109.733109299681587, -7.306615226542325 ], [ 109.732855233737297, -7.307057654002464 ], [ 109.732379771002144, -7.307454249880041 ], [ 109.731790796620345, -7.307633521694056 ], [ 109.731353114415739, -7.307451363632842 ], [ 109.730990220177659, -7.307260464179715 ], [ 109.730444447896232, -7.306978541022009 ], [ 109.72988065148563, -7.307049288696293 ], [ 109.728982535590958, -7.30736331376333 ], [ 109.728248737491512, -7.307596423638729 ], [ 109.728160639898164, -7.308138775611368 ] ] ] } },
{ "type": "Feature", "properties": { "KECAMATAN": "Madukara" }, "geometry": { "type": "MultiPolygon", "coordinates": [ [ [ [ 109.734580906339829, -7.388229550288357 ], [ 109.733534913812704, -7.387711108879702 ], [ 109.732842319002486, -7.387356421612832 ], [ 109.732227512283941, -7.387020038039079 ], [ 109.72871040461456, -7.385481697919956 ], [ 109.728068565756288, -7.385588371305341 ], [ 109.727491997473933, -7.385858072600285 ], [ 109.727111319844653, -7.386119199448457 ], [ 109.726521082465609, -7.38659682161494 ], [ 109.726002594486687, -7.386957104252468 ], [ 109.72557675285482, -7.387154898418122 ], [ 109.7247508593655, -7.387387625963703 ], [ 109.724292417483085, -7.387413441179226 ], [ 109.723926188585594, -7.387376227065578 ], [ 109.723481312499345, -7.387230286293073 ], [ 109.723076248746125, -7.386903532914753 ], [ 109.722737675523604, -7.386522718830781 ], [ 109.72231958881828, -7.38599700847637 ], [ 109.721811291091413, -7.385253946439696 ], [ 109.721354797655735, -7.384628666004452 ], [ 109.720806514897632, -7.384283417467298 ], [ 109.720125346864677, -7.384299548963697 ], [ 109.719574522874964, -7.384578355082321 ], [ 109.718499690731917, -7.385135951476649 ], [ 109.717713298490679, -7.385504496329617 ], [ 109.71728030385448, -7.385747470479163 ], [ 109.716926502018239, -7.385909205464478 ], [ 109.716585682407029, -7.385998643347174 ], [ 109.716087928064098, -7.386006253740772 ], [ 109.715512164199495, -7.385995555591671 ], [ 109.714211127957256, -7.385856183646194 ], [ 109.713418263527274, -7.385826773951006 ], [ 109.712999191624348, -7.385852691188199 ], [ 109.712580235374659, -7.385941900600652 ], [ 109.71178062040137, -7.386283270532824 ], [ 109.71112522186516, -7.386480296957263 ], [ 109.710483587423823, -7.386541735959265 ], [ 109.71006467246697, -7.38651340030719 ], [ 109.708821263302326, -7.386338012260822 ], [ 109.707984141373203, -7.386218047467983 ], [ 109.707146378536081, -7.386061821985714 ], [ 109.706558096381855, -7.385861199752306 ], [ 109.705917256874159, -7.385624167156077 ], [ 109.705420289923012, -7.38538764140688 ], [ 109.70479290644856, -7.385096396095297 ], [ 109.703916149519728, -7.384813558306747 ], [ 109.703366702183274, -7.384694330160327 ], [ 109.703013122076612, -7.38470234486411 ], [ 109.702659414578449, -7.38472844234564 ], [ 109.702344735048982, -7.384998869673135 ], [ 109.702369903820184, -7.385487285800469 ], [ 109.702565300596703, -7.385750153866011 ], [ 109.703297043249179, -7.386168289411353 ], [ 109.703793640597652, -7.386531400459751 ], [ 109.704080753076525, -7.386903035042877 ], [ 109.704065787499772, -7.387373251403534 ], [ 109.703528469107155, -7.387679199680226 ], [ 109.703135414124048, -7.387723266260975 ], [ 109.702140495436453, -7.387638998609819 ], [ 109.701747757281481, -7.387574564340613 ], [ 109.70130350260942, -7.387500938129337 ], [ 109.700947021047966, -7.387427476572244 ], [ 109.700580982324027, -7.387326952220952 ], [ 109.700185318886767, -7.387190174499034 ], [ 109.699612107902027, -7.386971413460712 ], [ 109.69889651925125, -7.386752327185569 ], [ 109.698460626766476, -7.386425464724183 ], [ 109.698119123540735, -7.386569226408532 ], [ 109.697430932840234, -7.386458627862501 ], [ 109.696894438650759, -7.386457061944901 ], [ 109.696631151007779, -7.386854218153441 ], [ 109.69685233807833, -7.38741553944184 ], [ 109.697230763880384, -7.387724152285381 ], [ 109.697694351798646, -7.388439980184224 ], [ 109.697816413471017, -7.389001012005605 ], [ 109.697631995970823, -7.389326065250842 ], [ 109.697173444583655, -7.389415143514093 ], [ 109.696650289275084, -7.389296073636426 ], [ 109.695682849367742, -7.388859155157632 ], [ 109.694352397279346, -7.388131748593609 ], [ 109.693891592697938, -7.38802189996037 ], [ 109.693551080234386, -7.388183653518866 ], [ 109.693314136219257, -7.388562800813681 ], [ 109.692879640448453, -7.389312168520668 ], [ 109.692485387843078, -7.389763187689828 ], [ 109.692105395090692, -7.389988115844813 ], [ 109.691633012825562, -7.390131488016818 ], [ 109.690926455528896, -7.390219832118036 ], [ 109.689878480825257, -7.39037046424741 ], [ 109.689446163744577, -7.390378236144488 ], [ 109.688948723974733, -7.390304441260527 ], [ 109.688386439301411, -7.390130996920006 ], [ 109.687510345720696, -7.38980283025505 ], [ 109.686621144040416, -7.389411331902136 ], [ 109.685679985234245, -7.388983512385736 ], [ 109.685143801132241, -7.38880109968029 ], [ 109.684619295620081, -7.388862845392698 ], [ 109.684290514855931, -7.389476798633388 ], [ 109.683973445673345, -7.390524965921106 ], [ 109.683853166318471, -7.391184741730492 ], [ 109.683486154063601, -7.391590623182037 ], [ 109.683084972151192, -7.391905986885054 ], [ 109.682773970360827, -7.39214015126153 ], [ 109.682459062475687, -7.39235631095646 ], [ 109.68204682381608, -7.392671550388019 ], [ 109.681814633866338, -7.392300156979109 ], [ 109.681521527447373, -7.391865201562015 ], [ 109.681185104952448, -7.391502451078031 ], [ 109.680812390325087, -7.391085343289213 ], [ 109.680530038786443, -7.390550961322151 ], [ 109.680441886884935, -7.389998980014825 ], [ 109.680384509683947, -7.389221139269451 ], [ 109.680371914092859, -7.388506631989075 ], [ 109.68043316283601, -7.388181223805853 ], [ 109.68061472793174, -7.387386006207262 ], [ 109.680781898682298, -7.386482065366259 ], [ 109.681038593993335, -7.385641861132844 ], [ 109.68128056486627, -7.384602516143837 ], [ 109.681522046051214, -7.383753134222223 ], [ 109.681718142594548, -7.383220165904488 ], [ 109.681898372571169, -7.382949448642965 ], [ 109.682138137479811, -7.382678816542032 ], [ 109.682497814687977, -7.382426621316334 ], [ 109.683051510487886, -7.382166046650566 ], [ 109.683575325647709, -7.382031875785324 ], [ 109.684024009196563, -7.381942781554656 ], [ 109.684512726890503, -7.381627763438943 ], [ 109.684742634835814, -7.38132997553183 ], [ 109.685208996885365, -7.380616876935506 ], [ 109.685404329477706, -7.380138153610464 ], [ 109.68542035860726, -7.379794527410323 ], [ 109.685421319649222, -7.379469030594753 ], [ 109.685631991133846, -7.378981310491868 ], [ 109.686291619593604, -7.378386320044814 ], [ 109.686442024306899, -7.378070213663874 ], [ 109.686474661359469, -7.377084587690584 ], [ 109.686431922895991, -7.376505705329167 ], [ 109.686492987854848, -7.376062752947345 ], [ 109.686673067740614, -7.375764816822503 ], [ 109.686895570007067, -7.375367546899196 ], [ 109.68705151076442, -7.374997296713771 ], [ 109.68727577832351, -7.374609073312707 ], [ 109.687515774163515, -7.374130479235669 ], [ 109.687780515244327, -7.373543367129394 ], [ 109.688092091873273, -7.373209739698872 ], [ 109.688308977169541, -7.372613444961251 ], [ 109.688357815361115, -7.3721614143031 ], [ 109.688645987985481, -7.371682960428759 ], [ 109.689077216108302, -7.371277258951305 ], [ 109.689341261489218, -7.370925317099041 ], [ 109.689530129424128, -7.370609411885403 ], [ 109.690060492180052, -7.369995950552251 ], [ 109.690515610123342, -7.369644657592642 ], [ 109.691233520735878, -7.369239792393619 ], [ 109.691415770245342, -7.368887609499379 ], [ 109.691558454673597, -7.368399685534025 ], [ 109.691631262053761, -7.367694466332244 ], [ 109.69149160287958, -7.367151466575305 ], [ 109.691398795293679, -7.366653812232041 ], [ 109.691330054927946, -7.366074762706628 ], [ 109.691355446106471, -7.365414703676952 ], [ 109.691521817180103, -7.364872598613936 ], [ 109.691876952001124, -7.364150120901666 ], [ 109.692184761886708, -7.363518011735649 ], [ 109.692351952464577, -7.362695525686212 ], [ 109.69250101020782, -7.361764486235194 ], [ 109.692604347069079, -7.361294529691387 ], [ 109.69278904392597, -7.360870018995742 ], [ 109.693176812611895, -7.360301343214982 ], [ 109.693525151401431, -7.35995877506828 ], [ 109.693994362495189, -7.359815385834903 ], [ 109.6944423878181, -7.359943366025596 ], [ 109.694829362402487, -7.359926410351124 ], [ 109.69531891225553, -7.359801162309461 ], [ 109.695666004954319, -7.359603255715083 ], [ 109.696217412427927, -7.359116518597156 ], [ 109.696564689287882, -7.35885522933168 ], [ 109.696830662529408, -7.358503286188551 ], [ 109.696974332830578, -7.358160119257642 ], [ 109.697036748283949, -7.357735250184676 ], [ 109.697058749667207, -7.35718358925861 ], [ 109.697344603031809, -7.356904127424447 ], [ 109.69771150433381, -7.356905193846619 ], [ 109.69828230516606, -7.356861643765845 ], [ 109.698629148612696, -7.356645559663403 ], [ 109.698454854222419, -7.356220002626933 ], [ 109.698302775135005, -7.355758343250762 ], [ 109.698474097835287, -7.355460464319177 ], [ 109.698883275092882, -7.355307852797818 ], [ 109.699259576651784, -7.354901977437073 ], [ 109.699464941543198, -7.35455889773667 ], [ 109.69972144100349, -7.354252223491788 ], [ 109.700130616855546, -7.354099610554749 ], [ 109.700487935208827, -7.354390071952813 ], [ 109.700724944275365, -7.354851977111705 ], [ 109.70092816127702, -7.355349951161807 ], [ 109.701131106161966, -7.355838882677681 ], [ 109.701300406985055, -7.356210174294025 ], [ 109.701674884299464, -7.356328801720544 ], [ 109.701879985353742, -7.356076227614193 ], [ 109.702017293906934, -7.355787199727489 ], [ 109.702172030800298, -7.355335471186851 ], [ 109.702445695266164, -7.354956420625368 ], [ 109.703008263661758, -7.354840506354458 ], [ 109.703604832165766, -7.354797023500674 ], [ 109.704235911528158, -7.354572714535619 ], [ 109.704509101720532, -7.35435650256501 ], [ 109.704970336330618, -7.354050325892565 ], [ 109.705499288008838, -7.3537806015396 ], [ 109.705994313439703, -7.353438354200005 ], [ 109.706472715102777, -7.353032766033019 ], [ 109.706592967963843, -7.352363933700978 ], [ 109.706316234309028, -7.351947124880118 ], [ 109.706158690803179, -7.351512576396938 ], [ 109.70610015053451, -7.351195856177067 ], [ 109.705962532201994, -7.350716156479409 ], [ 109.705964024352852, -7.350200691200392 ], [ 109.706480922829229, -7.349912756084575 ], [ 109.707017117507831, -7.349796759426255 ], [ 109.707672527587292, -7.3496538899159 ], [ 109.708209125158177, -7.349501725893031 ], [ 109.708765945356646, -7.349123485210774 ], [ 109.708707977655081, -7.34860784818564 ], [ 109.708490442250962, -7.348254503332165 ], [ 109.708253359867371, -7.347919185645438 ], [ 109.708095553634365, -7.34757514483369 ], [ 109.707918140597812, -7.347140539646989 ], [ 109.707611616232299, -7.346461345014902 ], [ 109.707510432383543, -7.346090251555323 ], [ 109.707580426581245, -7.345493607412547 ], [ 109.707952405600963, -7.345078667609892 ], [ 109.708432719521426, -7.344808707131602 ], [ 109.709023545298848, -7.344602446586578 ], [ 109.709406194916454, -7.344630672259034 ], [ 109.70976337532376, -7.344839749921008 ], [ 109.7101711026245, -7.345211633815987 ], [ 109.710698659466956, -7.345421200489178 ], [ 109.711312168225405, -7.345404879020053 ], [ 109.711705379755372, -7.345008079983903 ], [ 109.712081574091428, -7.344502730490064 ], [ 109.712440886874845, -7.343997332102807 ], [ 109.712732007596856, -7.343464522027158 ], [ 109.71295479230875, -7.343058281302985 ], [ 109.713177092753824, -7.342742366263421 ], [ 109.713502160780607, -7.342300160770495 ], [ 109.71369063107781, -7.341929897785645 ], [ 109.713903775645761, -7.341342702837728 ], [ 109.714048806381882, -7.340909022752182 ], [ 109.714378636284692, -7.34060245644078 ], [ 109.71487170540523, -7.340621951243492 ], [ 109.716454216734448, -7.340653602374232 ], [ 109.717152892691061, -7.340655598736113 ], [ 109.717605594711827, -7.34053030671135 ], [ 109.718181480037458, -7.340269648585483 ], [ 109.718633842141912, -7.340289023034826 ], [ 109.719147863434642, -7.340191029631238 ], [ 109.719174914486231, -7.339847428364343 ], [ 109.719005839476267, -7.339575692503421 ], [ 109.71855427758544, -7.339303060364315 ], [ 109.718246772274711, -7.339039880739089 ], [ 109.718000988943501, -7.338767925750682 ], [ 109.717858190050919, -7.338423839921909 ], [ 109.717818067425853, -7.338089088926778 ], [ 109.717962963560012, -7.337700615236664 ], [ 109.718169319047107, -7.337420908661699 ], [ 109.718849180654587, -7.336843992490901 ], [ 109.719384482203139, -7.336538097595125 ], [ 109.719857969802121, -7.336168642867024 ], [ 109.719982650488774, -7.335743943323354 ], [ 109.72036013847017, -7.334596439146086 ], [ 109.720240426535469, -7.334171043502973 ], [ 109.720059852627315, -7.333872150105257 ], [ 109.719940680955304, -7.333283913269192 ], [ 109.720032160008003, -7.332976752723916 ], [ 109.720153863399972, -7.332678629557635 ], [ 109.720578821143889, -7.332064906529728 ], [ 109.720806733732601, -7.331531998531437 ], [ 109.721110193932049, -7.33114397397524 ], [ 109.72147283114505, -7.331036413197312 ], [ 109.721820005802243, -7.331191201235219 ], [ 109.722075946481155, -7.331463182775929 ], [ 109.722453070358299, -7.331645180945036 ], [ 109.722439655534671, -7.331084460569627 ], [ 109.722274627450474, -7.330677020090897 ], [ 109.722079195032975, -7.330323744016084 ], [ 109.721985564242914, -7.329997882618938 ], [ 109.721987601018739, -7.329283405134456 ], [ 109.722206671117007, -7.328497300198396 ], [ 109.722308787546496, -7.327837357693679 ], [ 109.722309792518359, -7.327484639740742 ], [ 109.722278956556877, -7.326589232633144 ], [ 109.722596664380234, -7.326336964178762 ], [ 109.722747917853766, -7.326020839904899 ], [ 109.722816055889737, -7.325541727108821 ], [ 109.723101611914927, -7.324855179209982 ], [ 109.723406739291136, -7.324666166851717 ], [ 109.724089443120533, -7.324288256353992 ], [ 109.724302782811819, -7.324017606715365 ], [ 109.726238984527868, -7.324809819142676 ], [ 109.727844256814421, -7.3257006394133 ], [ 109.727758111365191, -7.32602599195057 ], [ 109.7281534899371, -7.326434082242035 ], [ 109.728536855052141, -7.326706510953344 ], [ 109.729793151278429, -7.327686757976934 ], [ 109.730098536890964, -7.328013216487425 ], [ 109.730528382055113, -7.328358019367711 ], [ 109.730975609263695, -7.328657752231567 ], [ 109.731726678040914, -7.329329056889387 ], [ 109.73201735403137, -7.32962834750735 ], [ 109.732367406060575, -7.329982056392977 ], [ 109.732654149812802, -7.330272293811016 ], [ 109.733328042084068, -7.330608740560906 ], [ 109.734050940624456, -7.330836912729294 ], [ 109.734595433121328, -7.330974072962519 ], [ 109.735288472807582, -7.33132874518359 ], [ 109.735759883095824, -7.331610458606978 ], [ 109.736097850859693, -7.331801287612056 ], [ 109.736466409727711, -7.332109836868312 ], [ 109.736781528265013, -7.332590030946296 ], [ 109.737087565746577, -7.332979780863629 ], [ 109.737494236047681, -7.333415022569448 ], [ 109.738448720394416, -7.333924136714685 ], [ 109.739013284269134, -7.334495448425666 ], [ 109.73941965909404, -7.334930688075777 ], [ 109.739692173215445, -7.335157589298795 ], [ 109.740086309570216, -7.335429950280641 ], [ 109.740516513248352, -7.335865256045891 ], [ 109.740910487112544, -7.336381836799061 ], [ 109.741476656403762, -7.337287790374472 ], [ 109.742024013167878, -7.337605879065883 ], [ 109.743417588066947, -7.338025795527238 ], [ 109.744576516713266, -7.338218915065192 ], [ 109.745492127964653, -7.338266772697307 ], [ 109.746223198366081, -7.338304981187398 ], [ 109.747134158119195, -7.338280397047101 ], [ 109.747671376018175, -7.338299978750541 ], [ 109.748549474740599, -7.33819383268734 ], [ 109.749231954643449, -7.338005853633448 ], [ 109.750000560803713, -7.337682394244777 ], [ 109.75069081604569, -7.337946619650965 ], [ 109.751323129746623, -7.338364395365253 ], [ 109.752272835238458, -7.338991015840529 ], [ 109.75313802068186, -7.339445603918135 ], [ 109.753925581006015, -7.339746262831882 ], [ 109.754548371527392, -7.339937870319933 ], [ 109.75517024344731, -7.340057139193884 ], [ 109.755683438928017, -7.340067693640853 ], [ 109.756245039282561, -7.339969697737098 ], [ 109.756618908695202, -7.3398803137547 ], [ 109.757351363927086, -7.339529615620407 ], [ 109.757829035479915, -7.339286805048825 ], [ 109.758176539204968, -7.339115878992305 ], [ 109.758823415688425, -7.338891618800956 ], [ 109.759402295177452, -7.338703247068576 ], [ 109.759840497832613, -7.338713498986222 ], [ 109.760285347657074, -7.338750985030059 ], [ 109.760624829312334, -7.338833299171693 ], [ 109.760879208067436, -7.339060049217564 ], [ 109.76112753125831, -7.339666724414302 ], [ 109.760986974214603, -7.340227026824813 ], [ 109.761000263731532, -7.340634040783507 ], [ 109.761076943080553, -7.341077397350296 ], [ 109.761279133369115, -7.341539184034961 ], [ 109.761575562786007, -7.342037398348122 ], [ 109.761807209552828, -7.342408846855808 ], [ 109.762050505199852, -7.343078711214611 ], [ 109.762405022402334, -7.343667595197096 ], [ 109.762688482664075, -7.344129605671654 ], [ 109.7631633340132, -7.3448001080102 ], [ 109.763465096184859, -7.345235042842975 ], [ 109.763605168521451, -7.345741867642047 ], [ 109.763626973855722, -7.346257408553341 ], [ 109.76392962518004, -7.347479175156663 ], [ 109.764436527662482, -7.347932758706283 ], [ 109.764922790507427, -7.348368201141025 ], [ 109.765130740386411, -7.348612996409386 ], [ 109.765423766860479, -7.349102158193412 ], [ 109.765637418381885, -7.349446430380133 ], [ 109.766093457628045, -7.349845530608299 ], [ 109.76656628021891, -7.350036802330481 ], [ 109.766889088433913, -7.350399458191219 ], [ 109.767436608164871, -7.350590844090413 ], [ 109.767791460613395, -7.351360565664866 ], [ 109.767839587952821, -7.351867137463582 ], [ 109.767821310859517, -7.35223789756027 ], [ 109.768163319145003, -7.352437760144224 ], [ 109.76846105728707, -7.352764178650555 ], [ 109.768661441301049, -7.353289252588589 ], [ 109.768905896985032, -7.353543188978241 ], [ 109.769171293083033, -7.35381517625507 ], [ 109.769651167818523, -7.353997422999161 ], [ 109.769553912623536, -7.354566889568857 ], [ 109.769760149443712, -7.355218657158329 ], [ 109.769704475393851, -7.355607308354254 ], [ 109.769661449595574, -7.356014168569483 ], [ 109.769890370205161, -7.356349439665076 ], [ 109.770208703579826, -7.356522110466333 ], [ 109.770510205270085, -7.356703867276943 ], [ 109.771040479990859, -7.357220803807405 ], [ 109.771316511375844, -7.357619497341548 ], [ 109.771695949656717, -7.358199313455359 ], [ 109.771952361428205, -7.358534659265535 ], [ 109.772862977761221, -7.359794258425753 ], [ 109.773236468839073, -7.360392141440856 ], [ 109.773504936015641, -7.361071204797546 ], [ 109.773701867497806, -7.361605310376152 ], [ 109.773894093923943, -7.362220780734036 ], [ 109.774037815025324, -7.362573901288361 ], [ 109.774672752489863, -7.363091121740772 ], [ 109.775044127898184, -7.363209683481514 ], [ 109.775483876720301, -7.363292354484478 ], [ 109.775950867534149, -7.363519680676469 ], [ 109.776211317797532, -7.363746532364641 ], [ 109.776699625433238, -7.364154846063679 ], [ 109.776238363495423, -7.364207837276978 ], [ 109.77597370507408, -7.363990016029014 ], [ 109.775576134906544, -7.363916593128858 ], [ 109.775268104839256, -7.36401521225216 ], [ 109.774870760690149, -7.364186012897361 ], [ 109.774581530695528, -7.36445648029886 ], [ 109.774237746628316, -7.364925811727997 ], [ 109.773676565842223, -7.365783442047137 ], [ 109.773351005520524, -7.366090067072014 ], [ 109.772899278863093, -7.366450597642161 ], [ 109.77260987182396, -7.366811572833559 ], [ 109.772642342678012, -7.368068674990237 ], [ 109.772695329529384, -7.368466756925337 ], [ 109.772603898357559, -7.368981988154973 ], [ 109.772440107994399, -7.369433817496637 ], [ 109.772015243662835, -7.369939091455079 ], [ 109.771669286238435, -7.370245568110276 ], [ 109.771280500915822, -7.370371178132176 ], [ 109.770547327561218, -7.370369163626078 ], [ 109.769576260790373, -7.370601584255939 ], [ 109.76907930868218, -7.370943901356039 ], [ 109.76873324856966, -7.371286633185009 ], [ 109.768516667483468, -7.371593462996685 ], [ 109.768256209113247, -7.372207778692127 ], [ 109.768168206550527, -7.372831520720648 ], [ 109.768080478842023, -7.373328676252706 ], [ 109.767992824403862, -7.373907299814879 ], [ 109.767862068973201, -7.374404336643162 ], [ 109.767709625824637, -7.374856103895963 ], [ 109.767418339314162, -7.375352697922381 ], [ 109.767245030726201, -7.375677820207859 ], [ 109.767023937927846, -7.376075055650244 ], [ 109.76660678713364, -7.377674688978415 ], [ 109.765630388739055, -7.378476905837501 ], [ 109.764935415317126, -7.378972381989596 ], [ 109.764720197850636, -7.379216009517441 ], [ 109.764520185453222, -7.379875607598984 ], [ 109.76453501352394, -7.38045442235665 ], [ 109.764696388605458, -7.381766219336344 ], [ 109.764513056998979, -7.382444037560233 ], [ 109.764149081875047, -7.382723330185521 ], [ 109.763685851996513, -7.383047647700546 ], [ 109.763355122010822, -7.383164276950395 ], [ 109.762579452853231, -7.383044583303894 ], [ 109.761853539857668, -7.382762271820864 ], [ 109.761523687607053, -7.382670847615512 ], [ 109.761192605011288, -7.38291415146821 ], [ 109.761700502890989, -7.384443915203109 ], [ 109.761699219264983, -7.384905139774614 ], [ 109.761499752414338, -7.385365814578297 ], [ 109.761151527114848, -7.385889460227039 ], [ 109.760870095035557, -7.386087601191052 ], [ 109.760308661996447, -7.386104126184231 ], [ 109.759715245666925, -7.385722627191107 ], [ 109.758874420215037, -7.385313314100102 ], [ 109.758445113081606, -7.38525786895826 ], [ 109.757949765987973, -7.385310742534209 ], [ 109.756941759467935, -7.385570242488154 ], [ 109.756198023086455, -7.385785176467983 ], [ 109.755867917442131, -7.385784256590304 ], [ 109.755308691701543, -7.384905453091648 ], [ 109.754946911293246, -7.384398007879827 ], [ 109.754386595370235, -7.384016595193559 ], [ 109.753809111675537, -7.383897439272476 ], [ 109.75334660956554, -7.383959441453623 ], [ 109.753064008799143, -7.384600807190383 ], [ 109.753094845628624, -7.385405802103773 ], [ 109.75289493929013, -7.386020182388408 ], [ 109.752446561127698, -7.386905215022561 ], [ 109.751833012751092, -7.38784403625746 ], [ 109.751236252930667, -7.388629191215628 ], [ 109.75085301089382, -7.38991233651008 ], [ 109.750603393205495, -7.390589868749301 ], [ 109.750288365312187, -7.391176889125989 ], [ 109.749524350039522, -7.390948610853497 ], [ 109.749184789385893, -7.390775863332829 ], [ 109.748347418272246, -7.390547377570497 ], [ 109.747863527514838, -7.390482726629222 ], [ 109.747182624163557, -7.390399438254112 ], [ 109.746436180379106, -7.390352132180838 ], [ 109.746030678257043, -7.390278657718094 ], [ 109.745586158522997, -7.390186899067002 ], [ 109.744957852329534, -7.390022378597823 ], [ 109.744500265855791, -7.389849295896214 ], [ 109.744069203017034, -7.389621945895215 ], [ 109.743572487611402, -7.389258782880573 ], [ 109.743154258618461, -7.388904972786566 ], [ 109.742880754951358, -7.38851531231276 ], [ 109.74259389436854, -7.387935644826579 ], [ 109.742294328951161, -7.387437408531655 ], [ 109.741851115713658, -7.386911641695335 ], [ 109.741576709688474, -7.386630480411988 ], [ 109.741131748746454, -7.38651168169808 ], [ 109.740476884697657, -7.386627378292355 ], [ 109.739807544770656, -7.38715913855371 ], [ 109.739269827204438, -7.38769117895237 ], [ 109.738718239546003, -7.388214137437907 ], [ 109.738245497568428, -7.388592648590693 ], [ 109.737957460976617, -7.388745545258577 ], [ 109.737564377555074, -7.388798684356447 ], [ 109.736792116831836, -7.388769373370465 ], [ 109.735810326374803, -7.388658091059424 ], [ 109.734986916068294, -7.388411537883814 ], [ 109.734580906339829, -7.388229550288357 ] ], [ [ 109.723087385867714, -7.365063213754264 ], [ 109.723205169958874, -7.365642314932722 ], [ 109.723187225548571, -7.366483331347555 ], [ 109.724176803369772, -7.366594654988009 ], [ 109.725811648509463, -7.366409434681156 ], [ 109.7274107731985, -7.366124556300512 ], [ 109.727927022328345, -7.365963271303105 ], [ 109.728198867185483, -7.365746949968806 ], [ 109.728732703854206, -7.364970780225588 ], [ 109.729066961013515, -7.364582840962735 ], [ 109.729311066114562, -7.364375481766796 ], [ 109.729663548564503, -7.364249896700761 ], [ 109.730448878579736, -7.364631971259707 ], [ 109.73084366784326, -7.364470337943008 ], [ 109.731521904197706, -7.363793942741782 ], [ 109.731847004267308, -7.363867198308919 ], [ 109.73232562733223, -7.364275526336512 ], [ 109.732698405888527, -7.364104787060992 ], [ 109.73311011556217, -7.363771314273435 ], [ 109.733699414627608, -7.36361022849387 ], [ 109.73440820633634, -7.363720734622397 ], [ 109.735443509997154, -7.364013089179549 ], [ 109.735949045174422, -7.364520950134634 ], [ 109.736362620709187, -7.364820498410756 ], [ 109.737028874201613, -7.364786211278201 ], [ 109.73709984053076, -7.364415605587551 ], [ 109.737297412079528, -7.364126823959422 ], [ 109.737981984931196, -7.363504686165209 ], [ 109.738433600969415, -7.362872939268336 ], [ 109.738626208007162, -7.362014325579657 ], [ 109.738657569170087, -7.361146215711179 ], [ 109.738669760370442, -7.360241884413806 ], [ 109.738614370606186, -7.359409697572925 ], [ 109.738605884494248, -7.359002700085745 ], [ 109.738484508500392, -7.358577301040134 ], [ 109.738292318640674, -7.358178828127023 ], [ 109.738007875066387, -7.357834436855707 ], [ 109.737623510302129, -7.3575348827871 ], [ 109.736885499710709, -7.357035411191426 ], [ 109.736295873890001, -7.356708152085266 ], [ 109.735556942329737, -7.356244843519085 ], [ 109.73493466378693, -7.355763779591536 ], [ 109.734261324720194, -7.355219277978847 ], [ 109.733715829628835, -7.354819806121783 ], [ 109.733128251909775, -7.354483507647918 ], [ 109.732327911567296, -7.353920561213579 ], [ 109.732029870327054, -7.354290523690227 ], [ 109.731499210592474, -7.354560277152929 ], [ 109.73091469456439, -7.354829967816749 ], [ 109.730302440184815, -7.355108620843483 ], [ 109.729722238215004, -7.355568200134385 ], [ 109.729363092980748, -7.355937896651442 ], [ 109.729056993277155, -7.356172206375581 ], [ 109.728783633225589, -7.356424692336698 ], [ 109.728359266566855, -7.356640491921294 ], [ 109.727971320122563, -7.357181990102385 ], [ 109.727817593309837, -7.357470982104034 ], [ 109.727413048257219, -7.357388457054219 ], [ 109.726913532108398, -7.357133777054671 ], [ 109.726596906563259, -7.357286588133137 ], [ 109.726609001996948, -7.358100566070863 ], [ 109.726173080568159, -7.358307378893221 ], [ 109.72408421275756, -7.358979660413103 ], [ 109.723723192459872, -7.359114349441298 ], [ 109.723056055992785, -7.359591753892785 ], [ 109.722588782145507, -7.360051643528745 ], [ 109.72240643048255, -7.360449052757423 ], [ 109.722446572796187, -7.360856138346878 ], [ 109.722607156888074, -7.361435361549154 ], [ 109.722282089346663, -7.361561019328238 ], [ 109.721704531853533, -7.361378535347008 ], [ 109.721708485519031, -7.361875935489985 ], [ 109.721761868282812, -7.362328267775309 ], [ 109.721810214519721, -7.362843878214782 ], [ 109.721881751623087, -7.363269136961264 ], [ 109.722229856041594, -7.363785603026746 ], [ 109.722479037493855, -7.36407574187696 ], [ 109.722908192262423, -7.364565313534206 ], [ 109.723087385867714, -7.365063213754264 ] ] ], [ [ [ 109.768553268273422, -7.267960636230167 ], [ 109.768392695537202, -7.268620445732426 ], [ 109.768885791129279, -7.269236730099072 ], [ 109.769083756709122, -7.269490533567332 ], [ 109.769003709132591, -7.269897295941969 ], [ 109.768447108286182, -7.27016704376267 ], [ 109.768446248123851, -7.270564979053085 ], [ 109.76861068371548, -7.270900069514805 ], [ 109.76881248496673, -7.27119900309315 ], [ 109.769208160262522, -7.271417175665624 ], [ 109.769795889887533, -7.27145493911295 ], [ 109.769704789223766, -7.271861671625872 ], [ 109.769708384606801, -7.272214409240302 ], [ 109.76979537954206, -7.272684919055522 ], [ 109.769922899521461, -7.273056077033354 ], [ 109.770215372615908, -7.273518102558303 ], [ 109.769786358026877, -7.274023379647115 ], [ 109.769099608921834, -7.274473704147443 ], [ 109.76841985485504, -7.274960214307222 ], [ 109.767671839471987, -7.275473663447661 ], [ 109.766964080406709, -7.276150066606166 ], [ 109.76620722882663, -7.276889537950922 ], [ 109.765771135775466, -7.27735862272843 ], [ 109.765358590352193, -7.277737351432801 ], [ 109.764901681616166, -7.278088832748878 ], [ 109.764350321508346, -7.27840388790589 ], [ 109.763876977862282, -7.27853822554017 ], [ 109.763446351967204, -7.278591301623352 ], [ 109.76301438099884, -7.278590121840417 ], [ 109.76261342830044, -7.278552858566556 ], [ 109.761997659293158, -7.278415546189147 ], [ 109.761104988041197, -7.278186965620496 ], [ 109.760539357843314, -7.27804074662251 ], [ 109.759861030619035, -7.277894218387714 ], [ 109.759234485364175, -7.277847202092412 ], [ 109.75853990366609, -7.277854340549702 ], [ 109.758051996259695, -7.277853002809509 ], [ 109.757394806351812, -7.277842158158894 ], [ 109.756607194136777, -7.277894338499827 ], [ 109.756259543707756, -7.277323560899718 ], [ 109.756078959721918, -7.277024680999014 ], [ 109.755311395033914, -7.275358494399655 ], [ 109.755088816535903, -7.274797192380328 ], [ 109.754851501699633, -7.274109172320344 ], [ 109.754718967543496, -7.273312936969389 ], [ 109.75455626139123, -7.272598086551163 ], [ 109.754415163464913, -7.272036917993366 ], [ 109.754283276888174, -7.271304068416379 ], [ 109.754152461096567, -7.27061634104524 ], [ 109.754089779268625, -7.270245359052176 ], [ 109.75399772328214, -7.269639206044484 ], [ 109.753913707884351, -7.269123494482694 ], [ 109.753846844733573, -7.268535494591437 ], [ 109.753384842539489, -7.267539340832181 ], [ 109.754248311723785, -7.267650307183147 ], [ 109.754685373889828, -7.267832346309023 ], [ 109.755091642676661, -7.267914839213282 ], [ 109.755997633128615, -7.268423764571017 ], [ 109.756752741468077, -7.268317332169309 ], [ 109.757200408906343, -7.268146762346245 ], [ 109.757780836316243, -7.2680668847656 ], [ 109.758390687271799, -7.267878673993216 ], [ 109.75904375359643, -7.267645280391866 ], [ 109.759766024680772, -7.26744833323104 ], [ 109.760394868354155, -7.267251129461391 ], [ 109.760906238803926, -7.267162016877269 ], [ 109.761537050293384, -7.26709140419225 ], [ 109.762123475541927, -7.267002585527896 ], [ 109.762460463826898, -7.266940211417771 ], [ 109.763034616342978, -7.266860399989568 ], [ 109.763520394657817, -7.266735046629146 ], [ 109.764060762743682, -7.266501428252286 ], [ 109.764422195697364, -7.2664029513031 ], [ 109.764764136242022, -7.266277204622771 ], [ 109.765439009674523, -7.266233832108813 ], [ 109.765888318753298, -7.266171760970315 ], [ 109.766404514531629, -7.265983283598439 ], [ 109.766964623091638, -7.265794834513338 ], [ 109.767296403170249, -7.266492149529689 ], [ 109.76758585445873, -7.26682757979477 ], [ 109.768148569518814, -7.267217913714382 ], [ 109.768670833096891, -7.267626311647651 ], [ 109.768553268273422, -7.267960636230167 ] ] ] ] } },
{ "type": "Feature", "properties": { "KECAMATAN": "Mandiraja" }, "geometry": { "type": "Polygon", "coordinates": [ [ [ 109.461497185677715, -7.518444320495418 ], [ 109.460910371264376, -7.51751088444693 ], [ 109.460158435358082, -7.516260352222885 ], [ 109.459274702066452, -7.515307791641164 ], [ 109.458412127498576, -7.514373385798209 ], [ 109.457854701773456, -7.513774648695497 ], [ 109.457202327131355, -7.51313028341279 ], [ 109.456323318797416, -7.512684107118117 ], [ 109.455102571944849, -7.511983586730399 ], [ 109.454216662999485, -7.511483048071755 ], [ 109.454338676385262, -7.510931903235467 ], [ 109.45614286106742, -7.509410096005143 ], [ 109.457466784157063, -7.508076447981639 ], [ 109.458596472520526, -7.506968131356925 ], [ 109.459106919837637, -7.505948137290305 ], [ 109.459236360031383, -7.505216110191395 ], [ 109.459290846413055, -7.504700888435127 ], [ 109.459098797725559, -7.502864582551063 ], [ 109.45870632397164, -7.501741973684075 ], [ 109.458510436665009, -7.501017846713167 ], [ 109.458446567118997, -7.500420843411557 ], [ 109.458471191701591, -7.50000496519727 ], [ 109.458692266598732, -7.499707305223349 ], [ 109.459094337261561, -7.499545980897757 ], [ 109.45952547503876, -7.49957461364809 ], [ 109.460689961593246, -7.499759506409861 ], [ 109.461011752619427, -7.4997154289581 ], [ 109.461399403588473, -7.499554051888738 ], [ 109.461765352842875, -7.499274978273341 ], [ 109.461756137260664, -7.498750491775585 ], [ 109.461801612013417, -7.498289481837135 ], [ 109.461672882829447, -7.49714058434313 ], [ 109.461727645727294, -7.496779055170205 ], [ 109.46172710168473, -7.496444545261633 ], [ 109.461713729392187, -7.495422621725475 ], [ 109.461703429286004, -7.494717316228434 ], [ 109.461401904741905, -7.494246052286091 ], [ 109.461192309842161, -7.493530918895373 ], [ 109.461276892199592, -7.492825854818827 ], [ 109.461431777931352, -7.492184412099411 ], [ 109.461703240454355, -7.491470960127264 ], [ 109.462129305696607, -7.490685812184526 ], [ 109.462397750175739, -7.490107960217898 ], [ 109.462799276330585, -7.489928546975557 ], [ 109.463281070302884, -7.489975432592836 ], [ 109.463886065814151, -7.49014931830158 ], [ 109.464491378183467, -7.49023288707816 ], [ 109.465175133961282, -7.490253352705921 ], [ 109.4657811435073, -7.490137844326656 ], [ 109.466097203978123, -7.489786355220327 ], [ 109.466363366774985, -7.489389397693295 ], [ 109.466547977686659, -7.488983115143728 ], [ 109.466679917919009, -7.488576649056267 ], [ 109.466856815552433, -7.488025686881682 ], [ 109.467053289806344, -7.487537987738668 ], [ 109.467461119525794, -7.487349550526758 ], [ 109.467967951494742, -7.487414599240527 ], [ 109.468617994446845, -7.487760500209533 ], [ 109.469411731741417, -7.488206348541138 ], [ 109.470257429083546, -7.488706621019847 ], [ 109.470874934264032, -7.489043365543927 ], [ 109.471581515013042, -7.488602728935264 ], [ 109.472200251852868, -7.488071378142294 ], [ 109.472611612625997, -7.487683959950121 ], [ 109.472334881277831, -7.487384563244681 ], [ 109.472176612395231, -7.486986128516692 ], [ 109.472113685664837, -7.486262555567083 ], [ 109.472352866758754, -7.485973988924696 ], [ 109.473205202795654, -7.48576891477483 ], [ 109.473238480047684, -7.485244572806919 ], [ 109.473076412288577, -7.484864206809132 ], [ 109.472601018673913, -7.484374265097405 ], [ 109.472531366848344, -7.483822444070979 ], [ 109.472351633371105, -7.483387771943298 ], [ 109.471888497485253, -7.483133023706833 ], [ 109.4717159407015, -7.4827616619959 ], [ 109.471866110270483, -7.482310052112388 ], [ 109.471716646594643, -7.481893566502611 ], [ 109.471348754990359, -7.481449201036774 ], [ 109.471104490679124, -7.481095672212433 ], [ 109.469745818117019, -7.481226569698287 ], [ 109.467600014326223, -7.481291441620959 ], [ 109.466898443552509, -7.480963533897578 ], [ 109.466821624708203, -7.480583463395519 ], [ 109.46678539364207, -7.479769486014256 ], [ 109.466727329665986, -7.478810780161874 ], [ 109.466720754018638, -7.477933620394235 ], [ 109.466783062909215, -7.477355136386106 ], [ 109.466981560464333, -7.476713749790633 ], [ 109.467050492811964, -7.475863974623965 ], [ 109.467110104219046, -7.475158909979815 ], [ 109.467010570732754, -7.474308549326254 ], [ 109.466976922419775, -7.473331756172825 ], [ 109.467019434759578, -7.472409562704397 ], [ 109.466945151548956, -7.471559380206107 ], [ 109.46678755596939, -7.470627360446104 ], [ 109.466759554564291, -7.469894868978829 ], [ 109.466730638976102, -7.469424557179723 ], [ 109.466717088612967, -7.468511209720478 ], [ 109.466717356379377, -7.46794146017581 ], [ 109.466248938098957, -7.467343051103005 ], [ 109.465707554974571, -7.466545400622047 ], [ 109.464887660910904, -7.465556925555018 ], [ 109.46420704780661, -7.464668382463559 ], [ 109.463895080650346, -7.464088597583666 ], [ 109.463732789042936, -7.463454998018781 ], [ 109.463671541894442, -7.462830880990236 ], [ 109.463475350461948, -7.462513681203713 ], [ 109.464081574501478, -7.461747141665826 ], [ 109.464537549490061, -7.460898802261335 ], [ 109.464947181605808, -7.459607121830056 ], [ 109.465313894862362, -7.459011522428811 ], [ 109.465571846839154, -7.458777357358631 ], [ 109.465760779977359, -7.458497658226856 ], [ 109.466688358570153, -7.458229652390974 ], [ 109.467409638393875, -7.458186858811055 ], [ 109.46790107193236, -7.458116235637228 ], [ 109.468260703358681, -7.458180767272193 ], [ 109.468642942762898, -7.458317793747423 ], [ 109.469570819567323, -7.458049692053236 ], [ 109.470077499703976, -7.457762049379992 ], [ 109.470370972417669, -7.457473758898007 ], [ 109.470560912273186, -7.457139815609305 ], [ 109.470723761074368, -7.456733452018838 ], [ 109.47096432885678, -7.456255030536387 ], [ 109.471514613638163, -7.455542527748559 ], [ 109.471562160636566, -7.455144896289832 ], [ 109.471960365899662, -7.454856875653996 ], [ 109.472363190302303, -7.454550788870947 ], [ 109.47316035227918, -7.453929634153099 ], [ 109.474074759133146, -7.453363036467637 ], [ 109.474467929682703, -7.453147412551343 ], [ 109.474687337752499, -7.452650833158332 ], [ 109.474664031014271, -7.452261906851265 ], [ 109.47459222320343, -7.451511089874016 ], [ 109.47450628911993, -7.450805518760399 ], [ 109.474439193971435, -7.450398359878847 ], [ 109.473733648306776, -7.449265553143949 ], [ 109.473299718532502, -7.448178977215178 ], [ 109.473362496442917, -7.447718021309895 ], [ 109.473302785732827, -7.447292806322443 ], [ 109.473152031564396, -7.446840154945498 ], [ 109.472819375956291, -7.446106520396832 ], [ 109.472304896733533, -7.444983503385842 ], [ 109.471973088941581, -7.44400567910998 ], [ 109.471913692403717, -7.443490057131561 ], [ 109.472037633915704, -7.44294794506968 ], [ 109.472252966791331, -7.442397107227431 ], [ 109.472619865410834, -7.442063771393596 ], [ 109.473108388266908, -7.441857516224038 ], [ 109.473870935134499, -7.441733481351315 ], [ 109.474724036592221, -7.441799704664413 ], [ 109.474997717230337, -7.44198155374357 ], [ 109.475118624446367, -7.442316571082866 ], [ 109.475298121651349, -7.443293779608624 ], [ 109.475539144029298, -7.444171750764763 ], [ 109.475872428616455, -7.444724479002838 ], [ 109.47623629853102, -7.445268271538556 ], [ 109.476570851150584, -7.445540737976292 ], [ 109.477330084642517, -7.44564279825456 ], [ 109.478219936149927, -7.445799551219558 ], [ 109.478741472892153, -7.445855678547877 ], [ 109.479448062515516, -7.445713361226583 ], [ 109.480400909510792, -7.445409242784423 ], [ 109.48086226790835, -7.445130468644244 ], [ 109.481416524509328, -7.44464407271181 ], [ 109.482094281497524, -7.443913905424881 ], [ 109.482003398814086, -7.44357899176021 ], [ 109.481605327248374, -7.443333524313019 ], [ 109.48105371810783, -7.443051276356401 ], [ 109.480502221810951, -7.442714783110444 ], [ 109.480349748157465, -7.442433993673393 ], [ 109.480351117918758, -7.44203611039376 ], [ 109.48047546595572, -7.441611526292244 ], [ 109.480875215605877, -7.441368703449029 ], [ 109.48130533750502, -7.441243605812446 ], [ 109.481919649990246, -7.441191465637032 ], [ 109.482287744902123, -7.441246971697921 ], [ 109.48277785470863, -7.441556129864601 ], [ 109.483329134615531, -7.44195590566992 ], [ 109.483634862525435, -7.442291464165354 ], [ 109.483970355545864, -7.442943735600589 ], [ 109.484366130447739, -7.443858398432584 ], [ 109.484639816120463, -7.444627989584981 ], [ 109.484884222115809, -7.445026714440016 ], [ 109.485404488044281, -7.44545350535732 ], [ 109.485742002888756, -7.445517945618637 ], [ 109.486141960335559, -7.445302241523297 ], [ 109.486572780710375, -7.444996324077785 ], [ 109.487034557275578, -7.44457288998413 ], [ 109.48740459074169, -7.444085855778139 ], [ 109.487528548835115, -7.443751675992765 ], [ 109.487591299721743, -7.443381123639274 ], [ 109.487562244665668, -7.44285656283136 ], [ 109.487471450597084, -7.442494527150005 ], [ 109.487748828602065, -7.442187993545906 ], [ 109.488178684858099, -7.442162337841731 ], [ 109.488639207554982, -7.442191031643034 ], [ 109.489037517865299, -7.44234617567801 ], [ 109.489343851827897, -7.442528038070129 ], [ 109.48966943267753, -7.442936078607977 ], [ 109.489960942062879, -7.443280716634137 ], [ 109.490251897576471, -7.443896579469432 ], [ 109.490462790269675, -7.444485046724508 ], [ 109.490620357944948, -7.445091504447639 ], [ 109.490831251415187, -7.445679971710021 ], [ 109.491121848512947, -7.446313915034017 ], [ 109.491413102938296, -7.446821378405872 ], [ 109.491757601235008, -7.447247564586969 ], [ 109.492128676620027, -7.447700963836628 ], [ 109.492659278680861, -7.448254356005926 ], [ 109.493295369248798, -7.449025178939295 ], [ 109.49358715325738, -7.449378767270658 ], [ 109.49390076290797, -7.449488415708542 ], [ 109.494358919298179, -7.449381393049625 ], [ 109.494653001180922, -7.449084043247564 ], [ 109.495053933671073, -7.448560943245394 ], [ 109.495508419792884, -7.447974647871195 ], [ 109.495883516877953, -7.447315845183364 ], [ 109.496230918180729, -7.446892011713395 ], [ 109.496604226150055, -7.446757575164068 ], [ 109.496950178324951, -7.446758749600196 ], [ 109.497295575917292, -7.446922748866373 ], [ 109.497932712467687, -7.44747649737733 ], [ 109.498409711941704, -7.448065865867471 ], [ 109.498726845635986, -7.448808478113131 ], [ 109.498964715403801, -7.44928854425666 ], [ 109.499229826424013, -7.449578843252734 ], [ 109.499629414390753, -7.449471706728694 ], [ 109.500000759876016, -7.449255892524027 ], [ 109.500609865514832, -7.448805819061886 ], [ 109.501618618882233, -7.448384220135005 ], [ 109.502453895898014, -7.448097645886928 ], [ 109.503058325880986, -7.448099689996212 ], [ 109.50337417154806, -7.448299749011555 ], [ 109.503919291473522, -7.44876277018447 ], [ 109.504349057536402, -7.449361015382117 ], [ 109.504663709130824, -7.449913666742263 ], [ 109.505180718628964, -7.45014152728053 ], [ 109.50561318427377, -7.449944086673556 ], [ 109.505930779249923, -7.449628635026969 ], [ 109.506104567969771, -7.449312697758141 ], [ 109.506221025261468, -7.448851911617623 ], [ 109.506107569740678, -7.448426513445935 ], [ 109.506224914513425, -7.447703542505522 ], [ 109.50654180318935, -7.44759602963188 ], [ 109.507088296310954, -7.447742618436935 ], [ 109.507749002257256, -7.448025115630457 ], [ 109.509075483176872, -7.448572133087963 ], [ 109.510080416299473, -7.449036696313112 ], [ 109.510888586686619, -7.449410186025527 ], [ 109.511390694026645, -7.449782645303494 ], [ 109.511870093137546, -7.4503539293342 ], [ 109.512132097049019, -7.450571884087938 ], [ 109.512613419674608, -7.450573501928083 ], [ 109.512701997068902, -7.450248233871375 ], [ 109.512769736253475, -7.449633584338503 ], [ 109.512749538792548, -7.44915425403737 ], [ 109.512795372602156, -7.448566563372018 ], [ 109.512884389664507, -7.44813280483178 ], [ 109.513148898667737, -7.447518815927748 ], [ 109.513719109305057, -7.447168041530688 ], [ 109.514068871569748, -7.447214420376863 ], [ 109.51454945434601, -7.447523516973018 ], [ 109.515247878610793, -7.448032245594183 ], [ 109.515902281360496, -7.448658449179003 ], [ 109.516752529307993, -7.44958366133605 ], [ 109.517385233257016, -7.450110249420939 ], [ 109.517932020786972, -7.450238654688 ], [ 109.518392472494398, -7.449959834753058 ], [ 109.518481288323841, -7.449562327851991 ], [ 109.518482533900666, -7.44919156042682 ], [ 109.518440717724289, -7.448585492351411 ], [ 109.518464748656868, -7.447925489010153 ], [ 109.518509906202766, -7.447536786484125 ], [ 109.518796729870417, -7.44719409745553 ], [ 109.519270211194367, -7.446815868340558 ], [ 109.519813540426625, -7.446727274791781 ], [ 109.520190942332675, -7.446818946306991 ], [ 109.520780623741359, -7.44692045815255 ], [ 109.52165399311653, -7.446923374896835 ], [ 109.523076998096684, -7.446828581869705 ], [ 109.523661283482326, -7.446667791843316 ], [ 109.52403977568585, -7.446433986862138 ], [ 109.524371445963212, -7.446127606816977 ], [ 109.524585402985934, -7.44565809573686 ], [ 109.52470603603652, -7.444880788145839 ], [ 109.524638888628218, -7.443804500996102 ], [ 109.524524258224972, -7.442764129432174 ], [ 109.524525981092182, -7.442248705989927 ], [ 109.524692402804874, -7.44194177467048 ], [ 109.525259273633495, -7.441826128326215 ], [ 109.525707478408464, -7.441899948141099 ], [ 109.526226276652949, -7.442019297942305 ], [ 109.526674632845385, -7.442047912151338 ], [ 109.527288654860996, -7.441995707211388 ], [ 109.528300835381302, -7.441881446308419 ], [ 109.528880841979117, -7.44165734617466 ], [ 109.529335020690908, -7.441306162454508 ], [ 109.529639093430461, -7.440782700110015 ], [ 109.530018722181495, -7.440205151289269 ], [ 109.530296927810099, -7.439799226498964 ], [ 109.530726467866231, -7.439375630586273 ], [ 109.531181017235838, -7.438979240139972 ], [ 109.531458950682648, -7.438654592470955 ], [ 109.53181240790272, -7.4383753999902 ], [ 109.532594918139623, -7.437952970521788 ], [ 109.532610841814076, -7.438938770489147 ], [ 109.532829225288154, -7.440033643057745 ], [ 109.532952431106878, -7.440612769480319 ], [ 109.533075166495195, -7.441580840983425 ], [ 109.533170577961798, -7.442431107386834 ], [ 109.533107356794702, -7.443561302395888 ], [ 109.533056498675222, -7.445062221840775 ], [ 109.533052355829795, -7.446735166486451 ], [ 109.53318999870352, -7.447847944480328 ], [ 109.533389343613933, -7.449186953524763 ], [ 109.533396117674656, -7.449621037421575 ], [ 109.533314191876457, -7.451185141046573 ], [ 109.533214002590995, -7.451591747188331 ], [ 109.533121624047254, -7.452143036138108 ], [ 109.533127278761597, -7.452486705620861 ], [ 109.533171404897672, -7.452920913254457 ], [ 109.533262496821663, -7.45439517945241 ], [ 109.533165878613417, -7.454738509797367 ], [ 109.533295276572161, -7.455073548532124 ], [ 109.533594452979429, -7.455372985925131 ], [ 109.533736132589425, -7.455744139178222 ], [ 109.533667678538578, -7.456087563000345 ], [ 109.533221049141744, -7.456881876078002 ], [ 109.532752924134897, -7.457422877013626 ], [ 109.532571018381176, -7.457802088191605 ], [ 109.532793994850707, -7.458101273449825 ], [ 109.532797981090042, -7.458788497465619 ], [ 109.532410717382021, -7.459275519533981 ], [ 109.531829541129682, -7.459327836125923 ], [ 109.531307439295318, -7.459497972269687 ], [ 109.530620332528798, -7.460354769371692 ], [ 109.53027833086739, -7.460597740607215 ], [ 109.529492902275919, -7.461119689611744 ], [ 109.529205225877575, -7.461380922609345 ], [ 109.528914196412671, -7.4617959322983 ], [ 109.528478421425092, -7.462400321538999 ], [ 109.528303670515967, -7.462671061146501 ], [ 109.527853058938504, -7.46322115378504 ], [ 109.527593361294336, -7.463582020276549 ], [ 109.526966908706399, -7.464303395597337 ], [ 109.526517314790112, -7.464392306619883 ], [ 109.526146630092683, -7.464743760663717 ], [ 109.52577164841864, -7.464950453088187 ], [ 109.525327535698622, -7.465075545117359 ], [ 109.524616938214521, -7.465245042207602 ], [ 109.524279521672355, -7.465388571458247 ], [ 109.523728004856338, -7.465884075065708 ], [ 109.523610002110274, -7.466362945040492 ], [ 109.523888691293593, -7.467268159287121 ], [ 109.524300730519613, -7.468264319829943 ], [ 109.524591958591017, -7.469151493932528 ], [ 109.52488187531111, -7.469984417521824 ], [ 109.525121068222333, -7.470771876100074 ], [ 109.52531776564949, -7.471287962010482 ], [ 109.525612928802659, -7.472428388335893 ], [ 109.525916606896487, -7.473324645069847 ], [ 109.526225265432529, -7.474139549203128 ], [ 109.526540676871221, -7.474990639972263 ], [ 109.526899065564081, -7.47576954601929 ], [ 109.527183715726892, -7.476258802452635 ], [ 109.527860292355939, -7.476125355120092 ], [ 109.528545371336392, -7.476308552045294 ], [ 109.529147485414668, -7.476681333127649 ], [ 109.529558333337931, -7.476944893087273 ], [ 109.529922870876476, -7.476982272418106 ], [ 109.530381082228985, -7.476956676307506 ], [ 109.530876200191088, -7.476551388424482 ], [ 109.531248229240646, -7.47604623847903 ], [ 109.531578066522499, -7.475803228354963 ], [ 109.532003918363415, -7.475623734357885 ], [ 109.532388092861297, -7.475552684235057 ], [ 109.532758096590726, -7.475653366589068 ], [ 109.533058957620213, -7.475943771243292 ], [ 109.533591450966227, -7.476650834346382 ], [ 109.533881554980866, -7.476941202897983 ], [ 109.534579472507886, -7.477196762294751 ], [ 109.535209625549641, -7.477072190341701 ], [ 109.535380973375268, -7.476792486493236 ], [ 109.535369418205477, -7.4764487974033 ], [ 109.535267466620709, -7.476014397547735 ], [ 109.535232558682267, -7.475616384559522 ], [ 109.535336348262518, -7.474983764483424 ], [ 109.535540479518659, -7.474640791364954 ], [ 109.53593464976683, -7.474551688925261 ], [ 109.536505620787594, -7.474743445639702 ], [ 109.537240797812487, -7.47520706864865 ], [ 109.537558102684798, -7.475316613461167 ], [ 109.538078679281853, -7.475363634650859 ], [ 109.538485611237846, -7.47525639968997 ], [ 109.538679565870325, -7.475591652355605 ], [ 109.538468400936566, -7.476522364152532 ], [ 109.538327505959089, -7.47750755496856 ], [ 109.538338248830698, -7.478185851789211 ], [ 109.538298488601711, -7.478818685419612 ], [ 109.538344856803548, -7.479343311678534 ], [ 109.538483838063257, -7.479786875309119 ], [ 109.538933940610761, -7.480403340921825 ], [ 109.539517476311659, -7.481110568732521 ], [ 109.540190097316994, -7.481899551263718 ], [ 109.540697984259694, -7.48259757698745 ], [ 109.541601126687823, -7.484074534113438 ], [ 109.54195092154292, -7.484301809172964 ], [ 109.54224565542421, -7.484483606027826 ], [ 109.542532004839543, -7.484782999521244 ], [ 109.54276315471617, -7.485281114234282 ], [ 109.542994590529887, -7.485670736815031 ], [ 109.543223785357199, -7.486060351934956 ], [ 109.543412007790991, -7.4865040780613 ], [ 109.543548828069362, -7.486992839658674 ], [ 109.543588492865069, -7.487490321106051 ], [ 109.543903273160311, -7.488296199665514 ], [ 109.543867056693003, -7.489055621844126 ], [ 109.543675064064672, -7.489814619194081 ], [ 109.543332289091992, -7.490374123153159 ], [ 109.542339762702696, -7.491935307242207 ], [ 109.541600042300757, -7.492828104794475 ], [ 109.54082151471016, -7.493639402150592 ], [ 109.540192666149451, -7.494396857266248 ], [ 109.539895808035311, -7.494694318171797 ], [ 109.539131745958329, -7.495243377855564 ], [ 109.538310139793666, -7.495728957211801 ], [ 109.537687691869408, -7.496088621808171 ], [ 109.536928916815683, -7.496574406802882 ], [ 109.536313383370469, -7.496988338332887 ], [ 109.534128845256134, -7.4982742054836 ], [ 109.533977591975344, -7.498707762027639 ], [ 109.533689468466235, -7.499005246446351 ], [ 109.532658910333012, -7.499390664457842 ], [ 109.531458967333094, -7.499621726039731 ], [ 109.53049948435212, -7.499510028469106 ], [ 109.528840542668931, -7.499504481874104 ], [ 109.527046617501014, -7.499625051196112 ], [ 109.526315686979515, -7.500002415449425 ], [ 109.52618030066472, -7.500336569695153 ], [ 109.52620072263197, -7.500662205113743 ], [ 109.526589979332158, -7.501197020079766 ], [ 109.526871648867285, -7.501731474381532 ], [ 109.526903378140318, -7.502138516908105 ], [ 109.527102857685108, -7.502763105974629 ], [ 109.527045102389849, -7.503784818692465 ], [ 109.526984787040121, -7.504634562582314 ], [ 109.526573055054442, -7.504805052049009 ], [ 109.526225936901952, -7.505201783112686 ], [ 109.525940211784004, -7.505472055141925 ], [ 109.525254661981776, -7.506148011453848 ], [ 109.525088007967426, -7.506536305857979 ], [ 109.524776693484625, -7.506661834787209 ], [ 109.524131910187904, -7.507256466050557 ], [ 109.523932774669603, -7.507771315063586 ], [ 109.523641719587317, -7.50835809256213 ], [ 109.523308274939779, -7.508664456160838 ], [ 109.523073025730014, -7.508898731206301 ], [ 109.522837983236272, -7.509160220177113 ], [ 109.522384511170088, -7.509520425109621 ], [ 109.522157771940869, -7.509845138064779 ], [ 109.521915800423542, -7.510233176939959 ], [ 109.52184265773829, -7.510585619946955 ], [ 109.521920093475998, -7.510974733778561 ], [ 109.521917176314616, -7.511417823099921 ], [ 109.521800514905593, -7.511824365501186 ], [ 109.52167081195465, -7.512176617950399 ], [ 109.521462572821321, -7.512465228471298 ], [ 109.520524500291245, -7.511937600479663 ], [ 109.519703250887005, -7.511464610684256 ], [ 109.519081420995306, -7.511145989002284 ], [ 109.518705899656254, -7.510991025649529 ], [ 109.518342988331511, -7.510863227515566 ], [ 109.517801899126709, -7.510707614394122 ], [ 109.517238127378931, -7.510542973522707 ], [ 109.516545143192815, -7.510386936508533 ], [ 109.515582293423293, -7.510184691113691 ], [ 109.5146309507316, -7.509982573104906 ], [ 109.513996695328615, -7.509826640630075 ], [ 109.513350784727677, -7.509670758280537 ], [ 109.512787271922065, -7.509497072178785 ], [ 109.512117533432061, -7.509449508567397 ], [ 109.511717866437266, -7.509475367680519 ], [ 109.510918599450761, -7.509463527125498 ], [ 109.510108200477362, -7.509298041648164 ], [ 109.509559975920652, -7.509133444545927 ], [ 109.508992941868172, -7.508941569744128 ], [ 109.508452607339095, -7.508786039148236 ], [ 109.507783249724582, -7.508693356226589 ], [ 109.507352173341502, -7.50872805526682 ], [ 109.506701259456975, -7.508879538674821 ], [ 109.505942663534626, -7.509057867950323 ], [ 109.504984193433003, -7.50921734321753 ], [ 109.504364444848179, -7.509278519687309 ], [ 109.503667335893837, -7.509348472612929 ], [ 109.503138401525746, -7.509355711150742 ], [ 109.502449201394597, -7.50951618861851 ], [ 109.501045073120082, -7.510171475520574 ], [ 109.500403945543141, -7.510431563457478 ], [ 109.500000219377966, -7.510421143685693 ], [ 109.499657862377333, -7.510184820162094 ], [ 109.499205484170659, -7.509568402480907 ], [ 109.498787230950867, -7.508762151828151 ], [ 109.498521840468669, -7.507630860674293 ], [ 109.49839155573288, -7.506319303707399 ], [ 109.498379877274232, -7.504845235013221 ], [ 109.498283226105414, -7.503551784406661 ], [ 109.497863539460468, -7.503252000531633 ], [ 109.497486239076494, -7.503359201753417 ], [ 109.497337183727936, -7.503729459480285 ], [ 109.496952796899251, -7.50444246645209 ], [ 109.496701957271384, -7.50499328398103 ], [ 109.496535890421256, -7.50529106540253 ], [ 109.496145049708673, -7.505967975849298 ], [ 109.495862903174896, -7.506518594925809 ], [ 109.495597073085719, -7.506734666166209 ], [ 109.495257351035661, -7.507059065198513 ], [ 109.494848338061232, -7.507500758008475 ], [ 109.494370462341223, -7.507652905901073 ], [ 109.493814261560757, -7.507660040113985 ], [ 109.493149321133927, -7.507784332086084 ], [ 109.492758088179883, -7.508009011871681 ], [ 109.492499216107973, -7.508351767321638 ], [ 109.492325828745393, -7.508712897724759 ], [ 109.49211410677394, -7.509010610257401 ], [ 109.491746449397439, -7.5094614820236 ], [ 109.491537958461265, -7.509731992187841 ], [ 109.491279458503627, -7.509966257316278 ], [ 109.490935100441263, -7.510073564603015 ], [ 109.490065066008995, -7.510197146187598 ], [ 109.489407148899289, -7.510493322499022 ], [ 109.487772691153481, -7.510858462562001 ], [ 109.487375119779003, -7.510775725497229 ], [ 109.486652007520462, -7.510673694184114 ], [ 109.486165199686226, -7.510771555990522 ], [ 109.485581704936337, -7.510914197601889 ], [ 109.484806259669199, -7.511209960825863 ], [ 109.484130710905404, -7.511849619394745 ], [ 109.483707537378834, -7.512535442868542 ], [ 109.483063186081381, -7.513808155852832 ], [ 109.482740167633708, -7.514783720942911 ], [ 109.482821333895643, -7.515615939277136 ], [ 109.483021754523705, -7.516123009404686 ], [ 109.483221939415671, -7.516611997031706 ], [ 109.48318626564776, -7.517181536851663 ], [ 109.482562078673595, -7.517550143116579 ], [ 109.48182025345335, -7.517864096211383 ], [ 109.479748533570628, -7.518227595721366 ], [ 109.479041283819242, -7.518288520354724 ], [ 109.478165048011292, -7.518493420254476 ], [ 109.477237937525032, -7.518824803412271 ], [ 109.476075122919411, -7.51919152872312 ], [ 109.475063797761834, -7.519567818075546 ], [ 109.474254510013736, -7.519899513224655 ], [ 109.473479423078743, -7.520086763343109 ], [ 109.473142187448886, -7.520248323740025 ], [ 109.472720316111406, -7.520554332189001 ], [ 109.471825283019967, -7.521111833626884 ], [ 109.471337026211458, -7.521299988390546 ], [ 109.469836584659205, -7.521936831487553 ], [ 109.46879149012355, -7.522331067695115 ], [ 109.468050380715255, -7.522436968166367 ], [ 109.467579116719151, -7.522381076669211 ], [ 109.467226327047868, -7.522226150408573 ], [ 109.466857359883491, -7.521826976192762 ], [ 109.466455543055403, -7.521165414261933 ], [ 109.465986249990479, -7.52054891040157 ], [ 109.465646155169225, -7.520077510516666 ], [ 109.465106639461055, -7.51971390182582 ], [ 109.464124641512711, -7.51931258043935 ], [ 109.462797343759746, -7.519262727027745 ], [ 109.462256145040811, -7.519378359772589 ], [ 109.461839910242318, -7.518888609465649 ], [ 109.461497185677715, -7.518444320495418 ] ] ] } },
{ "type": "Feature", "properties": { "KECAMATAN": "Pagedongan" }, "geometry": { "type": "Polygon", "coordinates": [ [ [ 109.707583576093228, -7.486211446311729 ], [ 109.707497287285605, -7.486943660685405 ], [ 109.707240769425766, -7.487404124641267 ], [ 109.707004023326832, -7.487620520746675 ], [ 109.706808239170513, -7.488135412712199 ], [ 109.706741625096882, -7.488732059031236 ], [ 109.706423820699229, -7.489147133742168 ], [ 109.706127459204382, -7.489309103889155 ], [ 109.705529228149885, -7.489651020231357 ], [ 109.705170045289407, -7.489604665385517 ], [ 109.705006001638949, -7.490300573399391 ], [ 109.704603325629179, -7.490787730113022 ], [ 109.704135740235998, -7.491292778604807 ], [ 109.703902027168226, -7.491518223000196 ], [ 109.703538336650794, -7.491833610822156 ], [ 109.703058474761093, -7.492193954793972 ], [ 109.702578286494727, -7.492563338815077 ], [ 109.701942341630385, -7.493022679573564 ], [ 109.701228442010674, -7.493590289169243 ], [ 109.700891203585201, -7.493878717636496 ], [ 109.700423932352678, -7.494275261784841 ], [ 109.699969410297541, -7.494680884614294 ], [ 109.699385323894091, -7.495212707148982 ], [ 109.698905129476088, -7.495582086012777 ], [ 109.698515976561609, -7.495788893261104 ], [ 109.69799764669078, -7.495941158341616 ], [ 109.697142426666133, -7.496137543137289 ], [ 109.696196862654716, -7.496261325223839 ], [ 109.695277380937085, -7.496358148011256 ], [ 109.694241156292833, -7.49649069849388 ], [ 109.693269488094359, -7.496623438175846 ], [ 109.692660927945397, -7.496639713495253 ], [ 109.692168949233263, -7.496674417811834 ], [ 109.691819138772601, -7.496691461058279 ], [ 109.691430732245649, -7.496672222692411 ], [ 109.690861412137536, -7.496634362425982 ], [ 109.6901882402327, -7.496569067380593 ], [ 109.689708991021504, -7.496594765195297 ], [ 109.689277311430743, -7.496729194121434 ], [ 109.688858626447143, -7.496890695760624 ], [ 109.688594731383489, -7.497161248287841 ], [ 109.688645069324465, -7.497568271365997 ], [ 109.688664683612757, -7.497930085159003 ], [ 109.688267305853756, -7.498136948035589 ], [ 109.688291702844992, -7.498598233882257 ], [ 109.68847156867885, -7.499041900125595 ], [ 109.688534989513528, -7.49952138560454 ], [ 109.688377541664408, -7.500000212377008 ], [ 109.688046558629082, -7.500840276496922 ], [ 109.687953974606799, -7.50159063543746 ], [ 109.687732517832771, -7.502060229051868 ], [ 109.687033562924995, -7.502293224191808 ], [ 109.686179313467946, -7.502435337884021 ], [ 109.685816606847951, -7.502615176393904 ], [ 109.685039148070985, -7.503137355199061 ], [ 109.684417178383626, -7.50346108239454 ], [ 109.684029426286429, -7.50339663046276 ], [ 109.683344910732671, -7.503150366941923 ], [ 109.68307359912815, -7.502977763783407 ], [ 109.682454730796096, -7.502369941359386 ], [ 109.68200277729909, -7.50208829709527 ], [ 109.681576411596481, -7.501969387508672 ], [ 109.680037406398554, -7.501946686378412 ], [ 109.679339193072565, -7.501908423191055 ], [ 109.678692938137331, -7.501761816041585 ], [ 109.678317509371141, -7.501823978683689 ], [ 109.677979540481374, -7.502446922207075 ], [ 109.677524558783787, -7.50316906108019 ], [ 109.677020123648461, -7.503194667912847 ], [ 109.676632729283241, -7.503012670237688 ], [ 109.675948605124546, -7.502540357782113 ], [ 109.675573031619777, -7.502674850055265 ], [ 109.675236762100354, -7.502710003109367 ], [ 109.674810206983111, -7.502654468016906 ], [ 109.673775665216482, -7.502597098742737 ], [ 109.673477457681614, -7.502795113468794 ], [ 109.673089133764904, -7.502920613821829 ], [ 109.672185096813905, -7.502700796104689 ], [ 109.672041001030635, -7.502121610449776 ], [ 109.672113701082125, -7.501678703063082 ], [ 109.672290419923414, -7.500838190538991 ], [ 109.672012433233149, -7.500602180015038 ], [ 109.671631733511177, -7.500456365124862 ], [ 109.671399592323084, -7.500157201875192 ], [ 109.67068283798983, -7.50000132927301 ], [ 109.670420743345858, -7.499674950438719 ], [ 109.66999021317929, -7.499158189486714 ], [ 109.669582381621211, -7.498523956724513 ], [ 109.669024603658826, -7.497762597927891 ], [ 109.668485805814953, -7.497001296180633 ], [ 109.668008840353835, -7.49627643788746 ], [ 109.667583235714687, -7.495714392322266 ], [ 109.6671450673701, -7.495107191143272 ], [ 109.666693518002518, -7.494527073818877 ], [ 109.666138891749824, -7.493838054881081 ], [ 109.665674375679814, -7.493321188439607 ], [ 109.665092869801327, -7.492921506934635 ], [ 109.664331843464851, -7.492783575172661 ], [ 109.663591289617727, -7.492817493510505 ], [ 109.662722694389402, -7.492941436916633 ], [ 109.661311243980037, -7.493271773339854 ], [ 109.660831800773124, -7.493387854674956 ], [ 109.660339198790709, -7.493531110376181 ], [ 109.659743097613202, -7.493728209014362 ], [ 109.659056300631519, -7.493970328427223 ], [ 109.658537588660806, -7.494221910122926 ], [ 109.658122505546231, -7.494401565394246 ], [ 109.657681758482823, -7.49461721757114 ], [ 109.656903557929894, -7.495012760027948 ], [ 109.65657940447278, -7.495192600709206 ], [ 109.655917974100774, -7.495543290031515 ], [ 109.655192098222741, -7.495857615180311 ], [ 109.654777290441146, -7.49594676217023 ], [ 109.654103914553573, -7.496026076354094 ], [ 109.653508084373229, -7.49606041929944 ], [ 109.65262777693512, -7.496030599869875 ], [ 109.652019420675884, -7.495983528981363 ], [ 109.651035620758108, -7.495908181878675 ], [ 109.650271909733604, -7.495842549327133 ], [ 109.649482514304196, -7.4957225877512 ], [ 109.648978042967173, -7.495594367883329 ], [ 109.648292316679402, -7.495366224851671 ], [ 109.647757350953512, -7.495120370827373 ], [ 109.647465261592316, -7.49488439472603 ], [ 109.647219945436944, -7.494648471856689 ], [ 109.646858918898644, -7.494186156250898 ], [ 109.646652744175555, -7.493832814363574 ], [ 109.646433904912129, -7.493443267589806 ], [ 109.64618990228756, -7.492782399185477 ], [ 109.645997315571023, -7.492239228050053 ], [ 109.645804869116247, -7.491650759558471 ], [ 109.645458401865639, -7.490709199845403 ], [ 109.64518851293505, -7.490084417582316 ], [ 109.644854367408726, -7.489242351853255 ], [ 109.644507045714207, -7.48848161872984 ], [ 109.644172529638965, -7.48778430562643 ], [ 109.643864006530706, -7.487114106445852 ], [ 109.643606263942175, -7.486670190616998 ], [ 109.643310099472203, -7.486208073468214 ], [ 109.642962082908824, -7.485673464797638 ], [ 109.642614067563045, -7.485211187696264 ], [ 109.642239940292697, -7.484784995825287 ], [ 109.641658956115577, -7.484204461332162 ], [ 109.641129657441709, -7.483678334453561 ], [ 109.640312858764347, -7.482934234915461 ], [ 109.639709399968581, -7.482398836623053 ], [ 109.639322333624193, -7.482026851925747 ], [ 109.638818312279128, -7.481663547312077 ], [ 109.638475496196847, -7.481454535243311 ], [ 109.638133306319702, -7.481308724620304 ], [ 109.638972607837331, -7.480479322390202 ], [ 109.639141713748103, -7.480109054458337 ], [ 109.639406611550669, -7.479494962774305 ], [ 109.639650756654234, -7.478826558035784 ], [ 109.639831124103978, -7.478293487726806 ], [ 109.639927391520175, -7.477823538514882 ], [ 109.639939185953693, -7.477416618949437 ], [ 109.639856477065806, -7.47705470565456 ], [ 109.639689725103665, -7.476592986757797 ], [ 109.639511691913057, -7.476203564698589 ], [ 109.639292314613229, -7.475823056546132 ], [ 109.639061880256392, -7.475514845865483 ], [ 109.638757732254447, -7.475269788263914 ], [ 109.638348192854679, -7.475015273381881 ], [ 109.637802069408494, -7.474715129273842 ], [ 109.637235353797365, -7.474405969983597 ], [ 109.636668312461751, -7.474105760126845 ], [ 109.635933271473192, -7.473723657376657 ], [ 109.635303156091169, -7.473405168210216 ], [ 109.634627335928883, -7.473104710183972 ], [ 109.63414777667505, -7.472904224139169 ], [ 109.633549256918769, -7.472685376873308 ], [ 109.632992427684371, -7.472466567621379 ], [ 109.632414735624096, -7.47222970066915 ], [ 109.631784979820239, -7.471965456974151 ], [ 109.631270065989924, -7.471746866205375 ], [ 109.630891848159465, -7.471537649966161 ], [ 109.630346259524458, -7.47116516852343 ], [ 109.63000027272156, -7.470874769302173 ], [ 109.629653791862935, -7.470575236518417 ], [ 109.629129210817965, -7.470103363551006 ], [ 109.628584515126818, -7.469613344834412 ], [ 109.628196320401031, -7.469250391752888 ], [ 109.627847049571983, -7.468959890724312 ], [ 109.628066176872153, -7.468146753786655 ], [ 109.628487380731116, -7.467723025156181 ], [ 109.628531722558108, -7.467207711614042 ], [ 109.628782548076998, -7.466674865893818 ], [ 109.628961803827494, -7.466404179778292 ], [ 109.629035879731873, -7.465888958324781 ], [ 109.629263530812992, -7.465527917561051 ], [ 109.628955006101521, -7.465300834142851 ], [ 109.628692310250443, -7.464920188691811 ], [ 109.628995489822827, -7.46477646696477 ], [ 109.628898596016029, -7.464414419011999 ], [ 109.629183435270562, -7.463610435526125 ], [ 109.629544099015135, -7.463168434169845 ], [ 109.629752901107921, -7.462861673289328 ], [ 109.63000445896246, -7.462356043030819 ], [ 109.629804673814533, -7.461686177345932 ], [ 109.630149952628443, -7.461361665914892 ], [ 109.630462573410043, -7.46099193620201 ], [ 109.63064436999997, -7.460359418636544 ], [ 109.630981060737909, -7.459528469131682 ], [ 109.631326386048627, -7.458923672053733 ], [ 109.631706409987885, -7.45871680496909 ], [ 109.63200926743427, -7.458482664853987 ], [ 109.632283268246766, -7.458230261924447 ], [ 109.632655782795155, -7.457987295267897 ], [ 109.632980566753076, -7.457789297440756 ], [ 109.633341977147779, -7.457464922780239 ], [ 109.633756645806599, -7.457240077711122 ], [ 109.634085089711974, -7.456969758645309 ], [ 109.634329419197371, -7.456599814052844 ], [ 109.634652333790982, -7.456112482655751 ], [ 109.635387149286458, -7.455255632100544 ], [ 109.635966670174241, -7.454823339557637 ], [ 109.636514130777101, -7.454490403207634 ], [ 109.637219656965286, -7.454139870064065 ], [ 109.638083108717836, -7.453816946148559 ], [ 109.639538392868701, -7.45391192874821 ], [ 109.639848170217363, -7.453442544241695 ], [ 109.640177317905554, -7.453208477878787 ], [ 109.640638588452134, -7.452938560857039 ], [ 109.640896332277023, -7.452722357380101 ], [ 109.641451400045256, -7.452488893308082 ], [ 109.641959272420721, -7.452418120524083 ], [ 109.642683302522784, -7.452121882912115 ], [ 109.643503464821563, -7.451880277914952 ], [ 109.64421201065241, -7.452027113000619 ], [ 109.644532047847449, -7.452082342316453 ], [ 109.64517207880229, -7.451939638583477 ], [ 109.645687846861279, -7.451706138704815 ], [ 109.646421157443967, -7.451428005691325 ], [ 109.646989080298027, -7.451167448687976 ], [ 109.647266046265443, -7.450869926072712 ], [ 109.647706021293246, -7.450672267318501 ], [ 109.6480249908861, -7.450637075792317 ], [ 109.648671823923948, -7.45039493070996 ], [ 109.64910307233427, -7.449826451809066 ], [ 109.649517954952458, -7.449429801298948 ], [ 109.64971855222862, -7.44901441370083 ], [ 109.649855798382077, -7.448671255182135 ], [ 109.651479850859786, -7.448495284505709 ], [ 109.651810005010404, -7.448197920180139 ], [ 109.652354882475777, -7.447702115036978 ], [ 109.652567934855554, -7.44709689162753 ], [ 109.652821405740212, -7.446319911760725 ], [ 109.653108263515406, -7.445398368840823 ], [ 109.65327902650273, -7.444548804676819 ], [ 109.653417702842319, -7.443735399255555 ], [ 109.653371353538049, -7.442496299142137 ], [ 109.652892878325602, -7.442313923902162 ], [ 109.652325426256169, -7.4421313680121 ], [ 109.651663580136244, -7.441912267785459 ], [ 109.650928036917975, -7.44172919877253 ], [ 109.650307610852536, -7.441573603810714 ], [ 109.649751544836988, -7.441381947730946 ], [ 109.649383521023239, -7.441263286639749 ], [ 109.648826744879827, -7.441035461361819 ], [ 109.648291213750511, -7.440798749197485 ], [ 109.647713687018538, -7.440516610437073 ], [ 109.647251688682744, -7.440298204577956 ], [ 109.646821247817343, -7.44014309471966 ], [ 109.646285824005489, -7.439969671286101 ], [ 109.645823082408086, -7.439823593824101 ], [ 109.645371370406963, -7.439686500716649 ], [ 109.644970143501126, -7.43960390088699 ], [ 109.64465404028077, -7.43965718333729 ], [ 109.644271624791273, -7.439701221235158 ], [ 109.643906268288788, -7.439663937616687 ], [ 109.643560327154361, -7.439653837576718 ], [ 109.643102829166409, -7.439625312804759 ], [ 109.642758203318792, -7.439551925806413 ], [ 109.643456141295843, -7.437989614455953 ], [ 109.643663497327381, -7.437221541835012 ], [ 109.643825300041016, -7.436787955041424 ], [ 109.644048805788429, -7.436209893018576 ], [ 109.644284274854542, -7.435676984363069 ], [ 109.644609817446863, -7.435054026276269 ], [ 109.644917248520372, -7.434611842253192 ], [ 109.645243573564514, -7.434269172020739 ], [ 109.645649953041584, -7.433863455435087 ], [ 109.645859931191453, -7.432968807709294 ], [ 109.646061494796967, -7.432625846092789 ], [ 109.646256456517634, -7.432291815261538 ], [ 109.646438615511357, -7.431966786727265 ], [ 109.646646824529952, -7.431551422541302 ], [ 109.646887795801547, -7.431000535598193 ], [ 109.646998936169879, -7.430666248583142 ], [ 109.647084078746644, -7.430331882248855 ], [ 109.647144097661183, -7.429662903761082 ], [ 109.647087177545643, -7.429319062815038 ], [ 109.646958866709141, -7.428965962752796 ], [ 109.646675503591439, -7.428576223981365 ], [ 109.646417692636234, -7.428258985431311 ], [ 109.646024131828071, -7.427896034867082 ], [ 109.645656533048836, -7.427569329250917 ], [ 109.645281082992469, -7.427025603585906 ], [ 109.644956123421167, -7.426436824378162 ], [ 109.644757639211875, -7.426092551425031 ], [ 109.64474216355616, -7.425486633711633 ], [ 109.645277648986308, -7.424999846074295 ], [ 109.645688843393643, -7.424775062824646 ], [ 109.646020061961536, -7.424685657780684 ], [ 109.646353654663798, -7.425138840098351 ], [ 109.646838284139179, -7.425158400079517 ], [ 109.64816272931651, -7.425234765879225 ], [ 109.648491772798408, -7.425588476613554 ], [ 109.648812328317604, -7.42593302943998 ], [ 109.649232756629985, -7.426305100902377 ], [ 109.649914560223252, -7.427491883836185 ], [ 109.650446251375683, -7.427782919295117 ], [ 109.65079215225812, -7.427901510399153 ], [ 109.651403524494611, -7.428129406039128 ], [ 109.651887649371261, -7.427678710207645 ], [ 109.652330087695987, -7.427227887124569 ], [ 109.652679787786113, -7.42695770287077 ], [ 109.653441782192914, -7.426616346264887 ], [ 109.654166985384265, -7.426482922168339 ], [ 109.654878162500481, -7.426023868820756 ], [ 109.655130582454333, -7.425708089412614 ], [ 109.655293209922476, -7.425292581046459 ], [ 109.655395798251817, -7.424967306105765 ], [ 109.655534452497506, -7.424524600365404 ], [ 109.655643091204041, -7.424199434024856 ], [ 109.655919276480304, -7.423757144309501 ], [ 109.656171395393429, -7.423441363008828 ], [ 109.656632992205772, -7.422927301230255 ], [ 109.656909110144966, -7.422629674976741 ], [ 109.657125055444041, -7.42236803275429 ], [ 109.657503291969576, -7.421898925386111 ], [ 109.657731707124697, -7.42156507849437 ], [ 109.658061887662953, -7.421077651720359 ], [ 109.658277669369028, -7.420770890866214 ], [ 109.658625946731206, -7.420301691594234 ], [ 109.658830011794635, -7.420040012276873 ], [ 109.659076149990881, -7.419724210488205 ], [ 109.659376460359056, -7.41918253319335 ], [ 109.659551421593036, -7.418712809931391 ], [ 109.659594566675565, -7.418107065786415 ], [ 109.659506407189937, -7.417591341167847 ], [ 109.65926243335204, -7.417192686803059 ], [ 109.658946515615938, -7.416992729422679 ], [ 109.658611593427423, -7.416901303505274 ], [ 109.658295319974243, -7.416818975187097 ], [ 109.657739982296675, -7.416690717226466 ], [ 109.657549632810685, -7.416346473423493 ], [ 109.657647930817433, -7.416030225770903 ], [ 109.657821034268977, -7.415433915996712 ], [ 109.658163501741882, -7.414069404873097 ], [ 109.658443549271396, -7.413853162183142 ], [ 109.658970403173043, -7.41359254617251 ], [ 109.65991387126347, -7.41326076201947 ], [ 109.660282072504842, -7.413117206358728 ], [ 109.660596352663447, -7.412919148232381 ], [ 109.661964258932358, -7.412299307138825 ], [ 109.662623775322658, -7.412066119370857 ], [ 109.663315046796171, -7.411805991633978 ], [ 109.66403845429069, -7.411491619354116 ], [ 109.664588508707368, -7.411240016406611 ], [ 109.665107418147372, -7.410961284919469 ], [ 109.665710714919541, -7.41059229961858 ], [ 109.665999309690847, -7.411208082544067 ], [ 109.666238370904665, -7.411651926950487 ], [ 109.666509025491564, -7.412023533392697 ], [ 109.666857276574135, -7.412476746509394 ], [ 109.667325135305362, -7.412903193105554 ], [ 109.667644905863639, -7.413139322579116 ], [ 109.668230906596079, -7.413529865615315 ], [ 109.668833614612737, -7.413929590060934 ], [ 109.669134384931326, -7.414174703436061 ], [ 109.669342108841732, -7.414482829366431 ], [ 109.669792924556333, -7.414068174602279 ], [ 109.67057357582614, -7.413573130941542 ], [ 109.671125253767215, -7.413303441395023 ], [ 109.671948742040357, -7.412871813956243 ], [ 109.672183016516911, -7.412546925453926 ], [ 109.672386988121929, -7.412212904728837 ], [ 109.6736641731286, -7.412298179442323 ], [ 109.674414484814463, -7.412553580901315 ], [ 109.675164689189103, -7.412845237768932 ], [ 109.676081608070064, -7.413245889128093 ], [ 109.676831809122135, -7.413564577981857 ], [ 109.677484657550622, -7.41383785860861 ], [ 109.678065944823118, -7.414309841293293 ], [ 109.678959242417449, -7.414366745456305 ], [ 109.679296811306372, -7.414449122680578 ], [ 109.679605354758095, -7.414269206426522 ], [ 109.679934833651657, -7.414007887020878 ], [ 109.680308440272086, -7.41395474604548 ], [ 109.680780601410376, -7.414146111438577 ], [ 109.68110575605364, -7.413731070517216 ], [ 109.681473598713026, -7.413506030021416 ], [ 109.681538098525152, -7.413144465606416 ], [ 109.68186565380276, -7.413353484376642 ], [ 109.682199648996885, -7.413381598973309 ], [ 109.682434714991871, -7.413165296176372 ], [ 109.682771853634705, -7.413166294732878 ], [ 109.683096024002239, -7.413257670995141 ], [ 109.683459617237844, -7.41333108046342 ], [ 109.683643047433875, -7.41306932547071 ], [ 109.684048676795982, -7.412898734594539 ], [ 109.684544854254014, -7.412927327182686 ], [ 109.684776805394876, -7.413181269477402 ], [ 109.684893513515632, -7.413552321885908 ], [ 109.685011378381233, -7.413986759623423 ], [ 109.685706789112757, -7.414269196640637 ], [ 109.686180247105582, -7.414704685030466 ], [ 109.686571102113049, -7.414931880788421 ], [ 109.687338201795185, -7.415476825674065 ], [ 109.687766682460662, -7.415713173320596 ], [ 109.688188101641188, -7.415660166911939 ], [ 109.688506686846338, -7.415923405084659 ], [ 109.688959366094466, -7.41631362169182 ], [ 109.689416817410716, -7.416631428366607 ], [ 109.690230685517392, -7.416950375303565 ], [ 109.691135828498389, -7.417224381380628 ], [ 109.691781048117903, -7.417506572199088 ], [ 109.692295588135451, -7.417770384881556 ], [ 109.692594386400586, -7.41800634714874 ], [ 109.693406344512198, -7.418316241787301 ], [ 109.69361760014344, -7.418877536729635 ], [ 109.693813439937486, -7.419194661224188 ], [ 109.694117576238469, -7.419647728989574 ], [ 109.694553647741614, -7.419820801954256 ], [ 109.694731730455459, -7.420282540834929 ], [ 109.695006887426828, -7.420581814661649 ], [ 109.695542628800055, -7.420954186873681 ], [ 109.695846319103921, -7.421280669138726 ], [ 109.696355087662127, -7.421553412563099 ], [ 109.696714033795274, -7.421762514689935 ], [ 109.697219335362647, -7.422071413861315 ], [ 109.697521105806402, -7.422289389483763 ], [ 109.698128160298026, -7.422851843726548 ], [ 109.69844550355495, -7.423160281378186 ], [ 109.699135466293086, -7.423551185494136 ], [ 109.699641230081909, -7.423805833738157 ], [ 109.699934491506681, -7.423996658125299 ], [ 109.700438128149855, -7.424314591240855 ], [ 109.700772179972674, -7.424505534541852 ], [ 109.701024196606937, -7.424877071586506 ], [ 109.701257755270007, -7.425555972192285 ], [ 109.702466341070036, -7.429945632952138 ], [ 109.702535284267952, -7.43056085075867 ], [ 109.703347737527835, -7.430508884782735 ], [ 109.704241722914688, -7.430448204067068 ], [ 109.705116489632502, -7.430495965904426 ], [ 109.705743512376415, -7.430624469368369 ], [ 109.70612353711229, -7.430987245931887 ], [ 109.707130603464037, -7.431089730445582 ], [ 109.708289664750239, -7.431409566018444 ], [ 109.709543857385029, -7.431720724223954 ], [ 109.71009503401406, -7.431830827578063 ], [ 109.710912263174947, -7.431987002397012 ], [ 109.711729792258893, -7.432143086259558 ], [ 109.712247378152043, -7.432244047849847 ], [ 109.713383309779985, -7.432428268498572 ], [ 109.714181514016872, -7.432602375551776 ], [ 109.714922896645689, -7.432740149727721 ], [ 109.715530767900034, -7.432931877069113 ], [ 109.716005673381815, -7.433195462361816 ], [ 109.716650605139961, -7.433694714939036 ], [ 109.717428420445586, -7.434357192935527 ], [ 109.717997264091636, -7.434946641535988 ], [ 109.718718024539768, -7.435654161761553 ], [ 109.719173266852764, -7.436053404333059 ], [ 109.719666462138562, -7.436452756152674 ], [ 109.720596084540787, -7.437196953810405 ], [ 109.721203452800808, -7.437668967851243 ], [ 109.721867619798616, -7.438186444244455 ], [ 109.722721251685002, -7.438885210690663 ], [ 109.723442470943667, -7.439438926340723 ], [ 109.724012086977993, -7.439766160494921 ], [ 109.724487699302728, -7.439686153502612 ], [ 109.725515235699632, -7.439462974496593 ], [ 109.726352807252709, -7.439257421114421 ], [ 109.7271902360485, -7.438997524516096 ], [ 109.728522866083196, -7.438522043985953 ], [ 109.729493740588197, -7.438126898482643 ], [ 109.730674329571031, -7.437678100267911 ], [ 109.731531083937227, -7.437373131297087 ], [ 109.732387535662525, -7.437095194577432 ], [ 109.733167978121784, -7.436853206066704 ], [ 109.733929236206009, -7.436683586100791 ], [ 109.734481100490939, -7.436585701617337 ], [ 109.734850590164001, -7.436568672363061 ], [ 109.735222254643844, -7.436705359718669 ], [ 109.735545053303284, -7.436896248719932 ], [ 109.736152388926712, -7.437386328390074 ], [ 109.736968275210415, -7.438021670615695 ], [ 109.737841598372384, -7.438584840724168 ], [ 109.738486851144145, -7.438984607752626 ], [ 109.738980604311564, -7.439275441233097 ], [ 109.73958818775472, -7.439602765247244 ], [ 109.740347876906469, -7.439984681399702 ], [ 109.741012538526292, -7.440339291473072 ], [ 109.741866702651294, -7.440839107973078 ], [ 109.742588517951972, -7.441221003828348 ], [ 109.743214906130987, -7.441584544408292 ], [ 109.744031470489745, -7.442093292700978 ], [ 109.74479048394268, -7.442610918588 ], [ 109.745815805552212, -7.443274057269782 ], [ 109.746878834101878, -7.443946252152888 ], [ 109.748094101512422, -7.444628007549681 ], [ 109.749043414289289, -7.445146165411899 ], [ 109.749765169470123, -7.445528051499902 ], [ 109.750464911780156, -7.445900832648332 ], [ 109.751215136238969, -7.445939116093879 ], [ 109.752544520446989, -7.446033281150981 ], [ 109.752498976111994, -7.447317368425007 ], [ 109.752538331935739, -7.448221846238601 ], [ 109.752576306353589, -7.449614671034129 ], [ 109.752668912930403, -7.450103282879401 ], [ 109.752698294638691, -7.450835937211957 ], [ 109.752654692585665, -7.451432667518291 ], [ 109.752443759591344, -7.452019974645347 ], [ 109.751686946692587, -7.45330196485633 ], [ 109.750677531779374, -7.455107847939594 ], [ 109.750241285983606, -7.455974814108588 ], [ 109.749444819078732, -7.456271034283207 ], [ 109.748615589801986, -7.45642240021382 ], [ 109.747916164748105, -7.456538055048761 ], [ 109.747242695758572, -7.456590398943463 ], [ 109.746763833631178, -7.456598084095894 ], [ 109.746284695977593, -7.456623851618875 ], [ 109.745935012917101, -7.456631902040538 ], [ 109.745041514011774, -7.456683618547873 ], [ 109.744277315151336, -7.456771867682324 ], [ 109.743448564111972, -7.456859932038229 ], [ 109.742801169830116, -7.456912433499356 ], [ 109.742166477028022, -7.456964879694419 ], [ 109.741661514650275, -7.456981526821505 ], [ 109.741130730253317, -7.456961932585084 ], [ 109.740690225159142, -7.456933552985729 ], [ 109.739590410107965, -7.456839911279694 ], [ 109.738710271675885, -7.456792192949948 ], [ 109.73785583496101, -7.456744546249218 ], [ 109.736988191315007, -7.456769194651892 ], [ 109.736043047805353, -7.456775536242236 ], [ 109.735473557519441, -7.45681007546994 ], [ 109.734722436967601, -7.456871310149327 ], [ 109.734165215952814, -7.456978217120573 ], [ 109.733478686353052, -7.457129961999192 ], [ 109.732921454797236, -7.457318333805624 ], [ 109.732532424460473, -7.457525180124413 ], [ 109.73222106557337, -7.457768506302515 ], [ 109.732041387317636, -7.458518549938207 ], [ 109.732221027058245, -7.459079836764372 ], [ 109.732413927743963, -7.45955065329899 ], [ 109.732205036634753, -7.460092651991765 ], [ 109.732165036714562, -7.460517591702557 ], [ 109.731658870126452, -7.460977361117918 ], [ 109.731553887911375, -7.461447323099678 ], [ 109.731514043328104, -7.461818012340214 ], [ 109.731926926944098, -7.462280418686631 ], [ 109.732185174646418, -7.462579538584837 ], [ 109.732248268627075, -7.463086240487118 ], [ 109.732169152936038, -7.463628611097087 ], [ 109.731947922071811, -7.464043988799983 ], [ 109.732088711704591, -7.464605073972655 ], [ 109.732009869499251, -7.464948525953416 ], [ 109.731879318026728, -7.465346080167312 ], [ 109.73207268913616, -7.465654055919614 ], [ 109.73238239038298, -7.465962455897742 ], [ 109.73244630447671, -7.466288234030009 ], [ 109.732522659612968, -7.466704465728188 ], [ 109.732806243391821, -7.467157459208779 ], [ 109.733245702942625, -7.467448057128001 ], [ 109.733451464637653, -7.467864659985904 ], [ 109.733411750297606, -7.46819014089409 ], [ 109.733203045736744, -7.468795432432543 ], [ 109.733085113533704, -7.469247273855522 ], [ 109.732798844815363, -7.469725757429666 ], [ 109.732552156840455, -7.469951184361032 ], [ 109.732240761944581, -7.470203550652063 ], [ 109.732162112963238, -7.470583079702215 ], [ 109.732290163793323, -7.471053710618572 ], [ 109.732573465881742, -7.471579128472745 ], [ 109.733051337951167, -7.472023638314706 ], [ 109.733478013341113, -7.472214740412602 ], [ 109.733787846382043, -7.472505057044604 ], [ 109.734084747270927, -7.472849587162686 ], [ 109.734380620869501, -7.473447284324913 ], [ 109.734470027209397, -7.473872595288282 ], [ 109.734546553133043, -7.474334036474432 ], [ 109.734597419815842, -7.474650735431676 ], [ 109.735167128096094, -7.474652368973552 ], [ 109.73562308377646, -7.474536042083667 ], [ 109.735943848171246, -7.474663636696401 ], [ 109.735943707873645, -7.474998182696875 ], [ 109.735462691895734, -7.475358566431836 ], [ 109.735201489720353, -7.475719579768835 ], [ 109.734748334707334, -7.476134293103936 ], [ 109.733776330833379, -7.47650230781559 ], [ 109.733399787416062, -7.476881072175905 ], [ 109.733321010383122, -7.477278684493697 ], [ 109.733356283017244, -7.477613422248276 ], [ 109.733182090436884, -7.478218902320087 ], [ 109.732694047852476, -7.478371210435107 ], [ 109.732311955283791, -7.478315861568923 ], [ 109.731918610376155, -7.478224312913576 ], [ 109.731514883984829, -7.4781055183211 ], [ 109.730609896742294, -7.477723069428694 ], [ 109.729989194949354, -7.477422903984079 ], [ 109.729355441481204, -7.477140693327721 ], [ 109.728716854541716, -7.476876641916903 ], [ 109.727880832064059, -7.476521512272658 ], [ 109.727441600307017, -7.476357403159443 ], [ 109.726975915394846, -7.47622043303159 ], [ 109.726620425053824, -7.476165156422862 ], [ 109.725915096969018, -7.476063660475255 ], [ 109.725293237282443, -7.476061863985666 ], [ 109.724878829259978, -7.476123958611939 ], [ 109.724243926805912, -7.47623966573355 ], [ 109.72372562494337, -7.476391966684249 ], [ 109.723544759624048, -7.476744071672238 ], [ 109.723175707609997, -7.47677917054726 ], [ 109.722871470029958, -7.476904964681744 ], [ 109.722129966991602, -7.477373078347277 ], [ 109.721713559401749, -7.477634082313793 ], [ 109.721287253794813, -7.47795843972568 ], [ 109.72068481939769, -7.478110402216636 ], [ 109.72033211575291, -7.478073211981553 ], [ 109.719844325725518, -7.478035629378407 ], [ 109.719389094613959, -7.478106641636208 ], [ 109.7189129425673, -7.478638901956652 ], [ 109.718595803647702, -7.478755523080346 ], [ 109.718139525507283, -7.47898024029441 ], [ 109.717869562295718, -7.479214630879043 ], [ 109.717379853558256, -7.479629216689046 ], [ 109.716834033072814, -7.479889838710603 ], [ 109.716639795410046, -7.480187740789686 ], [ 109.716404510829648, -7.480648274294869 ], [ 109.716038366266375, -7.481144593368382 ], [ 109.715787000402997, -7.481406161581974 ], [ 109.715545219764877, -7.481685840973785 ], [ 109.715276355943544, -7.482028642875092 ], [ 109.714842851925837, -7.482307762905309 ], [ 109.714258725567291, -7.482405518287665 ], [ 109.713957389574119, -7.482712147954668 ], [ 109.713526556736213, -7.482665682066686 ], [ 109.713157459349929, -7.482510805038366 ], [ 109.712706699309933, -7.482482363640516 ], [ 109.712133955889001, -7.482571198037496 ], [ 109.711484522050682, -7.482695883872457 ], [ 109.711121382080805, -7.482929906475015 ], [ 109.710864234706477, -7.4833270798737 ], [ 109.710563664804553, -7.484058759465054 ], [ 109.710177366015643, -7.48426558812877 ], [ 109.709889970084888, -7.484454712977748 ], [ 109.709395606102561, -7.484923524146784 ], [ 109.708568917801045, -7.485563152863695 ], [ 109.70788549487763, -7.48588674052306 ], [ 109.707583576093228, -7.486211446311729 ] ] ] } },
{ "type": "Feature", "properties": { "KECAMATAN": "Pagentan" }, "geometry": { "type": "Polygon", "coordinates": [ [ [ 109.78570194605598, -7.349799581404322 ], [ 109.785700766957063, -7.350233685025991 ], [ 109.785892003646367, -7.350614057511191 ], [ 109.786122169614586, -7.351320138080358 ], [ 109.786212839721813, -7.352342311372351 ], [ 109.786303554892697, -7.35323789666572 ], [ 109.786581652078738, -7.353926022986012 ], [ 109.78682899853554, -7.354577807568206 ], [ 109.787014166689929, -7.355075709670417 ], [ 109.786981496570647, -7.355663442349519 ], [ 109.786917676165714, -7.356224055072407 ], [ 109.786760560655466, -7.356838576810431 ], [ 109.786322467527611, -7.357741772108764 ], [ 109.786047197456611, -7.358184175141119 ], [ 109.78581954109201, -7.35883476348882 ], [ 109.785260048108128, -7.359384899439237 ], [ 109.784824216981264, -7.359564557455185 ], [ 109.783827879605795, -7.35981512000433 ], [ 109.783422823211424, -7.35999486004546 ], [ 109.783235020870123, -7.360464624170898 ], [ 109.783339200771778, -7.361405455621857 ], [ 109.783425497193335, -7.362138272586632 ], [ 109.783336316265547, -7.362463632567164 ], [ 109.782826809031818, -7.362842102102 ], [ 109.781609270478725, -7.363670744294528 ], [ 109.780635439031187, -7.364265045068785 ], [ 109.780214842354567, -7.364553242801759 ], [ 109.779794195463069, -7.364859614297406 ], [ 109.779329697523579, -7.365030235998763 ], [ 109.778821348306039, -7.365010765532364 ], [ 109.778159043655691, -7.364855154212876 ], [ 109.777761893149332, -7.364628020617991 ], [ 109.777453334581438, -7.364319660473808 ], [ 109.777166465655156, -7.36416516341763 ], [ 109.776699625433238, -7.364154846063679 ], [ 109.776211317797532, -7.363746532364641 ], [ 109.775950867534149, -7.363519680676469 ], [ 109.775483876720301, -7.363292354484478 ], [ 109.775044127898184, -7.363209683481514 ], [ 109.774672752489863, -7.363091121740772 ], [ 109.774037815025324, -7.362573901288361 ], [ 109.773894093923943, -7.362220780734036 ], [ 109.773701867497806, -7.361605310376152 ], [ 109.773504936015641, -7.361071204797546 ], [ 109.773236468839073, -7.360392141440856 ], [ 109.772862977761221, -7.359794258425753 ], [ 109.771952361428205, -7.358534659265535 ], [ 109.771695949656717, -7.358199313455359 ], [ 109.771316511375844, -7.357619497341548 ], [ 109.771040479990859, -7.357220803807405 ], [ 109.770510205270085, -7.356703867276943 ], [ 109.770208703579826, -7.356522110466333 ], [ 109.769890370205161, -7.356349439665076 ], [ 109.769661449595574, -7.356014168569483 ], [ 109.769704475393851, -7.355607308354254 ], [ 109.769760149443712, -7.355218657158329 ], [ 109.769553912623536, -7.354566889568857 ], [ 109.769651167818523, -7.353997422999161 ], [ 109.769171293083033, -7.35381517625507 ], [ 109.768905896985032, -7.353543188978241 ], [ 109.768661441301049, -7.353289252588589 ], [ 109.76846105728707, -7.352764178650555 ], [ 109.768163319145003, -7.352437760144224 ], [ 109.767821310859517, -7.35223789756027 ], [ 109.767839587952821, -7.351867137463582 ], [ 109.767791460613395, -7.351360565664866 ], [ 109.767436608164871, -7.350590844090413 ], [ 109.766889088433913, -7.350399458191219 ], [ 109.76656628021891, -7.350036802330481 ], [ 109.766093457628045, -7.349845530608299 ], [ 109.765637418381885, -7.349446430380133 ], [ 109.765423766860479, -7.349102158193412 ], [ 109.765130740386411, -7.348612996409386 ], [ 109.764922790507427, -7.348368201141025 ], [ 109.764436527662482, -7.347932758706283 ], [ 109.76392962518004, -7.347479175156663 ], [ 109.763626973855722, -7.346257408553341 ], [ 109.763605168521451, -7.345741867642047 ], [ 109.763465096184859, -7.345235042842975 ], [ 109.7631633340132, -7.3448001080102 ], [ 109.762688482664075, -7.344129605671654 ], [ 109.762405022402334, -7.343667595197096 ], [ 109.762050505199852, -7.343078711214611 ], [ 109.761807209552828, -7.342408846855808 ], [ 109.761575562786007, -7.342037398348122 ], [ 109.761279133369115, -7.341539184034961 ], [ 109.761076943080553, -7.341077397350296 ], [ 109.761000263731532, -7.340634040783507 ], [ 109.760986974214603, -7.340227026824813 ], [ 109.76112753125831, -7.339666724414302 ], [ 109.760879208067436, -7.339060049217564 ], [ 109.760624829312334, -7.338833299171693 ], [ 109.760285347657074, -7.338750985030059 ], [ 109.759840497832613, -7.338713498986222 ], [ 109.759402295177452, -7.338703247068576 ], [ 109.758823415688425, -7.338891618800956 ], [ 109.758176539204968, -7.339115878992305 ], [ 109.757829035479915, -7.339286805048825 ], [ 109.757351363927086, -7.339529615620407 ], [ 109.756618908695202, -7.3398803137547 ], [ 109.756245039282561, -7.339969697737098 ], [ 109.755683438928017, -7.340067693640853 ], [ 109.75517024344731, -7.340057139193884 ], [ 109.754548371527392, -7.339937870319933 ], [ 109.753925581006015, -7.339746262831882 ], [ 109.75313802068186, -7.339445603918135 ], [ 109.752272835238458, -7.338991015840529 ], [ 109.751323129746623, -7.338364395365253 ], [ 109.75069081604569, -7.337946619650965 ], [ 109.750000560803713, -7.337682394244777 ], [ 109.749231954643449, -7.338005853633448 ], [ 109.748549474740599, -7.33819383268734 ], [ 109.747671376018175, -7.338299978750541 ], [ 109.747134158119195, -7.338280397047101 ], [ 109.746223198366081, -7.338304981187398 ], [ 109.745492127964653, -7.338266772697307 ], [ 109.744576516713266, -7.338218915065192 ], [ 109.743417588066947, -7.338025795527238 ], [ 109.742024013167878, -7.337605879065883 ], [ 109.741476656403762, -7.337287790374472 ], [ 109.740910487112544, -7.336381836799061 ], [ 109.740516513248352, -7.335865256045891 ], [ 109.740086309570216, -7.335429950280641 ], [ 109.739692173215445, -7.335157589298795 ], [ 109.73941965909404, -7.334930688075777 ], [ 109.739013284269134, -7.334495448425666 ], [ 109.738448720394416, -7.333924136714685 ], [ 109.737494236047681, -7.333415022569448 ], [ 109.737087565746577, -7.332979780863629 ], [ 109.736781528265013, -7.332590030946296 ], [ 109.736466409727711, -7.332109836868312 ], [ 109.736097850859693, -7.331801287612056 ], [ 109.735759883095824, -7.331610458606978 ], [ 109.735288472807582, -7.33132874518359 ], [ 109.734595433121328, -7.330974072962519 ], [ 109.734050940624456, -7.330836912729294 ], [ 109.733328042084068, -7.330608740560906 ], [ 109.732654149812802, -7.330272293811016 ], [ 109.732367406060575, -7.329982056392977 ], [ 109.73201735403137, -7.32962834750735 ], [ 109.731726678040914, -7.329329056889387 ], [ 109.730975609263695, -7.328657752231567 ], [ 109.730528382055113, -7.328358019367711 ], [ 109.730098536890964, -7.328013216487425 ], [ 109.729793151278429, -7.327686757976934 ], [ 109.728536855052141, -7.326706510953344 ], [ 109.7281534899371, -7.326434082242035 ], [ 109.727758111365191, -7.32602599195057 ], [ 109.727844256814421, -7.3257006394133 ], [ 109.726238984527868, -7.324809819142676 ], [ 109.724302782811819, -7.324017606715365 ], [ 109.724380688393893, -7.323701273633394 ], [ 109.724074298404531, -7.323546694390991 ], [ 109.723478119540459, -7.323572129451405 ], [ 109.723121180138151, -7.32325456328281 ], [ 109.723360828238839, -7.322794020286421 ], [ 109.723634064097894, -7.322577701206053 ], [ 109.724026882861892, -7.322307560408566 ], [ 109.724727153871598, -7.321712604008281 ], [ 109.725119955048996, -7.321343001970726 ], [ 109.725501939844619, -7.321099863896666 ], [ 109.726007183097963, -7.320902373704532 ], [ 109.726365870769001, -7.320577792439463 ], [ 109.726622715936728, -7.320135379128254 ], [ 109.727049514976812, -7.319865240659429 ], [ 109.727509350957092, -7.319902707534994 ], [ 109.728003085075173, -7.320075987530004 ], [ 109.728467136058001, -7.320339511100946 ], [ 109.728960608685753, -7.321001138698054 ], [ 109.729322001300488, -7.321725595630186 ], [ 109.729617893381942, -7.322106278001509 ], [ 109.72988168169087, -7.322324116692185 ], [ 109.730227983705461, -7.322469762927939 ], [ 109.730970770903028, -7.322553233946904 ], [ 109.731597916592548, -7.322591168774612 ], [ 109.73229123611226, -7.322656414623524 ], [ 109.733149945464731, -7.322713173482755 ], [ 109.73354617719238, -7.322714288382374 ], [ 109.734322238364157, -7.322653087666602 ], [ 109.734879963342863, -7.32283558281405 ], [ 109.735252665002577, -7.323261687503861 ], [ 109.735664124722746, -7.323796403091131 ], [ 109.736096675962557, -7.323897078313124 ], [ 109.736608054835557, -7.323934681441879 ], [ 109.737355931307633, -7.323936780087424 ], [ 109.737709581129508, -7.324100615920842 ], [ 109.738122113154063, -7.324255484333371 ], [ 109.738456372862572, -7.324355881854061 ], [ 109.738967725941535, -7.324429649799018 ], [ 109.739302068429012, -7.324394419016833 ], [ 109.739834129182114, -7.324142736844065 ], [ 109.740070862902712, -7.323890136920859 ], [ 109.74018978658782, -7.323592088185116 ], [ 109.740151465783555, -7.323221173953751 ], [ 109.74007411314625, -7.322732606207585 ], [ 109.739918949684025, -7.321945348654918 ], [ 109.739969552120655, -7.321267169398078 ], [ 109.740196996771544, -7.321023675402794 ], [ 109.740692008242405, -7.320744671737424 ], [ 109.741240612784011, -7.320637703223368 ], [ 109.741890917105891, -7.320594311271709 ], [ 109.742687635613265, -7.320623662214722 ], [ 109.743430982510134, -7.320508192759874 ], [ 109.744339470634117, -7.320365966467289 ], [ 109.74509909731033, -7.320304790817878 ], [ 109.745825506642333, -7.320370107763938 ], [ 109.746353610345949, -7.320516338953509 ], [ 109.746633314839286, -7.320788374278415 ], [ 109.74681400107491, -7.32115968511929 ], [ 109.747125024641477, -7.322119171995462 ], [ 109.747239381238529, -7.322625926569149 ], [ 109.747634327827896, -7.323088252418799 ], [ 109.748211454943302, -7.323306953588589 ], [ 109.749020103071558, -7.323426746333307 ], [ 109.749998349619773, -7.323556050613758 ], [ 109.749808341146334, -7.325617528037604 ], [ 109.749804282707572, -7.327073533692891 ], [ 109.749904948646531, -7.328312824752857 ], [ 109.749901620175564, -7.32950661728817 ], [ 109.750002339324865, -7.330646357189952 ], [ 109.750000638874852, -7.331550723044976 ], [ 109.750265001760397, -7.332184571603884 ], [ 109.750672507920982, -7.332619805734505 ], [ 109.751209958178592, -7.332955939700524 ], [ 109.752009035753161, -7.333193248204141 ], [ 109.752679946812663, -7.333267445510798 ], [ 109.753397621218696, -7.333151891467543 ], [ 109.753809403548601, -7.333071655992822 ], [ 109.754309396271964, -7.333045916020181 ], [ 109.754761011310421, -7.333092376779767 ], [ 109.755112413496605, -7.333156643425684 ], [ 109.755704993656039, -7.333411548096071 ], [ 109.756638700591409, -7.333477425082015 ], [ 109.757536362075925, -7.333262810550523 ], [ 109.758896451501585, -7.33266971007267 ], [ 109.760077025204225, -7.332193654933465 ], [ 109.761118868658713, -7.331644878564341 ], [ 109.762086589762674, -7.331159098440365 ], [ 109.763310553677698, -7.330656027177642 ], [ 109.764349526766793, -7.330306156952184 ], [ 109.765351152159184, -7.329956271943419 ], [ 109.766658865696058, -7.32958000763694 ], [ 109.768018935681297, -7.328986875574194 ], [ 109.768560329299731, -7.328816470468198 ], [ 109.769575892855443, -7.328557032729462 ], [ 109.770416153171467, -7.328297022937391 ], [ 109.77127640621346, -7.328100359806559 ], [ 109.771944950398165, -7.328029849624921 ], [ 109.772456840170904, -7.327967952942302 ], [ 109.773047309433778, -7.328096151459706 ], [ 109.773475628573763, -7.328603851018322 ], [ 109.773915033742028, -7.329400833398845 ], [ 109.77448149441804, -7.330306755999846 ], [ 109.775159471917092, -7.331131604175249 ], [ 109.775436442620389, -7.331593590022213 ], [ 109.775944360983658, -7.331893448897809 ], [ 109.776526703525306, -7.332374349538957 ], [ 109.776742572142496, -7.332619160965443 ], [ 109.777273724536116, -7.333000369341259 ], [ 109.777693335900921, -7.333390406362456 ], [ 109.777867729716505, -7.333779776463398 ], [ 109.778207366689372, -7.334024923900962 ], [ 109.778504848843696, -7.33414327829109 ], [ 109.77896297294285, -7.334298236903099 ], [ 109.780490291742396, -7.334664153715134 ], [ 109.781417290163773, -7.334702836007162 ], [ 109.782197510312969, -7.334578362684237 ], [ 109.782933286544562, -7.334426641576093 ], [ 109.78358864435269, -7.334319821169392 ], [ 109.784133285620655, -7.334330336813657 ], [ 109.784668769543032, -7.334467505612739 ], [ 109.78449463793315, -7.333951549726049 ], [ 109.784258470299775, -7.333037487196283 ], [ 109.784125498780384, -7.332603020691035 ], [ 109.784071833248461, -7.331707535745307 ], [ 109.784101200893488, -7.330794100874004 ], [ 109.784167313384444, -7.329799477605843 ], [ 109.784186018734914, -7.328768558054649 ], [ 109.784058109028294, -7.327899998388363 ], [ 109.783918324593486, -7.327058532670977 ], [ 109.783770494767552, -7.326126625108116 ], [ 109.783647711609447, -7.325185743247144 ], [ 109.783431340806274, -7.324271734471175 ], [ 109.782976781678471, -7.324044364904594 ], [ 109.782652832103224, -7.323772228594438 ], [ 109.782142815558501, -7.323228147680287 ], [ 109.781661500884596, -7.3225395623869 ], [ 109.781343639382982, -7.321896538865526 ], [ 109.781062674936891, -7.321226579546951 ], [ 109.780706995647108, -7.320565369451133 ], [ 109.780399139928591, -7.31978683313173 ], [ 109.780137423739504, -7.319125877322915 ], [ 109.779666568946155, -7.318328724890249 ], [ 109.779292121291689, -7.317676595878127 ], [ 109.77889802936771, -7.316970071056753 ], [ 109.778620537516986, -7.316480960538796 ], [ 109.777823801299306, -7.31530315970559 ], [ 109.777294018442404, -7.314342999851394 ], [ 109.776837979243581, -7.313319836297742 ], [ 109.776353165786588, -7.312441266345331 ], [ 109.7759451874349, -7.311653324675674 ], [ 109.775800627946666, -7.3113093365196 ], [ 109.775944944063582, -7.311002210235543 ], [ 109.775987033059636, -7.310631512430008 ], [ 109.775905885272067, -7.310287606047689 ], [ 109.775734810554326, -7.309916419976737 ], [ 109.775339519189217, -7.309544534620361 ], [ 109.775090616134023, -7.309064542774562 ], [ 109.775530119826698, -7.308477826033542 ], [ 109.776185357734548, -7.308181218661212 ], [ 109.776742614515129, -7.307468231867094 ], [ 109.777119427487705, -7.30694472733087 ], [ 109.777308226109213, -7.30651113278909 ], [ 109.777309258738256, -7.306131281273015 ], [ 109.776997741008586, -7.305660162690504 ], [ 109.776547869014109, -7.304980612561629 ], [ 109.776467268246009, -7.304627756202518 ], [ 109.776630974512841, -7.304302597766934 ], [ 109.777399699624453, -7.303798238700396 ], [ 109.777870550781074, -7.303546247564609 ], [ 109.778399191670005, -7.303466300728046 ], [ 109.779012705107448, -7.303431792874143 ], [ 109.779963736394578, -7.303425322689807 ], [ 109.780225927983238, -7.303082344634744 ], [ 109.780646807032767, -7.30217005802366 ], [ 109.781270417809608, -7.301936649789345 ], [ 109.781532808305741, -7.301629839239094 ], [ 109.781658189750331, -7.30119607056066 ], [ 109.781772146173338, -7.300816523058359 ], [ 109.782275620432728, -7.30034760602206 ], [ 109.782763591069724, -7.300032360753343 ], [ 109.782696295232554, -7.299480525839035 ], [ 109.78249449758377, -7.299145336751744 ], [ 109.782214420946374, -7.298674306296492 ], [ 109.781663551092251, -7.297641850012968 ], [ 109.781295411289292, -7.296456081761796 ], [ 109.781254710876368, -7.296012822842545 ], [ 109.78127895212269, -7.295334646724177 ], [ 109.781310766432355, -7.294755862743305 ], [ 109.781143385222904, -7.294068127744121 ], [ 109.781329898744261, -7.293453592877023 ], [ 109.781065336181456, -7.292467118928065 ], [ 109.780867540316621, -7.291923974179459 ], [ 109.78075076422526, -7.291579972251715 ], [ 109.780507854553889, -7.29095532765376 ], [ 109.779951803923581, -7.290709602635383 ], [ 109.779162321358129, -7.290725555457396 ], [ 109.778129764223479, -7.290840402496317 ], [ 109.777705271150637, -7.290803087004355 ], [ 109.777402014233829, -7.290648462528329 ], [ 109.776910268864938, -7.290348655974118 ], [ 109.776271250018326, -7.289578266394208 ], [ 109.775940159137875, -7.289360271820581 ], [ 109.775076190613674, -7.289303680253764 ], [ 109.774763128117186, -7.289185286150419 ], [ 109.774191963353019, -7.288677296119428 ], [ 109.774027097345368, -7.28838741498912 ], [ 109.773749301327655, -7.287934471777331 ], [ 109.773444923186545, -7.287644212247145 ], [ 109.773233678915673, -7.287381421579074 ], [ 109.773212527979638, -7.286920132233789 ], [ 109.773272133106872, -7.286341425577265 ], [ 109.772997640648214, -7.285608189428073 ], [ 109.772803892388637, -7.285146431970194 ], [ 109.772908959364131, -7.284685484971688 ], [ 109.773091178385599, -7.284306125031875 ], [ 109.77351987180954, -7.283619914864224 ], [ 109.773742809866675, -7.283014614976384 ], [ 109.773909116539031, -7.282553833382646 ], [ 109.774216981827038, -7.282274274980138 ], [ 109.774720943866129, -7.28200437960027 ], [ 109.775223507938193, -7.281643969353969 ], [ 109.775381551330767, -7.281282626511707 ], [ 109.775758228035883, -7.281102805338695 ], [ 109.776273024353145, -7.280995602797208 ], [ 109.776734089404869, -7.280707504755105 ], [ 109.776955117088818, -7.280391541305137 ], [ 109.777110545834148, -7.280057316497975 ], [ 109.777535325345511, -7.278937073754237 ], [ 109.77743764461718, -7.278520787228556 ], [ 109.7767450004485, -7.278555084755325 ], [ 109.776208189523572, -7.27840896228034 ], [ 109.776622475201094, -7.278129689064693 ], [ 109.776652005566021, -7.277677578109421 ], [ 109.776442069877135, -7.277125358220796 ], [ 109.776636831343055, -7.27680028166364 ], [ 109.7770722076434, -7.276674869249557 ], [ 109.777107060786719, -7.276132262014374 ], [ 109.777288702424713, -7.275825324035447 ], [ 109.777675972658827, -7.275509808369669 ], [ 109.777926701168866, -7.275311560551234 ], [ 109.778356712700045, -7.27495999138774 ], [ 109.778741258981569, -7.274463626924973 ], [ 109.778903342941192, -7.273876151964688 ], [ 109.779151799520662, -7.273578434919233 ], [ 109.779503809633127, -7.273624593245541 ], [ 109.780100064876862, -7.273770871121659 ], [ 109.781001117924944, -7.273719043866249 ], [ 109.781341234411201, -7.273412439492968 ], [ 109.782458887025868, -7.273243645287574 ], [ 109.782765899385879, -7.273054587462705 ], [ 109.783582311147981, -7.27301147904284 ], [ 109.78408975399347, -7.272913378476161 ], [ 109.784527171415576, -7.272860299668603 ], [ 109.784983560139864, -7.272834397390674 ], [ 109.785530526263486, -7.272980536089366 ], [ 109.785847572265965, -7.273587383010285 ], [ 109.785885861148202, -7.273985425689253 ], [ 109.785946769190261, -7.274609579923652 ], [ 109.786140968781424, -7.27532460211677 ], [ 109.786344443401276, -7.275867760000949 ], [ 109.78648260944982, -7.276257028241601 ], [ 109.786475208210518, -7.27689908358848 ], [ 109.786488044201533, -7.277514157443699 ], [ 109.786574204518743, -7.277885111879541 ], [ 109.786887293595484, -7.278075923896116 ], [ 109.787444603026614, -7.278294425420946 ], [ 109.787755549399463, -7.278449063033125 ], [ 109.788027191687092, -7.27866679915481 ], [ 109.78835224475462, -7.27904752528465 ], [ 109.788737859973097, -7.279319908737768 ], [ 109.78901075442711, -7.279628068231742 ], [ 109.78919848223336, -7.27991800619361 ], [ 109.789453447175703, -7.280144739147727 ], [ 109.790059568305978, -7.2802097441495 ], [ 109.790525702394817, -7.280229073744156 ], [ 109.791104154675907, -7.280140107739149 ], [ 109.791608059130596, -7.280222921864611 ], [ 109.79215256217438, -7.280233416905554 ], [ 109.792533450732449, -7.280180180561239 ], [ 109.792854678910302, -7.280289541861064 ], [ 109.793233647372631, -7.280507561581095 ], [ 109.793747486056319, -7.280897830000461 ], [ 109.794115006532024, -7.281152077291846 ], [ 109.794603699583959, -7.281198589153049 ], [ 109.795235759543004, -7.281200271756374 ], [ 109.796342883270782, -7.280814317505097 ], [ 109.79718084063505, -7.280427645185391 ], [ 109.797543034119258, -7.280383396958244 ], [ 109.798076885463644, -7.28069233552334 ], [ 109.79826325679953, -7.281045471228595 ], [ 109.798830966555812, -7.281625851715111 ], [ 109.799040686250194, -7.281933838815527 ], [ 109.799394019287561, -7.28244131339685 ], [ 109.799929558243448, -7.282650701519839 ], [ 109.800411980942499, -7.282697190834375 ], [ 109.801400441006123, -7.282672683405575 ], [ 109.802098027986219, -7.282412219339965 ], [ 109.802505138304426, -7.282160118163266 ], [ 109.803345137561962, -7.28153825460305 ], [ 109.803694447289644, -7.281114199546687 ], [ 109.803924332044133, -7.280662611898939 ], [ 109.80412701982884, -7.280102356659801 ], [ 109.804334824731242, -7.279442742120007 ], [ 109.804590466788582, -7.278683700172536 ], [ 109.804911823618113, -7.278096721615103 ], [ 109.805243661614952, -7.277753907004766 ], [ 109.805812694966818, -7.277384591233332 ], [ 109.807139490051341, -7.276673670869388 ], [ 109.807402968140792, -7.276366842621147 ], [ 109.807732021249947, -7.2758612603856 ], [ 109.808020501508778, -7.27519272265343 ], [ 109.808400134645723, -7.27399998191244 ], [ 109.808614104544844, -7.273349331691655 ], [ 109.808817056750911, -7.272798205951956 ], [ 109.809125982006066, -7.272220141728345 ], [ 109.809377031028319, -7.271895285178658 ], [ 109.809608909964666, -7.271561245546509 ], [ 109.809732809757662, -7.271136501054377 ], [ 109.809248176295753, -7.270628779411162 ], [ 109.809260505061872, -7.270257994672964 ], [ 109.809819892269928, -7.269689719811947 ], [ 109.809979751615529, -7.269165606204352 ], [ 109.809212794934894, -7.268268242384258 ], [ 109.808788232589606, -7.267950562897608 ], [ 109.808380614359905, -7.267551548609871 ], [ 109.808714846827471, -7.267344458067159 ], [ 109.809392065416716, -7.267065840393632 ], [ 109.810014652274035, -7.266886541543121 ], [ 109.810723663989009, -7.266644263952195 ], [ 109.811121005520192, -7.266464463180024 ], [ 109.811619651262788, -7.266357173998044 ], [ 109.812253754522573, -7.266114697481687 ], [ 109.812819050637472, -7.265880991601011 ], [ 109.813216064948023, -7.265683103632148 ], [ 109.813594911036333, -7.265521245843832 ], [ 109.814094356691371, -7.26545021471712 ], [ 109.814525070202862, -7.265388045542269 ], [ 109.814993050488155, -7.265325973287319 ], [ 109.815683187328304, -7.265074505246456 ], [ 109.816155256419236, -7.264876810307112 ], [ 109.816567927216326, -7.264859802677053 ], [ 109.816938287653244, -7.264915021465669 ], [ 109.817178123484013, -7.265847168276363 ], [ 109.817259136021477, -7.266254366313786 ], [ 109.817568962184325, -7.266725455912949 ], [ 109.818006050416258, -7.267025076345965 ], [ 109.818303166459685, -7.267387626773922 ], [ 109.818877220294794, -7.26800407852484 ], [ 109.81909096264998, -7.268520127960688 ], [ 109.819308927246993, -7.268963851178796 ], [ 109.820041153082158, -7.269499334478114 ], [ 109.820691645545637, -7.26947390045512 ], [ 109.821301199544109, -7.269710671927768 ], [ 109.82176510892603, -7.270037485741232 ], [ 109.821947472365125, -7.27044485662174 ], [ 109.822288559402097, -7.270988453047112 ], [ 109.822611274237488, -7.271188218811663 ], [ 109.823207140520338, -7.271262103396298 ], [ 109.824675768525893, -7.271510142577243 ], [ 109.825142816529805, -7.271493269045402 ], [ 109.825439609438021, -7.271638712863052 ], [ 109.825959994951958, -7.271703356221148 ], [ 109.82607007623858, -7.27135994854974 ], [ 109.825975674668612, -7.270554860725192 ], [ 109.825939641431617, -7.270165863776634 ], [ 109.826298921462907, -7.27000394460244 ], [ 109.826547881963975, -7.269615775757625 ], [ 109.826411709760464, -7.26930789911689 ], [ 109.826175318335629, -7.268882214830263 ], [ 109.82606206394189, -7.268348343256436 ], [ 109.826428313534592, -7.268032724884733 ], [ 109.826865482255599, -7.267843970415218 ], [ 109.827186321419759, -7.267672908565735 ], [ 109.826996353417385, -7.267373935153243 ], [ 109.826346449624538, -7.266856759655267 ], [ 109.826482234861913, -7.266450122894859 ], [ 109.826599877945625, -7.265925890890467 ], [ 109.826658674502653, -7.265428633115977 ], [ 109.827032539393372, -7.265429599951926 ], [ 109.827692819467003, -7.265458433246451 ], [ 109.828021988647265, -7.265242271539532 ], [ 109.828119986404502, -7.264862662860754 ], [ 109.828096036405398, -7.264392317390998 ], [ 109.828271569487129, -7.26394961363748 ], [ 109.828576731885079, -7.263688087989706 ], [ 109.829060686234158, -7.263282348599985 ], [ 109.829301190907969, -7.262984577169263 ], [ 109.8294449531315, -7.262668381247938 ], [ 109.829675100624925, -7.262216775282521 ], [ 109.830186913658437, -7.261838232650617 ], [ 109.830872731338786, -7.261722451364985 ], [ 109.831473966272441, -7.261362221725068 ], [ 109.831781738794433, -7.26153481556137 ], [ 109.83219092601415, -7.261680634024003 ], [ 109.832372255969773, -7.261391660003997 ], [ 109.833153611679549, -7.261529302252246 ], [ 109.833912530318528, -7.26162167460411 ], [ 109.834520837005002, -7.261704707234794 ], [ 109.834934057792609, -7.261705768133629 ], [ 109.835396111550139, -7.261652700756522 ], [ 109.835899767539217, -7.261482100542461 ], [ 109.836646287488563, -7.260878096411894 ], [ 109.836956794210053, -7.260743168586238 ], [ 109.837827807104048, -7.260808785293581 ], [ 109.838217522667136, -7.260918289411613 ], [ 109.83863443443839, -7.261489105984953 ], [ 109.83892343597752, -7.2619058775195 ], [ 109.83933909281798, -7.262413395003173 ], [ 109.839539637121192, -7.262784729008406 ], [ 109.839687872377553, -7.263255393569246 ], [ 109.839815036899509, -7.263671750963809 ], [ 109.839629728663724, -7.263969760571469 ], [ 109.839449246532183, -7.264249607559459 ], [ 109.839735785705926, -7.264666372621057 ], [ 109.840050964848842, -7.265273187716875 ], [ 109.840610211843554, -7.265618221490079 ], [ 109.840715240041874, -7.2661340770403 ], [ 109.840750923299822, -7.266577327218943 ], [ 109.841127299675463, -7.266939977664624 ], [ 109.841487359350779, -7.267375014368619 ], [ 109.841796222556283, -7.26799989714251 ], [ 109.842081200500999, -7.268561332876335 ], [ 109.842367203238823, -7.268751949718918 ], [ 109.842589560067921, -7.269123338789062 ], [ 109.842396044025932, -7.269855445397481 ], [ 109.842247829205235, -7.270162592799433 ], [ 109.842289967484007, -7.270506304721729 ], [ 109.842661514236539, -7.270977539258253 ], [ 109.842884126782906, -7.271249464586291 ], [ 109.842693936537572, -7.271674053794466 ], [ 109.842560454865691, -7.272089745460801 ], [ 109.842125134800384, -7.272314779439219 ], [ 109.84174605748899, -7.272566992896505 ], [ 109.841613099995286, -7.272865136626905 ], [ 109.842102781446769, -7.273635066890466 ], [ 109.842329123750687, -7.273879875489879 ], [ 109.842800972215514, -7.274206691037626 ], [ 109.84325426607333, -7.27448815730231 ], [ 109.843537406114862, -7.274660772689023 ], [ 109.843725745615075, -7.274959646683034 ], [ 109.843622001506091, -7.275574433781888 ], [ 109.84298517171618, -7.275771736612618 ], [ 109.842425259763957, -7.275797432891047 ], [ 109.842094263996458, -7.275850840284408 ], [ 109.841864512957912, -7.276148736506815 ], [ 109.842040545842067, -7.276936040129929 ], [ 109.842369455826244, -7.277696607892506 ], [ 109.842622264587888, -7.278339341834535 ], [ 109.842824459997971, -7.278972904173856 ], [ 109.842899820704559, -7.279380086952003 ], [ 109.843076504699184, -7.27991421011296 ], [ 109.843279301116112, -7.280167910370423 ], [ 109.843329338443638, -7.28054790179412 ], [ 109.843251886191069, -7.280927567475535 ], [ 109.842767397945224, -7.281333319400696 ], [ 109.842156426965644, -7.281404094808253 ], [ 109.841723410420215, -7.281484366952551 ], [ 109.841595463463577, -7.28183677625035 ], [ 109.841619617288401, -7.282668902427917 ], [ 109.841582517749742, -7.283446618528458 ], [ 109.841504754608209, -7.283771939073816 ], [ 109.840982860044804, -7.284403738210351 ], [ 109.84050038246157, -7.284809491902323 ], [ 109.840325577819428, -7.285288371308429 ], [ 109.840420524171861, -7.285804110893665 ], [ 109.840168996858353, -7.286318962300705 ], [ 109.839744555875512, -7.286489675780507 ], [ 109.839129479663583, -7.285918348568049 ], [ 109.838647814009562, -7.286007534358023 ], [ 109.838241943293141, -7.28644965048344 ], [ 109.837836342433519, -7.286873682408507 ], [ 109.836987103350424, -7.287468465501049 ], [ 109.836543601127858, -7.287557746848863 ], [ 109.836023021519054, -7.287791504464287 ], [ 109.835732912135029, -7.288233915572905 ], [ 109.835597036515011, -7.288559175062189 ], [ 109.835807458203362, -7.289156591860263 ], [ 109.83600569208231, -7.289672687953181 ], [ 109.835879464488769, -7.290224027089926 ], [ 109.835646190423972, -7.290666584170734 ], [ 109.83557313968862, -7.291218060044097 ], [ 109.835411448260288, -7.291706012186627 ], [ 109.835125163611707, -7.291967588436254 ], [ 109.834392257978621, -7.29230939264688 ], [ 109.833838403214969, -7.292497849938311 ], [ 109.833480683347233, -7.292713939265075 ], [ 109.833479770205699, -7.293066672455905 ], [ 109.833692716073969, -7.29358271688315 ], [ 109.83372724203582, -7.294007879012461 ], [ 109.833654837706121, -7.294423722975795 ], [ 109.833203910866516, -7.294983354948235 ], [ 109.832787899394148, -7.295154081916979 ], [ 109.832199445828223, -7.29494450089781 ], [ 109.831800861507176, -7.294961645363553 ], [ 109.83171260463304, -7.295585417762152 ], [ 109.831729171190844, -7.295965322418189 ], [ 109.831346806758987, -7.296380363970647 ], [ 109.83079212446313, -7.296568814372414 ], [ 109.830462497657919, -7.296721768467871 ], [ 109.830254154471191, -7.296965367650537 ], [ 109.83040925878025, -7.297291377859137 ], [ 109.830668373017815, -7.297572356035499 ], [ 109.830701751980726, -7.298006557128999 ], [ 109.830302853132906, -7.298258795462618 ], [ 109.82995646540985, -7.298221729566094 ], [ 109.829593083193316, -7.298085155520139 ], [ 109.829091619835367, -7.297740163010409 ], [ 109.828693480682318, -7.297585323484594 ], [ 109.828260447548345, -7.297665670255161 ], [ 109.827791039533423, -7.298234198983557 ], [ 109.827460818758425, -7.2987578776117 ], [ 109.826940473635801, -7.299009797239526 ], [ 109.826507164094537, -7.299081008761378 ], [ 109.826143334788284, -7.299116231825369 ], [ 109.825821869779062, -7.299088269645042 ], [ 109.825479149890441, -7.29927726368714 ], [ 109.825349237351318, -7.299946226066221 ], [ 109.825090804222611, -7.300578594875943 ], [ 109.825153691386433, -7.301094251686998 ], [ 109.825409560405916, -7.301330103872582 ], [ 109.825622318030895, -7.301800939828317 ], [ 109.825172522640841, -7.302034865475 ], [ 109.824574096097294, -7.301924801853351 ], [ 109.824210311801195, -7.30194193878692 ], [ 109.823760932436585, -7.302130743649416 ], [ 109.823481505004764, -7.302564128976299 ], [ 109.823437955206572, -7.302880490622356 ], [ 109.823479447961645, -7.303350880861352 ], [ 109.823243257138188, -7.30373012568858 ], [ 109.822730277866782, -7.303647408564679 ], [ 109.822302439729157, -7.303709587357211 ], [ 109.821938369847402, -7.303835317599749 ], [ 109.821467781777386, -7.303879299680003 ], [ 109.820996841876834, -7.304086038840569 ], [ 109.820781884246202, -7.304456295312352 ], [ 109.820609909500334, -7.304727200447954 ], [ 109.819646417630608, -7.305149752019586 ], [ 109.819453087894559, -7.305474763073746 ], [ 109.819665958738526, -7.305900390709915 ], [ 109.819387464431273, -7.306089637285925 ], [ 109.818836189205811, -7.306368500476717 ], [ 109.818360903226917, -7.306493936135338 ], [ 109.817855061621714, -7.307360836108709 ], [ 109.817424217782872, -7.307911366972676 ], [ 109.816514827591917, -7.308831459289809 ], [ 109.816179479238187, -7.309337028434939 ], [ 109.816059538298347, -7.30964423612323 ], [ 109.81598698144667, -7.309996688349695 ], [ 109.815819211168076, -7.31028568608494 ], [ 109.8155555953022, -7.310637726796953 ], [ 109.815435316656377, -7.311044396600242 ], [ 109.815409443558266, -7.311849258022002 ], [ 109.815312000625738, -7.312518209124915 ], [ 109.815262920462487, -7.313087823968288 ], [ 109.81509502906539, -7.313422031406052 ], [ 109.814330195219753, -7.313872216267248 ], [ 109.813758836193031, -7.314114940287453 ], [ 109.813222560847976, -7.314393833891798 ], [ 109.812632184222608, -7.314907859871539 ], [ 109.81211320542441, -7.315367730013675 ], [ 109.811773676724926, -7.315529592737695 ], [ 109.811452178759239, -7.315510660638187 ], [ 109.810738375749125, -7.315472608892507 ], [ 109.810056922826845, -7.315516020363553 ], [ 109.810040951510544, -7.315877752602489 ], [ 109.809896482841836, -7.316447113720689 ], [ 109.809841997243268, -7.316826828370166 ], [ 109.809680119127719, -7.317341890724768 ], [ 109.809339737830186, -7.317711807620937 ], [ 109.80914273435333, -7.318036892754959 ], [ 109.808855399518237, -7.318569707072129 ], [ 109.808658371255802, -7.318903833895633 ], [ 109.808639440241862, -7.319310678055203 ], [ 109.808758574470829, -7.320070709937286 ], [ 109.808756702370687, -7.320776169155313 ], [ 109.80871146601406, -7.321300581328098 ], [ 109.808293496655594, -7.321887301676113 ], [ 109.807875814376786, -7.32236551712355 ], [ 109.807546183028634, -7.322735460211247 ], [ 109.807325826090334, -7.323105692502223 ], [ 109.807149828329358, -7.323394663388211 ], [ 109.806842486911194, -7.323583732647205 ], [ 109.806184076398154, -7.323889508174001 ], [ 109.805591394770474, -7.324195366602396 ], [ 109.805239699377296, -7.324547164740122 ], [ 109.804757006982015, -7.324781067587052 ], [ 109.804011724340256, -7.324779087639087 ], [ 109.803397567836285, -7.32495829662029 ], [ 109.802607738303536, -7.325191380156786 ], [ 109.802278801149924, -7.325299009678016 ], [ 109.801818518895885, -7.325279700259574 ], [ 109.801489937285311, -7.325170320458441 ], [ 109.800920881330725, -7.324879368015169 ], [ 109.800373442729196, -7.324660899531651 ], [ 109.799650026406454, -7.324722265116503 ], [ 109.799277123781053, -7.324874985429118 ], [ 109.798386692832622, -7.325243423690552 ], [ 109.798159150904013, -7.325866808485072 ], [ 109.797831605027142, -7.326291000621026 ], [ 109.797378845347311, -7.326669647469828 ], [ 109.796976007801774, -7.32709363749244 ], [ 109.796522370917288, -7.327770759007664 ], [ 109.79611841643225, -7.328637895850035 ], [ 109.795840385697161, -7.329396774194537 ], [ 109.795588125507521, -7.329821165434322 ], [ 109.795436013167844, -7.330390497461312 ], [ 109.795284070200736, -7.330896625909053 ], [ 109.794855210696994, -7.331745609846048 ], [ 109.794502631328811, -7.332115388477759 ], [ 109.79382364689917, -7.332592886065711 ], [ 109.793295803547252, -7.332862821205802 ], [ 109.792785903411797, -7.333847215193118 ], [ 109.792551567895146, -7.334769054346951 ], [ 109.792397317638361, -7.335076159560142 ], [ 109.792026802127481, -7.335807749465634 ], [ 109.792083034790366, -7.336477101574498 ], [ 109.792400419815607, -7.337083951837025 ], [ 109.792660103551398, -7.337455373173445 ], [ 109.792427154785173, -7.337861729110224 ], [ 109.791991821632749, -7.338059573918292 ], [ 109.791671459407823, -7.338556114553936 ], [ 109.791148327895002, -7.339097319344607 ], [ 109.790480017306166, -7.339710468606006 ], [ 109.790131087337585, -7.340080342342818 ], [ 109.789173466307631, -7.340394322905562 ], [ 109.788128507823444, -7.340852737847621 ], [ 109.787663773629049, -7.341231338676721 ], [ 109.787546766824491, -7.341574709861577 ], [ 109.787486989414631, -7.342216622088899 ], [ 109.787514798578584, -7.342732182575006 ], [ 109.787258415807315, -7.3432108073834 ], [ 109.787064430725991, -7.343762027086981 ], [ 109.787063131366196, -7.344241340788396 ], [ 109.78718216626649, -7.344720979644761 ], [ 109.787108832413708, -7.345127762570563 ], [ 109.78686684483651, -7.34575109793737 ], [ 109.786503931599611, -7.34656407873893 ], [ 109.78638138919689, -7.347404835257439 ], [ 109.786393216883056, -7.348055982484919 ], [ 109.786330637518148, -7.348462794114712 ], [ 109.786016169447535, -7.34917644288166 ], [ 109.78570194605598, -7.349799581404322 ] ] ] } },
{ "type": "Feature", "properties": { "KECAMATAN": "Pandanarum" }, "geometry": { "type": "Polygon", "coordinates": [ [ [ 109.5971682351543, -7.262398689791318 ], [ 109.597909741403214, -7.262120608125331 ], [ 109.598571334003793, -7.261941823955927 ], [ 109.59921094378906, -7.261771921845093 ], [ 109.599584753190143, -7.26168266157197 ], [ 109.600317016734991, -7.261567382402682 ], [ 109.601046200067671, -7.261506340851391 ], [ 109.602165790588487, -7.261518831847185 ], [ 109.602952849627769, -7.261602627836272 ], [ 109.603592534529128, -7.261577472248801 ], [ 109.604261223663272, -7.261688026036881 ], [ 109.6061425452164, -7.261910892184954 ], [ 109.606890829599422, -7.261904148351419 ], [ 109.607588365043256, -7.262032868857728 ], [ 109.60824109367492, -7.262089119586717 ], [ 109.608817018782389, -7.262181299664523 ], [ 109.609408914593061, -7.262228320866133 ], [ 109.609770378208651, -7.262292718313434 ], [ 109.610227912348662, -7.2623212440016 ], [ 109.610947833855249, -7.262432035743992 ], [ 109.611469255259124, -7.262496921500642 ], [ 109.612007024724633, -7.262661312471588 ], [ 109.612346321193684, -7.262770847374573 ], [ 109.612823229716682, -7.262935141790762 ], [ 109.613313278009016, -7.263271263274019 ], [ 109.613873642795028, -7.263544218672683 ], [ 109.614306274542969, -7.263853039598756 ], [ 109.614789781220779, -7.264180098439055 ], [ 109.61521594534095, -7.26447976711016 ], [ 109.615927500134191, -7.265105979247347 ], [ 109.616629559436916, -7.265858651555979 ], [ 109.616895410506345, -7.266103671881647 ], [ 109.617408472085643, -7.266584523527009 ], [ 109.617693773663831, -7.266965224644289 ], [ 109.618271057601703, -7.267618059055902 ], [ 109.618861898441793, -7.268307190563521 ], [ 109.619325893089695, -7.268815015760498 ], [ 109.619544039491942, -7.269105097126763 ], [ 109.619852135629714, -7.269603405877095 ], [ 109.620134689247834, -7.270029305089722 ], [ 109.620107369475875, -7.270734546386559 ], [ 109.619970801850741, -7.271168211194899 ], [ 109.619837675085549, -7.271746640166751 ], [ 109.619428456797664, -7.27332792037555 ], [ 109.619280113866708, -7.274168504792762 ], [ 109.619153393480147, -7.274873533083642 ], [ 109.619080831066384, -7.275280267868597 ], [ 109.619037191490605, -7.275777505344026 ], [ 109.618897968190169, -7.276419114641542 ], [ 109.618724792554829, -7.277784117430776 ], [ 109.618189761478817, -7.278279855513415 ], [ 109.61780304262048, -7.278776045483804 ], [ 109.61776956280768, -7.27917385750588 ], [ 109.617703726297776, -7.279797697377688 ], [ 109.617429598061037, -7.280131484350668 ], [ 109.617187983052148, -7.280456238530602 ], [ 109.616945810889476, -7.280889578581513 ], [ 109.61681589280721, -7.281368468669775 ], [ 109.616829667608485, -7.28213721446768 ], [ 109.616796812545601, -7.283158978191247 ], [ 109.616650548707725, -7.283683115707337 ], [ 109.616777243491256, -7.28428032876073 ], [ 109.617222594639273, -7.285611053780772 ], [ 109.617285600045903, -7.286009160387072 ], [ 109.61737939587023, -7.286814316589497 ], [ 109.617714121102765, -7.287592994477217 ], [ 109.617979828600411, -7.288254012987268 ], [ 109.617936158472631, -7.288832622562232 ], [ 109.617952956035239, -7.289248670879359 ], [ 109.617950381483794, -7.289917910904594 ], [ 109.617064547708878, -7.290828568860376 ], [ 109.616790579648779, -7.291180346923523 ], [ 109.616707862929061, -7.291948797170494 ], [ 109.616848551670998, -7.293242425096389 ], [ 109.617038869171012, -7.2939393793915 ], [ 109.61729606411437, -7.294600282169568 ], [ 109.617359291362106, -7.294926057999351 ], [ 109.617373757271977, -7.295468679235674 ], [ 109.617044960974113, -7.298035984565992 ], [ 109.617026663059875, -7.298741251277425 ], [ 109.616431144670358, -7.29920063089505 ], [ 109.615884103006223, -7.299633033786448 ], [ 109.615593680830742, -7.30011152030013 ], [ 109.615286989180674, -7.300707404816255 ], [ 109.614821638005495, -7.300633645859985 ], [ 109.61442051440531, -7.30056008356655 ], [ 109.613746713806535, -7.300440386245601 ], [ 109.612705625407131, -7.300464312777559 ], [ 109.612047630489968, -7.300353793429089 ], [ 109.6113741101329, -7.300143769828761 ], [ 109.610892741894205, -7.300106123450189 ], [ 109.610122146731385, -7.300085578763695 ], [ 109.609657077933008, -7.299993732798506 ], [ 109.608967540177886, -7.299747490949898 ], [ 109.608325735848709, -7.299618843182365 ], [ 109.607346721881839, -7.299615824748249 ], [ 109.6065439778273, -7.299631430996052 ], [ 109.606046946719005, -7.299467151704302 ], [ 109.605228520110416, -7.299338044907572 ], [ 109.604602513246647, -7.29931802807763 ], [ 109.604104315537754, -7.299506357505519 ], [ 109.603493289925609, -7.299857172782597 ], [ 109.602511723022658, -7.30060475167168 ], [ 109.602086067627198, -7.300856592658515 ], [ 109.601822204243646, -7.299897208173675 ], [ 109.60140816784579, -7.299606511273256 ], [ 109.60058876421688, -7.299432186342779 ], [ 109.600040121617525, -7.299294865057505 ], [ 109.599393248399068, -7.298876865492868 ], [ 109.598694317887919, -7.298196413501398 ], [ 109.598459373931391, -7.29783393920814 ], [ 109.598122136749467, -7.297344568197865 ], [ 109.597810978781268, -7.29709044402147 ], [ 109.597192404333654, -7.296771985118263 ], [ 109.596150794367546, -7.296081515178459 ], [ 109.59548654375611, -7.295419250351197 ], [ 109.595337485851019, -7.295129373005336 ], [ 109.595062773710367, -7.29454074008799 ], [ 109.594712829978164, -7.293960914529555 ], [ 109.593829492937346, -7.293506008452929 ], [ 109.592923986386211, -7.293430859140581 ], [ 109.592490938883728, -7.2930858488807 ], [ 109.591995474798253, -7.29249652746977 ], [ 109.587854458285065, -7.293044261215758 ], [ 109.586672547446483, -7.292877732287827 ], [ 109.586192005016954, -7.292867187953912 ], [ 109.585258568240718, -7.293126555734259 ], [ 109.584516835665255, -7.293196563740674 ], [ 109.58422998557846, -7.291983857206497 ], [ 109.584137670583502, -7.291368667934026 ], [ 109.583859796990851, -7.290888517219738 ], [ 109.583545647937115, -7.290616203081793 ], [ 109.582629888399723, -7.289862813457372 ], [ 109.582036792676732, -7.289381673842328 ], [ 109.581758357037657, -7.289010016422455 ], [ 109.581517400490085, -7.288665600410084 ], [ 109.581309534574473, -7.28836649469364 ], [ 109.581010993450619, -7.287976691341527 ], [ 109.580672364137214, -7.287487307696826 ], [ 109.580506419577119, -7.287061755059073 ], [ 109.580359827971463, -7.286609139233108 ], [ 109.580106836717121, -7.285794537206258 ], [ 109.579893838662798, -7.285133672498544 ], [ 109.579686000668033, -7.28451812092634 ], [ 109.579510228486541, -7.284083496102183 ], [ 109.579304180110924, -7.283540190153979 ], [ 109.579013467450409, -7.282942460953291 ], [ 109.578876038211504, -7.282616452110706 ], [ 109.578283487676103, -7.281610825869588 ], [ 109.577863443954882, -7.281175433543913 ], [ 109.577131587064898, -7.280630565434818 ], [ 109.576250688120794, -7.279678279155515 ], [ 109.576081573613322, -7.279288881301215 ], [ 109.575901635143282, -7.278827119050485 ], [ 109.575662977488946, -7.278111925512343 ], [ 109.575478254289706, -7.274503145716865 ], [ 109.575342864479438, -7.274005358525387 ], [ 109.575159184518967, -7.273380841411171 ], [ 109.575046673506478, -7.273063952003553 ], [ 109.574879716256007, -7.272701684920928 ], [ 109.57444858134474, -7.271832184287554 ], [ 109.574156927075478, -7.271252533957483 ], [ 109.573810612604262, -7.270790248334147 ], [ 109.573570124719012, -7.270491038746097 ], [ 109.573158176659945, -7.269458854920061 ], [ 109.57272621719639, -7.269041505778975 ], [ 109.57248644244973, -7.268706133021541 ], [ 109.572246668035149, -7.268370760201751 ], [ 109.572038868238977, -7.268125991239937 ], [ 109.571639015240493, -7.267663536179147 ], [ 109.571239820355629, -7.266993043156261 ], [ 109.571000517776639, -7.266603423821326 ], [ 109.570728467640592, -7.266249956762873 ], [ 109.570200902886896, -7.26565138898838 ], [ 109.569864731407819, -7.265361008436039 ], [ 109.56946539786216, -7.264735720609636 ], [ 109.56912878742817, -7.264608081231708 ], [ 109.56799074993954, -7.264080006468983 ], [ 109.566996473812409, -7.263832662594027 ], [ 109.566324412318963, -7.263731085581352 ], [ 109.564256669720663, -7.263037231038822 ], [ 109.563294635688351, -7.262726783542471 ], [ 109.56295835688681, -7.262472473347882 ], [ 109.562461406476132, -7.262208703206614 ], [ 109.561854449244336, -7.2620891535432 ], [ 109.561501553225611, -7.261988581402476 ], [ 109.561181221587759, -7.261815782321838 ], [ 109.560700874944189, -7.261380189237863 ], [ 109.559500008535252, -7.260444951274267 ], [ 109.559147816532359, -7.260217712175801 ], [ 109.5586858030874, -7.259818340757707 ], [ 109.55842725339933, -7.259591488976032 ], [ 109.55785091494991, -7.259191753912377 ], [ 109.557436348390667, -7.25901856305947 ], [ 109.556875265923011, -7.258799790477321 ], [ 109.556234220242231, -7.258553548952505 ], [ 109.555556913934339, -7.257782800430209 ], [ 109.554044477234171, -7.256909849213029 ], [ 109.552040526328213, -7.256134780660028 ], [ 109.550373740348476, -7.255568818798054 ], [ 109.549863247139456, -7.255458604452214 ], [ 109.549167770393751, -7.254723956092942 ], [ 109.548863235738821, -7.254098959936545 ], [ 109.548218689550907, -7.25336447346864 ], [ 109.547013330142718, -7.252239241516341 ], [ 109.545875601367598, -7.251286096830825 ], [ 109.545551928063105, -7.250832911413468 ], [ 109.545338003298511, -7.250479530165292 ], [ 109.545042756424081, -7.250243514383508 ], [ 109.54419847366168, -7.249996608811985 ], [ 109.543863477234794, -7.24981471221011 ], [ 109.543252207244691, -7.249279233823398 ], [ 109.542799633683046, -7.248762255510886 ], [ 109.542443400184894, -7.248218552684074 ], [ 109.542251436210989, -7.247910537339473 ], [ 109.541620686995003, -7.247094628412309 ], [ 109.541118973553026, -7.246812652411611 ], [ 109.540720082352152, -7.246693837370115 ], [ 109.540005761029022, -7.246185148926791 ], [ 109.539695453073904, -7.245967074289472 ], [ 109.539654909361815, -7.245641371775589 ], [ 109.53872895733349, -7.244580401113515 ], [ 109.539797111675043, -7.243661451458671 ], [ 109.540052156259023, -7.243463364315921 ], [ 109.540403603252784, -7.242939923380466 ], [ 109.540643361816265, -7.242479502404281 ], [ 109.540867122833205, -7.242163779041388 ], [ 109.541281971008956, -7.241731042436767 ], [ 109.542396529714736, -7.241146756508 ], [ 109.542842513186827, -7.240876949336191 ], [ 109.543288542126575, -7.24061609253409 ], [ 109.543750819257852, -7.240201587074226 ], [ 109.544165750031681, -7.239741723622005 ], [ 109.544533019036933, -7.239218418927909 ], [ 109.54475712373781, -7.238794109203817 ], [ 109.544900576107366, -7.238441871013896 ], [ 109.545206724722576, -7.237836999332663 ], [ 109.545472900778435, -7.237448988153456 ], [ 109.546045765408863, -7.236799671094256 ], [ 109.546434456680487, -7.23639405824446 ], [ 109.546863358372789, -7.236069853578715 ], [ 109.547232214501975, -7.235935412416268 ], [ 109.547732752767544, -7.235602394029916 ], [ 109.548151006493057, -7.235431854286028 ], [ 109.548426835050137, -7.235269991817917 ], [ 109.548793919713134, -7.234918464209136 ], [ 109.549091510035794, -7.234512467601486 ], [ 109.549582739514605, -7.233890098293235 ], [ 109.550062080926949, -7.233810253332843 ], [ 109.550493041455496, -7.233377556242501 ], [ 109.551126399035098, -7.233189615042974 ], [ 109.55198901915324, -7.231564667139752 ], [ 109.552480608564352, -7.231014533720786 ], [ 109.553125125504849, -7.231143247974852 ], [ 109.553831267266787, -7.23058475259583 ], [ 109.554643882972286, -7.230614544525753 ], [ 109.55505040698128, -7.230561495795363 ], [ 109.555295128078811, -7.230318158369393 ], [ 109.555809985417881, -7.230292666388319 ], [ 109.556676662427989, -7.230322535502334 ], [ 109.557191187034874, -7.230378412038387 ], [ 109.557542174875636, -7.230813592945696 ], [ 109.557866626460111, -7.231022568296186 ], [ 109.558192431909731, -7.230734279435273 ], [ 109.558681441602204, -7.230383127289375 ], [ 109.559194980142792, -7.230656078825516 ], [ 109.559790472245652, -7.230893033492081 ], [ 109.56054955091777, -7.230687482923862 ], [ 109.561282206246062, -7.230337097061542 ], [ 109.561527107655138, -7.230012294468556 ], [ 109.56184423494679, -7.229515935683732 ], [ 109.562162829463915, -7.229263695133173 ], [ 109.562181042685083, -7.228793516737272 ], [ 109.562399523641417, -7.228251639813474 ], [ 109.562671732612031, -7.227791303399914 ], [ 109.563138928283749, -7.225739957289131 ], [ 109.564037232963869, -7.224359201571536 ], [ 109.564892050905357, -7.224027364810098 ], [ 109.565254648503782, -7.223268857739577 ], [ 109.565913470969647, -7.222719321051484 ], [ 109.566677242745499, -7.222441351132091 ], [ 109.567016825026244, -7.222279674770733 ], [ 109.567442113141595, -7.221837897074734 ], [ 109.568332652136178, -7.22173210627507 ], [ 109.56884121905297, -7.221733701651053 ], [ 109.569159263948166, -7.221653327479543 ], [ 109.570432221383655, -7.221250368741786 ], [ 109.570899377603567, -7.220980593142911 ], [ 109.571323529014066, -7.220828128770354 ], [ 109.572084827129203, -7.221337005061359 ], [ 109.57278284713351, -7.221809426858688 ], [ 109.573414426951572, -7.222182095369484 ], [ 109.574134111765446, -7.222437591978061 ], [ 109.574982297457694, -7.222313663548361 ], [ 109.575321113595805, -7.222396093424107 ], [ 109.575745149878145, -7.222352210723933 ], [ 109.576634844672469, -7.222445400265124 ], [ 109.577398132126476, -7.222321202354407 ], [ 109.578161702195729, -7.222106500329811 ], [ 109.578713587273299, -7.221818897381717 ], [ 109.579648928639003, -7.22097174418236 ], [ 109.580031201182535, -7.220719686169164 ], [ 109.580668426466374, -7.220170056749294 ], [ 109.581320064394035, -7.219475719151287 ], [ 109.581821032236036, -7.219088408036819 ], [ 109.582219751297671, -7.21863748927271 ], [ 109.582774219094844, -7.218141846827558 ], [ 109.583458917915792, -7.217547152765051 ], [ 109.584124434049485, -7.216997604568153 ], [ 109.58483866844702, -7.216556702265312 ], [ 109.585421542850128, -7.216024887737015 ], [ 109.585928030262266, -7.215492926089912 ], [ 109.586345447144311, -7.214933563889687 ], [ 109.587028598029988, -7.214112733397245 ], [ 109.587488376043012, -7.213761451946777 ], [ 109.587996548408768, -7.21294920996742 ], [ 109.588280240194422, -7.212362217199864 ], [ 109.588778964128366, -7.211586019595752 ], [ 109.589220752134366, -7.210845901216817 ], [ 109.58948195625662, -7.210286052204138 ], [ 109.589689117819972, -7.209092959366539 ], [ 109.589672960112708, -7.20845079134565 ], [ 109.58972143610039, -7.207962616433913 ], [ 109.589781278756178, -7.207203235391185 ], [ 109.590060326467466, -7.207005095393811 ], [ 109.590473438431971, -7.206915955397383 ], [ 109.590989684903292, -7.206989877611941 ], [ 109.591419999852889, -7.207108741435497 ], [ 109.591856324818892, -7.20711912684827 ], [ 109.592394925787048, -7.207256496496606 ], [ 109.593205738233408, -7.207693068955276 ], [ 109.594072437620952, -7.20787656286821 ], [ 109.594811558754884, -7.207978290619257 ], [ 109.595247482908789, -7.207925381986731 ], [ 109.595676638956817, -7.207791079582164 ], [ 109.595696391976006, -7.20743843547218 ], [ 109.595789698170222, -7.206914230756523 ], [ 109.595692026532646, -7.206479853428682 ], [ 109.595946947871809, -7.205919979332087 ], [ 109.596363840269149, -7.205912217781375 ], [ 109.59679469979632, -7.206121492280618 ], [ 109.59721876357483, -7.206258414395589 ], [ 109.597742858025484, -7.206621768410375 ], [ 109.598891678513098, -7.20718594777169 ], [ 109.599437069345626, -7.20735045456676 ], [ 109.599981599408906, -7.207406370809659 ], [ 109.600533676853416, -7.207679393843271 ], [ 109.600988375959162, -7.208151029447755 ], [ 109.601756502085138, -7.208949114594201 ], [ 109.60254752948677, -7.209268073734244 ], [ 109.603070684695652, -7.209477716019221 ], [ 109.603794257083223, -7.209660755390375 ], [ 109.604426132249799, -7.209943059837024 ], [ 109.605017151013371, -7.210351818842146 ], [ 109.60559258467508, -7.21077861258097 ], [ 109.606202383583948, -7.211151171603537 ], [ 109.606869572494944, -7.211460705342287 ], [ 109.607516549333141, -7.211616381832035 ], [ 109.608374735945446, -7.211365835993967 ], [ 109.609131620390599, -7.211205304055886 ], [ 109.610271232015251, -7.211199729895676 ], [ 109.611063893411838, -7.213019923455834 ], [ 109.612280484757349, -7.214316729383308 ], [ 109.613537290205699, -7.215405792266004 ], [ 109.614295336474868, -7.216068210006317 ], [ 109.61565076523857, -7.216551609084495 ], [ 109.61635642155295, -7.216960704350504 ], [ 109.616586106665054, -7.217648732766872 ], [ 109.616926570807991, -7.219404171036697 ], [ 109.617109204196751, -7.220218637501977 ], [ 109.617201992244205, -7.221530202996837 ], [ 109.616429781117617, -7.222992851078973 ], [ 109.616071152113832, -7.224411544517878 ], [ 109.615749364383632, -7.225550063659645 ], [ 109.61566755930842, -7.226372769244364 ], [ 109.615433323147144, -7.22720396293957 ], [ 109.615208862984801, -7.2281348229046 ], [ 109.614820661296875, -7.228766636087144 ], [ 109.61422028066869, -7.229017972174963 ], [ 109.613679656437043, -7.229703659676153 ], [ 109.613475124384635, -7.230146159149745 ], [ 109.613324955956585, -7.230661155470477 ], [ 109.613126130408034, -7.230995174578595 ], [ 109.613048554794247, -7.231383811280358 ], [ 109.612490476336546, -7.232403976893345 ], [ 109.610908231981639, -7.232408197426778 ], [ 109.609172561075823, -7.232258239751997 ], [ 109.607533168031921, -7.23227131563061 ], [ 109.604412626387088, -7.232804344130791 ], [ 109.602458611826492, -7.233530889754632 ], [ 109.599911960696289, -7.233541153237069 ], [ 109.598904781251434, -7.233348097082093 ], [ 109.59739468357877, -7.234292977344579 ], [ 109.596348575496179, -7.234543004339722 ], [ 109.59507567035881, -7.234629493952815 ], [ 109.593983918283641, -7.234716539121852 ], [ 109.592804576271575, -7.235020394371344 ], [ 109.591489358377402, -7.235531777551437 ], [ 109.590652448989786, -7.235646816743926 ], [ 109.590727422481635, -7.236560407413696 ], [ 109.590902868618429, -7.237221060399807 ], [ 109.591025353913508, -7.237863557192743 ], [ 109.590901291913156, -7.23845095237922 ], [ 109.590788589634542, -7.238938927617795 ], [ 109.590674319982156, -7.239282236105464 ], [ 109.590544385199379, -7.239932902356165 ], [ 109.590447719105484, -7.240258182477029 ], [ 109.590215447993913, -7.240583042533813 ], [ 109.58986691918885, -7.241097410763808 ], [ 109.589928471970026, -7.241594966683397 ], [ 109.590068561051211, -7.242147014116577 ], [ 109.590130756197638, -7.24279836558213 ], [ 109.590140121787769, -7.243340966616151 ], [ 109.590185033040541, -7.243739016038334 ], [ 109.590044735594134, -7.244263070507229 ], [ 109.589405490667062, -7.244875991455919 ], [ 109.58884280938581, -7.245000915579035 ], [ 109.589883965747049, -7.245727543479026 ], [ 109.590741924565904, -7.246390402840787 ], [ 109.591509756821367, -7.246908229663705 ], [ 109.592301404649163, -7.247163839192798 ], [ 109.593217123131993, -7.247456087260833 ], [ 109.593442495168119, -7.247791405582207 ], [ 109.593587891373303, -7.248271138413286 ], [ 109.59391539934883, -7.248516358832117 ], [ 109.59458149645387, -7.248997701623071 ], [ 109.595010384582878, -7.249396847830209 ], [ 109.595076207547748, -7.250084376675356 ], [ 109.595205718902221, -7.250582143062567 ], [ 109.595222547141034, -7.25107956118421 ], [ 109.595240010321348, -7.251468484751087 ], [ 109.595237935750077, -7.252137720991279 ], [ 109.595217164621189, -7.252815850372141 ], [ 109.595233225614805, -7.253656928771254 ], [ 109.595453690410594, -7.254299728896987 ], [ 109.595711334811043, -7.254897346657659 ], [ 109.59595061934067, -7.255395452483427 ], [ 109.595857059782674, -7.255729784638071 ], [ 109.595577297268491, -7.256244368528135 ], [ 109.595501714649075, -7.256705335356252 ], [ 109.595556104069033, -7.257130538609609 ], [ 109.595587829423906, -7.257591837275459 ], [ 109.595623838635959, -7.258188769818643 ], [ 109.595736335332717, -7.258514697678702 ], [ 109.59581092506464, -7.258831466924952 ], [ 109.595846906644709, -7.259365109780211 ], [ 109.595694781388005, -7.259681177776422 ], [ 109.595428953232968, -7.259987762094954 ], [ 109.595257747556118, -7.260339936293739 ], [ 109.595311657332118, -7.261208255751523 ], [ 109.595271662718048, -7.26196778808814 ], [ 109.595289226791976, -7.262420001483718 ], [ 109.595722811413921, -7.262873502510105 ], [ 109.596002947926081, -7.263154651967373 ], [ 109.596478384807781, -7.262803509112217 ], [ 109.5971682351543, -7.262398689791318 ] ] ] } },
{ "type": "Feature", "properties": { "KECAMATAN": "Pejawaran" }, "geometry": { "type": "Polygon", "coordinates": [ [ [ 109.808788232589606, -7.267950562897608 ], [ 109.809212794934894, -7.268268242384258 ], [ 109.809979751615529, -7.269165606204352 ], [ 109.809819892269928, -7.269689719811947 ], [ 109.809260505061872, -7.270257994672964 ], [ 109.809248176295753, -7.270628779411162 ], [ 109.809732809757662, -7.271136501054377 ], [ 109.809608909964666, -7.271561245546509 ], [ 109.809377031028319, -7.271895285178658 ], [ 109.809125982006066, -7.272220141728345 ], [ 109.808817056750911, -7.272798205951956 ], [ 109.808614104544844, -7.273349331691655 ], [ 109.808400134645723, -7.27399998191244 ], [ 109.808020501508778, -7.27519272265343 ], [ 109.807732021249947, -7.2758612603856 ], [ 109.807402968140792, -7.276366842621147 ], [ 109.807139490051341, -7.276673670869388 ], [ 109.805812694966818, -7.277384591233332 ], [ 109.805243661614952, -7.277753907004766 ], [ 109.804911823618113, -7.278096721615103 ], [ 109.804590466788582, -7.278683700172536 ], [ 109.804334824731242, -7.279442742120007 ], [ 109.80412701982884, -7.280102356659801 ], [ 109.803924332044133, -7.280662611898939 ], [ 109.803694447289644, -7.281114199546687 ], [ 109.803345137561962, -7.28153825460305 ], [ 109.802505138304426, -7.282160118163266 ], [ 109.802098027986219, -7.282412219339965 ], [ 109.801400441006123, -7.282672683405575 ], [ 109.800411980942499, -7.282697190834375 ], [ 109.799929558243448, -7.282650701519839 ], [ 109.799394019287561, -7.28244131339685 ], [ 109.799040686250194, -7.281933838815527 ], [ 109.798830966555812, -7.281625851715111 ], [ 109.79826325679953, -7.281045471228595 ], [ 109.798076885463644, -7.28069233552334 ], [ 109.797543034119258, -7.280383396958244 ], [ 109.79718084063505, -7.280427645185391 ], [ 109.796342883270782, -7.280814317505097 ], [ 109.795235759543004, -7.281200271756374 ], [ 109.794603699583959, -7.281198589153049 ], [ 109.794115006532024, -7.281152077291846 ], [ 109.793747486056319, -7.280897830000461 ], [ 109.793233647372631, -7.280507561581095 ], [ 109.792854678910302, -7.280289541861064 ], [ 109.792533450732449, -7.280180180561239 ], [ 109.79215256217438, -7.280233416905554 ], [ 109.791608059130596, -7.280222921864611 ], [ 109.791104154675907, -7.280140107739149 ], [ 109.790525702394817, -7.280229073744156 ], [ 109.790059568305978, -7.2802097441495 ], [ 109.789453447175703, -7.280144739147727 ], [ 109.78919848223336, -7.27991800619361 ], [ 109.78901075442711, -7.279628068231742 ], [ 109.788737859973097, -7.279319908737768 ], [ 109.78835224475462, -7.27904752528465 ], [ 109.788027191687092, -7.27866679915481 ], [ 109.787755549399463, -7.278449063033125 ], [ 109.787444603026614, -7.278294425420946 ], [ 109.786887293595484, -7.278075923896116 ], [ 109.786574204518743, -7.277885111879541 ], [ 109.786488044201533, -7.277514157443699 ], [ 109.786475208210518, -7.27689908358848 ], [ 109.78648260944982, -7.276257028241601 ], [ 109.786344443401276, -7.275867760000949 ], [ 109.786140968781424, -7.27532460211677 ], [ 109.785946769190261, -7.274609579923652 ], [ 109.785885861148202, -7.273985425689253 ], [ 109.785847572265965, -7.273587383010285 ], [ 109.785530526263486, -7.272980536089366 ], [ 109.784983560139864, -7.272834397390674 ], [ 109.784527171415576, -7.272860299668603 ], [ 109.78408975399347, -7.272913378476161 ], [ 109.783582311147981, -7.27301147904284 ], [ 109.782765899385879, -7.273054587462705 ], [ 109.782458887025868, -7.273243645287574 ], [ 109.781341234411201, -7.273412439492968 ], [ 109.781001117924944, -7.273719043866249 ], [ 109.780100064876862, -7.273770871121659 ], [ 109.779503809633127, -7.273624593245541 ], [ 109.779151799520662, -7.273578434919233 ], [ 109.778903342941192, -7.273876151964688 ], [ 109.778741258981569, -7.274463626924973 ], [ 109.778356712700045, -7.27495999138774 ], [ 109.777926701168866, -7.275311560551234 ], [ 109.777675972658827, -7.275509808369669 ], [ 109.777288702424713, -7.275825324035447 ], [ 109.777107060786719, -7.276132262014374 ], [ 109.7770722076434, -7.276674869249557 ], [ 109.776636831343055, -7.27680028166364 ], [ 109.776442069877135, -7.277125358220796 ], [ 109.776652005566021, -7.277677578109421 ], [ 109.776622475201094, -7.278129689064693 ], [ 109.776208189523572, -7.27840896228034 ], [ 109.775815628750578, -7.278498321274753 ], [ 109.775399293801399, -7.278596657613148 ], [ 109.775279612300736, -7.278279773473971 ], [ 109.775863806266912, -7.277449307840776 ], [ 109.775847824466936, -7.276870485981021 ], [ 109.775637238947652, -7.276227844132649 ], [ 109.775317516762357, -7.276199853836358 ], [ 109.774920619890466, -7.276126354185785 ], [ 109.774603555099432, -7.27531162614812 ], [ 109.774359367760937, -7.274750180770711 ], [ 109.773583985676424, -7.274919970925366 ], [ 109.773212917657858, -7.274493902073866 ], [ 109.773032322370099, -7.274194936779573 ], [ 109.772642293578173, -7.273985914577454 ], [ 109.771968900042822, -7.274002174044373 ], [ 109.771525756941486, -7.274073308753167 ], [ 109.770973865385841, -7.273845671989552 ], [ 109.771329871126412, -7.273575377746414 ], [ 109.771817288765604, -7.273151635046208 ], [ 109.77232227961278, -7.272691771292779 ], [ 109.77392819518316, -7.272198718379322 ], [ 109.774236251849729, -7.271928201198059 ], [ 109.774573603863814, -7.271540216924528 ], [ 109.775014608141348, -7.270989756361952 ], [ 109.775674815462438, -7.27010524260141 ], [ 109.776269856686795, -7.269428517733361 ], [ 109.776744054343084, -7.268643052084276 ], [ 109.777195734894065, -7.267622251780349 ], [ 109.777468025869467, -7.267098458720657 ], [ 109.777756007633883, -7.266737463917815 ], [ 109.778110030997723, -7.266340478701656 ], [ 109.77855050263625, -7.265790011602646 ], [ 109.778788277437968, -7.265546517310807 ], [ 109.779274525688535, -7.264498680522893 ], [ 109.779510420546671, -7.264038081687383 ], [ 109.779744141481345, -7.263441846468767 ], [ 109.780211732338898, -7.262276411373973 ], [ 109.780402762419897, -7.261752396933124 ], [ 109.781121956881691, -7.260280207236923 ], [ 109.78142363150458, -7.259656936323386 ], [ 109.781773441452401, -7.258907296211219 ], [ 109.782275610158464, -7.257931832579433 ], [ 109.782713717520025, -7.257227638156385 ], [ 109.783142902709244, -7.256007842290471 ], [ 109.78313758161228, -7.255347668998482 ], [ 109.783118864907465, -7.254642159208304 ], [ 109.783153655945284, -7.254117723866887 ], [ 109.783223838140614, -7.253484788412373 ], [ 109.783191024226767, -7.253050682765278 ], [ 109.783331533955561, -7.252481229798837 ], [ 109.783539150105995, -7.252201482417632 ], [ 109.783679464832659, -7.251704364999645 ], [ 109.783338641061405, -7.251197008176621 ], [ 109.782900187319584, -7.250698431842216 ], [ 109.782493180107593, -7.250281317780245 ], [ 109.782136740475337, -7.250000059884688 ], [ 109.780601656187144, -7.249263359447032 ], [ 109.779138164014384, -7.248843408167361 ], [ 109.778092959838446, -7.248533081171763 ], [ 109.777047781605276, -7.248213800474239 ], [ 109.776106152330073, -7.24821126688059 ], [ 109.775268443325928, -7.248525481709581 ], [ 109.774639296964409, -7.249039362023591 ], [ 109.773579296178866, -7.250004179430859 ], [ 109.772934026458799, -7.250210404205374 ], [ 109.772598347637526, -7.250318001992815 ], [ 109.772313503037068, -7.25048912123913 ], [ 109.771897408135501, -7.250922103695366 ], [ 109.771745129500886, -7.251337714651143 ], [ 109.771945051191466, -7.252025537346125 ], [ 109.771938796549065, -7.252459626883079 ], [ 109.771886663932619, -7.25290263441916 ], [ 109.771804935708147, -7.253408855924278 ], [ 109.771439593568545, -7.254429885288078 ], [ 109.771053718967124, -7.254980493843576 ], [ 109.770751471562946, -7.255178599981253 ], [ 109.77068412258896, -7.255504019972039 ], [ 109.77049372710394, -7.255874316856603 ], [ 109.769859953439109, -7.256216287017325 ], [ 109.769443692491677, -7.256405041249622 ], [ 109.769162432259861, -7.256711797200364 ], [ 109.768745730780466, -7.257886306991198 ], [ 109.768462926260781, -7.258211142044728 ], [ 109.768351937769467, -7.257803861207254 ], [ 109.768221303104227, -7.257233771329719 ], [ 109.76811840410852, -7.256790344490052 ], [ 109.767939697052171, -7.256102487986714 ], [ 109.76801276668084, -7.255569118587531 ], [ 109.768229689759991, -7.254891467424941 ], [ 109.768174565149508, -7.254565716001387 ], [ 109.767516971569393, -7.254193120685236 ], [ 109.766625230929208, -7.253747553177944 ], [ 109.766237112053986, -7.253475240006098 ], [ 109.765939481042963, -7.253212123900317 ], [ 109.76560059947829, -7.252849433826313 ], [ 109.765268365693913, -7.252513887581391 ], [ 109.765035108600031, -7.252223910457444 ], [ 109.764881558129076, -7.251870765628845 ], [ 109.764719587036396, -7.25126442254482 ], [ 109.764639489549211, -7.250649169587179 ], [ 109.765011149676937, -7.249999066684338 ], [ 109.765851854676342, -7.248916040873192 ], [ 109.766482164897141, -7.24797720426058 ], [ 109.767530477333239, -7.247138961197608 ], [ 109.767847177568839, -7.246099809820368 ], [ 109.767118417716745, -7.244741265651192 ], [ 109.765551911673015, -7.243796470432767 ], [ 109.764298764457564, -7.242961025702695 ], [ 109.763152266944985, -7.241384245326613 ], [ 109.761796434206005, -7.239924529973678 ], [ 109.760336627759159, -7.238147969586838 ], [ 109.762640958657059, -7.23710518774115 ], [ 109.76368895279704, -7.236375453039228 ], [ 109.764949534738491, -7.234497779069472 ], [ 109.765579722284954, -7.233567981775137 ], [ 109.766523600755178, -7.232729452330609 ], [ 109.767991536576048, -7.231485357245362 ], [ 109.769040930210309, -7.230231083879976 ], [ 109.769357339577709, -7.229291389405528 ], [ 109.771240703936414, -7.22908850372491 ], [ 109.771761784292892, -7.22992195356607 ], [ 109.772805231855415, -7.230865314053414 ], [ 109.77503111431966, -7.229288587091464 ], [ 109.775241620141969, -7.228764625124778 ], [ 109.775347803269412, -7.228240382760751 ], [ 109.775767481394624, -7.227825486422583 ], [ 109.776501014010762, -7.227302927527542 ], [ 109.777129005727119, -7.227205059419211 ], [ 109.779117058592547, -7.227002419890707 ], [ 109.780582157174649, -7.226798282849614 ], [ 109.781524300831052, -7.226592834293478 ], [ 109.782571687968698, -7.226071102614657 ], [ 109.783514942752376, -7.225449537438211 ], [ 109.784354005309936, -7.224610682962316 ], [ 109.785403615397499, -7.223365494525845 ], [ 109.786765141142411, -7.222735992201966 ], [ 109.787706092374322, -7.222946551149758 ], [ 109.788541846812237, -7.223373838555283 ], [ 109.789274816771126, -7.223167726302678 ], [ 109.790112759423167, -7.222744881436233 ], [ 109.789602822894793, -7.221359821025139 ], [ 109.789501182945628, -7.220211027726275 ], [ 109.789400286306474, -7.218754625177973 ], [ 109.788879023621988, -7.218120207344041 ], [ 109.787939667298062, -7.217285663585991 ], [ 109.787317262046628, -7.215402899905843 ], [ 109.787531141886092, -7.213630861184228 ], [ 109.787326698123721, -7.211857711956561 ], [ 109.786282688283904, -7.211013847370992 ], [ 109.784613837051097, -7.209236807009093 ], [ 109.784511843545744, -7.208196518286702 ], [ 109.784201056311929, -7.207047079314036 ], [ 109.785888042480821, -7.204926224877261 ], [ 109.787249443748081, -7.204405306378105 ], [ 109.788715308891724, -7.203884659934123 ], [ 109.790287843623929, -7.202532238200213 ], [ 109.79081327522924, -7.201701574879237 ], [ 109.792908247182766, -7.200558489850454 ], [ 109.795210879632435, -7.200148530739185 ], [ 109.79751349693916, -7.199630054067371 ], [ 109.799713421694108, -7.198378703818776 ], [ 109.801180612079065, -7.197342524218437 ], [ 109.802332055317848, -7.197028973099114 ], [ 109.802748122866646, -7.197970622722167 ], [ 109.803371427341546, -7.199645406795115 ], [ 109.803470887539461, -7.201526789994817 ], [ 109.80398845409843, -7.203716789067865 ], [ 109.805238549786395, -7.205601270250186 ], [ 109.807240477137597, -7.209395872560928 ], [ 109.808074565133396, -7.210546670561158 ], [ 109.809325595679013, -7.212114492582709 ], [ 109.811099311603755, -7.213900774885952 ], [ 109.812035716697267, -7.215883892776946 ], [ 109.81265628435365, -7.218598692832782 ], [ 109.814010678758848, -7.220691311508396 ], [ 109.816969364005985, -7.222064717899207 ], [ 109.818018068548881, -7.221135821713428 ], [ 109.819589728802811, -7.22009081742423 ], [ 109.820636830418692, -7.219776957832011 ], [ 109.821367053991764, -7.220511440769487 ], [ 109.821677942782998, -7.221660870730713 ], [ 109.822303235335795, -7.222603051884168 ], [ 109.823346512004946, -7.223654816913728 ], [ 109.824390115565251, -7.224697538938859 ], [ 109.827531617216252, -7.223457621482194 ], [ 109.828683937009401, -7.222827446976341 ], [ 109.830674475929811, -7.221684012380672 ], [ 109.83057267633427, -7.220643627145879 ], [ 109.829215555106089, -7.219491607919836 ], [ 109.827860015476773, -7.217814961679647 ], [ 109.827655691809269, -7.21593329917947 ], [ 109.829121827242815, -7.215312967925223 ], [ 109.831113141664119, -7.213852960063369 ], [ 109.832160435749998, -7.213340142305737 ], [ 109.834044324249703, -7.213028386225305 ], [ 109.835928008636273, -7.212825218512982 ], [ 109.836975573682139, -7.212203792036052 ], [ 109.838547995716198, -7.21095065051858 ], [ 109.839908098728372, -7.21084559834634 ], [ 109.841792229194368, -7.210434343784254 ], [ 109.84367693618961, -7.209706603754209 ], [ 109.845143563458578, -7.208878243772504 ], [ 109.846086113239267, -7.208464589876979 ], [ 109.846712500362955, -7.208990711790282 ], [ 109.848384080963299, -7.209826994855333 ], [ 109.851223758642263, -7.209589909060639 ], [ 109.851115645346766, -7.210946248946168 ], [ 109.851320068448814, -7.212828006876811 ], [ 109.850896490860521, -7.214907024828276 ], [ 109.851312452174554, -7.215848647791526 ], [ 109.852774352595944, -7.216901497219789 ], [ 109.854866377210868, -7.217006213400046 ], [ 109.856226479775074, -7.216910157150246 ], [ 109.858108545820912, -7.2173309031344 ], [ 109.859885127792751, -7.218067858753192 ], [ 109.862394636726407, -7.218490154792266 ], [ 109.863755585969997, -7.218177063340566 ], [ 109.865325577644541, -7.217764931265537 ], [ 109.867103212431516, -7.218085826530157 ], [ 109.869448956706691, -7.217910794716717 ], [ 109.869656307351534, -7.218643917089745 ], [ 109.869445857589568, -7.219158898742439 ], [ 109.869757636222829, -7.220000787625214 ], [ 109.870383770862162, -7.220526882851235 ], [ 109.871219623053207, -7.221044453852683 ], [ 109.872264327385551, -7.221571582098901 ], [ 109.872890766046709, -7.222097675371669 ], [ 109.873202821286682, -7.222831055777786 ], [ 109.873618246820953, -7.223980729049833 ], [ 109.874245227459326, -7.224289716044329 ], [ 109.875174185938391, -7.225060787066802 ], [ 109.873686743196828, -7.225482196624244 ], [ 109.872639398562143, -7.225895646643715 ], [ 109.871698081819474, -7.225893318875408 ], [ 109.871069822151199, -7.226099737633527 ], [ 109.870859638980704, -7.226415789044376 ], [ 109.870334526794451, -7.227246563025072 ], [ 109.869810521282758, -7.227661301701178 ], [ 109.868973332111807, -7.227767733638053 ], [ 109.868240887746296, -7.227765916205149 ], [ 109.867717916013333, -7.227764617822161 ], [ 109.866777087214274, -7.227445709227521 ], [ 109.865835274287519, -7.227551965745215 ], [ 109.865625311285626, -7.227867924188576 ], [ 109.865938146141815, -7.228284738959033 ], [ 109.866251252119582, -7.228593046568641 ], [ 109.866250192122024, -7.229018122847614 ], [ 109.86583085250939, -7.2293246086503 ], [ 109.864889259966105, -7.229430772699448 ], [ 109.864262032888689, -7.229221147075129 ], [ 109.863320413286914, -7.229218800200726 ], [ 109.86300584571012, -7.229525544308065 ], [ 109.862795359317886, -7.230049562936724 ], [ 109.862375745246013, -7.230464551908768 ], [ 109.861224230735289, -7.230778247035337 ], [ 109.860491486134592, -7.230984388324132 ], [ 109.860385743609385, -7.231400159673738 ], [ 109.861847985926019, -7.232344393192439 ], [ 109.861951643727522, -7.232760688024528 ], [ 109.861845380638698, -7.233384521690096 ], [ 109.86173961574687, -7.233809335653486 ], [ 109.861320295569399, -7.234224323640478 ], [ 109.861005376133321, -7.234639572164174 ], [ 109.86079411325187, -7.23547102492851 ], [ 109.859223212252203, -7.236100234026281 ], [ 109.857863300994254, -7.236096825780437 ], [ 109.857548650153262, -7.236403564521556 ], [ 109.857441583286004, -7.237343873723829 ], [ 109.857753095389171, -7.23828523307836 ], [ 109.857332421564678, -7.239116247896846 ], [ 109.856598864807594, -7.239638948506377 ], [ 109.855449171390703, -7.239220024470665 ], [ 109.854612583446979, -7.239109413225416 ], [ 109.854297106821704, -7.239741668576564 ], [ 109.854399409349114, -7.240573995517679 ], [ 109.854920667594271, -7.241407376744727 ], [ 109.855546807486888, -7.241933493797683 ], [ 109.85585929141709, -7.242458821689526 ], [ 109.855648863640184, -7.242982834684724 ], [ 109.855333932297484, -7.243398077366304 ], [ 109.854705118048344, -7.243812529711013 ], [ 109.853868248102927, -7.243810422306365 ], [ 109.853240209297738, -7.243917437344963 ], [ 109.852820620273064, -7.244431878882882 ], [ 109.852714791254101, -7.244847646430819 ], [ 109.853236002750137, -7.245581474296037 ], [ 109.852606909202848, -7.246104429353052 ], [ 109.852292499077592, -7.246311698469335 ], [ 109.8519775862854, -7.246835445076504 ], [ 109.851662121875293, -7.247458745193288 ], [ 109.851556617517076, -7.247774957725683 ], [ 109.851555563805576, -7.248190989263722 ], [ 109.851763692196357, -7.248607549106602 ], [ 109.851971770204344, -7.249132615861336 ], [ 109.852424381742793, -7.250001996147805 ], [ 109.852832470070652, -7.250581911569224 ], [ 109.852556359674679, -7.251087671536561 ], [ 109.852165868192301, -7.251285615227353 ], [ 109.851759105875303, -7.251302672315357 ], [ 109.851385203525496, -7.251319812077184 ], [ 109.851044039873429, -7.251237569503024 ], [ 109.850605226884682, -7.251082741751391 ], [ 109.850263971889163, -7.251036667412504 ], [ 109.849807898026214, -7.251297738773856 ], [ 109.849742162002443, -7.251686479550449 ], [ 109.849789953383379, -7.252012211892004 ], [ 109.849772513684613, -7.25252766636242 ], [ 109.849982222045881, -7.253116033734806 ], [ 109.850290406785362, -7.253451467272011 ], [ 109.850468329362741, -7.253822740123429 ], [ 109.850401921488242, -7.254329028536086 ], [ 109.850563627116088, -7.254763556119994 ], [ 109.850399947642785, -7.255106837876643 ], [ 109.85012795545525, -7.255341247962432 ], [ 109.849979154338271, -7.255648398145512 ], [ 109.850076190912986, -7.256227438124944 ], [ 109.849828332021232, -7.256751351328801 ], [ 109.849580977834563, -7.257076336154329 ], [ 109.849316687606603, -7.257600207274525 ], [ 109.849200446641106, -7.258024988661687 ], [ 109.849051505787543, -7.258503940559924 ], [ 109.848984382214596, -7.259055528141672 ], [ 109.848900747956677, -7.259579856661247 ], [ 109.848652494379891, -7.260257485774652 ], [ 109.848553205113006, -7.26056476059649 ], [ 109.848316303249945, -7.260889770730073 ], [ 109.847919503756373, -7.261331923983428 ], [ 109.847373600730634, -7.261846036033688 ], [ 109.847150065622969, -7.262171079252687 ], [ 109.84714794580583, -7.263003140501364 ], [ 109.846403910940737, -7.262078670509159 ], [ 109.846051863491368, -7.261634615669432 ], [ 109.845806642195186, -7.261208916771431 ], [ 109.84561805943089, -7.260801536732068 ], [ 109.845377654002519, -7.260303421686943 ], [ 109.845135233514455, -7.259687842870603 ], [ 109.844889110565589, -7.258855150620218 ], [ 109.844668129423226, -7.258384301969777 ], [ 109.844324753532504, -7.25808494417005 ], [ 109.843800726201223, -7.257812343373073 ], [ 109.843246217020891, -7.257602869588282 ], [ 109.842764043348055, -7.257230909902582 ], [ 109.842430897568761, -7.256786901463478 ], [ 109.842275172616382, -7.256469936275178 ], [ 109.842199192468016, -7.256071794325309 ], [ 109.842016360020494, -7.25563721110166 ], [ 109.841712671006249, -7.255093813038276 ], [ 109.841363330992579, -7.254441701365336 ], [ 109.841150476998649, -7.253364953274333 ], [ 109.841294067425963, -7.252994497925122 ], [ 109.841464288667169, -7.252723574834756 ], [ 109.84214678078196, -7.252354583073489 ], [ 109.842338941487469, -7.252002335392988 ], [ 109.842499872698156, -7.251713303631068 ], [ 109.842831205118102, -7.251316198917236 ], [ 109.843668244773781, -7.250377756398896 ], [ 109.843880636443927, -7.249998432488334 ], [ 109.844544556664019, -7.24879732254662 ], [ 109.844546953793724, -7.247856665014059 ], [ 109.844341557793456, -7.246400072111588 ], [ 109.844971949785801, -7.245253128593031 ], [ 109.845392398762584, -7.244521593857024 ], [ 109.845290620277126, -7.243372700016371 ], [ 109.844665828281919, -7.242322033676669 ], [ 109.844353537195076, -7.241697236005616 ], [ 109.844251156647587, -7.240756312208068 ], [ 109.84425380469834, -7.239716280904342 ], [ 109.84436097440819, -7.238775979478345 ], [ 109.844886094351367, -7.237936203007412 ], [ 109.844993491984553, -7.23678793015215 ], [ 109.845519136770008, -7.235857640829334 ], [ 109.845938493810195, -7.235433627741273 ], [ 109.847090880044377, -7.234812540590769 ], [ 109.847616013178779, -7.234081266354457 ], [ 109.848350547825092, -7.233142548784104 ], [ 109.846862161206744, -7.232478609830917 ], [ 109.845400210146508, -7.231434778590369 ], [ 109.844776188505577, -7.229968082799365 ], [ 109.843419224520744, -7.228816096686406 ], [ 109.842585033221923, -7.227773851252716 ], [ 109.842586897621132, -7.227041344441418 ], [ 109.842170650595008, -7.226099624033958 ], [ 109.841546166473051, -7.224850029122101 ], [ 109.841130751474225, -7.22370033908524 ], [ 109.839876442726023, -7.223272075971375 ], [ 109.838723878793203, -7.224001744877444 ], [ 109.836942767960281, -7.225046285748693 ], [ 109.833381637338107, -7.226701319445847 ], [ 109.830448380169997, -7.228267419795617 ], [ 109.828249528137533, -7.229093836367268 ], [ 109.827096378661523, -7.229922932972361 ], [ 109.827614791899705, -7.23180540340296 ], [ 109.828760933995952, -7.233580981685477 ], [ 109.829765892835795, -7.235926034659001 ], [ 109.830600618015211, -7.236868747756856 ], [ 109.831015401436915, -7.238226413352074 ], [ 109.831535240981452, -7.23947584218449 ], [ 109.832578798915591, -7.240527595553362 ], [ 109.833517224015026, -7.24177809666377 ], [ 109.8335129229269, -7.243451254694023 ], [ 109.834487206697702, -7.245949851947017 ], [ 109.834484510477722, -7.246999011916659 ], [ 109.834690408798977, -7.248247544517428 ], [ 109.834222470148063, -7.249955682852278 ], [ 109.834092016935131, -7.25058848320042 ], [ 109.833585209937368, -7.250885575557857 ], [ 109.833225695693955, -7.25102941843278 ], [ 109.833669842242188, -7.251546054115882 ], [ 109.83400042060066, -7.25176391512872 ], [ 109.834289711348831, -7.252180688888281 ], [ 109.834331111619804, -7.252605868941322 ], [ 109.834340772261712, -7.253030967576472 ], [ 109.834534788505394, -7.253962992784821 ], [ 109.834473244038961, -7.254894362405752 ], [ 109.834419921557696, -7.255590655844254 ], [ 109.83456292833543, -7.256233109407277 ], [ 109.834685992951648, -7.25658616139499 ], [ 109.834464735061488, -7.256865992266835 ], [ 109.834015429768016, -7.257045682956871 ], [ 109.833682367959909, -7.257442774837434 ], [ 109.833639162669584, -7.258066665863424 ], [ 109.833775744840267, -7.258564518327811 ], [ 109.83383674472185, -7.25917963480095 ], [ 109.833707330692661, -7.259522996263817 ], [ 109.833148742742509, -7.259593898528556 ], [ 109.832649000194721, -7.25978249989471 ], [ 109.832985763806377, -7.260326078157137 ], [ 109.833167915810805, -7.260615896599421 ], [ 109.833029324222295, -7.261013487273407 ], [ 109.832645968022561, -7.260958248390258 ], [ 109.832372255969773, -7.261391660003997 ], [ 109.83219092601415, -7.261680634024003 ], [ 109.831781738794433, -7.26153481556137 ], [ 109.831473966272441, -7.261362221725068 ], [ 109.830872731338786, -7.261722451364985 ], [ 109.830186913658437, -7.261838232650617 ], [ 109.829675100624925, -7.262216775282521 ], [ 109.8294449531315, -7.262668381247938 ], [ 109.829301190907969, -7.262984577169263 ], [ 109.829060686234158, -7.263282348599985 ], [ 109.828576731885079, -7.263688087989706 ], [ 109.828271569487129, -7.26394961363748 ], [ 109.828096036405398, -7.264392317390998 ], [ 109.828119986404502, -7.264862662860754 ], [ 109.828021988647265, -7.265242271539532 ], [ 109.827692819467003, -7.265458433246451 ], [ 109.827032539393372, -7.265429599951926 ], [ 109.826658674502653, -7.265428633115977 ], [ 109.826599877945625, -7.265925890890467 ], [ 109.826482234861913, -7.266450122894859 ], [ 109.826346449624538, -7.266856759655267 ], [ 109.826996353417385, -7.267373935153243 ], [ 109.827186321419759, -7.267672908565735 ], [ 109.826865482255599, -7.267843970415218 ], [ 109.826428313534592, -7.268032724884733 ], [ 109.82606206394189, -7.268348343256436 ], [ 109.826175318335629, -7.268882214830263 ], [ 109.826411709760464, -7.26930789911689 ], [ 109.826547881963975, -7.269615775757625 ], [ 109.826298921462907, -7.27000394460244 ], [ 109.825939641431617, -7.270165863776634 ], [ 109.825975674668612, -7.270554860725192 ], [ 109.82607007623858, -7.27135994854974 ], [ 109.825959994951958, -7.271703356221148 ], [ 109.825439609438021, -7.271638712863052 ], [ 109.825142816529805, -7.271493269045402 ], [ 109.824675768525893, -7.271510142577243 ], [ 109.823207140520338, -7.271262103396298 ], [ 109.822611274237488, -7.271188218811663 ], [ 109.822288559402097, -7.270988453047112 ], [ 109.821947472365125, -7.27044485662174 ], [ 109.82176510892603, -7.270037485741232 ], [ 109.821301199544109, -7.269710671927768 ], [ 109.820691645545637, -7.26947390045512 ], [ 109.820041153082158, -7.269499334478114 ], [ 109.819308927246993, -7.268963851178796 ], [ 109.81909096264998, -7.268520127960688 ], [ 109.818877220294794, -7.26800407852484 ], [ 109.818303166459685, -7.267387626773922 ], [ 109.818006050416258, -7.267025076345965 ], [ 109.817568962184325, -7.266725455912949 ], [ 109.817259136021477, -7.266254366313786 ], [ 109.817178123484013, -7.265847168276363 ], [ 109.816938287653244, -7.264915021465669 ], [ 109.816567927216326, -7.264859802677053 ], [ 109.816155256419236, -7.264876810307112 ], [ 109.815683187328304, -7.265074505246456 ], [ 109.814993050488155, -7.265325973287319 ], [ 109.814525070202862, -7.265388045542269 ], [ 109.814094356691371, -7.26545021471712 ], [ 109.813594911036333, -7.265521245843832 ], [ 109.813216064948023, -7.265683103632148 ], [ 109.812819050637472, -7.265880991601011 ], [ 109.812253754522573, -7.266114697481687 ], [ 109.811619651262788, -7.266357173998044 ], [ 109.811121005520192, -7.266464463180024 ], [ 109.810723663989009, -7.266644263952195 ], [ 109.810014652274035, -7.266886541543121 ], [ 109.809392065416716, -7.267065840393632 ], [ 109.808714846827471, -7.267344458067159 ], [ 109.808380614359905, -7.267551548609871 ], [ 109.808788232589606, -7.267950562897608 ] ] ] } },
{ "type": "Feature", "properties": { "KECAMATAN": "Punggelan" }, "geometry": { "type": "MultiPolygon", "coordinates": [ [ [ [ 109.588644171954073, -7.381950017290157 ], [ 109.588319264381639, -7.382202146847838 ], [ 109.588168552687208, -7.382500123748553 ], [ 109.58800748132866, -7.382861356896701 ], [ 109.587859982060309, -7.383394417527965 ], [ 109.587761241511316, -7.38390954965966 ], [ 109.587589488043591, -7.384505912831424 ], [ 109.586981577352432, -7.384820434575758 ], [ 109.586544455646077, -7.38481905084885 ], [ 109.586035487986962, -7.38455524170569 ], [ 109.585526762765198, -7.38419188826242 ], [ 109.585114987804843, -7.383901171921206 ], [ 109.584727057943994, -7.383746240589392 ], [ 109.58436312249701, -7.383727004321415 ], [ 109.584094939808722, -7.384015565484741 ], [ 109.584238818441264, -7.384621878204942 ], [ 109.584674259887933, -7.385057330968739 ], [ 109.585328084797069, -7.385620053612916 ], [ 109.585666963415136, -7.385955745543344 ], [ 109.585543724519425, -7.386516005364252 ], [ 109.584740850990059, -7.387065069177708 ], [ 109.584084002525771, -7.38745185139351 ], [ 109.583451360112761, -7.387883915659257 ], [ 109.583110948696245, -7.388099916084555 ], [ 109.58170260189803, -7.388194896224213 ], [ 109.580804221848695, -7.388146833648121 ], [ 109.580415742425288, -7.388163680537299 ], [ 109.580098590633213, -7.388650990354952 ], [ 109.579832130130896, -7.389029965962682 ], [ 109.579385604392172, -7.389399326763395 ], [ 109.579088117198282, -7.389669617353957 ], [ 109.578889233932983, -7.389985518496299 ], [ 109.578838344217459, -7.39048271620112 ], [ 109.578663474316954, -7.390997601370817 ], [ 109.578316473217029, -7.39124070000564 ], [ 109.577897322971921, -7.390850499402158 ], [ 109.577551363482826, -7.39076802505629 ], [ 109.577031583934797, -7.390965274938618 ], [ 109.576808193389454, -7.391235890303517 ], [ 109.576658744990908, -7.391579071481914 ], [ 109.575891174617325, -7.391874982725401 ], [ 109.575149653601599, -7.391827408284064 ], [ 109.574532112141512, -7.391599403985137 ], [ 109.57408783933721, -7.391380903702137 ], [ 109.572953288573373, -7.390463929452512 ], [ 109.571696456372294, -7.389130574502168 ], [ 109.571128909862949, -7.388757976394472 ], [ 109.570116100129511, -7.388384041590046 ], [ 109.568917693442486, -7.388072707810906 ], [ 109.568051093607764, -7.387644900042988 ], [ 109.567315856630159, -7.387226553828873 ], [ 109.566921799234606, -7.387143917718682 ], [ 109.566500713231548, -7.387196812711109 ], [ 109.565789387744516, -7.387610513602378 ], [ 109.565261862204139, -7.388079051335348 ], [ 109.564654493215272, -7.388845781678683 ], [ 109.564152924003693, -7.389440977953836 ], [ 109.563862340542272, -7.389837946126227 ], [ 109.563493254002665, -7.390071829165705 ], [ 109.56296597319232, -7.390486116705262 ], [ 109.562438353608158, -7.390981773123593 ], [ 109.562067964970453, -7.391640767537605 ], [ 109.56185516182903, -7.392399722741428 ], [ 109.561669627188422, -7.392787895817207 ], [ 109.561300484355058, -7.39313036088044 ], [ 109.560878631352523, -7.3934184082698 ], [ 109.559835517575308, -7.393821984551829 ], [ 109.559293772276362, -7.394064346538663 ], [ 109.558789134458806, -7.394288835740549 ], [ 109.558434346186232, -7.394396183009421 ], [ 109.55807990987789, -7.394395036934998 ], [ 109.557669568435529, -7.394357545023029 ], [ 109.557352814305247, -7.39418473789236 ], [ 109.5569068467466, -7.393685939662945 ], [ 109.556367357858008, -7.39314154214276 ], [ 109.555771235377918, -7.392877417975954 ], [ 109.555044103799773, -7.392748395828065 ], [ 109.554260185308365, -7.392854439637891 ], [ 109.55369950967156, -7.393060568449818 ], [ 109.553325370645467, -7.393375885998294 ], [ 109.553006974890906, -7.393799877950314 ], [ 109.552724773977985, -7.394486180669643 ], [ 109.552368452594322, -7.395063838871043 ], [ 109.552030639534209, -7.395623383987646 ], [ 109.551822336290684, -7.396554127220049 ], [ 109.551558012922897, -7.397575099638032 ], [ 109.551417884104126, -7.398352364220475 ], [ 109.551117946334244, -7.398749290251999 ], [ 109.550614661839916, -7.398648200938406 ], [ 109.549907169251924, -7.39813046345745 ], [ 109.549516298430902, -7.397848825513868 ], [ 109.548998656147418, -7.39807316908788 ], [ 109.548532989755543, -7.397113110792922 ], [ 109.548134028150017, -7.396542129100923 ], [ 109.547508646193776, -7.39595232726639 ], [ 109.5468328755925, -7.395353229066855 ], [ 109.546016837766103, -7.394636228443005 ], [ 109.545221631879215, -7.394036739061162 ], [ 109.544235261078356, -7.393283015877726 ], [ 109.543523034316337, -7.39275621461846 ], [ 109.542764808830526, -7.392111637247097 ], [ 109.542101285287004, -7.391494582303197 ], [ 109.541494622666718, -7.390895704449098 ], [ 109.541275413218273, -7.390569507470057 ], [ 109.541091649076293, -7.389981053168313 ], [ 109.540704001713337, -7.388288825624663 ], [ 109.540208493617129, -7.387120630034452 ], [ 109.539961194811681, -7.385112241911609 ], [ 109.539797215863473, -7.384686682860331 ], [ 109.539522026379743, -7.384007608886916 ], [ 109.539323206127207, -7.38336485874784 ], [ 109.538978446889331, -7.382649392693347 ], [ 109.538614791287941, -7.381933774321699 ], [ 109.538222083255889, -7.381353767810721 ], [ 109.537708490364537, -7.380691905043318 ], [ 109.537135035324852, -7.379812859430411 ], [ 109.536663916225265, -7.379160266657089 ], [ 109.536032304921733, -7.378045870856436 ], [ 109.536099253563819, -7.377675405048127 ], [ 109.535745942148694, -7.376905573152104 ], [ 109.535648889650162, -7.376208909645763 ], [ 109.535543189373769, -7.375620801433036 ], [ 109.535297066028306, -7.374987027648531 ], [ 109.535202108995179, -7.374516488955004 ], [ 109.535187299548411, -7.37418182936097 ], [ 109.535092491257288, -7.373666085677624 ], [ 109.534852798703398, -7.373393976917507 ], [ 109.534677251271859, -7.373058790620576 ], [ 109.534549805657988, -7.372723852358306 ], [ 109.534551322465219, -7.372262580557014 ], [ 109.534584628492155, -7.37185584032127 ], [ 109.534537626881473, -7.371521075290635 ], [ 109.534507293836882, -7.371023625129065 ], [ 109.534460559765805, -7.370607491106917 ], [ 109.534397825617305, -7.370128016983741 ], [ 109.534383103114308, -7.369630617977787 ], [ 109.534276404774062, -7.369096662832656 ], [ 109.53425316736336, -7.368599235938039 ], [ 109.534136817641112, -7.368002051928451 ], [ 109.534177862245201, -7.36764949318746 ], [ 109.534048455293913, -7.366979937650433 ], [ 109.534012234641807, -7.366364843565741 ], [ 109.534046254691631, -7.365831439842032 ], [ 109.534090180408356, -7.365397520607559 ], [ 109.53405705281827, -7.364863896922184 ], [ 109.534072401309075, -7.364420842967987 ], [ 109.53410675087288, -7.363968810119684 ], [ 109.534083139334768, -7.363471381973513 ], [ 109.534226221545239, -7.362911121468405 ], [ 109.534161381964964, -7.36250405973037 ], [ 109.534051471326819, -7.361924888744406 ], [ 109.534067015335182, -7.361581287449865 ], [ 109.534146149300099, -7.361183738105057 ], [ 109.534058632306838, -7.360676969244867 ], [ 109.534080042245705, -7.360116400725698 ], [ 109.534143040994749, -7.359628297084841 ], [ 109.534068790721804, -7.359221114179069 ], [ 109.534154316837316, -7.358787330815742 ], [ 109.53418210540427, -7.358262947480613 ], [ 109.534146021597863, -7.357855889467372 ], [ 109.534116451132462, -7.357466934968363 ], [ 109.533698841865174, -7.356561277735768 ], [ 109.533480712090224, -7.356253076151904 ], [ 109.5330926152552, -7.355754455154199 ], [ 109.532832915437297, -7.355527577621496 ], [ 109.53251580974829, -7.35529138052284 ], [ 109.531945758062733, -7.354864491866853 ], [ 109.531583735912434, -7.354682484133533 ], [ 109.531253665372617, -7.35443720281436 ], [ 109.530770122508159, -7.354119180012507 ], [ 109.530469092421086, -7.353901116721342 ], [ 109.530107101555544, -7.353710067071906 ], [ 109.529299480878905, -7.353029156113081 ], [ 109.528614131171821, -7.352619968276368 ], [ 109.528191075004898, -7.352238763939601 ], [ 109.527864503308109, -7.351975500551054 ], [ 109.527374199325067, -7.351648321355108 ], [ 109.526733261454297, -7.350977086064009 ], [ 109.526265425632332, -7.350631897681594 ], [ 109.525688753781012, -7.350132652984193 ], [ 109.524771893061711, -7.349469459393026 ], [ 109.524572444525745, -7.349161407105324 ], [ 109.523445745113122, -7.349031034355494 ], [ 109.52294653027343, -7.34857724736321 ], [ 109.522721988493373, -7.348088200342379 ], [ 109.522340916510103, -7.347526309309571 ], [ 109.521935392551981, -7.347154199771215 ], [ 109.521453464016673, -7.346691427679082 ], [ 109.520949368969966, -7.346337074831607 ], [ 109.520062785461519, -7.346008583447421 ], [ 109.519467423002226, -7.345880044896279 ], [ 109.519103742885591, -7.345526153669652 ], [ 109.519022918717113, -7.345146163021987 ], [ 109.518928592525825, -7.344648413408807 ], [ 109.518752975205032, -7.344340438317984 ], [ 109.518669374011552, -7.343851855573401 ], [ 109.51829115066991, -7.34301865038239 ], [ 109.518575740108162, -7.34264881635327 ], [ 109.518827065528669, -7.341971386319422 ], [ 109.519011872607805, -7.34155601737017 ], [ 109.519221938391041, -7.341113608421996 ], [ 109.519473485046959, -7.340526679256152 ], [ 109.519693363661602, -7.340030055930029 ], [ 109.520432193608713, -7.33821487717193 ], [ 109.520706291641744, -7.337673226161434 ], [ 109.520798140427075, -7.337293713840917 ], [ 109.520947945274955, -7.336914392260945 ], [ 109.521160993338043, -7.336336375466361 ], [ 109.521336190450214, -7.335911931893589 ], [ 109.521476374723889, -7.335550660396767 ], [ 109.521772545958441, -7.33483721016248 ], [ 109.521909233903784, -7.334494099412797 ], [ 109.522145297971093, -7.334069855375504 ], [ 109.522339747264652, -7.333717802820447 ], [ 109.522502305552706, -7.33336564529148 ], [ 109.522626086785777, -7.332995278076929 ], [ 109.522794947511599, -7.332588894654217 ], [ 109.523046632611383, -7.332047167206378 ], [ 109.523263230940316, -7.331613817059874 ], [ 109.523476886285295, -7.331189498123385 ], [ 109.523655320100417, -7.330801227636126 ], [ 109.523807971615824, -7.330349584880199 ], [ 109.523957276547875, -7.32987080780543 ], [ 109.524208567658292, -7.329130083770753 ], [ 109.524450612908552, -7.328497912374929 ], [ 109.524593582557927, -7.327991990790864 ], [ 109.524695163953368, -7.327648672705857 ], [ 109.524828842933815, -7.327196966908414 ], [ 109.525057801509334, -7.32659187507965 ], [ 109.525315902890213, -7.326095371451616 ], [ 109.52602769035208, -7.324469947553408 ], [ 109.526690291788796, -7.323947643963359 ], [ 109.527176386961301, -7.323569418927028 ], [ 109.527661292282488, -7.323462512368704 ], [ 109.528255555515358, -7.323600072283962 ], [ 109.528673150757129, -7.323908925143238 ], [ 109.529310115058877, -7.324462604194744 ], [ 109.529683309244064, -7.324943092114957 ], [ 109.530078859503334, -7.325233789862135 ], [ 109.530980225760416, -7.325806413104372 ], [ 109.532387469483794, -7.326597762360462 ], [ 109.532716926126184, -7.326842946834015 ], [ 109.533308758607376, -7.327794373944444 ], [ 109.533967574898668, -7.328429580170334 ], [ 109.534628832313999, -7.328341323802741 ], [ 109.53533426881134, -7.328126544223489 ], [ 109.536194656830062, -7.327803774222381 ], [ 109.536816812598673, -7.327453194563708 ], [ 109.537530205571201, -7.326813413604773 ], [ 109.538386139928789, -7.326183225713156 ], [ 109.538885436068313, -7.325832152873369 ], [ 109.540149683401168, -7.325519726254689 ], [ 109.540585837374294, -7.325430729683211 ], [ 109.541230664955023, -7.325432820599447 ], [ 109.541665432194804, -7.32567843111485 ], [ 109.542831691549026, -7.326170521825278 ], [ 109.544032018142332, -7.326798337516145 ], [ 109.544558555563199, -7.326935658512205 ], [ 109.545721562404026, -7.327120333058256 ], [ 109.546191921781798, -7.327239388383426 ], [ 109.546504938713596, -7.327421223046228 ], [ 109.546712943547021, -7.327765549614992 ], [ 109.546903062099588, -7.328236394633536 ], [ 109.547232077865999, -7.328897643129329 ], [ 109.547561768464533, -7.329350856545595 ], [ 109.548258151650884, -7.329579134143194 ], [ 109.548833188632059, -7.329617154695668 ], [ 109.549338501488847, -7.329691204724846 ], [ 109.549720602228462, -7.330036001651989 ], [ 109.550188041169889, -7.331059432788001 ], [ 109.550762655179682, -7.331205944014203 ], [ 109.551603509125727, -7.331335229952693 ], [ 109.552812666716306, -7.331411452924081 ], [ 109.554164783889235, -7.331415802947423 ], [ 109.554521055157807, -7.331272289416332 ], [ 109.555020049901287, -7.330921196405093 ], [ 109.555589698681104, -7.33077836753636 ], [ 109.556088162475888, -7.330707638874501 ], [ 109.55665687926323, -7.330854123909783 ], [ 109.557864076808272, -7.331563391977057 ], [ 109.558290434918874, -7.331781748247925 ], [ 109.558859694131698, -7.33178357331256 ], [ 109.559641792525326, -7.331930829346123 ], [ 109.560424199009404, -7.332005664984911 ], [ 109.560851729090231, -7.331789954172095 ], [ 109.561135811417486, -7.332007943015459 ], [ 109.561775820672906, -7.332073279394604 ], [ 109.562557764473667, -7.332292769491864 ], [ 109.562985961015443, -7.331869110507646 ], [ 109.563272260332482, -7.331372667756984 ], [ 109.563487076359721, -7.330948326131814 ], [ 109.563560392306769, -7.330234213106227 ], [ 109.56313761631543, -7.329247097742495 ], [ 109.563039878858604, -7.328912260180993 ], [ 109.562957423432934, -7.3285864222585 ], [ 109.563156204876364, -7.328107781966932 ], [ 109.56358929916405, -7.328018752912403 ], [ 109.564067778019307, -7.327984115656949 ], [ 109.564606231505081, -7.328112411412939 ], [ 109.565046046785952, -7.328303680550561 ], [ 109.565286685553787, -7.328024169928758 ], [ 109.565575107884854, -7.326885622953134 ], [ 109.56571941576783, -7.326180776250085 ], [ 109.565936047885316, -7.325186659490242 ], [ 109.565937637858525, -7.324689306108925 ], [ 109.565796436509999, -7.324399536557886 ], [ 109.565655445131043, -7.323974058706635 ], [ 109.565371872710955, -7.32362045629643 ], [ 109.564493745759762, -7.322677187499655 ], [ 109.564603500215867, -7.322080635299518 ], [ 109.564756455482851, -7.321520476071148 ], [ 109.564996307337083, -7.320761596083925 ], [ 109.565625644731711, -7.319651348327981 ], [ 109.565605724709599, -7.319153926386207 ], [ 109.565585602425969, -7.318719792463624 ], [ 109.565651908821536, -7.318186480161216 ], [ 109.565437260750713, -7.317860221593778 ], [ 109.564833204939561, -7.317767885013448 ], [ 109.564508321674722, -7.31811945790357 ], [ 109.564376819082725, -7.318697858549966 ], [ 109.564354008702097, -7.319104731745862 ], [ 109.563964422769104, -7.319510435496135 ], [ 109.563468267962364, -7.319400267910376 ], [ 109.56312360955414, -7.319209302569059 ], [ 109.562413888202272, -7.318366022786584 ], [ 109.562436844883806, -7.317913944342087 ], [ 109.562848035475952, -7.317571599410844 ], [ 109.563626478473608, -7.31710384791261 ], [ 109.564578032658801, -7.316591440178545 ], [ 109.564923527940323, -7.316520210975753 ], [ 109.566823146779996, -7.316399680626357 ], [ 109.567082757103947, -7.316210549858154 ], [ 109.567148748703332, -7.315821895790021 ], [ 109.56732294672814, -7.315343173293135 ], [ 109.567605164546748, -7.314973288995763 ], [ 109.568033135795432, -7.31461290885888 ], [ 109.568318798308653, -7.314333537763464 ], [ 109.568675945838393, -7.313909643020971 ], [ 109.568890670993113, -7.313485295646074 ], [ 109.568892716151879, -7.312843192366523 ], [ 109.568399100039031, -7.311421877158254 ], [ 109.568400453882546, -7.310996852217905 ], [ 109.568188437966683, -7.310571149736009 ], [ 109.568048292925241, -7.30985635545049 ], [ 109.567765917037121, -7.309222390325025 ], [ 109.567484090198917, -7.308299106929162 ], [ 109.567201669564369, -7.307656190770121 ], [ 109.567060448452736, -7.307303043067356 ], [ 109.567132595358885, -7.306950573157958 ], [ 109.567276599348432, -7.3064536714465 ], [ 109.567278183729215, -7.305956317359776 ], [ 109.566782322498824, -7.305312723399797 ], [ 109.566570472421333, -7.304742271023814 ], [ 109.56664381062771, -7.304109526262083 ], [ 109.566718232762327, -7.303042624138532 ], [ 109.566999808968347, -7.302003593731724 ], [ 109.567180715610931, -7.301362148807185 ], [ 109.567343531824378, -7.300702473372431 ], [ 109.567845623377977, -7.300279037058556 ], [ 109.568221012472279, -7.300244062623994 ], [ 109.568559685644885, -7.300552629615111 ], [ 109.569041437551775, -7.30088877373823 ], [ 109.569470431693446, -7.300835795316429 ], [ 109.569668016353361, -7.300538059756184 ], [ 109.56968738819721, -7.300058843899461 ], [ 109.569742767804129, -7.299552618297771 ], [ 109.570029308828069, -7.29934548638232 ], [ 109.570923164099625, -7.299420646271423 ], [ 109.571942214166739, -7.299369622630832 ], [ 109.572389738370163, -7.299172129758873 ], [ 109.572783090406077, -7.299101042979241 ], [ 109.573229353342526, -7.29930136125125 ], [ 109.573584343816293, -7.300188708622199 ], [ 109.574048783465301, -7.300262505890984 ], [ 109.57453183412008, -7.300119370767677 ], [ 109.574997293542197, -7.299894717606131 ], [ 109.575374326733694, -7.299434711539421 ], [ 109.575428886171366, -7.299091224501317 ], [ 109.575304910594355, -7.298738223351085 ], [ 109.574831986991256, -7.298112701884699 ], [ 109.574611511687607, -7.297668892939493 ], [ 109.574671464325377, -7.297225968967748 ], [ 109.574952927060338, -7.296828950241137 ], [ 109.57519868822159, -7.296621775992905 ], [ 109.575655318347643, -7.296306680669463 ], [ 109.576743101337982, -7.295749458830695 ], [ 109.577760392166027, -7.295354755230145 ], [ 109.578380293772867, -7.294985922695162 ], [ 109.578871379116123, -7.29477951775077 ], [ 109.579420878392895, -7.294663618427349 ], [ 109.580296396263662, -7.294892493207105 ], [ 109.581437259599383, -7.29542960410106 ], [ 109.582070551718914, -7.295124187571543 ], [ 109.582538571111542, -7.294510666098482 ], [ 109.582941158063079, -7.29411402064001 ], [ 109.583299437362044, -7.293771483669234 ], [ 109.584055433544393, -7.293321696799737 ], [ 109.584516835665255, -7.293196563740674 ], [ 109.585258568240718, -7.293126555734259 ], [ 109.586192005016954, -7.292867187953912 ], [ 109.586672547446483, -7.292877732287827 ], [ 109.587854458285065, -7.293044261215758 ], [ 109.591995474798253, -7.29249652746977 ], [ 109.592490938883728, -7.2930858488807 ], [ 109.592923986386211, -7.293430859140581 ], [ 109.593829492937346, -7.293506008452929 ], [ 109.594712829978164, -7.293960914529555 ], [ 109.595062773710367, -7.29454074008799 ], [ 109.595337485851019, -7.295129373005336 ], [ 109.59548654375611, -7.295419250351197 ], [ 109.596150794367546, -7.296081515178459 ], [ 109.597192404333654, -7.296771985118263 ], [ 109.597810978781268, -7.29709044402147 ], [ 109.598122136749467, -7.297344568197865 ], [ 109.598459373931391, -7.29783393920814 ], [ 109.598694317887919, -7.298196413501398 ], [ 109.599393248399068, -7.298876865492868 ], [ 109.600040121617525, -7.299294865057505 ], [ 109.60058876421688, -7.299432186342779 ], [ 109.60140816784579, -7.299606511273256 ], [ 109.601822204243646, -7.299897208173675 ], [ 109.602086067627198, -7.300856592658515 ], [ 109.602511723022658, -7.30060475167168 ], [ 109.603493289925609, -7.299857172782597 ], [ 109.604104315537754, -7.299506357505519 ], [ 109.604602513246647, -7.29931802807763 ], [ 109.605228520110416, -7.299338044907572 ], [ 109.606046946719005, -7.299467151704302 ], [ 109.6065439778273, -7.299631430996052 ], [ 109.607346721881839, -7.299615824748249 ], [ 109.608325735848709, -7.299618843182365 ], [ 109.608967540177886, -7.299747490949898 ], [ 109.609657077933008, -7.299993732798506 ], [ 109.610122146731385, -7.300085578763695 ], [ 109.610892741894205, -7.300106123450189 ], [ 109.6113741101329, -7.300143769828761 ], [ 109.612047630489968, -7.300353793429089 ], [ 109.612705625407131, -7.300464312777559 ], [ 109.613746713806535, -7.300440386245601 ], [ 109.61442051440531, -7.30056008356655 ], [ 109.614821638005495, -7.300633645859985 ], [ 109.615286989180674, -7.300707404816255 ], [ 109.615593680830742, -7.30011152030013 ], [ 109.615884103006223, -7.299633033786448 ], [ 109.616431144670358, -7.29920063089505 ], [ 109.617026663059875, -7.298741251277425 ], [ 109.617044960974113, -7.298035984565992 ], [ 109.617373757271977, -7.295468679235674 ], [ 109.617359291362106, -7.294926057999351 ], [ 109.61729606411437, -7.294600282169568 ], [ 109.617038869171012, -7.2939393793915 ], [ 109.616848551670998, -7.293242425096389 ], [ 109.616707862929061, -7.291948797170494 ], [ 109.616790579648779, -7.291180346923523 ], [ 109.617064547708878, -7.290828568860376 ], [ 109.617950381483794, -7.289917910904594 ], [ 109.617952956035239, -7.289248670879359 ], [ 109.617936158472631, -7.288832622562232 ], [ 109.617979828600411, -7.288254012987268 ], [ 109.617714121102765, -7.287592994477217 ], [ 109.61737939587023, -7.286814316589497 ], [ 109.617285600045903, -7.286009160387072 ], [ 109.617222594639273, -7.285611053780772 ], [ 109.616777243491256, -7.28428032876073 ], [ 109.616650548707725, -7.283683115707337 ], [ 109.616796812545601, -7.283158978191247 ], [ 109.616829667608485, -7.28213721446768 ], [ 109.61681589280721, -7.281368468669775 ], [ 109.616945810889476, -7.280889578581513 ], [ 109.617187983052148, -7.280456238530602 ], [ 109.617429598061037, -7.280131484350668 ], [ 109.617703726297776, -7.279797697377688 ], [ 109.61776956280768, -7.27917385750588 ], [ 109.61780304262048, -7.278776045483804 ], [ 109.618189761478817, -7.278279855513415 ], [ 109.618724792554829, -7.277784117430776 ], [ 109.618897968190169, -7.276419114641542 ], [ 109.619037191490605, -7.275777505344026 ], [ 109.619080831066384, -7.275280267868597 ], [ 109.619153393480147, -7.274873533083642 ], [ 109.619280113866708, -7.274168504792762 ], [ 109.619428456797664, -7.27332792037555 ], [ 109.619837675085549, -7.271746640166751 ], [ 109.619970801850741, -7.271168211194899 ], [ 109.620107369475875, -7.270734546386559 ], [ 109.620134689247834, -7.270029305089722 ], [ 109.620300151722788, -7.269695184146462 ], [ 109.620491030178783, -7.269107979438473 ], [ 109.62070082438008, -7.26861124673332 ], [ 109.621044690243124, -7.267861670090922 ], [ 109.621251586669871, -7.267310679269734 ], [ 109.62150345702571, -7.266949695783727 ], [ 109.621745776211469, -7.266561558645211 ], [ 109.621898140454007, -7.266064650349267 ], [ 109.622134048100193, -7.265721700715919 ], [ 109.622443155499383, -7.26515293637121 ], [ 109.62259243686934, -7.264637935275413 ], [ 109.622511760741034, -7.263615732599994 ], [ 109.6230698188905, -7.263373306628183 ], [ 109.623510574806858, -7.263419851307576 ], [ 109.623989204314753, -7.263683505926163 ], [ 109.624449113578578, -7.263865820474726 ], [ 109.624726925197066, -7.264083658197473 ], [ 109.624991821829923, -7.264373878929559 ], [ 109.625000523668973, -7.265884104056092 ], [ 109.625285458252321, -7.266093012221003 ], [ 109.6257898109981, -7.266076457564026 ], [ 109.626242388146423, -7.265969330666882 ], [ 109.626677498561563, -7.265834935516243 ], [ 109.628628370578895, -7.264882258491363 ], [ 109.629480406024669, -7.264920999333845 ], [ 109.630226618645068, -7.265429667571468 ], [ 109.631064318570395, -7.266282278564824 ], [ 109.631805545102836, -7.267107473005967 ], [ 109.632805673978851, -7.268060028494132 ], [ 109.633633445965216, -7.268840274396687 ], [ 109.63449234170281, -7.269602529998169 ], [ 109.635385623965036, -7.270527635320365 ], [ 109.63618218927644, -7.271307784176191 ], [ 109.638800112664072, -7.273205695082192 ], [ 109.63956122651949, -7.273560690909289 ], [ 109.640446664042358, -7.273698971454348 ], [ 109.641221622930757, -7.274144421795488 ], [ 109.641939753227149, -7.274390696429219 ], [ 109.642793970701192, -7.274655551253597 ], [ 109.64376206235022, -7.274974994836891 ], [ 109.644403798689126, -7.275221037336256 ], [ 109.644917256553001, -7.27558432593331 ], [ 109.645437158209745, -7.275965716467292 ], [ 109.645949261382654, -7.276582163663956 ], [ 109.646260149825792, -7.277107683993606 ], [ 109.646562499770852, -7.277841044092002 ], [ 109.646890560761065, -7.278592654503652 ], [ 109.647302557605329, -7.279471097440667 ], [ 109.64805676113906, -7.280992603543086 ], [ 109.648410291469176, -7.281644832515744 ], [ 109.648900543342535, -7.282279296001421 ], [ 109.649371587431787, -7.283393085613239 ], [ 109.649577455851869, -7.284026699970673 ], [ 109.649792494374481, -7.284416219419639 ], [ 109.650107646405189, -7.284742746566365 ], [ 109.651294746815665, -7.286157043012641 ], [ 109.652082927160947, -7.286837600654215 ], [ 109.652557736166358, -7.287444981658464 ], [ 109.653004332753255, -7.288196853147214 ], [ 109.653450264603308, -7.288921688144644 ], [ 109.653717772102269, -7.289474111320584 ], [ 109.654003977499698, -7.290017638945081 ], [ 109.654484682181462, -7.291203697590249 ], [ 109.655231063717366, -7.292806640262802 ], [ 109.655324895538541, -7.293322380047487 ], [ 109.655431552249794, -7.293820074834612 ], [ 109.655508427393272, -7.294136849367298 ], [ 109.655715427336233, -7.294770466451008 ], [ 109.655840944251366, -7.295204926282189 ], [ 109.655972415288275, -7.29562132065982 ], [ 109.656277209102441, -7.296870237198014 ], [ 109.656539888562293, -7.298091903741674 ], [ 109.656727912052801, -7.299304216252506 ], [ 109.656934063253175, -7.30049858997592 ], [ 109.657066047051117, -7.301719867863518 ], [ 109.65712761611627, -7.302886596356037 ], [ 109.657038056757003, -7.303691211747859 ], [ 109.65690828570871, -7.3043058340967 ], [ 109.656801683926588, -7.304739603219849 ], [ 109.656766949557721, -7.305191669390045 ], [ 109.656749214783204, -7.30555327990489 ], [ 109.656664663445042, -7.305905740302733 ], [ 109.656263020791542, -7.306374796860656 ], [ 109.655678103095582, -7.306617267314075 ], [ 109.655060295292628, -7.306769132658219 ], [ 109.654091759604839, -7.307046623224759 ], [ 109.653373662725215, -7.307243394659276 ], [ 109.652956010115844, -7.307395944726504 ], [ 109.652388098021348, -7.307620287577773 ], [ 109.651836371995756, -7.307926142481272 ], [ 109.651351794402558, -7.30820498225876 ], [ 109.650883484010038, -7.308538209842308 ], [ 109.650565731892669, -7.308799554858529 ], [ 109.650223503254438, -7.309277823709586 ], [ 109.650019340269026, -7.309666089946004 ], [ 109.649783367599838, -7.310126593217258 ], [ 109.649594324174871, -7.310578195270397 ], [ 109.649296307059586, -7.310957138281236 ], [ 109.648966853812013, -7.311308771721789 ], [ 109.648684614980112, -7.311606387457428 ], [ 109.648246268858728, -7.311858327130901 ], [ 109.647651618839447, -7.312055457711949 ], [ 109.647119432797851, -7.312243823752058 ], [ 109.646289981789891, -7.312584912268344 ], [ 109.645601272188998, -7.31289034620603 ], [ 109.645257016189234, -7.312997810112902 ], [ 109.645021316494024, -7.313340770465188 ], [ 109.644919362492217, -7.313937295797654 ], [ 109.644976851388421, -7.314389635904777 ], [ 109.645034857233043, -7.314769645276949 ], [ 109.644994079111243, -7.31523977298001 ], [ 109.644481562700378, -7.315590941766091 ], [ 109.644205265822464, -7.315897613028855 ], [ 109.644282136407028, -7.316485634429551 ], [ 109.644319776474632, -7.317055454716519 ], [ 109.644141718688758, -7.317353379840625 ], [ 109.643825384978797, -7.317858843786865 ], [ 109.6434894950673, -7.31840954653892 ], [ 109.643370158519716, -7.318825097463752 ], [ 109.643329623432777, -7.319213851526761 ], [ 109.643702107457642, -7.319603849654095 ], [ 109.644390530863348, -7.319669213194401 ], [ 109.644862893572608, -7.319607344120208 ], [ 109.645413656194265, -7.319627084179159 ], [ 109.645885453324979, -7.319727959981702 ], [ 109.64638173136008, -7.32008216244235 ], [ 109.646503610085787, -7.32040811464649 ], [ 109.646449510269008, -7.320887244050047 ], [ 109.646324605360235, -7.321465617468382 ], [ 109.64598937413912, -7.321971025947514 ], [ 109.645812603223931, -7.32238649536838 ], [ 109.645688344499604, -7.322774998035862 ], [ 109.645686870617652, -7.323263326964276 ], [ 109.646089716081917, -7.323716706140389 ], [ 109.646422657108502, -7.323970961017543 ], [ 109.646632383647571, -7.324242928294401 ], [ 109.646947255602512, -7.324668917827011 ], [ 109.647069516231795, -7.324967656225605 ], [ 109.647050900759155, -7.325320310743495 ], [ 109.646799603079984, -7.325780764039927 ], [ 109.646887287417456, -7.32625127818446 ], [ 109.646930961602109, -7.326604119971991 ], [ 109.646929624690301, -7.327047241784443 ], [ 109.647196373083247, -7.327382671354944 ], [ 109.647664293821506, -7.327582992100409 ], [ 109.648243432021872, -7.327856069408282 ], [ 109.648599632881243, -7.328101261338121 ], [ 109.648843458912978, -7.328608410749001 ], [ 109.648662915624229, -7.329259040421355 ], [ 109.64861692306971, -7.329674903682409 ], [ 109.648549006158206, -7.330054534855464 ], [ 109.648324703410523, -7.330478903669349 ], [ 109.648033936779669, -7.330676943503595 ], [ 109.647765656888382, -7.330947473465194 ], [ 109.647451902602626, -7.331362531047779 ], [ 109.647116422087635, -7.331650850978503 ], [ 109.647092725057888, -7.332102946980354 ], [ 109.647247855639407, -7.332474207255617 ], [ 109.647304502718555, -7.333007918876043 ], [ 109.647303028515637, -7.333496247910508 ], [ 109.647281816081033, -7.333966434456448 ], [ 109.647182643548902, -7.334282680203238 ], [ 109.646945593782291, -7.334598510835937 ], [ 109.646511667222555, -7.334986080679536 ], [ 109.646294431471844, -7.335220506264117 ], [ 109.646548788323813, -7.335727688720076 ], [ 109.646685390511379, -7.336026561191693 ], [ 109.64672368639954, -7.336379386799194 ], [ 109.646624458005519, -7.336713715124088 ], [ 109.646367805012744, -7.336966104919615 ], [ 109.645875820043727, -7.337064079258896 ], [ 109.645581246720738, -7.336864277677757 ], [ 109.645149348646186, -7.336555473123362 ], [ 109.644519752809373, -7.336589740357752 ], [ 109.644145123390899, -7.336805697066604 ], [ 109.643868920091933, -7.337076199636426 ], [ 109.643651193777899, -7.337545792027603 ], [ 109.643610235964275, -7.338097291684519 ], [ 109.643609167539992, -7.338449998260286 ], [ 109.643686802923398, -7.338784769020996 ], [ 109.643782229005694, -7.339336770884389 ], [ 109.643977919896528, -7.339780486797462 ], [ 109.644155705315896, -7.340242231678407 ], [ 109.644118797991922, -7.340640037714075 ], [ 109.643813442932213, -7.340892278296421 ], [ 109.643901305761631, -7.341426083891311 ], [ 109.643918088161541, -7.341778844371149 ], [ 109.643916827659368, -7.34219484101182 ], [ 109.643808373309184, -7.342565306243896 ], [ 109.643663960157781, -7.342872372126446 ], [ 109.643394447251993, -7.34315184492712 ], [ 109.64310726978259, -7.343295731739365 ], [ 109.642676964687382, -7.343421012146706 ], [ 109.642371881145507, -7.343582836889091 ], [ 109.642047820890681, -7.344115396502811 ], [ 109.641869301946713, -7.344756984728241 ], [ 109.641703651289333, -7.345145358936722 ], [ 109.641229918528936, -7.345550883385711 ], [ 109.640694925519227, -7.345739134980756 ], [ 109.640386179898144, -7.345900946849651 ], [ 109.640056764021381, -7.346080869252712 ], [ 109.639849838478625, -7.346532407832013 ], [ 109.639889791157401, -7.346903321092593 ], [ 109.639929311693407, -7.34739177262241 ], [ 109.639887233308585, -7.347744354203011 ], [ 109.639845025386933, -7.348114927965272 ], [ 109.639884867951935, -7.348522006913734 ], [ 109.640129338645835, -7.349110626773233 ], [ 109.640787998516814, -7.348931702472878 ], [ 109.641137387181402, -7.34891467797113 ], [ 109.641608793032248, -7.349350188679708 ], [ 109.641647875371817, -7.349983393652285 ], [ 109.641420385209685, -7.350516244153357 ], [ 109.641255061216285, -7.350796030109258 ], [ 109.640925539419044, -7.350984993713846 ], [ 109.640509807238899, -7.351227854306439 ], [ 109.640256117164739, -7.351435130200165 ], [ 109.640036247048371, -7.351696667088738 ], [ 109.639798245555852, -7.352319989793521 ], [ 109.639627938548401, -7.352862053701973 ], [ 109.639424035174159, -7.353349766489179 ], [ 109.639254749709721, -7.35362962965144 ], [ 109.638814706540458, -7.354152791134409 ], [ 109.638323863283333, -7.354702922160024 ], [ 109.637562704234853, -7.355424109606989 ], [ 109.636970762859178, -7.356010097201535 ], [ 109.636463736049777, -7.35637934634715 ], [ 109.636058091251641, -7.35666752995838 ], [ 109.635393438523224, -7.356945792522812 ], [ 109.634768698554453, -7.357215224486936 ], [ 109.634456559340293, -7.357286605211013 ], [ 109.634105576832141, -7.357285535447105 ], [ 109.63355985588025, -7.357166332366569 ], [ 109.63313132024409, -7.357074610580304 ], [ 109.632331361460146, -7.357144501472351 ], [ 109.631765531387543, -7.357323603529382 ], [ 109.631511311332829, -7.357530871438748 ], [ 109.631276366891285, -7.357882771152021 ], [ 109.631177440228328, -7.358307508427754 ], [ 109.631155729700282, -7.359103272238057 ], [ 109.631192277345022, -7.359826882286553 ], [ 109.631229012772579, -7.360586658781545 ], [ 109.631266358316992, -7.361147434406075 ], [ 109.631284791027738, -7.361518281381094 ], [ 109.631126806137729, -7.362177916091476 ], [ 109.630715742903462, -7.362646905976534 ], [ 109.630273296126134, -7.363387133659181 ], [ 109.629899161336141, -7.36399185733054 ], [ 109.629299205781379, -7.364577896575817 ], [ 109.628708028325804, -7.36488349557891 ], [ 109.628195911149703, -7.365080928894547 ], [ 109.627565554608836, -7.365350240230291 ], [ 109.627211067643117, -7.36546678246233 ], [ 109.626659892033146, -7.365564547606183 ], [ 109.625813749058153, -7.365661406505986 ], [ 109.625164051622619, -7.36575886720654 ], [ 109.624540442038494, -7.365946911922101 ], [ 109.623446130313695, -7.366296163646664 ], [ 109.622684159537812, -7.366637484299601 ], [ 109.622018935675626, -7.366997184220223 ], [ 109.620827368956668, -7.367490882456655 ], [ 109.619760110353738, -7.368147796541756 ], [ 109.619025099327715, -7.368633855743488 ], [ 109.618470931928627, -7.368876263205285 ], [ 109.617889753022737, -7.368892551004781 ], [ 109.617254590555376, -7.368420344406521 ], [ 109.616442071302828, -7.367260351061164 ], [ 109.615765616444563, -7.366760891129016 ], [ 109.61536449175864, -7.366669145719455 ], [ 109.614689379442055, -7.366676097819416 ], [ 109.613885985140044, -7.367125770724261 ], [ 109.6131821522645, -7.36716879705383 ], [ 109.612557884849835, -7.367374904517988 ], [ 109.611949114447413, -7.367689555815608 ], [ 109.611259302936872, -7.368410817252784 ], [ 109.610873984746078, -7.368879863829669 ], [ 109.610024439057696, -7.369419889295452 ], [ 109.608984147342582, -7.369687897325914 ], [ 109.608360355398474, -7.369740205491365 ], [ 109.608055869504483, -7.369893052024615 ], [ 109.606966952347022, -7.370423193921592 ], [ 109.606214231011862, -7.370692090249094 ], [ 109.605477557827939, -7.370988249697267 ], [ 109.604692654883024, -7.371419877782402 ], [ 109.603539960122546, -7.371967893599926 ], [ 109.602823791032392, -7.372417815074847 ], [ 109.602224020123913, -7.372931478905982 ], [ 109.601624674029281, -7.373309341852221 ], [ 109.601273710519735, -7.373561492384602 ], [ 109.600819657432467, -7.373840444013933 ], [ 109.600075042215522, -7.37430835365107 ], [ 109.598847353286772, -7.375018864185711 ], [ 109.597422775935712, -7.375511760727249 ], [ 109.596398273098615, -7.375978784654603 ], [ 109.595698311374946, -7.376401619005948 ], [ 109.59509777435963, -7.376869971204245 ], [ 109.594523099890225, -7.377166618493912 ], [ 109.593274200365101, -7.377587721524403 ], [ 109.592649328967511, -7.377884207969855 ], [ 109.592323813068674, -7.378235884450028 ], [ 109.591948017485635, -7.378732063201678 ], [ 109.591647157945673, -7.379246560324276 ], [ 109.591220524798899, -7.379968610693597 ], [ 109.590794732411482, -7.380518968536178 ], [ 109.590119421037031, -7.381032282593451 ], [ 109.589194510069902, -7.381580972199007 ], [ 109.588644171954073, -7.381950017290157 ] ] ], [ [ [ 109.782900187319584, -7.250698431842216 ], [ 109.783338641061405, -7.251197008176621 ], [ 109.783679464832659, -7.251704364999645 ], [ 109.783539150105995, -7.252201482417632 ], [ 109.783331533955561, -7.252481229798837 ], [ 109.783191024226767, -7.253050682765278 ], [ 109.783223838140614, -7.253484788412373 ], [ 109.783153655945284, -7.254117723866887 ], [ 109.783118864907465, -7.254642159208304 ], [ 109.78313758161228, -7.255347668998482 ], [ 109.783142902709244, -7.256007842290471 ], [ 109.782713717520025, -7.257227638156385 ], [ 109.782275610158464, -7.257931832579433 ], [ 109.781773441452401, -7.258907296211219 ], [ 109.78142363150458, -7.259656936323386 ], [ 109.781121956881691, -7.260280207236923 ], [ 109.780374684711404, -7.260504250809438 ], [ 109.779585620766113, -7.260827733334924 ], [ 109.778750919638441, -7.261042587278115 ], [ 109.778269674744067, -7.261068418278942 ], [ 109.777664588137938, -7.261184335438444 ], [ 109.776600038560474, -7.261832582697428 ], [ 109.775817560445461, -7.262535930390987 ], [ 109.774899346924002, -7.262976601280326 ], [ 109.774117173625882, -7.263345301526813 ], [ 109.773220871375742, -7.263966867660958 ], [ 109.772616393038263, -7.264462633203006 ], [ 109.772211258334394, -7.264814265305213 ], [ 109.77195630500357, -7.265084925541213 ], [ 109.771279501539141, -7.265426688698089 ], [ 109.770701494333437, -7.265578927021951 ], [ 109.770131324996001, -7.265622591502001 ], [ 109.769634530958342, -7.266064392143138 ], [ 109.76863486452072, -7.266902764864041 ], [ 109.768148569518814, -7.267217913714382 ], [ 109.76758585445873, -7.26682757979477 ], [ 109.767296403170249, -7.266492149529689 ], [ 109.766964623091638, -7.265794834513338 ], [ 109.766809500355691, -7.265468901606282 ], [ 109.766430384550787, -7.265205563079967 ], [ 109.765934644373232, -7.265068585160983 ], [ 109.765794704500379, -7.264597931334212 ], [ 109.765776993722696, -7.264136651987553 ], [ 109.765884278324592, -7.263820384237795 ], [ 109.766047692145648, -7.263269177681613 ], [ 109.76610226835264, -7.262645248833874 ], [ 109.766237780244538, -7.26227480576324 ], [ 109.766846403946744, -7.261272619311978 ], [ 109.767063136605216, -7.260694430885757 ], [ 109.767354937108692, -7.259754676374608 ], [ 109.768197736907538, -7.259033424263431 ], [ 109.768442706393117, -7.258780822772518 ], [ 109.768462926260781, -7.258211142044728 ], [ 109.768745730780466, -7.257886306991198 ], [ 109.769162432259861, -7.256711797200364 ], [ 109.769443692491677, -7.256405041249622 ], [ 109.769859953439109, -7.256216287017325 ], [ 109.77049372710394, -7.255874316856603 ], [ 109.77068412258896, -7.255504019972039 ], [ 109.770751471562946, -7.255178599981253 ], [ 109.771053718967124, -7.254980493843576 ], [ 109.771439593568545, -7.254429885288078 ], [ 109.771804935708147, -7.253408855924278 ], [ 109.771886663932619, -7.25290263441916 ], [ 109.771938796549065, -7.252459626883079 ], [ 109.771945051191466, -7.252025537346125 ], [ 109.771745129500886, -7.251337714651143 ], [ 109.771897408135501, -7.250922103695366 ], [ 109.772313503037068, -7.25048912123913 ], [ 109.772598347637526, -7.250318001992815 ], [ 109.772934026458799, -7.250210404205374 ], [ 109.773579296178866, -7.250004179430859 ], [ 109.774639296964409, -7.249039362023591 ], [ 109.775268443325928, -7.248525481709581 ], [ 109.776106152330073, -7.24821126688059 ], [ 109.777047781605276, -7.248213800474239 ], [ 109.778092959838446, -7.248533081171763 ], [ 109.779138164014384, -7.248843408167361 ], [ 109.780601656187144, -7.249263359447032 ], [ 109.782136740475337, -7.250000059884688 ], [ 109.782493180107593, -7.250281317780245 ], [ 109.782900187319584, -7.250698431842216 ] ] ] ] } },
{ "type": "Feature", "properties": { "KECAMATAN": "Purwanegara" }, "geometry": { "type": "MultiPolygon", "coordinates": [ [ [ [ 109.568727140210328, -7.509872802090367 ], [ 109.568386654716434, -7.509826486437111 ], [ 109.568060888527839, -7.509780218525075 ], [ 109.567384164250214, -7.509759929217186 ], [ 109.566818557999426, -7.5097128779908 ], [ 109.566483393446333, -7.509684660622062 ], [ 109.565949887328145, -7.509691960086511 ], [ 109.565572510495244, -7.509754015853896 ], [ 109.564983428494941, -7.509688803298071 ], [ 109.564327413282371, -7.509505745690344 ], [ 109.563983475832174, -7.509396127359462 ], [ 109.563605035943283, -7.509349684060194 ], [ 109.563131526253557, -7.509266764814292 ], [ 109.562639549280831, -7.50930131966075 ], [ 109.562237741454823, -7.509408498344738 ], [ 109.561706360761406, -7.509542375764372 ], [ 109.561353953925234, -7.509577386140895 ], [ 109.560895420042215, -7.509621089634836 ], [ 109.560439201703545, -7.509619594494136 ], [ 109.559816171862209, -7.509653806889729 ], [ 109.559473838297492, -7.509806383587422 ], [ 109.559005068211547, -7.5098500514499 ], [ 109.558529498936352, -7.50989369647744 ], [ 109.558110476090661, -7.510055061403496 ], [ 109.557493634528939, -7.510342442421049 ], [ 109.557198311320576, -7.510513344182988 ], [ 109.556822190947983, -7.510873753516749 ], [ 109.556570292727073, -7.511108085365914 ], [ 109.55585578002902, -7.511557882801542 ], [ 109.555110601982875, -7.511609677996917 ], [ 109.554311284749275, -7.511335722862212 ], [ 109.553883667664095, -7.511090204509934 ], [ 109.553418304649128, -7.510871594426847 ], [ 109.552980750015394, -7.510987777697104 ], [ 109.552132732542702, -7.511319503547753 ], [ 109.55178017494913, -7.511399801290992 ], [ 109.551388167001889, -7.511525083712518 ], [ 109.55140502016593, -7.511895915230592 ], [ 109.551163369862664, -7.512193474472741 ], [ 109.550356365320667, -7.512796745506721 ], [ 109.549836377260647, -7.513256214825501 ], [ 109.549389505246651, -7.513770171553607 ], [ 109.548997143572805, -7.514428965415571 ], [ 109.548655348315904, -7.515115139614484 ], [ 109.548428152418182, -7.515828815700476 ], [ 109.548241864639238, -7.516913311777649 ], [ 109.548126490278278, -7.51754589708772 ], [ 109.548067531782777, -7.51790743617225 ], [ 109.547972483803548, -7.518314061244505 ], [ 109.547869202033482, -7.518702576812574 ], [ 109.547813232524589, -7.519018920205101 ], [ 109.547533103934313, -7.519650959574931 ], [ 109.547011902602307, -7.520381742398023 ], [ 109.54670502759987, -7.52078766499882 ], [ 109.546421432874709, -7.521247910958848 ], [ 109.546114195452859, -7.521762324737503 ], [ 109.545870425168516, -7.522177496712939 ], [ 109.545467877230791, -7.522637347161701 ], [ 109.545031701819028, -7.522672064265984 ], [ 109.544665555419229, -7.522589479345267 ], [ 109.544202549852457, -7.522334701664487 ], [ 109.543809799416266, -7.521917417542745 ], [ 109.543552270370498, -7.5216182067353 ], [ 109.543094947881983, -7.521273036326101 ], [ 109.54267268035656, -7.521036474931917 ], [ 109.542379418911253, -7.520854678853437 ], [ 109.542062577429377, -7.520663672753673 ], [ 109.541605253973827, -7.520409002277301 ], [ 109.541112774277423, -7.520009467004962 ], [ 109.540665946294595, -7.519655288558836 ], [ 109.540191416463088, -7.5192286890891 ], [ 109.539742113456768, -7.518766009003778 ], [ 109.539478394591285, -7.518285864405803 ], [ 109.539292068867965, -7.517787895313951 ], [ 109.539118233783469, -7.517353255221286 ], [ 109.538894415062103, -7.516873243378535 ], [ 109.538657501878859, -7.516510721655212 ], [ 109.538445526728211, -7.516220611395557 ], [ 109.537920928196613, -7.515775761650082 ], [ 109.537495466612924, -7.515647769163952 ], [ 109.536706521279243, -7.51558185182477 ], [ 109.535992769641481, -7.515552348157266 ], [ 109.535353973163112, -7.515541175604486 ], [ 109.534577203624309, -7.515565705593994 ], [ 109.533813166402425, -7.515581235689822 ], [ 109.533148978696119, -7.515633262353425 ], [ 109.532171847992871, -7.51569328239526 ], [ 109.531420197788435, -7.515735972784459 ], [ 109.530655740474558, -7.515787750412581 ], [ 109.529878794622277, -7.515776107255999 ], [ 109.529359800518932, -7.515756286242283 ], [ 109.528868150054038, -7.515781761390385 ], [ 109.528198242982924, -7.515779515103583 ], [ 109.527281384819105, -7.515758357071985 ], [ 109.526000648354852, -7.515672597592111 ], [ 109.525530542791046, -7.515535403215726 ], [ 109.525178652344835, -7.515416687693483 ], [ 109.524697740195805, -7.515116627726504 ], [ 109.524170711189754, -7.514644633242302 ], [ 109.523819048891752, -7.51428172016728 ], [ 109.523467791289093, -7.513909767277966 ], [ 109.523198249636309, -7.51365571253389 ], [ 109.522763277551988, -7.513337723609394 ], [ 109.522401150303665, -7.513065274953449 ], [ 109.521462572821321, -7.512465228471298 ], [ 109.52167081195465, -7.512176617950399 ], [ 109.521800514905593, -7.511824365501186 ], [ 109.521917176314616, -7.511417823099921 ], [ 109.521920093475998, -7.510974733778561 ], [ 109.52184265773829, -7.510585619946955 ], [ 109.521915800423542, -7.510233176939959 ], [ 109.522157771940869, -7.509845138064779 ], [ 109.522384511170088, -7.509520425109621 ], [ 109.522837983236272, -7.509160220177113 ], [ 109.523073025730014, -7.508898731206301 ], [ 109.523308274939779, -7.508664456160838 ], [ 109.523641719587317, -7.50835809256213 ], [ 109.523932774669603, -7.507771315063586 ], [ 109.524131910187904, -7.507256466050557 ], [ 109.524776693484625, -7.506661834787209 ], [ 109.525088007967426, -7.506536305857979 ], [ 109.525254661981776, -7.506148011453848 ], [ 109.525940211784004, -7.505472055141925 ], [ 109.526225936901952, -7.505201783112686 ], [ 109.526573055054442, -7.504805052049009 ], [ 109.526984787040121, -7.504634562582314 ], [ 109.527045102389849, -7.503784818692465 ], [ 109.527102857685108, -7.502763105974629 ], [ 109.526903378140318, -7.502138516908105 ], [ 109.526871648867285, -7.501731474381532 ], [ 109.526589979332158, -7.501197020079766 ], [ 109.52620072263197, -7.500662205113743 ], [ 109.52618030066472, -7.500336569695153 ], [ 109.526315686979515, -7.500002415449425 ], [ 109.527046617501014, -7.499625051196112 ], [ 109.528840542668931, -7.499504481874104 ], [ 109.53049948435212, -7.499510028469106 ], [ 109.531458967333094, -7.499621726039731 ], [ 109.532658910333012, -7.499390664457842 ], [ 109.533689468466235, -7.499005246446351 ], [ 109.533977591975344, -7.498707762027639 ], [ 109.534128845256134, -7.4982742054836 ], [ 109.536313383370469, -7.496988338332887 ], [ 109.536928916815683, -7.496574406802882 ], [ 109.537687691869408, -7.496088621808171 ], [ 109.538310139793666, -7.495728957211801 ], [ 109.539131745958329, -7.495243377855564 ], [ 109.539895808035311, -7.494694318171797 ], [ 109.540192666149451, -7.494396857266248 ], [ 109.54082151471016, -7.493639402150592 ], [ 109.541600042300757, -7.492828104794475 ], [ 109.542339762702696, -7.491935307242207 ], [ 109.543332289091992, -7.490374123153159 ], [ 109.543675064064672, -7.489814619194081 ], [ 109.543867056693003, -7.489055621844126 ], [ 109.543903273160311, -7.488296199665514 ], [ 109.543588492865069, -7.487490321106051 ], [ 109.543548828069362, -7.486992839658674 ], [ 109.543412007790991, -7.4865040780613 ], [ 109.543223785357199, -7.486060351934956 ], [ 109.542994590529887, -7.485670736815031 ], [ 109.54276315471617, -7.485281114234282 ], [ 109.542532004839543, -7.484782999521244 ], [ 109.54224565542421, -7.484483606027826 ], [ 109.54195092154292, -7.484301809172964 ], [ 109.541601126687823, -7.484074534113438 ], [ 109.540697984259694, -7.48259757698745 ], [ 109.540190097316994, -7.481899551263718 ], [ 109.539517476311659, -7.481110568732521 ], [ 109.538933940610761, -7.480403340921825 ], [ 109.538483838063257, -7.479786875309119 ], [ 109.538344856803548, -7.479343311678534 ], [ 109.538298488601711, -7.478818685419612 ], [ 109.538338248830698, -7.478185851789211 ], [ 109.538327505959089, -7.47750755496856 ], [ 109.538468400936566, -7.476522364152532 ], [ 109.538679565870325, -7.475591652355605 ], [ 109.538485611237846, -7.47525639968997 ], [ 109.538078679281853, -7.475363634650859 ], [ 109.537558102684798, -7.475316613461167 ], [ 109.537240797812487, -7.47520706864865 ], [ 109.536505620787594, -7.474743445639702 ], [ 109.53593464976683, -7.474551688925261 ], [ 109.535540479518659, -7.474640791364954 ], [ 109.535336348262518, -7.474983764483424 ], [ 109.535232558682267, -7.475616384559522 ], [ 109.535267466620709, -7.476014397547735 ], [ 109.535369418205477, -7.4764487974033 ], [ 109.535380973375268, -7.476792486493236 ], [ 109.535209625549641, -7.477072190341701 ], [ 109.534579472507886, -7.477196762294751 ], [ 109.533881554980866, -7.476941202897983 ], [ 109.533591450966227, -7.476650834346382 ], [ 109.533058957620213, -7.475943771243292 ], [ 109.532758096590726, -7.475653366589068 ], [ 109.532388092861297, -7.475552684235057 ], [ 109.532003918363415, -7.475623734357885 ], [ 109.531578066522499, -7.475803228354963 ], [ 109.531248229240646, -7.47604623847903 ], [ 109.530876200191088, -7.476551388424482 ], [ 109.530381082228985, -7.476956676307506 ], [ 109.529922870876476, -7.476982272418106 ], [ 109.529558333337931, -7.476944893087273 ], [ 109.529147485414668, -7.476681333127649 ], [ 109.528545371336392, -7.476308552045294 ], [ 109.527860292355939, -7.476125355120092 ], [ 109.527183715726892, -7.476258802452635 ], [ 109.526899065564081, -7.47576954601929 ], [ 109.526540676871221, -7.474990639972263 ], [ 109.526225265432529, -7.474139549203128 ], [ 109.525916606896487, -7.473324645069847 ], [ 109.525612928802659, -7.472428388335893 ], [ 109.52531776564949, -7.471287962010482 ], [ 109.525121068222333, -7.470771876100074 ], [ 109.52488187531111, -7.469984417521824 ], [ 109.524591958591017, -7.469151493932528 ], [ 109.524300730519613, -7.468264319829943 ], [ 109.523888691293593, -7.467268159287121 ], [ 109.523610002110274, -7.466362945040492 ], [ 109.523728004856338, -7.465884075065708 ], [ 109.524279521672355, -7.465388571458247 ], [ 109.524616938214521, -7.465245042207602 ], [ 109.525327535698622, -7.465075545117359 ], [ 109.52577164841864, -7.464950453088187 ], [ 109.526146630092683, -7.464743760663717 ], [ 109.526517314790112, -7.464392306619883 ], [ 109.526966908706399, -7.464303395597337 ], [ 109.527593361294336, -7.463582020276549 ], [ 109.527853058938504, -7.46322115378504 ], [ 109.528303670515967, -7.462671061146501 ], [ 109.528478421425092, -7.462400321538999 ], [ 109.528914196412671, -7.4617959322983 ], [ 109.529205225877575, -7.461380922609345 ], [ 109.529492902275919, -7.461119689611744 ], [ 109.53027833086739, -7.460597740607215 ], [ 109.530620332528798, -7.460354769371692 ], [ 109.531307439295318, -7.459497972269687 ], [ 109.531829541129682, -7.459327836125923 ], [ 109.532410717382021, -7.459275519533981 ], [ 109.532797981090042, -7.458788497465619 ], [ 109.532793994850707, -7.458101273449825 ], [ 109.532571018381176, -7.457802088191605 ], [ 109.532752924134897, -7.457422877013626 ], [ 109.533221049141744, -7.456881876078002 ], [ 109.533667678538578, -7.456087563000345 ], [ 109.533736132589425, -7.455744139178222 ], [ 109.533594452979429, -7.455372985925131 ], [ 109.533295276572161, -7.455073548532124 ], [ 109.533165878613417, -7.454738509797367 ], [ 109.533262496821663, -7.45439517945241 ], [ 109.533171404897672, -7.452920913254457 ], [ 109.533127278761597, -7.452486705620861 ], [ 109.533121624047254, -7.452143036138108 ], [ 109.533214002590995, -7.451591747188331 ], [ 109.533314191876457, -7.451185141046573 ], [ 109.533396117674656, -7.449621037421575 ], [ 109.533389343613933, -7.449186953524763 ], [ 109.53318999870352, -7.447847944480328 ], [ 109.533052355829795, -7.446735166486451 ], [ 109.533056498675222, -7.445062221840775 ], [ 109.533107356794702, -7.443561302395888 ], [ 109.533170577961798, -7.442431107386834 ], [ 109.533075166495195, -7.441580840983425 ], [ 109.532952431106878, -7.440612769480319 ], [ 109.532829225288154, -7.440033643057745 ], [ 109.532610841814076, -7.438938770489147 ], [ 109.532594918139623, -7.437952970521788 ], [ 109.533476840761125, -7.437603287185898 ], [ 109.533880465973695, -7.437378504996352 ], [ 109.534133190049687, -7.437153313881965 ], [ 109.534486899831705, -7.436774667731359 ], [ 109.534789659396978, -7.436576674294017 ], [ 109.53542850633751, -7.436515497362416 ], [ 109.535769564322607, -7.437158721076551 ], [ 109.535742576061978, -7.437683104832712 ], [ 109.5357156913675, -7.438288858596195 ], [ 109.535738498749538, -7.438912949045686 ], [ 109.535913374873701, -7.439365670960273 ], [ 109.536088731137468, -7.439673646798727 ], [ 109.536616525277566, -7.439919589298865 ], [ 109.536919420850339, -7.439748718353647 ], [ 109.537399516255306, -7.439171583200852 ], [ 109.537754527985513, -7.43842216366157 ], [ 109.538033414149282, -7.437898610116046 ], [ 109.538235503051439, -7.437646126076472 ], [ 109.538689222518784, -7.437520956185621 ], [ 109.539116854223309, -7.437649031171393 ], [ 109.53949431576406, -7.437722603552179 ], [ 109.540074000210637, -7.437570723858107 ], [ 109.540520338173906, -7.437192467394507 ], [ 109.540919597587148, -7.436660175924225 ], [ 109.541646996195283, -7.43586686169815 ], [ 109.542138945478015, -7.435542909189355 ], [ 109.542513745359287, -7.435381401290869 ], [ 109.543098461583497, -7.43526569780236 ], [ 109.544010661458785, -7.435178282497369 ], [ 109.544222425945094, -7.434753955045009 ], [ 109.544247029973633, -7.434428465379092 ], [ 109.544131639003311, -7.433966899541649 ], [ 109.543900753033782, -7.433052808656973 ], [ 109.543785690164484, -7.432491791701621 ], [ 109.543927739819352, -7.432003947532412 ], [ 109.544209082305727, -7.431751629221771 ], [ 109.544560212151509, -7.431562917802807 ], [ 109.545004990274009, -7.431473965420493 ], [ 109.545869599836678, -7.43156721103022 ], [ 109.546664496427525, -7.431596938823128 ], [ 109.547062613442392, -7.431408379099827 ], [ 109.547390866458898, -7.431111006328741 ], [ 109.548228522928042, -7.430426441189272 ], [ 109.548570420113634, -7.43036427167146 ], [ 109.548954407601386, -7.430428815342218 ], [ 109.549530280672371, -7.430683940160467 ], [ 109.550020620247196, -7.430938694453242 ], [ 109.550576524431008, -7.43081393470726 ], [ 109.550684519608311, -7.430434469237436 ], [ 109.550686475804554, -7.429837670087857 ], [ 109.550646190652344, -7.429068860939611 ], [ 109.550711336810991, -7.428725419980786 ], [ 109.551012668156432, -7.428093433557018 ], [ 109.551440716969623, -7.427751176795775 ], [ 109.551910964510114, -7.427662299585992 ], [ 109.552252415621908, -7.427735742441597 ], [ 109.552742192006335, -7.428162363801581 ], [ 109.553039908014156, -7.428543152998927 ], [ 109.553102123270506, -7.429094956257607 ], [ 109.552801269730651, -7.42967278960172 ], [ 109.552671439559106, -7.430242048834525 ], [ 109.55277704930127, -7.430567964938564 ], [ 109.553224661342583, -7.430822576663942 ], [ 109.553609304421926, -7.430778624850955 ], [ 109.553972847064955, -7.430608027818334 ], [ 109.554230041041535, -7.430382746639371 ], [ 109.554401860328625, -7.430039652175257 ], [ 109.554659834397597, -7.42950697394642 ], [ 109.554704248879105, -7.428991682383921 ], [ 109.554812033147698, -7.428675502520296 ], [ 109.554984149620978, -7.428332498973747 ], [ 109.555155790064944, -7.428043650282457 ], [ 109.555669610310858, -7.427719750293279 ], [ 109.556118609185617, -7.427549428877043 ], [ 109.556609275385696, -7.427704724255965 ], [ 109.556842754706153, -7.428175714230862 ], [ 109.556798917320165, -7.428492102812442 ], [ 109.55645548667178, -7.429024504980246 ], [ 109.556004979977843, -7.429656101503967 ], [ 109.555854525531629, -7.429953970180056 ], [ 109.555959946692823, -7.43036125577571 ], [ 109.556280274046188, -7.430407503824755 ], [ 109.556664989828946, -7.430318343663197 ], [ 109.557221007434819, -7.430066908744645 ], [ 109.557456995729453, -7.429769317469717 ], [ 109.557693562250364, -7.429019488771983 ], [ 109.5579674572069, -7.428116081197857 ], [ 109.558149284816295, -7.427818222884915 ], [ 109.558481871096504, -7.427403318807393 ], [ 109.558844314276456, -7.427133260424021 ], [ 109.559356767982933, -7.427044511915554 ], [ 109.559898676852569, -7.427109558298786 ], [ 109.560229735120672, -7.427255290882392 ], [ 109.560409276503137, -7.427590487078295 ], [ 109.560468207524238, -7.428006662734947 ], [ 109.560587511862749, -7.428395910648452 ], [ 109.560827502155732, -7.428704088879236 ], [ 109.561127849952641, -7.428967347228578 ], [ 109.561700091117316, -7.429032490230555 ], [ 109.562091990413805, -7.428916224651697 ], [ 109.562605328182116, -7.428556149566247 ], [ 109.563028937153945, -7.428014959526068 ], [ 109.563301453740891, -7.427509444674043 ], [ 109.563575723256378, -7.426578908883691 ], [ 109.563789044871072, -7.425828999356508 ], [ 109.563850960024084, -7.425349926084555 ], [ 109.563702164587639, -7.424770627814831 ], [ 109.563522749273119, -7.42432693878354 ], [ 109.563162072238654, -7.424054536383279 ], [ 109.562470536161911, -7.423690560766337 ], [ 109.562230504108982, -7.423418457851763 ], [ 109.562081387666879, -7.422938701923193 ], [ 109.562052690513767, -7.422459335804488 ], [ 109.562174639589159, -7.422034704390095 ], [ 109.562386947831271, -7.421619406474679 ], [ 109.562749397179104, -7.421322219945675 ], [ 109.563413440008702, -7.420926464752073 ], [ 109.564036623242217, -7.420829026089528 ], [ 109.564588344501587, -7.420930261949523 ], [ 109.56497877033209, -7.421266137787186 ], [ 109.565399438020734, -7.421629144225177 ], [ 109.565846682265246, -7.421721090595649 ], [ 109.566206407495528, -7.421595584446651 ], [ 109.566523704772308, -7.421515237502396 ], [ 109.566882551363292, -7.421661054437892 ], [ 109.567198824134692, -7.421897236288637 ], [ 109.567915121218874, -7.422505397200822 ], [ 109.568484527272545, -7.422914177328309 ], [ 109.569202952171011, -7.422934574416912 ], [ 109.569583944908302, -7.422700729888972 ], [ 109.569902603156706, -7.422222481059693 ], [ 109.570158144067022, -7.42162640250171 ], [ 109.570351089384388, -7.420704638408246 ], [ 109.570501541948033, -7.419963652140988 ], [ 109.570714957988557, -7.419295107550565 ], [ 109.570948725652087, -7.418870831528442 ], [ 109.57145806426945, -7.418239492957257 ], [ 109.572453665999475, -7.417483047814159 ], [ 109.573024091589915, -7.417575291622101 ], [ 109.573297877425134, -7.41782941529842 ], [ 109.573634153185054, -7.418373058798863 ], [ 109.574054687961919, -7.419034508557866 ], [ 109.574560459088161, -7.419533579744955 ], [ 109.574898396407775, -7.419561787275802 ], [ 109.575246084447087, -7.419183079741956 ], [ 109.575416689240143, -7.418514394219851 ], [ 109.575531470607487, -7.417782331367263 ], [ 109.575870699334374, -7.417222680630027 ], [ 109.576547090450362, -7.416582828364188 ], [ 109.57711051944365, -7.416132479340258 ], [ 109.578826484169497, -7.41557731973273 ], [ 109.580232956376207, -7.415138700962814 ], [ 109.580823929923866, -7.414833094260742 ], [ 109.581218815621256, -7.414409324648158 ], [ 109.581584665140795, -7.414211583920379 ], [ 109.582363458639946, -7.414132605396735 ], [ 109.583580707568188, -7.413973741105858 ], [ 109.584790179406454, -7.413606808820067 ], [ 109.585578257070779, -7.41319332658897 ], [ 109.586057272559202, -7.412833108010615 ], [ 109.586339341757551, -7.412436188183742 ], [ 109.586678714199081, -7.411849402365992 ], [ 109.586934153306828, -7.411018234839789 ], [ 109.587369708498784, -7.409807904789712 ], [ 109.587651207735846, -7.409166686092637 ], [ 109.588112404026759, -7.407902097729366 ], [ 109.588496804341176, -7.406872428844416 ], [ 109.588904874548774, -7.406385402324879 ], [ 109.589184971021012, -7.406160167289584 ], [ 109.589540772009371, -7.406088964324189 ], [ 109.590276794561831, -7.406371666275678 ], [ 109.590555442392997, -7.406625704977101 ], [ 109.591139917461547, -7.406573307318829 ], [ 109.5913816816321, -7.40719810312808 ], [ 109.591569018422362, -7.407578521084728 ], [ 109.591593520796906, -7.408048836809954 ], [ 109.591328381775284, -7.40899751527802 ], [ 109.591589770276087, -7.409323829508697 ], [ 109.592072731567043, -7.409506274304907 ], [ 109.592974637523753, -7.409870869706081 ], [ 109.593143808016308, -7.410468221372436 ], [ 109.59340634762755, -7.410785587666236 ], [ 109.593534880411951, -7.411147736798869 ], [ 109.593888957455533, -7.411338723544941 ], [ 109.594477193368832, -7.411539491236397 ], [ 109.595081736987652, -7.411686152270184 ], [ 109.595554277575332, -7.411669561711364 ], [ 109.596106501876051, -7.411164900468823 ], [ 109.596441095287389, -7.410361097813851 ], [ 109.596743998260237, -7.409656649266548 ], [ 109.597260971039375, -7.409549783354445 ], [ 109.597897329372287, -7.409226210721208 ], [ 109.598824927840141, -7.409617999980312 ], [ 109.599366828379488, -7.409872953703889 ], [ 109.599964340296097, -7.410354115213121 ], [ 109.600308179801189, -7.410499858355658 ], [ 109.600842788077657, -7.410628118550684 ], [ 109.602084550115904, -7.410984724526211 ], [ 109.602754546676124, -7.411104366660708 ], [ 109.602972618869771, -7.411430630315365 ], [ 109.603681400200756, -7.411640896900193 ], [ 109.604006253872541, -7.411886032823581 ], [ 109.604133254921791, -7.413875980125015 ], [ 109.604056049844104, -7.415666286291899 ], [ 109.603797052112355, -7.41699482219659 ], [ 109.603736399730153, -7.417917029764982 ], [ 109.604123518704171, -7.419763041930565 ], [ 109.603879765212653, -7.420757004977482 ], [ 109.603968014284192, -7.422312755204989 ], [ 109.603786670426416, -7.423343079289955 ], [ 109.60373972068065, -7.42430149489673 ], [ 109.603808985140702, -7.424699622154648 ], [ 109.604930501680855, -7.425652668877549 ], [ 109.60498087803181, -7.426023612779555 ], [ 109.60510569625491, -7.426738452163577 ], [ 109.605059550253685, -7.427371291865839 ], [ 109.604706978556592, -7.428473499237707 ], [ 109.604252270811159, -7.429484880922563 ], [ 109.604032716620111, -7.430406588096697 ], [ 109.603935564102642, -7.430867481285286 ], [ 109.603958380075341, -7.431283545169461 ], [ 109.603977742006052, -7.431681515503488 ], [ 109.604021262054346, -7.432070520507787 ], [ 109.60405217695272, -7.432595105966481 ], [ 109.60415910428155, -7.434503526987941 ], [ 109.604183334649576, -7.435606918011944 ], [ 109.60410565181553, -7.436194450996328 ], [ 109.603451807293752, -7.436861541611349 ], [ 109.603269809784564, -7.437385546664189 ], [ 109.603278667296834, -7.43789197979881 ], [ 109.6032813767156, -7.438452641569697 ], [ 109.603474477729279, -7.440252837474834 ], [ 109.603376283055681, -7.441301503757172 ], [ 109.603284877708532, -7.442187447271235 ], [ 109.603260260245136, -7.443616262085779 ], [ 109.603301144972662, -7.444294581430195 ], [ 109.603193154974818, -7.444872976641523 ], [ 109.603379388735419, -7.446410952227818 ], [ 109.60349714867435, -7.446782108687237 ], [ 109.603553011446877, -7.447189235277319 ], [ 109.603769057419456, -7.447994685719921 ], [ 109.603997558041257, -7.448429480733139 ], [ 109.604257752511202, -7.448882458299881 ], [ 109.603957255762651, -7.449360882316671 ], [ 109.603960483736245, -7.449686380521708 ], [ 109.604007663261342, -7.450075397094313 ], [ 109.604085766959599, -7.45053684187601 ], [ 109.604210044241199, -7.451351134742596 ], [ 109.604149247137116, -7.451676521422335 ], [ 109.60380753297089, -7.451675443440887 ], [ 109.603416989717886, -7.451782707072489 ], [ 109.603244906794913, -7.452216238227702 ], [ 109.603267714403898, -7.452704632469484 ], [ 109.6034827871581, -7.45327500558969 ], [ 109.603404237088327, -7.453591294625311 ], [ 109.60305198357787, -7.453780050429168 ], [ 109.602964342827732, -7.454277227584521 ], [ 109.602904901911572, -7.454810568640386 ], [ 109.602630844355275, -7.455053818813222 ], [ 109.602008187269547, -7.455793420787062 ], [ 109.602188127300622, -7.456110526288537 ], [ 109.602601748339211, -7.456030461411919 ], [ 109.602732233494891, -7.455687212827029 ], [ 109.603058525878069, -7.455652078186043 ], [ 109.603325744777763, -7.456105078951319 ], [ 109.603265015270082, -7.456502796048695 ], [ 109.603147145517013, -7.456990745908874 ], [ 109.603511553622823, -7.457163682077084 ], [ 109.603817487492421, -7.457282185393733 ], [ 109.603835018251729, -7.457643984377251 ], [ 109.603446398440866, -7.458321037660731 ], [ 109.603273019128466, -7.458808812118621 ], [ 109.603386309090212, -7.45915283089381 ], [ 109.603788179321782, -7.460447191180549 ], [ 109.603900638457333, -7.461948768710593 ], [ 109.60391827665859, -7.463006840738077 ], [ 109.603909769028718, -7.463639887683136 ], [ 109.603949151815584, -7.464508160473644 ], [ 109.604071877113924, -7.465458068589268 ], [ 109.603799680800648, -7.468785049441385 ], [ 109.603679313019157, -7.469869899093486 ], [ 109.603624919674957, -7.470764999033935 ], [ 109.603335420126413, -7.471161991803093 ], [ 109.602791418926429, -7.47163955060839 ], [ 109.602644605497474, -7.471946490733676 ], [ 109.602559928419566, -7.472307965852403 ], [ 109.602621501732969, -7.472633738753182 ], [ 109.602911071423762, -7.473367183378563 ], [ 109.602701234738447, -7.473827716718358 ], [ 109.602594729441122, -7.474451320892955 ], [ 109.602593004330004, -7.474993884996525 ], [ 109.602674749560578, -7.475554796121677 ], [ 109.602819103288581, -7.476115995977949 ], [ 109.603005790866604, -7.476451206506405 ], [ 109.603338989687913, -7.47655171618343 ], [ 109.603755314689778, -7.476779067296164 ], [ 109.604170387328494, -7.47749482645983 ], [ 109.603792917427157, -7.478135655967588 ], [ 109.603373687408435, -7.4788216496894 ], [ 109.603205307334008, -7.479237107486372 ], [ 109.603014563185326, -7.480176981200827 ], [ 109.603051325614544, -7.480810080409309 ], [ 109.603443484127951, -7.482059296277187 ], [ 109.603462177203468, -7.482782841892728 ], [ 109.603377238149065, -7.483225687784485 ], [ 109.602957408542025, -7.484074421766609 ], [ 109.602642136557066, -7.484842024377829 ], [ 109.602368213119874, -7.48576355046464 ], [ 109.601809234360857, -7.486385808164621 ], [ 109.602064339655655, -7.486657857153719 ], [ 109.602303540633358, -7.487137986619762 ], [ 109.602434308948972, -7.487671929466345 ], [ 109.602691605356839, -7.487889737348751 ], [ 109.603110399367452, -7.488071982520591 ], [ 109.603458635136263, -7.48826295452952 ], [ 109.603912780864462, -7.48853572434554 ], [ 109.604222464876997, -7.488726573661654 ], [ 109.605177645536699, -7.489236004498429 ], [ 109.605706128222891, -7.48981650375605 ], [ 109.606008687434354, -7.490133908114067 ], [ 109.606282843757953, -7.490478436826741 ], [ 109.606653922834525, -7.490958892110427 ], [ 109.607058991872222, -7.491276710835018 ], [ 109.60637029944283, -7.492088431510074 ], [ 109.606098704945254, -7.492277439421468 ], [ 109.605450390775275, -7.492772749173099 ], [ 109.605636423905949, -7.493315908365991 ], [ 109.605654956664154, -7.494066577746267 ], [ 109.605774049854929, -7.49500743352982 ], [ 109.605812818375014, -7.495902828197487 ], [ 109.605948407010771, -7.496708116438469 ], [ 109.605684095784127, -7.497096146086938 ], [ 109.60570563460324, -7.497629742774983 ], [ 109.606310641837638, -7.498020527409525 ], [ 109.606933892475084, -7.498384245202341 ], [ 109.607226497426339, -7.498520791761637 ], [ 109.607779694932759, -7.498640080459746 ], [ 109.608110227166392, -7.498785878307241 ], [ 109.608623067556522, -7.499049699642274 ], [ 109.610861570613594, -7.499101982504012 ], [ 109.612656892743772, -7.499071484129709 ], [ 109.613875509260055, -7.499030119795037 ], [ 109.615089641187225, -7.498871200283152 ], [ 109.614993690904583, -7.499395387201831 ], [ 109.61512070794403, -7.499703283728955 ], [ 109.615284704736595, -7.500391033676543 ], [ 109.615199174423125, -7.500951509241386 ], [ 109.615017251376344, -7.501348755876943 ], [ 109.614392684470545, -7.501491540074078 ], [ 109.613562453615742, -7.501859708542832 ], [ 109.613270199179667, -7.502130027255953 ], [ 109.612947683772546, -7.502400340641807 ], [ 109.612860901012141, -7.50278893514231 ], [ 109.612935213156405, -7.503105616774623 ], [ 109.612962626421364, -7.503485530260051 ], [ 109.613447100420828, -7.503767431022086 ], [ 109.613227672194981, -7.50420985520136 ], [ 109.612821931547572, -7.504452691121422 ], [ 109.612492360851277, -7.504614485383302 ], [ 109.611915183385818, -7.504820613649945 ], [ 109.611658217914837, -7.504611851084468 ], [ 109.611337956228581, -7.504429922027362 ], [ 109.610607424194967, -7.504599488992185 ], [ 109.61028916963771, -7.504679854766673 ], [ 109.60981517571463, -7.504768769001696 ], [ 109.60903138708963, -7.504838619598461 ], [ 109.608657439274197, -7.504810311861726 ], [ 109.608072335318042, -7.504736128436352 ], [ 109.607452964990401, -7.504770331600671 ], [ 109.606995949369605, -7.504759841904026 ], [ 109.606715661572466, -7.504930828933768 ], [ 109.60634270684578, -7.505200885998711 ], [ 109.605829116585923, -7.505452504268113 ], [ 109.604993404325853, -7.50556738915927 ], [ 109.604307975398996, -7.505791335914773 ], [ 109.603626387086621, -7.50588862490797 ], [ 109.603109286692373, -7.505905063954429 ], [ 109.602498018999825, -7.505975450743133 ], [ 109.602124229356292, -7.506155087871104 ], [ 109.601824396110118, -7.506760082088137 ], [ 109.601371632728672, -7.507382581284596 ], [ 109.601073583303247, -7.507779539964619 ], [ 109.60078328703483, -7.508158440434271 ], [ 109.600509758561941, -7.50841072544683 ], [ 109.599433445035643, -7.508759995895494 ], [ 109.599125917124212, -7.508849428139326 ], [ 109.598746414713077, -7.509318545606848 ], [ 109.598037575933063, -7.510130089960373 ], [ 109.597548459290138, -7.510436022421523 ], [ 109.597083955865145, -7.510452621318176 ], [ 109.596672299585762, -7.510695511090508 ], [ 109.595636359685983, -7.51108106475412 ], [ 109.595162811061456, -7.51121516915491 ], [ 109.594815722059678, -7.511268306219395 ], [ 109.59451470069736, -7.511448168299076 ], [ 109.594510860685261, -7.511945516526028 ], [ 109.594524512897493, -7.512370590543579 ], [ 109.594307257406683, -7.512641223616056 ], [ 109.593922039522738, -7.51295652495923 ], [ 109.59335012996975, -7.513262095995737 ], [ 109.592988597277895, -7.513414729354611 ], [ 109.591241951957755, -7.513698447894614 ], [ 109.590436175753311, -7.513677778656924 ], [ 109.589696884505159, -7.513476496445512 ], [ 109.589239506459549, -7.513484068027778 ], [ 109.588744552371764, -7.513581930850015 ], [ 109.588442936435513, -7.513852289008875 ], [ 109.588280647043121, -7.514222548769501 ], [ 109.588125293229922, -7.514619954472545 ], [ 109.587868904044313, -7.514998862079023 ], [ 109.587594542407828, -7.515251224559738 ], [ 109.587110137741433, -7.515575240591737 ], [ 109.586712045607214, -7.515040344540956 ], [ 109.586443810857048, -7.514460750726664 ], [ 109.585846843542356, -7.514033799015337 ], [ 109.58506244582577, -7.513687613727326 ], [ 109.58462203934684, -7.513622905251747 ], [ 109.584225586378111, -7.513621626765664 ], [ 109.583510816394337, -7.51355603223623 ], [ 109.583032600437633, -7.513445994070901 ], [ 109.582458951288871, -7.513272358668945 ], [ 109.582077893690851, -7.513316334149379 ], [ 109.581623954182263, -7.513323908902028 ], [ 109.580881612531968, -7.5134661692778 ], [ 109.580399565869214, -7.513500775526008 ], [ 109.579976543604829, -7.513490366078091 ], [ 109.579342142592679, -7.513434066101941 ], [ 109.578887704814989, -7.513342183015005 ], [ 109.57829637118941, -7.513276979797706 ], [ 109.577920435449769, -7.513239506862691 ], [ 109.577438507085432, -7.513237945404881 ], [ 109.576541267015628, -7.513198872095471 ], [ 109.576000744629837, -7.513179036658255 ], [ 109.575159054141949, -7.513221511561729 ], [ 109.57446491474775, -7.513246472011263 ], [ 109.573900695678631, -7.513298886607476 ], [ 109.573289298474862, -7.513314982348715 ], [ 109.572936677366386, -7.513322877360328 ], [ 109.572102498949675, -7.51323879406564 ], [ 109.571797393309438, -7.513111134491026 ], [ 109.571305343510133, -7.512548889442237 ], [ 109.571048594852002, -7.512005492307758 ], [ 109.570850132837748, -7.511643108543366 ], [ 109.570604538613011, -7.511253447764637 ], [ 109.570305642060248, -7.510872654566528 ], [ 109.569998872808114, -7.510546082710868 ], [ 109.569710561980784, -7.510310073060676 ], [ 109.569100353304606, -7.509964430019815 ], [ 109.568727140210328, -7.509872802090367 ] ] ], [ [ [ 109.72240643048255, -7.360449052757423 ], [ 109.722588782145507, -7.360051643528745 ], [ 109.723056055992785, -7.359591753892785 ], [ 109.723723192459872, -7.359114349441298 ], [ 109.72408421275756, -7.358979660413103 ], [ 109.726173080568159, -7.358307378893221 ], [ 109.726609001996948, -7.358100566070863 ], [ 109.726596906563259, -7.357286588133137 ], [ 109.726913532108398, -7.357133777054671 ], [ 109.727413048257219, -7.357388457054219 ], [ 109.727817593309837, -7.357470982104034 ], [ 109.727971320122563, -7.357181990102385 ], [ 109.728359266566855, -7.356640491921294 ], [ 109.728783633225589, -7.356424692336698 ], [ 109.729056993277155, -7.356172206375581 ], [ 109.729363092980748, -7.355937896651442 ], [ 109.729722238215004, -7.355568200134385 ], [ 109.730302440184815, -7.355108620843483 ], [ 109.73091469456439, -7.354829967816749 ], [ 109.731499210592474, -7.354560277152929 ], [ 109.732029870327054, -7.354290523690227 ], [ 109.732327911567296, -7.353920561213579 ], [ 109.733128251909775, -7.354483507647918 ], [ 109.733715829628835, -7.354819806121783 ], [ 109.734261324720194, -7.355219277978847 ], [ 109.73493466378693, -7.355763779591536 ], [ 109.735556942329737, -7.356244843519085 ], [ 109.736295873890001, -7.356708152085266 ], [ 109.736885499710709, -7.357035411191426 ], [ 109.737623510302129, -7.3575348827871 ], [ 109.738007875066387, -7.357834436855707 ], [ 109.738292318640674, -7.358178828127023 ], [ 109.738484508500392, -7.358577301040134 ], [ 109.738605884494248, -7.359002700085745 ], [ 109.738614370606186, -7.359409697572925 ], [ 109.738669760370442, -7.360241884413806 ], [ 109.738657569170087, -7.361146215711179 ], [ 109.738626208007162, -7.362014325579657 ], [ 109.738433600969415, -7.362872939268336 ], [ 109.737981984931196, -7.363504686165209 ], [ 109.737297412079528, -7.364126823959422 ], [ 109.73709984053076, -7.364415605587551 ], [ 109.737028874201613, -7.364786211278201 ], [ 109.736362620709187, -7.364820498410756 ], [ 109.735949045174422, -7.364520950134634 ], [ 109.735443509997154, -7.364013089179549 ], [ 109.73440820633634, -7.363720734622397 ], [ 109.733699414627608, -7.36361022849387 ], [ 109.73311011556217, -7.363771314273435 ], [ 109.732698405888527, -7.364104787060992 ], [ 109.73232562733223, -7.364275526336512 ], [ 109.731847004267308, -7.363867198308919 ], [ 109.731521904197706, -7.363793942741782 ], [ 109.73084366784326, -7.364470337943008 ], [ 109.730448878579736, -7.364631971259707 ], [ 109.729663548564503, -7.364249896700761 ], [ 109.729311066114562, -7.364375481766796 ], [ 109.729066961013515, -7.364582840962735 ], [ 109.728732703854206, -7.364970780225588 ], [ 109.728198867185483, -7.365746949968806 ], [ 109.727927022328345, -7.365963271303105 ], [ 109.7274107731985, -7.366124556300512 ], [ 109.725811648509463, -7.366409434681156 ], [ 109.724176803369772, -7.366594654988009 ], [ 109.723187225548571, -7.366483331347555 ], [ 109.723205169958874, -7.365642314932722 ], [ 109.723087385867714, -7.365063213754264 ], [ 109.722908192262423, -7.364565313534206 ], [ 109.722479037493855, -7.36407574187696 ], [ 109.722229856041594, -7.363785603026746 ], [ 109.721881751623087, -7.363269136961264 ], [ 109.721810214519721, -7.362843878214782 ], [ 109.721761868282812, -7.362328267775309 ], [ 109.721708485519031, -7.361875935489985 ], [ 109.721704531853533, -7.361378535347008 ], [ 109.722282089346663, -7.361561019328238 ], [ 109.722607156888074, -7.361435361549154 ], [ 109.722446572796187, -7.360856138346878 ], [ 109.72240643048255, -7.360449052757423 ] ] ], [ [ [ 109.669252129735796, -7.211764182632435 ], [ 109.670108851348672, -7.213367413389594 ], [ 109.670488070311194, -7.214607496731483 ], [ 109.670797252305718, -7.215232362038694 ], [ 109.671251231309327, -7.215495981858732 ], [ 109.672327714902281, -7.215616654320796 ], [ 109.673044624572341, -7.215953370310153 ], [ 109.673904078802053, -7.216625041398423 ], [ 109.674763745927635, -7.217224468895187 ], [ 109.67562272773101, -7.21808601157098 ], [ 109.675808135605521, -7.2187286897604 ], [ 109.675988315133509, -7.219063845111731 ], [ 109.675445947754213, -7.219405855578129 ], [ 109.675719945999106, -7.219858825150697 ], [ 109.675511517754515, -7.220301353206929 ], [ 109.67506942826536, -7.220824668328415 ], [ 109.675462774207986, -7.221296067973065 ], [ 109.675496659203432, -7.221712174086295 ], [ 109.675126512014614, -7.222018516662853 ], [ 109.675016170162451, -7.222497495694481 ], [ 109.674682304612404, -7.223627007030426 ], [ 109.674525607607833, -7.223997350953886 ], [ 109.674643488840559, -7.224314242584628 ], [ 109.674881900233274, -7.224577143893608 ], [ 109.675270736699133, -7.224777280694993 ], [ 109.675750137669382, -7.224751457312013 ], [ 109.675889494955726, -7.22510457787669 ], [ 109.675866220083677, -7.225430101252164 ], [ 109.675703255854742, -7.226080719513588 ], [ 109.675698921188385, -7.226415339516901 ], [ 109.675838002501678, -7.226940251287807 ], [ 109.676347393421423, -7.226950771914395 ], [ 109.67683124187711, -7.226988433327854 ], [ 109.677443186069638, -7.227143917296772 ], [ 109.677616652224046, -7.226656078886059 ], [ 109.677434482683822, -7.22613104234253 ], [ 109.677767694007429, -7.225507951267785 ], [ 109.677375265921626, -7.22518122226559 ], [ 109.67781835190732, -7.224829881088204 ], [ 109.677903902043795, -7.224504537854314 ], [ 109.677643979108552, -7.224268610107895 ], [ 109.677545417573029, -7.223906656866847 ], [ 109.677225484977683, -7.223661513318276 ], [ 109.677081620199147, -7.223317421650372 ], [ 109.678101210425481, -7.222723535118614 ], [ 109.678020032094594, -7.222135499643455 ], [ 109.678580508738577, -7.221883865338083 ], [ 109.678705165637993, -7.221359717718451 ], [ 109.679233820375501, -7.221343164709217 ], [ 109.679736705357584, -7.221046153512954 ], [ 109.680061820625468, -7.221255143438557 ], [ 109.680409962784026, -7.220939600396853 ], [ 109.680682793254547, -7.22074138139521 ], [ 109.680726422801001, -7.22042504800807 ], [ 109.681174385528465, -7.220037459081609 ], [ 109.681700695529173, -7.219876138464707 ], [ 109.682316140693047, -7.219697081508306 ], [ 109.682562297224067, -7.219426450430196 ], [ 109.682893548409112, -7.219373156124814 ], [ 109.683086373856867, -7.219030127527699 ], [ 109.682910493394289, -7.218704028161598 ], [ 109.683094697769803, -7.218424176176161 ], [ 109.683387406626522, -7.218271311369632 ], [ 109.68412789424444, -7.218309613162753 ], [ 109.684965888024294, -7.218094936184945 ], [ 109.685749734491267, -7.218323326725056 ], [ 109.686269264585349, -7.21802635485257 ], [ 109.686734061857806, -7.218090984153367 ], [ 109.688213908924709, -7.217860153704732 ], [ 109.688858158498562, -7.218386515083359 ], [ 109.689520241596256, -7.218632633306848 ], [ 109.689751905937683, -7.219166850934292 ], [ 109.690192404364737, -7.219294699393967 ], [ 109.690587665995494, -7.21991076183971 ], [ 109.690123071437426, -7.220189812925159 ], [ 109.689769364373404, -7.220469181786453 ], [ 109.690322766936518, -7.220805404761736 ], [ 109.690366286252171, -7.221121990347399 ], [ 109.690543692659432, -7.221439050563621 ], [ 109.691067845801129, -7.221612347321702 ], [ 109.69081580552664, -7.22198242586389 ], [ 109.691498075973144, -7.222273808903067 ], [ 109.691595985487112, -7.222970393910454 ], [ 109.691587941975087, -7.223404464669717 ], [ 109.691774710004239, -7.223712509796872 ], [ 109.69206112299922, -7.224373558837825 ], [ 109.692392143072468, -7.224817643538086 ], [ 109.692371487115125, -7.225197337391603 ], [ 109.692442188462451, -7.225514091397807 ], [ 109.692714513626711, -7.225777172953914 ], [ 109.693010117191065, -7.226411032517486 ], [ 109.693009665053253, -7.226854166967293 ], [ 109.69325394949476, -7.227442670723884 ], [ 109.693299310523003, -7.228184404398058 ], [ 109.693299871221853, -7.228690833959608 ], [ 109.691575494888198, -7.229210399215907 ], [ 109.689803159699693, -7.229657485555631 ], [ 109.687719605527732, -7.230302676743289 ], [ 109.68599530233746, -7.230767968546284 ], [ 109.684247419104764, -7.231097559473798 ], [ 109.683240863185517, -7.231646286777339 ], [ 109.682975894283658, -7.232170030321162 ], [ 109.682638892776211, -7.232838322990303 ], [ 109.682351029581767, -7.233144908448683 ], [ 109.681536407581618, -7.233504310143052 ], [ 109.680649746265502, -7.233881584909699 ], [ 109.680003719535776, -7.233861630121353 ], [ 109.679167167250796, -7.233569780957773 ], [ 109.677972325465916, -7.232996598667259 ], [ 109.676681566899234, -7.232513552026783 ], [ 109.674911165775242, -7.232291316267369 ], [ 109.672925280765085, -7.232240328536448 ], [ 109.671848489341485, -7.232237191222652 ], [ 109.66998159112272, -7.232304169521769 ], [ 109.670007882169628, -7.231842940874876 ], [ 109.670036220156007, -7.231345641965348 ], [ 109.670577603160723, -7.230759423269503 ], [ 109.670610103299978, -7.230370636246576 ], [ 109.670365368770078, -7.229971998901808 ], [ 109.670231503796117, -7.229401893410468 ], [ 109.670324677194486, -7.229076575024959 ], [ 109.670498624639023, -7.228733408842379 ], [ 109.670090662109914, -7.228587552351524 ], [ 109.669845127219148, -7.228360794550118 ], [ 109.669461341313806, -7.227889418042065 ], [ 109.668804807871112, -7.227100696774121 ], [ 109.668778382644788, -7.226765987959416 ], [ 109.668511642389774, -7.226539167812406 ], [ 109.668303291303943, -7.226059170920927 ], [ 109.668026116315801, -7.225443438624913 ], [ 109.667630205542523, -7.224167138010545 ], [ 109.667508364546876, -7.223750775708894 ], [ 109.667315715406573, -7.22344279680436 ], [ 109.666785261124474, -7.223079490513792 ], [ 109.666459210751086, -7.222707739585886 ], [ 109.666450392857598, -7.221767201497503 ], [ 109.665944053383427, -7.221024125541146 ], [ 109.665569319613269, -7.220371940987019 ], [ 109.665647987800085, -7.219874790004005 ], [ 109.665616286915309, -7.219404441273561 ], [ 109.66534101892681, -7.218879040180638 ], [ 109.665225086510091, -7.218562243605778 ], [ 109.66504306166506, -7.218019031800022 ], [ 109.664969555614817, -7.217214020010737 ], [ 109.664741131411304, -7.216833512569661 ], [ 109.664551039877736, -7.21547643875489 ], [ 109.664675561480067, -7.213830861737788 ], [ 109.666040600129506, -7.213455010246745 ], [ 109.66719094497445, -7.212879611553831 ], [ 109.668364662481508, -7.212430860776534 ], [ 109.669252129735796, -7.211764182632435 ] ] ], [ [ [ 109.66456771845364, -7.177240608006736 ], [ 109.665351886499906, -7.177125256408123 ], [ 109.665859959049882, -7.177081524865283 ], [ 109.665398905544535, -7.179232552315723 ], [ 109.665058109533248, -7.181212136707672 ], [ 109.664669787442449, -7.183101074813604 ], [ 109.664159135435099, -7.185866876851574 ], [ 109.664075958358623, -7.189827692370701 ], [ 109.664020894629928, -7.192214980015017 ], [ 109.663874524518462, -7.193218447638171 ], [ 109.663608943498232, -7.19403151177765 ], [ 109.662551303832558, -7.195629157547608 ], [ 109.662094707104671, -7.19636941933171 ], [ 109.661852885882254, -7.197200724570194 ], [ 109.661394408618904, -7.198555901533987 ], [ 109.66110421353298, -7.199585980420617 ], [ 109.661005486943964, -7.200634702391204 ], [ 109.660931618155061, -7.201303748215971 ], [ 109.660714444391431, -7.201927075920584 ], [ 109.660425603272571, -7.202468818848554 ], [ 109.659344396803093, -7.203994049015195 ], [ 109.658575853308122, -7.204950389112245 ], [ 109.657711043549966, -7.206114492490167 ], [ 109.656942492739745, -7.207070828462407 ], [ 109.656821206021419, -7.207712517594977 ], [ 109.656771238404758, -7.208426839551189 ], [ 109.656458237459418, -7.209004673701989 ], [ 109.655906384610617, -7.209500430605917 ], [ 109.655019921530936, -7.209949993977402 ], [ 109.653654388932097, -7.210470477085462 ], [ 109.652408949864125, -7.210855685655548 ], [ 109.651307478659277, -7.211087608200192 ], [ 109.649751896552075, -7.211182471954483 ], [ 109.647643613726103, -7.210923073094685 ], [ 109.645223989174909, -7.210780192139159 ], [ 109.644104789346017, -7.210596041364528 ], [ 109.643345008397432, -7.210476246091313 ], [ 109.641705982249078, -7.210109624620511 ], [ 109.641066980443597, -7.209827346227818 ], [ 109.640908354766736, -7.209410872327982 ], [ 109.640823412752781, -7.208949409717093 ], [ 109.641824003178783, -7.208491173624438 ], [ 109.642788795299268, -7.208168452213958 ], [ 109.643387384493195, -7.207853773967125 ], [ 109.643978432155009, -7.207312852249593 ], [ 109.644602027453104, -7.206573201729172 ], [ 109.64499126127302, -7.205950305679528 ], [ 109.645271905104551, -7.205309094684496 ], [ 109.64584546378191, -7.205048497100726 ], [ 109.646637395503262, -7.204119377275703 ], [ 109.646879900565921, -7.20384884718496 ], [ 109.647954928869055, -7.203463147288653 ], [ 109.648393702744627, -7.203229272168494 ], [ 109.649129419433976, -7.202571318579771 ], [ 109.650519743474973, -7.201689164195364 ], [ 109.650939031845283, -7.201428103791542 ], [ 109.65125488902595, -7.200262487426213 ], [ 109.651696767100105, -7.199051943294691 ], [ 109.651940499999682, -7.198464776015483 ], [ 109.65366543215417, -7.19686017440702 ], [ 109.655711460163872, -7.194786161545227 ], [ 109.656994009684325, -7.193876539347085 ], [ 109.657635190388973, -7.193516663355596 ], [ 109.65834224160669, -7.191040875891404 ], [ 109.658789732648017, -7.188491902791825 ], [ 109.659677696818903, -7.185781466329721 ], [ 109.660866657824727, -7.182728231861699 ], [ 109.66153342389083, -7.180378897643237 ], [ 109.661940243928342, -7.178064879501403 ], [ 109.662149201853836, -7.177052642920223 ], [ 109.662562730961454, -7.177117139371952 ], [ 109.66301826499074, -7.17721801483393 ], [ 109.663838494933728, -7.177256569479983 ], [ 109.66456771845364, -7.177240608006736 ] ] ] ] } },
{ "type": "Feature", "properties": { "KECAMATAN": "Purworeja Klampok" }, "geometry": { "type": "Polygon", "coordinates": [ [ [ 109.471104490679124, -7.481095672212433 ], [ 109.471348754990359, -7.481449201036774 ], [ 109.471716646594643, -7.481893566502611 ], [ 109.471866110270483, -7.482310052112388 ], [ 109.4717159407015, -7.4827616619959 ], [ 109.471888497485253, -7.483133023706833 ], [ 109.472351633371105, -7.483387771943298 ], [ 109.472531366848344, -7.483822444070979 ], [ 109.472601018673913, -7.484374265097405 ], [ 109.473076412288577, -7.484864206809132 ], [ 109.473238480047684, -7.485244572806919 ], [ 109.473205202795654, -7.48576891477483 ], [ 109.472352866758754, -7.485973988924696 ], [ 109.472113685664837, -7.486262555567083 ], [ 109.472176612395231, -7.486986128516692 ], [ 109.472334881277831, -7.487384563244681 ], [ 109.472611612625997, -7.487683959950121 ], [ 109.472200251852868, -7.488071378142294 ], [ 109.471581515013042, -7.488602728935264 ], [ 109.470874934264032, -7.489043365543927 ], [ 109.470257429083546, -7.488706621019847 ], [ 109.469411731741417, -7.488206348541138 ], [ 109.468617994446845, -7.487760500209533 ], [ 109.467967951494742, -7.487414599240527 ], [ 109.467461119525794, -7.487349550526758 ], [ 109.467053289806344, -7.487537987738668 ], [ 109.466856815552433, -7.488025686881682 ], [ 109.466679917919009, -7.488576649056267 ], [ 109.466547977686659, -7.488983115143728 ], [ 109.466363366774985, -7.489389397693295 ], [ 109.466097203978123, -7.489786355220327 ], [ 109.4657811435073, -7.490137844326656 ], [ 109.465175133961282, -7.490253352705921 ], [ 109.464491378183467, -7.49023288707816 ], [ 109.463886065814151, -7.49014931830158 ], [ 109.463281070302884, -7.489975432592836 ], [ 109.462799276330585, -7.489928546975557 ], [ 109.462397750175739, -7.490107960217898 ], [ 109.462129305696607, -7.490685812184526 ], [ 109.461703240454355, -7.491470960127264 ], [ 109.461431777931352, -7.492184412099411 ], [ 109.461276892199592, -7.492825854818827 ], [ 109.461192309842161, -7.493530918895373 ], [ 109.461401904741905, -7.494246052286091 ], [ 109.461703429286004, -7.494717316228434 ], [ 109.461713729392187, -7.495422621725475 ], [ 109.46172710168473, -7.496444545261633 ], [ 109.461727645727294, -7.496779055170205 ], [ 109.461672882829447, -7.49714058434313 ], [ 109.461801612013417, -7.498289481837135 ], [ 109.461756137260664, -7.498750491775585 ], [ 109.461765352842875, -7.499274978273341 ], [ 109.461399403588473, -7.499554051888738 ], [ 109.461011752619427, -7.4997154289581 ], [ 109.460689961593246, -7.499759506409861 ], [ 109.45952547503876, -7.49957461364809 ], [ 109.459094337261561, -7.499545980897757 ], [ 109.458692266598732, -7.499707305223349 ], [ 109.458471191701591, -7.50000496519727 ], [ 109.458446567118997, -7.500420843411557 ], [ 109.458510436665009, -7.501017846713167 ], [ 109.45870632397164, -7.501741973684075 ], [ 109.459098797725559, -7.502864582551063 ], [ 109.459290846413055, -7.504700888435127 ], [ 109.459236360031383, -7.505216110191395 ], [ 109.459106919837637, -7.505948137290305 ], [ 109.458596472520526, -7.506968131356925 ], [ 109.457466784157063, -7.508076447981639 ], [ 109.45614286106742, -7.509410096005143 ], [ 109.454338676385262, -7.510931903235467 ], [ 109.454216662999485, -7.511483048071755 ], [ 109.455102571944849, -7.511983586730399 ], [ 109.456323318797416, -7.512684107118117 ], [ 109.457202327131355, -7.51313028341279 ], [ 109.457854701773456, -7.513774648695497 ], [ 109.458412127498576, -7.514373385798209 ], [ 109.459274702066452, -7.515307791641164 ], [ 109.460158435358082, -7.516260352222885 ], [ 109.460910371264376, -7.51751088444693 ], [ 109.461497185677715, -7.518444320495418 ], [ 109.461839910242318, -7.518888609465649 ], [ 109.462256145040811, -7.519378359772589 ], [ 109.460818462144985, -7.519888729922501 ], [ 109.46039417910464, -7.519923403715135 ], [ 109.459214815714233, -7.520552294574268 ], [ 109.458704284817472, -7.521038790716309 ], [ 109.458179931247727, -7.521588522553656 ], [ 109.457826137272463, -7.52186763148428 ], [ 109.45748207722842, -7.522119561683559 ], [ 109.45702083241018, -7.522506780474028 ], [ 109.456443159497553, -7.522920710886922 ], [ 109.456016547790838, -7.523127235728607 ], [ 109.455699532128762, -7.523252689248967 ], [ 109.455266333779633, -7.523251163050391 ], [ 109.454568206324922, -7.523203498994926 ], [ 109.454262056193457, -7.523383233978598 ], [ 109.453921088266299, -7.523562936309562 ], [ 109.451682110251554, -7.523889540251259 ], [ 109.450937540712033, -7.524085895602897 ], [ 109.450581149179044, -7.524147920926342 ], [ 109.450220861374135, -7.524255135657916 ], [ 109.449708666184151, -7.52440710671029 ], [ 109.449270557033117, -7.52450500462864 ], [ 109.448278391770131, -7.524655185117402 ], [ 109.447896543684749, -7.524689995895804 ], [ 109.447488460196098, -7.524706632028854 ], [ 109.446840881400632, -7.524794835074175 ], [ 109.446337610964775, -7.524811132798169 ], [ 109.44596253096978, -7.524791721736324 ], [ 109.445590303302041, -7.524663741915755 ], [ 109.445144114314061, -7.523694626027986 ], [ 109.444756673308433, -7.522761881153412 ], [ 109.444357968441111, -7.522055113153127 ], [ 109.443801824973235, -7.521121769495197 ], [ 109.443228026200202, -7.51988088967116 ], [ 109.442837067650387, -7.519454590303901 ], [ 109.442553644052182, -7.519064744835236 ], [ 109.442211440070395, -7.518774137881189 ], [ 109.44183750363446, -7.518519580698888 ], [ 109.441810130232369, -7.517940790428902 ], [ 109.441756318350429, -7.517379987589329 ], [ 109.441836419313745, -7.517063758339884 ], [ 109.442346733884435, -7.516179403994349 ], [ 109.442707720728961, -7.515538707250835 ], [ 109.442858447730202, -7.515132321480888 ], [ 109.442925910347384, -7.514797965573139 ], [ 109.442913237765069, -7.514454284666787 ], [ 109.442781494331044, -7.514083059312741 ], [ 109.442548485306688, -7.513593945936217 ], [ 109.442939963402367, -7.512908153255039 ], [ 109.443171457271617, -7.512312108998827 ], [ 109.443451454472822, -7.512005718862009 ], [ 109.4438175342504, -7.511527770312568 ], [ 109.443959947696186, -7.510895246791963 ], [ 109.444149929349777, -7.510353388856229 ], [ 109.444385138904991, -7.510119074060447 ], [ 109.444741060621183, -7.50997568382002 ], [ 109.444932147612803, -7.509668886906219 ], [ 109.445013855875544, -7.509298508226495 ], [ 109.445176171092058, -7.508720298316411 ], [ 109.445407124991917, -7.508106258839602 ], [ 109.445937522893345, -7.507619848140702 ], [ 109.446251296698392, -7.507204995972856 ], [ 109.446679632057382, -7.505940542754442 ], [ 109.447088644533679, -7.504856924542509 ], [ 109.447227378222735, -7.504143019144833 ], [ 109.447165253415491, -7.503627389686709 ], [ 109.446740132340707, -7.502387041421732 ], [ 109.446816076211775, -7.501555385175572 ], [ 109.44658856362436, -7.500885479688152 ], [ 109.446033170114561, -7.499807403684055 ], [ 109.445527450174765, -7.498774796907365 ], [ 109.445603657424797, -7.498458551723737 ], [ 109.445611815432599, -7.497907008085011 ], [ 109.445626962821564, -7.497554384305485 ], [ 109.446032800638974, -7.497510614792802 ], [ 109.446427133048445, -7.497466804253035 ], [ 109.44674837788466, -7.497260002763269 ], [ 109.446798671239947, -7.496645232277205 ], [ 109.447340694742365, -7.496457291006489 ], [ 109.448186308617778, -7.496026230609328 ], [ 109.449245645391969, -7.495433098477561 ], [ 109.449455749315575, -7.494710492003294 ], [ 109.449294906871543, -7.493905121526121 ], [ 109.449097638591752, -7.49315386696138 ], [ 109.448846366324219, -7.492483878864148 ], [ 109.448416102436497, -7.492211050848104 ], [ 109.44776489090485, -7.491819914328859 ], [ 109.44748096275687, -7.491384869033614 ], [ 109.447573858155039, -7.491059731424597 ], [ 109.447790173339087, -7.490671653604996 ], [ 109.448249068274379, -7.489967915589674 ], [ 109.448687426756521, -7.489155615959262 ], [ 109.449099102732262, -7.488578370380887 ], [ 109.449587824509152, -7.488100843230069 ], [ 109.449981386715791, -7.487532573310426 ], [ 109.450312876008581, -7.486982075456413 ], [ 109.450662550190572, -7.486422690824686 ], [ 109.451300756094241, -7.485629171073317 ], [ 109.451397492123149, -7.484680054862968 ], [ 109.450960549517902, -7.484226392654608 ], [ 109.450324242789407, -7.483699703400627 ], [ 109.449802948831632, -7.483544177738018 ], [ 109.449129464969616, -7.483433229100373 ], [ 109.448393067208684, -7.483430636878013 ], [ 109.447807463266599, -7.483609479085164 ], [ 109.447300335526066, -7.484032695897214 ], [ 109.446713877119905, -7.484220483674161 ], [ 109.446128869414935, -7.484082810590204 ], [ 109.445570511970033, -7.483845692764788 ], [ 109.444479892544081, -7.483597745535798 ], [ 109.443442990735377, -7.483223325580875 ], [ 109.442778187687722, -7.48306728529832 ], [ 109.442352150524044, -7.483038657621723 ], [ 109.441872771144986, -7.483136410467393 ], [ 109.441313198080636, -7.483242919790243 ], [ 109.440860767666663, -7.483241319329081 ], [ 109.440434923558826, -7.483158446429074 ], [ 109.440036981161882, -7.482813402018668 ], [ 109.439958982275655, -7.48228867654404 ], [ 109.439987955908961, -7.481619588536691 ], [ 109.440176332133703, -7.481041561703947 ], [ 109.440497418127862, -7.480644817659234 ], [ 109.440977115627945, -7.480456660166984 ], [ 109.441403429010961, -7.480322467003231 ], [ 109.441778057832678, -7.479826463477926 ], [ 109.44159298909517, -7.479473222831278 ], [ 109.441167383675804, -7.479345058385954 ], [ 109.44071505359797, -7.479316336915441 ], [ 109.440235272818356, -7.479423127998373 ], [ 109.439596151778602, -7.47954752636134 ], [ 109.438877052529875, -7.479599224784963 ], [ 109.438344540407442, -7.479597338940648 ], [ 109.437838076483544, -7.479812520686185 ], [ 109.437304438117778, -7.480127143111292 ], [ 109.436903690502803, -7.480550723856568 ], [ 109.436530675152753, -7.480675970304927 ], [ 109.436024683371855, -7.480674175448687 ], [ 109.435625973851316, -7.480546191572213 ], [ 109.435254301387147, -7.480273562492124 ], [ 109.434962718146849, -7.479874648375364 ], [ 109.434778461271037, -7.479295302165236 ], [ 109.434780652354391, -7.478680455228788 ], [ 109.434755377890866, -7.478309608386819 ], [ 109.434463633596451, -7.478019181500872 ], [ 109.434019112880435, -7.477791586968299 ], [ 109.433532375783201, -7.477880264767804 ], [ 109.433371663452121, -7.478178125592025 ], [ 109.433209682995368, -7.478810485673427 ], [ 109.433021236936753, -7.479343304440216 ], [ 109.432753517788171, -7.479794475440977 ], [ 109.432433693676614, -7.479919997802411 ], [ 109.431924802177917, -7.479872984909067 ], [ 109.431378943372238, -7.479780546332922 ], [ 109.430765749440482, -7.479443860743335 ], [ 109.430470815536268, -7.479189582792456 ], [ 109.430152912335046, -7.479007638397845 ], [ 109.429470503865147, -7.47886950842495 ], [ 109.428992767248133, -7.478822603420703 ], [ 109.428514585396286, -7.478983721120394 ], [ 109.42817229262252, -7.479208516638298 ], [ 109.427670883975082, -7.479450916061742 ], [ 109.427032978652733, -7.479611371861483 ], [ 109.426578112221932, -7.479582626953681 ], [ 109.42591896411713, -7.479354168393432 ], [ 109.425305412836494, -7.479035556120059 ], [ 109.424533435992117, -7.478625880660652 ], [ 109.423874777502547, -7.478261812203956 ], [ 109.423466970190645, -7.477735908961127 ], [ 109.423059975375992, -7.476983902954386 ], [ 109.422744684506185, -7.476096615732576 ], [ 109.422518743593599, -7.475625606093967 ], [ 109.422223970231613, -7.475308040456882 ], [ 109.421905824218697, -7.475216496475851 ], [ 109.419981872837639, -7.475245772149052 ], [ 109.41958283737543, -7.474484752467254 ], [ 109.418678776423633, -7.473477827202394 ], [ 109.418098224087458, -7.472670953508881 ], [ 109.418131765434026, -7.47231849097338 ], [ 109.418295479288645, -7.471894079884236 ], [ 109.418555993719053, -7.471578502551852 ], [ 109.419141325498472, -7.471056154960028 ], [ 109.419758158399858, -7.470768974444098 ], [ 109.421186577453796, -7.47019539730934 ], [ 109.42248543607468, -7.469585099001975 ], [ 109.423427875059971, -7.468973613921753 ], [ 109.424078465965025, -7.468270588210199 ], [ 109.424404585076459, -7.467720184298107 ], [ 109.424470950765951, -7.46729542189678 ], [ 109.424473379321427, -7.466617294197394 ], [ 109.424380084802465, -7.465549897847922 ], [ 109.424139762761072, -7.464192677478015 ], [ 109.423754309058268, -7.463205694967349 ], [ 109.42369908392412, -7.46235549969659 ], [ 109.423730387462555, -7.461749799985934 ], [ 109.423732394575637, -7.4611891988128 ], [ 109.423617433929607, -7.460727536787302 ], [ 109.423356158987119, -7.4603197773697 ], [ 109.422977478724519, -7.460029036552074 ], [ 109.422541155774596, -7.459584399484229 ], [ 109.422747097992129, -7.459151094739542 ], [ 109.423098543758769, -7.458890080412594 ], [ 109.423682693831651, -7.458774635691237 ], [ 109.424528805888059, -7.458958464067615 ], [ 109.425316189767486, -7.459187375280973 ], [ 109.426279410306037, -7.459254089641967 ], [ 109.426951337182203, -7.459138952989763 ], [ 109.427361543976573, -7.458760615671276 ], [ 109.427509355863748, -7.458182450799464 ], [ 109.42748138391417, -7.457856798268718 ], [ 109.427219589923084, -7.457593598497648 ], [ 109.426375004501864, -7.457066146872114 ], [ 109.425705397260728, -7.456512195116344 ], [ 109.425415206242818, -7.45595959368752 ], [ 109.425708725141746, -7.455580842074834 ], [ 109.426411501747197, -7.45500465261224 ], [ 109.42708352082596, -7.45479901803814 ], [ 109.427667125419504, -7.454918621158768 ], [ 109.428162438691587, -7.455182650353367 ], [ 109.428364513073504, -7.455852465713889 ], [ 109.428478414564978, -7.456612464503804 ], [ 109.4285939697738, -7.456992672170673 ], [ 109.428796615335344, -7.457481676927162 ], [ 109.428999078001539, -7.458043006104923 ], [ 109.429288556565339, -7.45871322248157 ], [ 109.429724574936614, -7.459266340691684 ], [ 109.430190759952836, -7.459530265347799 ], [ 109.430680796754459, -7.459369183329429 ], [ 109.431134200107863, -7.459027248216387 ], [ 109.43197078205192, -7.458469515345621 ], [ 109.432633109200736, -7.458028781624083 ], [ 109.433678095989848, -7.457643646255651 ], [ 109.434827978770599, -7.456960537558792 ], [ 109.435455521848553, -7.456510634752626 ], [ 109.436188365223032, -7.455816914745116 ], [ 109.436921890324314, -7.454951422716839 ], [ 109.437587285576598, -7.45364260485082 ], [ 109.437728422488789, -7.453046328417726 ], [ 109.43759049092624, -7.452738368046556 ], [ 109.437174420858014, -7.452393353064903 ], [ 109.436098507990351, -7.451792686700246 ], [ 109.435890826794861, -7.451520732661735 ], [ 109.435926943190339, -7.451068736566675 ], [ 109.436067609890571, -7.450689435253836 ], [ 109.436661196396074, -7.449995220037807 ], [ 109.437915999708721, -7.449167727388748 ], [ 109.438996050089884, -7.448619965540638 ], [ 109.439448529569916, -7.448513072655031 ], [ 109.440005005166086, -7.448551196697848 ], [ 109.440247296494363, -7.448796148961312 ], [ 109.440454340134465, -7.449249003163441 ], [ 109.440487456135912, -7.449728457041578 ], [ 109.440380379265008, -7.450559913271889 ], [ 109.440237380553853, -7.451599359318061 ], [ 109.440269600621164, -7.452331858759725 ], [ 109.440406968992065, -7.452884005573879 ], [ 109.440716752524281, -7.453753184132679 ], [ 109.441375643927501, -7.454279956378623 ], [ 109.442002187103171, -7.454110299986128 ], [ 109.442868879306545, -7.454095270193852 ], [ 109.443262222348537, -7.454150989165365 ], [ 109.44371562831121, -7.454333398488569 ], [ 109.444168587194866, -7.45457909074951 ], [ 109.444833289127388, -7.45500643162049 ], [ 109.446253629275489, -7.455644453606408 ], [ 109.44737348467595, -7.455612223434183 ], [ 109.447737966554016, -7.455251783803158 ], [ 109.448194316763107, -7.454620444553643 ], [ 109.44868123887629, -7.453898714163101 ], [ 109.448653435040342, -7.453202300473656 ], [ 109.447929495833677, -7.452476413678121 ], [ 109.447205634031292, -7.451750436022666 ], [ 109.44672383163585, -7.450998185165791 ], [ 109.446786008104013, -7.450546277363011 ], [ 109.44693922450972, -7.450058526126439 ], [ 109.447395779234682, -7.449282535975855 ], [ 109.44812461358589, -7.448615897788178 ], [ 109.448671378844281, -7.448102402663974 ], [ 109.449188619884922, -7.447380776129895 ], [ 109.449613694597531, -7.446930138109947 ], [ 109.450038506357657, -7.446660403534225 ], [ 109.450432374472427, -7.446544162150021 ], [ 109.451310250885683, -7.446574355526916 ], [ 109.452429326010062, -7.446822458327469 ], [ 109.452821701362225, -7.447067929466288 ], [ 109.453242442286381, -7.447937491340147 ], [ 109.453420990006904, -7.448851501146084 ], [ 109.453537620818267, -7.450081630189151 ], [ 109.453595128390134, -7.450958963788969 ], [ 109.453775706765498, -7.451294192580404 ], [ 109.454322911241036, -7.451784394743758 ], [ 109.454667151112886, -7.452038828305345 ], [ 109.455614564727242, -7.452566589816939 ], [ 109.456591841057417, -7.452823140944592 ], [ 109.457656381876745, -7.452799730899595 ], [ 109.458194115860152, -7.452774482807531 ], [ 109.458691329144941, -7.452758133654392 ], [ 109.459901219788094, -7.452464001478667 ], [ 109.460333495480683, -7.452239396289955 ], [ 109.460969136131737, -7.451409675904571 ], [ 109.461258427304188, -7.450949512122016 ], [ 109.46149098515528, -7.450263131468869 ], [ 109.461580054886497, -7.449485753694058 ], [ 109.461612580864909, -7.448427824896944 ], [ 109.461614977654875, -7.44774064392876 ], [ 109.461903981335382, -7.44736184502178 ], [ 109.462941566468103, -7.446795788641956 ], [ 109.46446848544052, -7.446113805697425 ], [ 109.465229100682748, -7.446053156943866 ], [ 109.465533092019342, -7.446325524557755 ], [ 109.466013413302889, -7.446761237200387 ], [ 109.466991582480375, -7.447641762951025 ], [ 109.468422276596812, -7.448252538611936 ], [ 109.469730985489733, -7.448862888753066 ], [ 109.470340079185405, -7.448982614827228 ], [ 109.471315794810252, -7.448958862927897 ], [ 109.472200527356975, -7.448717724811239 ], [ 109.473299718532502, -7.448178977215178 ], [ 109.473733648306776, -7.449265553143949 ], [ 109.474439193971435, -7.450398359878847 ], [ 109.47450628911993, -7.450805518760399 ], [ 109.47459222320343, -7.451511089874016 ], [ 109.474664031014271, -7.452261906851265 ], [ 109.474687337752499, -7.452650833158332 ], [ 109.474467929682703, -7.453147412551343 ], [ 109.474074759133146, -7.453363036467637 ], [ 109.47316035227918, -7.453929634153099 ], [ 109.472363190302303, -7.454550788870947 ], [ 109.471960365899662, -7.454856875653996 ], [ 109.471562160636566, -7.455144896289832 ], [ 109.471514613638163, -7.455542527748559 ], [ 109.47096432885678, -7.456255030536387 ], [ 109.470723761074368, -7.456733452018838 ], [ 109.470560912273186, -7.457139815609305 ], [ 109.470370972417669, -7.457473758898007 ], [ 109.470077499703976, -7.457762049379992 ], [ 109.469570819567323, -7.458049692053236 ], [ 109.468642942762898, -7.458317793747423 ], [ 109.468260703358681, -7.458180767272193 ], [ 109.46790107193236, -7.458116235637228 ], [ 109.467409638393875, -7.458186858811055 ], [ 109.466688358570153, -7.458229652390974 ], [ 109.465760779977359, -7.458497658226856 ], [ 109.465571846839154, -7.458777357358631 ], [ 109.465313894862362, -7.459011522428811 ], [ 109.464947181605808, -7.459607121830056 ], [ 109.464537549490061, -7.460898802261335 ], [ 109.464081574501478, -7.461747141665826 ], [ 109.463475350461948, -7.462513681203713 ], [ 109.463671541894442, -7.462830880990236 ], [ 109.463732789042936, -7.463454998018781 ], [ 109.463895080650346, -7.464088597583666 ], [ 109.46420704780661, -7.464668382463559 ], [ 109.464887660910904, -7.465556925555018 ], [ 109.465707554974571, -7.466545400622047 ], [ 109.466248938098957, -7.467343051103005 ], [ 109.466717356379377, -7.46794146017581 ], [ 109.466717088612967, -7.468511209720478 ], [ 109.466730638976102, -7.469424557179723 ], [ 109.466759554564291, -7.469894868978829 ], [ 109.46678755596939, -7.470627360446104 ], [ 109.466945151548956, -7.471559380206107 ], [ 109.467019434759578, -7.472409562704397 ], [ 109.466976922419775, -7.473331756172825 ], [ 109.467010570732754, -7.474308549326254 ], [ 109.467110104219046, -7.475158909979815 ], [ 109.467050492811964, -7.475863974623965 ], [ 109.466981560464333, -7.476713749790633 ], [ 109.466783062909215, -7.477355136386106 ], [ 109.466720754018638, -7.477933620394235 ], [ 109.466727329665986, -7.478810780161874 ], [ 109.46678539364207, -7.479769486014256 ], [ 109.466821624708203, -7.480583463395519 ], [ 109.466898443552509, -7.480963533897578 ], [ 109.467600014326223, -7.481291441620959 ], [ 109.469745818117019, -7.481226569698287 ], [ 109.471104490679124, -7.481095672212433 ] ] ] } },
{ "type": "Feature", "properties": { "KECAMATAN": "Rakit" }, "geometry": { "type": "Polygon", "coordinates": [ [ [ 109.525548008468334, -7.423081218339383 ], [ 109.525979760827028, -7.423154979660206 ], [ 109.526784749836381, -7.423130527147282 ], [ 109.527486604383682, -7.423883442386512 ], [ 109.527680805777734, -7.424137235619486 ], [ 109.528019776335654, -7.42443680433025 ], [ 109.528305787563269, -7.424600491163527 ], [ 109.528691986331793, -7.424827887584479 ], [ 109.529039684775512, -7.425064106860255 ], [ 109.529637194087755, -7.425545352145717 ], [ 109.53018243896291, -7.425456746685823 ], [ 109.530567527517135, -7.425186789334838 ], [ 109.531012839634414, -7.424935022491569 ], [ 109.531796934798564, -7.424702547812997 ], [ 109.532515966134923, -7.424379355493481 ], [ 109.532706053912136, -7.424072496763293 ], [ 109.532679509283042, -7.4237197169144 ], [ 109.532611165981081, -7.422996115099108 ], [ 109.532502307130557, -7.422100508711099 ], [ 109.532296817669334, -7.421059835618268 ], [ 109.532092000246507, -7.420064460548795 ], [ 109.53206868581654, -7.419413336120875 ], [ 109.53223246229166, -7.419043102778469 ], [ 109.532567853971727, -7.418709600261969 ], [ 109.533486933167822, -7.418766880316316 ], [ 109.534298429517534, -7.418896132359175 ], [ 109.534920113030978, -7.419070053133288 ], [ 109.535638549188079, -7.419262283701344 ], [ 109.537421420930443, -7.419720299731464 ], [ 109.537794250744952, -7.419811937568022 ], [ 109.539220444637536, -7.419563477359804 ], [ 109.539816343578764, -7.419402695955905 ], [ 109.540352138911061, -7.419277790263021 ], [ 109.540928826018856, -7.419279683991298 ], [ 109.541937730019697, -7.419282995236307 ], [ 109.543049735022336, -7.419214313306663 ], [ 109.543471119715136, -7.419170488983402 ], [ 109.543805447860038, -7.41909021453916 ], [ 109.544117320030026, -7.418955619555882 ], [ 109.544893077867442, -7.418596424923526 ], [ 109.546601635933868, -7.417028497596368 ], [ 109.547038476148657, -7.416758691720502 ], [ 109.548042526302112, -7.416373113003975 ], [ 109.54929703734193, -7.416241500848139 ], [ 109.550540839297852, -7.416209393077565 ], [ 109.551984133293942, -7.416096561229396 ], [ 109.553150916594262, -7.415973783654153 ], [ 109.553668495761869, -7.415866883397411 ], [ 109.55398813449743, -7.415777511506651 ], [ 109.55352266142566, -7.414247770987618 ], [ 109.55332453319069, -7.413270500965597 ], [ 109.553068285214323, -7.411813679924667 ], [ 109.552874036921381, -7.410700805305564 ], [ 109.552787536940542, -7.409624355383821 ], [ 109.552868372381724, -7.408431005025291 ], [ 109.553016011497675, -7.407093122770243 ], [ 109.552888282590899, -7.405808592178091 ], [ 109.552716407001782, -7.404523918133502 ], [ 109.552520227278521, -7.403293412084339 ], [ 109.552123110678224, -7.40206225297893 ], [ 109.551566539967894, -7.400685917026898 ], [ 109.551225508872434, -7.399436948355745 ], [ 109.551117946334244, -7.398749290251999 ], [ 109.551417884104126, -7.398352364220475 ], [ 109.551558012922897, -7.397575099638032 ], [ 109.551822336290684, -7.396554127220049 ], [ 109.552030639534209, -7.395623383987646 ], [ 109.552368452594322, -7.395063838871043 ], [ 109.552724773977985, -7.394486180669643 ], [ 109.553006974890906, -7.393799877950314 ], [ 109.553325370645467, -7.393375885998294 ], [ 109.55369950967156, -7.393060568449818 ], [ 109.554260185308365, -7.392854439637891 ], [ 109.555044103799773, -7.392748395828065 ], [ 109.555771235377918, -7.392877417975954 ], [ 109.556367357858008, -7.39314154214276 ], [ 109.5569068467466, -7.393685939662945 ], [ 109.557352814305247, -7.39418473789236 ], [ 109.557669568435529, -7.394357545023029 ], [ 109.55807990987789, -7.394395036934998 ], [ 109.558434346186232, -7.394396183009421 ], [ 109.558789134458806, -7.394288835740549 ], [ 109.559293772276362, -7.394064346538663 ], [ 109.559835517575308, -7.393821984551829 ], [ 109.560878631352523, -7.3934184082698 ], [ 109.561300484355058, -7.39313036088044 ], [ 109.561669627188422, -7.392787895817207 ], [ 109.56185516182903, -7.392399722741428 ], [ 109.562067964970453, -7.391640767537605 ], [ 109.562438353608158, -7.390981773123593 ], [ 109.56296597319232, -7.390486116705262 ], [ 109.563493254002665, -7.390071829165705 ], [ 109.563862340542272, -7.389837946126227 ], [ 109.564152924003693, -7.389440977953836 ], [ 109.564654493215272, -7.388845781678683 ], [ 109.565261862204139, -7.388079051335348 ], [ 109.565789387744516, -7.387610513602378 ], [ 109.566500713231548, -7.387196812711109 ], [ 109.566921799234606, -7.387143917718682 ], [ 109.567315856630159, -7.387226553828873 ], [ 109.568051093607764, -7.387644900042988 ], [ 109.568917693442486, -7.388072707810906 ], [ 109.570116100129511, -7.388384041590046 ], [ 109.571128909862949, -7.388757976394472 ], [ 109.571696456372294, -7.389130574502168 ], [ 109.572953288573373, -7.390463929452512 ], [ 109.57408783933721, -7.391380903702137 ], [ 109.574532112141512, -7.391599403985137 ], [ 109.575149653601599, -7.391827408284064 ], [ 109.575891174617325, -7.391874982725401 ], [ 109.576658744990908, -7.391579071481914 ], [ 109.576808193389454, -7.391235890303517 ], [ 109.577031583934797, -7.390965274938618 ], [ 109.577551363482826, -7.39076802505629 ], [ 109.577897322971921, -7.390850499402158 ], [ 109.578316473217029, -7.39124070000564 ], [ 109.578663474316954, -7.390997601370817 ], [ 109.578838344217459, -7.39048271620112 ], [ 109.578889233932983, -7.389985518496299 ], [ 109.579088117198282, -7.389669617353957 ], [ 109.579385604392172, -7.389399326763395 ], [ 109.579832130130896, -7.389029965962682 ], [ 109.580098590633213, -7.388650990354952 ], [ 109.580415742425288, -7.388163680537299 ], [ 109.580804221848695, -7.388146833648121 ], [ 109.58170260189803, -7.388194896224213 ], [ 109.583110948696245, -7.388099916084555 ], [ 109.583451360112761, -7.387883915659257 ], [ 109.584084002525771, -7.38745185139351 ], [ 109.584740850990059, -7.387065069177708 ], [ 109.585543724519425, -7.386516005364252 ], [ 109.585666963415136, -7.385955745543344 ], [ 109.586287090824058, -7.386898185114594 ], [ 109.58696716179729, -7.387759442440254 ], [ 109.587772622793253, -7.388982838312199 ], [ 109.588545887828843, -7.39016083472461 ], [ 109.5893121115501, -7.391275609536373 ], [ 109.589766802034518, -7.391792491947152 ], [ 109.590517721183531, -7.392364558168485 ], [ 109.591781005487604, -7.393028745163816 ], [ 109.592315087037505, -7.393527793884416 ], [ 109.593956596159671, -7.395531465479557 ], [ 109.594479309369959, -7.396744921710565 ], [ 109.5948784925572, -7.398093608136694 ], [ 109.595272323018591, -7.39950556694595 ], [ 109.595614191552073, -7.400790783485954 ], [ 109.594732401575541, -7.401131663390584 ], [ 109.594533337138984, -7.401411406643254 ], [ 109.594488073454485, -7.401763875185786 ], [ 109.594442265083501, -7.402288307823487 ], [ 109.594330766138455, -7.402703946903054 ], [ 109.594109693190617, -7.402974488579691 ], [ 109.593425346942027, -7.403451607771655 ], [ 109.592977869887264, -7.403694400034955 ], [ 109.592672143711894, -7.40394659064552 ], [ 109.592239565712774, -7.404225594308 ], [ 109.591807400591591, -7.40435080614377 ], [ 109.591549925273199, -7.405380971775746 ], [ 109.591395200844616, -7.406140042201083 ], [ 109.591139917461547, -7.406573307318829 ], [ 109.590555442392997, -7.406625704977101 ], [ 109.590276794561831, -7.406371666275678 ], [ 109.589540772009371, -7.406088964324189 ], [ 109.589184971021012, -7.406160167289584 ], [ 109.588904874548774, -7.406385402324879 ], [ 109.588496804341176, -7.406872428844416 ], [ 109.588112404026759, -7.407902097729366 ], [ 109.587651207735846, -7.409166686092637 ], [ 109.587369708498784, -7.409807904789712 ], [ 109.586934153306828, -7.411018234839789 ], [ 109.586678714199081, -7.411849402365992 ], [ 109.586339341757551, -7.412436188183742 ], [ 109.586057272559202, -7.412833108010615 ], [ 109.585578257070779, -7.41319332658897 ], [ 109.584790179406454, -7.413606808820067 ], [ 109.583580707568188, -7.413973741105858 ], [ 109.582363458639946, -7.414132605396735 ], [ 109.581584665140795, -7.414211583920379 ], [ 109.581218815621256, -7.414409324648158 ], [ 109.580823929923866, -7.414833094260742 ], [ 109.580232956376207, -7.415138700962814 ], [ 109.578826484169497, -7.41557731973273 ], [ 109.57711051944365, -7.416132479340258 ], [ 109.576547090450362, -7.416582828364188 ], [ 109.575870699334374, -7.417222680630027 ], [ 109.575531470607487, -7.417782331367263 ], [ 109.575416689240143, -7.418514394219851 ], [ 109.575246084447087, -7.419183079741956 ], [ 109.574898396407775, -7.419561787275802 ], [ 109.574560459088161, -7.419533579744955 ], [ 109.574054687961919, -7.419034508557866 ], [ 109.573634153185054, -7.418373058798863 ], [ 109.573297877425134, -7.41782941529842 ], [ 109.573024091589915, -7.417575291622101 ], [ 109.572453665999475, -7.417483047814159 ], [ 109.57145806426945, -7.418239492957257 ], [ 109.570948725652087, -7.418870831528442 ], [ 109.570714957988557, -7.419295107550565 ], [ 109.570501541948033, -7.419963652140988 ], [ 109.570351089384388, -7.420704638408246 ], [ 109.570158144067022, -7.42162640250171 ], [ 109.569902603156706, -7.422222481059693 ], [ 109.569583944908302, -7.422700729888972 ], [ 109.569202952171011, -7.422934574416912 ], [ 109.568484527272545, -7.422914177328309 ], [ 109.567915121218874, -7.422505397200822 ], [ 109.567198824134692, -7.421897236288637 ], [ 109.566882551363292, -7.421661054437892 ], [ 109.566523704772308, -7.421515237502396 ], [ 109.566206407495528, -7.421595584446651 ], [ 109.565846682265246, -7.421721090595649 ], [ 109.565399438020734, -7.421629144225177 ], [ 109.56497877033209, -7.421266137787186 ], [ 109.564588344501587, -7.420930261949523 ], [ 109.564036623242217, -7.420829026089528 ], [ 109.563413440008702, -7.420926464752073 ], [ 109.562749397179104, -7.421322219945675 ], [ 109.562386947831271, -7.421619406474679 ], [ 109.562174639589159, -7.422034704390095 ], [ 109.562052690513767, -7.422459335804488 ], [ 109.562081387666879, -7.422938701923193 ], [ 109.562230504108982, -7.423418457851763 ], [ 109.562470536161911, -7.423690560766337 ], [ 109.563162072238654, -7.424054536383279 ], [ 109.563522749273119, -7.42432693878354 ], [ 109.563702164587639, -7.424770627814831 ], [ 109.563850960024084, -7.425349926084555 ], [ 109.563789044871072, -7.425828999356508 ], [ 109.563575723256378, -7.426578908883691 ], [ 109.563301453740891, -7.427509444674043 ], [ 109.563028937153945, -7.428014959526068 ], [ 109.562605328182116, -7.428556149566247 ], [ 109.562091990413805, -7.428916224651697 ], [ 109.561700091117316, -7.429032490230555 ], [ 109.561127849952641, -7.428967347228578 ], [ 109.560827502155732, -7.428704088879236 ], [ 109.560587511862749, -7.428395910648452 ], [ 109.560468207524238, -7.428006662734947 ], [ 109.560409276503137, -7.427590487078295 ], [ 109.560229735120672, -7.427255290882392 ], [ 109.559898676852569, -7.427109558298786 ], [ 109.559356767982933, -7.427044511915554 ], [ 109.558844314276456, -7.427133260424021 ], [ 109.558481871096504, -7.427403318807393 ], [ 109.558149284816295, -7.427818222884915 ], [ 109.5579674572069, -7.428116081197857 ], [ 109.557693562250364, -7.429019488771983 ], [ 109.557456995729453, -7.429769317469717 ], [ 109.557221007434819, -7.430066908744645 ], [ 109.556664989828946, -7.430318343663197 ], [ 109.556280274046188, -7.430407503824755 ], [ 109.555959946692823, -7.43036125577571 ], [ 109.555854525531629, -7.429953970180056 ], [ 109.556004979977843, -7.429656101503967 ], [ 109.55645548667178, -7.429024504980246 ], [ 109.556798917320165, -7.428492102812442 ], [ 109.556842754706153, -7.428175714230862 ], [ 109.556609275385696, -7.427704724255965 ], [ 109.556118609185617, -7.427549428877043 ], [ 109.555669610310858, -7.427719750293279 ], [ 109.555155790064944, -7.428043650282457 ], [ 109.554984149620978, -7.428332498973747 ], [ 109.554812033147698, -7.428675502520296 ], [ 109.554704248879105, -7.428991682383921 ], [ 109.554659834397597, -7.42950697394642 ], [ 109.554401860328625, -7.430039652175257 ], [ 109.554230041041535, -7.430382746639371 ], [ 109.553972847064955, -7.430608027818334 ], [ 109.553609304421926, -7.430778624850955 ], [ 109.553224661342583, -7.430822576663942 ], [ 109.55277704930127, -7.430567964938564 ], [ 109.552671439559106, -7.430242048834525 ], [ 109.552801269730651, -7.42967278960172 ], [ 109.553102123270506, -7.429094956257607 ], [ 109.553039908014156, -7.428543152998927 ], [ 109.552742192006335, -7.428162363801581 ], [ 109.552252415621908, -7.427735742441597 ], [ 109.551910964510114, -7.427662299585992 ], [ 109.551440716969623, -7.427751176795775 ], [ 109.551012668156432, -7.428093433557018 ], [ 109.550711336810991, -7.428725419980786 ], [ 109.550646190652344, -7.429068860939611 ], [ 109.550686475804554, -7.429837670087857 ], [ 109.550684519608311, -7.430434469237436 ], [ 109.550576524431008, -7.43081393470726 ], [ 109.550020620247196, -7.430938694453242 ], [ 109.549530280672371, -7.430683940160467 ], [ 109.548954407601386, -7.430428815342218 ], [ 109.548570420113634, -7.43036427167146 ], [ 109.548228522928042, -7.430426441189272 ], [ 109.547390866458898, -7.431111006328741 ], [ 109.547062613442392, -7.431408379099827 ], [ 109.546664496427525, -7.431596938823128 ], [ 109.545869599836678, -7.43156721103022 ], [ 109.545004990274009, -7.431473965420493 ], [ 109.544560212151509, -7.431562917802807 ], [ 109.544209082305727, -7.431751629221771 ], [ 109.543927739819352, -7.432003947532412 ], [ 109.543785690164484, -7.432491791701621 ], [ 109.543900753033782, -7.433052808656973 ], [ 109.544131639003311, -7.433966899541649 ], [ 109.544247029973633, -7.434428465379092 ], [ 109.544222425945094, -7.434753955045009 ], [ 109.544010661458785, -7.435178282497369 ], [ 109.543098461583497, -7.43526569780236 ], [ 109.542513745359287, -7.435381401290869 ], [ 109.542138945478015, -7.435542909189355 ], [ 109.541646996195283, -7.43586686169815 ], [ 109.540919597587148, -7.436660175924225 ], [ 109.540520338173906, -7.437192467394507 ], [ 109.540074000210637, -7.437570723858107 ], [ 109.53949431576406, -7.437722603552179 ], [ 109.539116854223309, -7.437649031171393 ], [ 109.538689222518784, -7.437520956185621 ], [ 109.538235503051439, -7.437646126076472 ], [ 109.538033414149282, -7.437898610116046 ], [ 109.537754527985513, -7.43842216366157 ], [ 109.537399516255306, -7.439171583200852 ], [ 109.536919420850339, -7.439748718353647 ], [ 109.536616525277566, -7.439919589298865 ], [ 109.536088731137468, -7.439673646798727 ], [ 109.535913374873701, -7.439365670960273 ], [ 109.535738498749538, -7.438912949045686 ], [ 109.5357156913675, -7.438288858596195 ], [ 109.535742576061978, -7.437683104832712 ], [ 109.535769564322607, -7.437158721076551 ], [ 109.53542850633751, -7.436515497362416 ], [ 109.534789659396978, -7.436576674294017 ], [ 109.534486899831705, -7.436774667731359 ], [ 109.534133190049687, -7.437153313881965 ], [ 109.533880465973695, -7.437378504996352 ], [ 109.533476840761125, -7.437603287185898 ], [ 109.532594918139623, -7.437952970521788 ], [ 109.53181240790272, -7.4383753999902 ], [ 109.531458950682648, -7.438654592470955 ], [ 109.531181017235838, -7.438979240139972 ], [ 109.530726467866231, -7.439375630586273 ], [ 109.530296927810099, -7.439799226498964 ], [ 109.530018722181495, -7.440205151289269 ], [ 109.529639093430461, -7.440782700110015 ], [ 109.529335020690908, -7.441306162454508 ], [ 109.528880841979117, -7.44165734617466 ], [ 109.528300835381302, -7.441881446308419 ], [ 109.527288654860996, -7.441995707211388 ], [ 109.526674632845385, -7.442047912151338 ], [ 109.526226276652949, -7.442019297942305 ], [ 109.525707478408464, -7.441899948141099 ], [ 109.525259273633495, -7.441826128326215 ], [ 109.524692402804874, -7.44194177467048 ], [ 109.524525981092182, -7.442248705989927 ], [ 109.524524258224972, -7.442764129432174 ], [ 109.524638888628218, -7.443804500996102 ], [ 109.52470603603652, -7.444880788145839 ], [ 109.524585402985934, -7.44565809573686 ], [ 109.524371445963212, -7.446127606816977 ], [ 109.52403977568585, -7.446433986862138 ], [ 109.523661283482326, -7.446667791843316 ], [ 109.523076998096684, -7.446828581869705 ], [ 109.52165399311653, -7.446923374896835 ], [ 109.520780623741359, -7.44692045815255 ], [ 109.520190942332675, -7.446818946306991 ], [ 109.519813540426625, -7.446727274791781 ], [ 109.519270211194367, -7.446815868340558 ], [ 109.518796729870417, -7.44719409745553 ], [ 109.518509906202766, -7.447536786484125 ], [ 109.518464748656868, -7.447925489010153 ], [ 109.518440717724289, -7.448585492351411 ], [ 109.518482533900666, -7.44919156042682 ], [ 109.518481288323841, -7.449562327851991 ], [ 109.518392472494398, -7.449959834753058 ], [ 109.517932020786972, -7.450238654688 ], [ 109.517385233257016, -7.450110249420939 ], [ 109.516752529307993, -7.44958366133605 ], [ 109.515902281360496, -7.448658449179003 ], [ 109.515247878610793, -7.448032245594183 ], [ 109.51454945434601, -7.447523516973018 ], [ 109.514068871569748, -7.447214420376863 ], [ 109.513719109305057, -7.447168041530688 ], [ 109.513148898667737, -7.447518815927748 ], [ 109.512884389664507, -7.44813280483178 ], [ 109.512795372602156, -7.448566563372018 ], [ 109.512749538792548, -7.44915425403737 ], [ 109.512769736253475, -7.449633584338503 ], [ 109.512701997068902, -7.450248233871375 ], [ 109.512613419674608, -7.450573501928083 ], [ 109.512132097049019, -7.450571884087938 ], [ 109.511870093137546, -7.4503539293342 ], [ 109.511390694026645, -7.449782645303494 ], [ 109.510888586686619, -7.449410186025527 ], [ 109.510080416299473, -7.449036696313112 ], [ 109.509075483176872, -7.448572133087963 ], [ 109.507749002257256, -7.448025115630457 ], [ 109.507834553200496, -7.446497210024234 ], [ 109.507902332052225, -7.445629325089236 ], [ 109.50797879339089, -7.444535354787663 ], [ 109.508008248133976, -7.443269538109087 ], [ 109.508022344081937, -7.442193439478553 ], [ 109.508114490240118, -7.440900620370331 ], [ 109.508403191166096, -7.43942764322806 ], [ 109.508356330966876, -7.438704027263507 ], [ 109.508042535537825, -7.438495028967873 ], [ 109.507899846245408, -7.437988164161094 ], [ 109.507256623897561, -7.436050780308472 ], [ 109.506834197068713, -7.435072753202604 ], [ 109.506686901851666, -7.434249348792945 ], [ 109.506712340652541, -7.433507985028785 ], [ 109.506699284233491, -7.43268503255897 ], [ 109.506715904226269, -7.431789852240211 ], [ 109.506841936218819, -7.430415778497937 ], [ 109.506960570999794, -7.430081571522012 ], [ 109.506898360837894, -7.429656346419208 ], [ 109.506909741561898, -7.429294655661927 ], [ 109.506899421217696, -7.428833441265596 ], [ 109.506827628480906, -7.428281610418417 ], [ 109.506743222314398, -7.4269520332528 ], [ 109.50636918910169, -7.426643291818972 ], [ 109.505942145831071, -7.426171634451463 ], [ 109.505877032645515, -7.425411793617366 ], [ 109.505788347656306, -7.424597718113355 ], [ 109.505777103536147, -7.42390134528371 ], [ 109.50590907898696, -7.423133126501384 ], [ 109.506033116160737, -7.422636200229107 ], [ 109.50636429528096, -7.422139970365331 ], [ 109.506986298046769, -7.42137339805331 ], [ 109.50778097792265, -7.420770232288003 ], [ 109.508231672684971, -7.420274401678112 ], [ 109.508468308383513, -7.419768810999383 ], [ 109.508495451206315, -7.419117771007052 ], [ 109.508132051022159, -7.418004330515776 ], [ 109.507858748653746, -7.417442691896007 ], [ 109.507393916570635, -7.416681599205311 ], [ 109.50713828466337, -7.416418462258044 ], [ 109.506485690100547, -7.415692812030409 ], [ 109.505795344094736, -7.414976165761816 ], [ 109.504922097978536, -7.4142045677745 ], [ 109.504254417056714, -7.413325168495886 ], [ 109.503847329998123, -7.412654677803797 ], [ 109.503284898933373, -7.411621845167068 ], [ 109.503720103045026, -7.410999392550477 ], [ 109.504079882308872, -7.410503259131639 ], [ 109.504573166624894, -7.410134147463189 ], [ 109.505161751954432, -7.409946264986393 ], [ 109.505672028539522, -7.409920765673659 ], [ 109.506614475104456, -7.409905847826362 ], [ 109.507081047506546, -7.40997079074561 ], [ 109.507547188828127, -7.410252624764536 ], [ 109.507832725004022, -7.410552025094961 ], [ 109.508041051641868, -7.41088733031086 ], [ 109.50816864423274, -7.411240356310474 ], [ 109.508182648520375, -7.411873452535621 ], [ 109.508261911371022, -7.412226406892681 ], [ 109.508600053218771, -7.412254663686649 ], [ 109.509019510788079, -7.412048036888123 ], [ 109.5092622068955, -7.411759538866636 ], [ 109.509698514122974, -7.411317902152976 ], [ 109.510165114695099, -7.411464120766831 ], [ 109.510356872035288, -7.411862656725922 ], [ 109.51051658413644, -7.412261085360089 ], [ 109.510773058615413, -7.412696001919921 ], [ 109.511127263952034, -7.412679105728652 ], [ 109.511514675701591, -7.412472369159883 ], [ 109.512030598179265, -7.412257111500101 ], [ 109.512820740066545, -7.411997474617411 ], [ 109.513095570889334, -7.411681868038253 ], [ 109.51338697684119, -7.411212619620233 ], [ 109.513925995191272, -7.410970313455767 ], [ 109.514305429176289, -7.411025826726191 ], [ 109.514813842637167, -7.411289713387533 ], [ 109.51504588711542, -7.411570849562653 ], [ 109.515363526061364, -7.412078296502293 ], [ 109.515647367522618, -7.412350564373324 ], [ 109.516034951627475, -7.41260500582597 ], [ 109.516595769364145, -7.41267929500458 ], [ 109.517079024132187, -7.412671865399757 ], [ 109.517467880024682, -7.412546497041274 ], [ 109.517736342851933, -7.412258079252862 ], [ 109.518030878850766, -7.411879247514912 ], [ 109.51839408722789, -7.411627218452934 ], [ 109.518819327466133, -7.411700962684337 ], [ 109.519606494215708, -7.411839288698294 ], [ 109.520215022820352, -7.411696566579504 ], [ 109.521100252528626, -7.411437320533879 ], [ 109.522054082475236, -7.411259579310537 ], [ 109.522552386346334, -7.4110623316909 ], [ 109.522994874501421, -7.410892021239697 ], [ 109.523368174004418, -7.410838923742938 ], [ 109.524114802420783, -7.41072386763322 ], [ 109.524543514278449, -7.410607756016125 ], [ 109.524837560334817, -7.410464074338861 ], [ 109.525789439054947, -7.409906503484261 ], [ 109.526181490271711, -7.409672734933074 ], [ 109.526725803024888, -7.409611250084965 ], [ 109.52683075984352, -7.410913780349772 ], [ 109.52693660194717, -7.412017320013176 ], [ 109.527067259522326, -7.413093818727106 ], [ 109.527095208253243, -7.414034451941046 ], [ 109.526986664282973, -7.415092076260717 ], [ 109.526908150301423, -7.41605938940291 ], [ 109.526692217490762, -7.417062411207508 ], [ 109.526464607037127, -7.4177579983289 ], [ 109.526165830611205, -7.418715539543759 ], [ 109.525945850836393, -7.419474438651184 ], [ 109.525730792401376, -7.420549790354589 ], [ 109.525431639084204, -7.421462123827911 ], [ 109.525183093307405, -7.422654987532336 ], [ 109.525548008468334, -7.423081218339383 ] ] ] } },
{ "type": "Feature", "properties": { "KECAMATAN": "Sigaluh" }, "geometry": { "type": "MultiPolygon", "coordinates": [ [ [ [ 109.759637278386819, -7.390027262889049 ], [ 109.760229463993326, -7.390851903372286 ], [ 109.760723150903672, -7.391477257314029 ], [ 109.76118424987618, -7.391921682183068 ], [ 109.761992220475221, -7.392330902000392 ], [ 109.762833036805119, -7.392749253618125 ], [ 109.763195688275673, -7.392949181631925 ], [ 109.763740543962342, -7.393014076144691 ], [ 109.764318594827103, -7.393015678123919 ], [ 109.765342825995774, -7.39283758586789 ], [ 109.766234380574758, -7.392821969243891 ], [ 109.766961215431678, -7.392805895456791 ], [ 109.767945074501426, -7.392989543529833 ], [ 109.768380090847643, -7.393225835379131 ], [ 109.768576674254319, -7.393805152511678 ], [ 109.768277851025104, -7.394374149916514 ], [ 109.768111728870977, -7.394744500690975 ], [ 109.76811065089899, -7.395133300840635 ], [ 109.768522684467897, -7.395414829472148 ], [ 109.769825779656998, -7.39583444650084 ], [ 109.771112641505653, -7.396317308958181 ], [ 109.771541063524239, -7.396589838504886 ], [ 109.771870428013244, -7.396970507731734 ], [ 109.772296226371296, -7.398192614654953 ], [ 109.772542019958578, -7.398889702386001 ], [ 109.772805648952499, -7.399080309335031 ], [ 109.773543150509283, -7.399398898357697 ], [ 109.77384487987004, -7.399535357969426 ], [ 109.774441989610139, -7.399726972054034 ], [ 109.775511655150879, -7.399901709969416 ], [ 109.776303570627931, -7.400102899023485 ], [ 109.777424610222411, -7.400856549665025 ], [ 109.77933588303398, -7.4023178184085 ], [ 109.779845920990454, -7.402988502346218 ], [ 109.780141755358954, -7.40350479536371 ], [ 109.780273088485728, -7.403830756398837 ], [ 109.780402383107884, -7.404789740153109 ], [ 109.78040004634228, -7.405639859737387 ], [ 109.780481701157797, -7.406019936543485 ], [ 109.780745362918026, -7.406201498081916 ], [ 109.781091723589228, -7.406356250432347 ], [ 109.781504372926648, -7.406420673842344 ], [ 109.782165218004565, -7.406286762036842 ], [ 109.783157055960984, -7.405945878891175 ], [ 109.783867529504633, -7.405803058015286 ], [ 109.784462309511966, -7.405732346375364 ], [ 109.785023722082641, -7.405733878733779 ], [ 109.785815579913503, -7.405935053017354 ], [ 109.78649182275133, -7.406316660251643 ], [ 109.787463736278085, -7.407142310502842 ], [ 109.788222357778182, -7.407506146429982 ], [ 109.789409871638398, -7.408006777912173 ], [ 109.790118891726664, -7.40837047616577 ], [ 109.790663183577209, -7.408652347876746 ], [ 109.791091335567486, -7.40903336559916 ], [ 109.791436890772161, -7.409513620758609 ], [ 109.791747529667589, -7.410717231738846 ], [ 109.791894147159766, -7.411359793036589 ], [ 109.791508703755554, -7.412027944892328 ], [ 109.791125070168647, -7.412442925081094 ], [ 109.790932859769924, -7.412849383167996 ], [ 109.790803954693089, -7.413409727217914 ], [ 109.790243723105661, -7.41431258449118 ], [ 109.790050594552966, -7.414945179762301 ], [ 109.790032583237888, -7.41574100733876 ], [ 109.790047210982507, -7.416184195410562 ], [ 109.789647388139628, -7.416725717336488 ], [ 109.789264145404374, -7.417077402018625 ], [ 109.788051847269656, -7.417490120768995 ], [ 109.787333960597067, -7.417741338692621 ], [ 109.786998651269329, -7.417993689888973 ], [ 109.786278980276592, -7.419004608470918 ], [ 109.785096868520782, -7.420556870498427 ], [ 109.785796063451656, -7.420721627638542 ], [ 109.786846739828746, -7.421140519077265 ], [ 109.787323707168909, -7.421485506963856 ], [ 109.787736950736232, -7.421938824428858 ], [ 109.788150515838794, -7.422193128350226 ], [ 109.788787556964877, -7.422303369451611 ], [ 109.789425218321654, -7.42226893950055 ], [ 109.790094606137814, -7.422243637016194 ], [ 109.79063594635258, -7.422353705330533 ], [ 109.790921789328436, -7.422707121246625 ], [ 109.791333284394582, -7.423802594055602 ], [ 109.791841716228703, -7.424364671669363 ], [ 109.7922898978956, -7.424474394594263 ], [ 109.79329268669936, -7.424296280185718 ], [ 109.793543951018961, -7.424043696213928 ], [ 109.793362592244634, -7.423482508856925 ], [ 109.793411315129177, -7.423039492544899 ], [ 109.793069766918649, -7.422866766630506 ], [ 109.792905993154179, -7.422405089043217 ], [ 109.793024646405854, -7.422070766847809 ], [ 109.793458376719698, -7.421972482893286 ], [ 109.793798893895342, -7.421810560962694 ], [ 109.794156658641953, -7.421323173250919 ], [ 109.794608033920738, -7.420890291121818 ], [ 109.795229804037547, -7.420792515246393 ], [ 109.795691777319917, -7.420829935601343 ], [ 109.796169269343665, -7.420984943723547 ], [ 109.797171973626305, -7.421439850474067 ], [ 109.797920046388128, -7.42184885631238 ], [ 109.798668238992988, -7.422104147045442 ], [ 109.799098660625717, -7.422096268679 ], [ 109.799577406458866, -7.42179004320846 ], [ 109.800056352236766, -7.421520076181847 ], [ 109.800630308752133, -7.421394947058801 ], [ 109.801155984796111, -7.421414449789387 ], [ 109.801968596361988, -7.421525236427152 ], [ 109.802696543351701, -7.421726123431443 ], [ 109.802841933734427, -7.421364743346523 ], [ 109.802752515837028, -7.421029856667226 ], [ 109.802698807155664, -7.420668030516796 ], [ 109.802898083574931, -7.419746098823829 ], [ 109.802797759631645, -7.418940906466133 ], [ 109.802479404591082, -7.418478814579875 ], [ 109.802387422685257, -7.418152963048628 ], [ 109.8023487987507, -7.417655456593729 ], [ 109.80250282095399, -7.417140385023311 ], [ 109.802605901624133, -7.416815058918261 ], [ 109.802547236719604, -7.416435044940959 ], [ 109.802155581510718, -7.415204001776122 ], [ 109.802194815946947, -7.41398325167579 ], [ 109.80192172220886, -7.413720206633286 ], [ 109.801471471833011, -7.413438600065255 ], [ 109.801207713033946, -7.41309429196567 ], [ 109.800971866931718, -7.412677632320958 ], [ 109.800745536136347, -7.412306208429649 ], [ 109.800644985317859, -7.411889913427599 ], [ 109.802279286281262, -7.412057073072068 ], [ 109.803121463025121, -7.412113591924546 ], [ 109.803715909629474, -7.412142316979294 ], [ 109.804260454838115, -7.412225249809488 ], [ 109.805002959934001, -7.412480422287013 ], [ 109.805876936171003, -7.412907835958865 ], [ 109.806817471953366, -7.413226922100814 ], [ 109.807509938539212, -7.413671930192575 ], [ 109.807872633379915, -7.413898953853359 ], [ 109.808450180526577, -7.414018138690475 ], [ 109.808962174580017, -7.413983341862103 ], [ 109.809606569626112, -7.413858387796513 ], [ 109.810035985500946, -7.413805284538517 ], [ 109.810580832293084, -7.413860994320415 ], [ 109.811241082123644, -7.413980396803626 ], [ 109.812247689902179, -7.414263390306808 ], [ 109.813501691411545, -7.414673721271442 ], [ 109.814508254329525, -7.414974884569469 ], [ 109.815597270509684, -7.41525809083958 ], [ 109.816570932120939, -7.415459699345313 ], [ 109.817362913883187, -7.415769327698474 ], [ 109.817659646912304, -7.415969042701108 ], [ 109.818055156014964, -7.416304741850823 ], [ 109.818465472147608, -7.416803237665451 ], [ 109.819190697060222, -7.417718596329022 ], [ 109.819783034846552, -7.418543180496139 ], [ 109.820639427374445, -7.419440801705335 ], [ 109.821280524308079, -7.420473482177476 ], [ 109.821742015892966, -7.420890732919756 ], [ 109.822071602421929, -7.421099574982993 ], [ 109.822550039064467, -7.421354112235508 ], [ 109.822913107261229, -7.421418368910822 ], [ 109.823309432227219, -7.421338039762192 ], [ 109.823789309218867, -7.421022746326789 ], [ 109.824665533829148, -7.420618079719422 ], [ 109.825888679633678, -7.420196243634461 ], [ 109.826649209014988, -7.419863694197217 ], [ 109.827343458256067, -7.419648425466418 ], [ 109.828036821319046, -7.419767801949158 ], [ 109.82848236549259, -7.419805235554378 ], [ 109.829044115999949, -7.419689078044 ], [ 109.829473308043447, -7.419807846662174 ], [ 109.829670770701043, -7.420088672481734 ], [ 109.828992227646637, -7.42069288785861 ], [ 109.828578370332536, -7.420990186942261 ], [ 109.828511181506343, -7.421451248228491 ], [ 109.829203854195271, -7.42183293343216 ], [ 109.829930210237492, -7.421880057518123 ], [ 109.830640587371732, -7.421782464398804 ], [ 109.831277398646222, -7.42144949088765 ], [ 109.831601755018141, -7.421604150529319 ], [ 109.831938562620408, -7.421966721227627 ], [ 109.832530838002882, -7.422203463757604 ], [ 109.832810813158673, -7.422529806514872 ], [ 109.832958997676073, -7.422828586136706 ], [ 109.832891202327417, -7.423181141546313 ], [ 109.832623273346684, -7.423442749709553 ], [ 109.832527914115246, -7.424048412172853 ], [ 109.8321559911072, -7.424987996566521 ], [ 109.831853539112331, -7.425421313627582 ], [ 109.831757298366213, -7.42573762529627 ], [ 109.831877929967902, -7.426172055119745 ], [ 109.832162940164253, -7.42674254921512 ], [ 109.832241659704692, -7.427176868778304 ], [ 109.83221647835208, -7.427800890138179 ], [ 109.8320972644877, -7.428894854636183 ], [ 109.831728240003898, -7.42997911932761 ], [ 109.831767326266103, -7.430313871235573 ], [ 109.831946783001058, -7.430766540249069 ], [ 109.831901254680872, -7.431173406434333 ], [ 109.831813048276473, -7.431643455107307 ], [ 109.831759875169439, -7.432059343226117 ], [ 109.831731102856779, -7.432656138033869 ], [ 109.831543648954508, -7.433080714569356 ], [ 109.831220521438695, -7.433532059892071 ], [ 109.830104077547901, -7.434189372449286 ], [ 109.82936008816614, -7.434558226751839 ], [ 109.828219000404474, -7.435124957129264 ], [ 109.827573396099069, -7.435665867942673 ], [ 109.82727479760014, -7.43616248481582 ], [ 109.827173950229465, -7.43680438858772 ], [ 109.826746318314235, -7.439299330550492 ], [ 109.826419142647936, -7.441270095165534 ], [ 109.825997399810447, -7.442697901428196 ], [ 109.825818778998297, -7.443420977004665 ], [ 109.825816613595421, -7.444234941139155 ], [ 109.825714319332917, -7.44544649218001 ], [ 109.825463030708804, -7.446775285601611 ], [ 109.825496318169499, -7.448303850115655 ], [ 109.824318827348108, -7.448581029895101 ], [ 109.823080526935485, -7.448378813896551 ], [ 109.822610099825795, -7.448332352708914 ], [ 109.822040165467186, -7.448421257605534 ], [ 109.821445107454679, -7.44857338944807 ], [ 109.820974218917911, -7.448671689040028 ], [ 109.820256718443986, -7.448371298608771 ], [ 109.819836590993162, -7.447899900371569 ], [ 109.819268012747315, -7.447482358515813 ], [ 109.818723921613795, -7.447128175947291 ], [ 109.818377107652154, -7.447208629324431 ], [ 109.817053437023247, -7.447946725905116 ], [ 109.815974214497729, -7.448522623997174 ], [ 109.814121979735702, -7.448770934799941 ], [ 109.812960536721803, -7.448858242823809 ], [ 109.811506407950773, -7.448818173347779 ], [ 109.809247652433086, -7.44854075212069 ], [ 109.808149387191236, -7.44850162877984 ], [ 109.80756341230682, -7.448554303197484 ], [ 109.806515780399792, -7.449076099333716 ], [ 109.804536062117535, -7.449993225773968 ], [ 109.802735410873979, -7.4505309710157 ], [ 109.801542389339701, -7.45069049872389 ], [ 109.800360957987778, -7.450406995672807 ], [ 109.79951414689468, -7.450160474979724 ], [ 109.798072111833676, -7.4496320347232 ], [ 109.796484479939835, -7.448714297875853 ], [ 109.795826051101031, -7.448432114989386 ], [ 109.793682772779263, -7.447956006278411 ], [ 109.793055133390013, -7.447918127865974 ], [ 109.791998370990498, -7.448059917845455 ], [ 109.791328446155106, -7.448157641861788 ], [ 109.790658993810084, -7.448191981782717 ], [ 109.789054979639616, -7.447861995936736 ], [ 109.788368419918328, -7.448031915332889 ], [ 109.787583487455393, -7.448165486725055 ], [ 109.78656833975981, -7.44828025139725 ], [ 109.784852759327734, -7.448284588202798 ], [ 109.783304785994275, -7.448171833462601 ], [ 109.781892816593455, -7.448050315242719 ], [ 109.779968044945463, -7.44802693182145 ], [ 109.778398856539738, -7.448022605158569 ], [ 109.777174293354349, -7.448001140969765 ], [ 109.776223079839511, -7.447935219318496 ], [ 109.775323692278178, -7.447878480953666 ], [ 109.773806604057214, -7.447973743443296 ], [ 109.773011564114938, -7.447980582882266 ], [ 109.772164453804905, -7.447851647604194 ], [ 109.770983413417682, -7.447468519783364 ], [ 109.770186938595359, -7.447240260389571 ], [ 109.770109373282224, -7.446923487354882 ], [ 109.769552656133484, -7.446560173665012 ], [ 109.767224016577231, -7.445061510947198 ], [ 109.765647317249645, -7.444089455109839 ], [ 109.763590227100622, -7.442690904251413 ], [ 109.762661430236506, -7.441910617888917 ], [ 109.761432665484378, -7.440785719041696 ], [ 109.760988288144773, -7.440730225562592 ], [ 109.760545857764143, -7.440593360086322 ], [ 109.759665274663092, -7.440898320713403 ], [ 109.759401997099019, -7.440391147718021 ], [ 109.758178546986315, -7.440170716227696 ], [ 109.756986474053946, -7.440004530404955 ], [ 109.755020557695957, -7.439727756548419 ], [ 109.753344728937932, -7.439695920727857 ], [ 109.754004302625049, -7.438151253995965 ], [ 109.754372483463357, -7.436506396803228 ], [ 109.754819971860783, -7.434952089717802 ], [ 109.75511050851091, -7.433524017815973 ], [ 109.755585615961252, -7.431418141392007 ], [ 109.756084375492478, -7.430144363601155 ], [ 109.756608448306437, -7.429033499912673 ], [ 109.757447601869345, -7.427245194905984 ], [ 109.758207821968952, -7.425628462233487 ], [ 109.758235341774522, -7.425113061114454 ], [ 109.757585411958914, -7.424541514048891 ], [ 109.756492542583672, -7.423941510362068 ], [ 109.755530063537563, -7.42338716959375 ], [ 109.754333848402226, -7.422479448148398 ], [ 109.753606089635284, -7.421799085510353 ], [ 109.752827355668629, -7.420756904052997 ], [ 109.751633797871762, -7.419017151975155 ], [ 109.751250353908461, -7.418238293318486 ], [ 109.75067875391629, -7.417024896185164 ], [ 109.750000572825414, -7.415856318058593 ], [ 109.749781900281974, -7.415593489194164 ], [ 109.749242041522805, -7.414967901607484 ], [ 109.748587071735642, -7.414206361792007 ], [ 109.748088227625232, -7.41360810471554 ], [ 109.747660996292325, -7.413100467496902 ], [ 109.747100807742356, -7.41234823500892 ], [ 109.746406284936398, -7.41146903763698 ], [ 109.745792542739864, -7.410635276575391 ], [ 109.745044766406323, -7.409674551129752 ], [ 109.744238719102071, -7.40876791159898 ], [ 109.743414760765248, -7.407987806393155 ], [ 109.742313862817014, -7.407053206429025 ], [ 109.741409477583034, -7.406291045422491 ], [ 109.740206087094393, -7.40543752836783 ], [ 109.73902902067033, -7.404602167002872 ], [ 109.737985741514223, -7.403902809809909 ], [ 109.736943416020836, -7.403158334690023 ], [ 109.735900221243142, -7.402431848446336 ], [ 109.735097482284161, -7.401896011781628 ], [ 109.734482186333608, -7.401514417405925 ], [ 109.73401412128699, -7.401241742562045 ], [ 109.733626408944119, -7.401005553410234 ], [ 109.732701989851506, -7.400415026114439 ], [ 109.731726855304132, -7.399770192504757 ], [ 109.731305204268438, -7.399307769514327 ], [ 109.731058890812037, -7.398999556295732 ], [ 109.730659347168952, -7.398356359739164 ], [ 109.730472328451995, -7.398003106190511 ], [ 109.730205269027294, -7.397740042632402 ], [ 109.729777633442183, -7.397386193756034 ], [ 109.729484081354542, -7.396878925715767 ], [ 109.728977347104049, -7.395973120122035 ], [ 109.728685015503245, -7.395248761677841 ], [ 109.728632822594705, -7.394796432396364 ], [ 109.728527545930788, -7.39407260731674 ], [ 109.728369078479361, -7.393375846398565 ], [ 109.728317130542408, -7.392733549605846 ], [ 109.728184573386017, -7.392145364192636 ], [ 109.728078816842455, -7.391720007606806 ], [ 109.72789193162906, -7.391321545069246 ], [ 109.727306057489031, -7.39008991815269 ], [ 109.726852522620788, -7.389392315403446 ], [ 109.7263989773801, -7.388803123509171 ], [ 109.725998306288474, -7.388349799623033 ], [ 109.725650978494514, -7.387842377070586 ], [ 109.725491301305269, -7.387543541926174 ], [ 109.72557675285482, -7.387154898418122 ], [ 109.726002594486687, -7.386957104252468 ], [ 109.726521082465609, -7.38659682161494 ], [ 109.727111319844653, -7.386119199448457 ], [ 109.727491997473933, -7.385858072600285 ], [ 109.728068565756288, -7.385588371305341 ], [ 109.72871040461456, -7.385481697919956 ], [ 109.732227512283941, -7.387020038039079 ], [ 109.732842319002486, -7.387356421612832 ], [ 109.733534913812704, -7.387711108879702 ], [ 109.734580906339829, -7.388229550288357 ], [ 109.734986916068294, -7.388411537883814 ], [ 109.735810326374803, -7.388658091059424 ], [ 109.736792116831836, -7.388769373370465 ], [ 109.737564377555074, -7.388798684356447 ], [ 109.737957460976617, -7.388745545258577 ], [ 109.738245497568428, -7.388592648590693 ], [ 109.738718239546003, -7.388214137437907 ], [ 109.739269827204438, -7.38769117895237 ], [ 109.739807544770656, -7.38715913855371 ], [ 109.740476884697657, -7.386627378292355 ], [ 109.741131748746454, -7.38651168169808 ], [ 109.741576709688474, -7.386630480411988 ], [ 109.741851115713658, -7.386911641695335 ], [ 109.742294328951161, -7.387437408531655 ], [ 109.74259389436854, -7.387935644826579 ], [ 109.742880754951358, -7.38851531231276 ], [ 109.743154258618461, -7.388904972786566 ], [ 109.743572487611402, -7.389258782880573 ], [ 109.744069203017034, -7.389621945895215 ], [ 109.744500265855791, -7.389849295896214 ], [ 109.744957852329534, -7.390022378597823 ], [ 109.745586158522997, -7.390186899067002 ], [ 109.746030678257043, -7.390278657718094 ], [ 109.746436180379106, -7.390352132180838 ], [ 109.747182624163557, -7.390399438254112 ], [ 109.747863527514838, -7.390482726629222 ], [ 109.748347418272246, -7.390547377570497 ], [ 109.749184789385893, -7.390775863332829 ], [ 109.749524350039522, -7.390948610853497 ], [ 109.750288365312187, -7.391176889125989 ], [ 109.750603393205495, -7.390589868749301 ], [ 109.751412313886973, -7.390655426604464 ], [ 109.752222959496336, -7.390133175098343 ], [ 109.753612464053404, -7.389214605730656 ], [ 109.754422574262179, -7.388855101862656 ], [ 109.755001148034097, -7.388693962437584 ], [ 109.75581024438381, -7.388696219084617 ], [ 109.75671836934832, -7.388734917776 ], [ 109.757593478669676, -7.38871927131788 ], [ 109.758055758716949, -7.38873864196313 ], [ 109.75855065226402, -7.388929899043138 ], [ 109.7589789824966, -7.389229563799125 ], [ 109.759637278386819, -7.390027262889049 ] ] ], [ [ [ 109.622002434572991, -7.220269603713381 ], [ 109.623338683061903, -7.220165138373291 ], [ 109.624241557853608, -7.220204026827007 ], [ 109.624737120864893, -7.220286893844366 ], [ 109.625791649857732, -7.220425692772787 ], [ 109.626270319083474, -7.220861216398128 ], [ 109.626929032196173, -7.22134248898342 ], [ 109.627367147486865, -7.222004017878132 ], [ 109.627704217916403, -7.22291840488188 ], [ 109.628081400591256, -7.223878120033738 ], [ 109.628358075068476, -7.225036446099653 ], [ 109.628575970185068, -7.225679229374612 ], [ 109.628754693320289, -7.226113849699588 ], [ 109.629232778447999, -7.226721158720626 ], [ 109.628011354175996, -7.227196775705485 ], [ 109.62711029108948, -7.227492523612044 ], [ 109.626509234679787, -7.227870546893409 ], [ 109.626227809110091, -7.228385154947969 ], [ 109.626343933148249, -7.229642544675682 ], [ 109.626421213731703, -7.230583274435843 ], [ 109.62645933942251, -7.231162135770857 ], [ 109.626337729044181, -7.231695308117529 ], [ 109.626155281588822, -7.232517715313151 ], [ 109.626093870669578, -7.232996819964534 ], [ 109.626051837255247, -7.233611695895015 ], [ 109.625910335028578, -7.234153849364629 ], [ 109.625406525150552, -7.235409368437899 ], [ 109.624983911134137, -7.236285298436062 ], [ 109.62485926733342, -7.236610506219622 ], [ 109.624653650929531, -7.236944420454499 ], [ 109.624550076783663, -7.237314899160111 ], [ 109.624446502416021, -7.237685377804453 ], [ 109.624354282980548, -7.238128222614707 ], [ 109.622805308655813, -7.239660863344874 ], [ 109.621435199005575, -7.240642508438974 ], [ 109.619603004944352, -7.240935323811123 ], [ 109.618777939619676, -7.241448274711726 ], [ 109.617367499814904, -7.241986660357858 ], [ 109.616267606265382, -7.24233593402052 ], [ 109.615860045903005, -7.242895445616566 ], [ 109.615310140907866, -7.243092684440083 ], [ 109.614033229520032, -7.243649456851827 ], [ 109.612622395077395, -7.244142616976939 ], [ 109.611350236657955, -7.244364771491575 ], [ 109.610684624638296, -7.244914357220297 ], [ 109.609333314255394, -7.245281017050135 ], [ 109.608119252603899, -7.245648092477938 ], [ 109.607023067356451, -7.24549103241116 ], [ 109.606240958684978, -7.245651382037978 ], [ 109.605461284514561, -7.245748447761456 ], [ 109.604889513099323, -7.245963778655019 ], [ 109.603936612820718, -7.24700079774358 ], [ 109.602719296941871, -7.247404012663982 ], [ 109.601275548666024, -7.24771611341917 ], [ 109.600356137924393, -7.247794656837835 ], [ 109.599154751888122, -7.248188868837213 ], [ 109.597564744843879, -7.249142535003094 ], [ 109.595010384582878, -7.249396847830209 ], [ 109.59458149645387, -7.248997701623071 ], [ 109.59391539934883, -7.248516358832117 ], [ 109.593587891373303, -7.248271138413286 ], [ 109.593442495168119, -7.247791405582207 ], [ 109.593217123131993, -7.247456087260833 ], [ 109.592301404649163, -7.247163839192798 ], [ 109.591509756821367, -7.246908229663705 ], [ 109.590741924565904, -7.246390402840787 ], [ 109.589883965747049, -7.245727543479026 ], [ 109.58884280938581, -7.245000915579035 ], [ 109.589405490667062, -7.244875991455919 ], [ 109.590044735594134, -7.244263070507229 ], [ 109.590185033040541, -7.243739016038334 ], [ 109.590140121787769, -7.243340966616151 ], [ 109.590130756197638, -7.24279836558213 ], [ 109.590068561051211, -7.242147014116577 ], [ 109.589928471970026, -7.241594966683397 ], [ 109.58986691918885, -7.241097410763808 ], [ 109.590215447993913, -7.240583042533813 ], [ 109.590447719105484, -7.240258182477029 ], [ 109.590544385199379, -7.239932902356165 ], [ 109.590674319982156, -7.239282236105464 ], [ 109.590788589634542, -7.238938927617795 ], [ 109.590901291913156, -7.23845095237922 ], [ 109.591025353913508, -7.237863557192743 ], [ 109.590902868618429, -7.237221060399807 ], [ 109.590727422481635, -7.236560407413696 ], [ 109.590652448989786, -7.235646816743926 ], [ 109.591489358377402, -7.235531777551437 ], [ 109.592804576271575, -7.235020394371344 ], [ 109.593983918283641, -7.234716539121852 ], [ 109.59507567035881, -7.234629493952815 ], [ 109.596348575496179, -7.234543004339722 ], [ 109.59739468357877, -7.234292977344579 ], [ 109.598904781251434, -7.233348097082093 ], [ 109.599911960696289, -7.233541153237069 ], [ 109.602458611826492, -7.233530889754632 ], [ 109.604412626387088, -7.232804344130791 ], [ 109.607533168031921, -7.23227131563061 ], [ 109.609172561075823, -7.232258239751997 ], [ 109.610908231981639, -7.232408197426778 ], [ 109.612490476336546, -7.232403976893345 ], [ 109.613048554794247, -7.231383811280358 ], [ 109.613126130408034, -7.230995174578595 ], [ 109.613324955956585, -7.230661155470477 ], [ 109.613475124384635, -7.230146159149745 ], [ 109.613679656437043, -7.229703659676153 ], [ 109.61422028066869, -7.229017972174963 ], [ 109.614820661296875, -7.228766636087144 ], [ 109.615208862984801, -7.2281348229046 ], [ 109.615433323147144, -7.22720396293957 ], [ 109.61566755930842, -7.226372769244364 ], [ 109.615749364383632, -7.225550063659645 ], [ 109.616071152113832, -7.224411544517878 ], [ 109.616429781117617, -7.222992851078973 ], [ 109.617201992244205, -7.221530202996837 ], [ 109.617982857641024, -7.221125611936605 ], [ 109.619706792522734, -7.220850453280017 ], [ 109.620994823132307, -7.220592053748099 ], [ 109.622002434572991, -7.220269603713381 ] ] ] ] } },
{ "type": "Feature", "properties": { "KECAMATAN": "Susukan" }, "geometry": { "type": "MultiPolygon", "coordinates": [ [ [ [ 109.397928815154941, -7.534782269357055 ], [ 109.397487645497691, -7.535323263628484 ], [ 109.397445254731295, -7.535919869965341 ], [ 109.397667389678006, -7.536345675881455 ], [ 109.397334183852948, -7.536480062867571 ], [ 109.396947291629658, -7.536442483989072 ], [ 109.396550553038111, -7.536522394784939 ], [ 109.396195165192779, -7.536593416266095 ], [ 109.395787599304512, -7.536854186320471 ], [ 109.395403293463559, -7.536337380593162 ], [ 109.394998390764613, -7.535956106091977 ], [ 109.394633476771631, -7.535692504005257 ], [ 109.394465072350442, -7.535366429762722 ], [ 109.394327692248339, -7.53499517661229 ], [ 109.394134242007127, -7.53471412234967 ], [ 109.393815369767111, -7.534486941019569 ], [ 109.393512413425583, -7.534178363428619 ], [ 109.393272524803677, -7.533888098092571 ], [ 109.392980684223389, -7.533624853757112 ], [ 109.392610535381223, -7.533343150495353 ], [ 109.392368919859564, -7.533116252094115 ], [ 109.392050191528313, -7.532870899119531 ], [ 109.391702738318472, -7.532715935361783 ], [ 109.391395090863924, -7.53260631985248 ], [ 109.39113156945541, -7.532343088312619 ], [ 109.390888154512993, -7.532098011453042 ], [ 109.390510501935154, -7.531906774210194 ], [ 109.390007126508394, -7.531507053945546 ], [ 109.389735163942944, -7.531243790831792 ], [ 109.389378752239409, -7.530844700870595 ], [ 109.388597148841384, -7.530624764907095 ], [ 109.388187493952202, -7.530541893583936 ], [ 109.387904664090883, -7.530369084414197 ], [ 109.387575105226617, -7.530205053108718 ], [ 109.387311548292274, -7.529507879234902 ], [ 109.387230309131127, -7.529191074672867 ], [ 109.38732611584544, -7.52855841643408 ], [ 109.387292476727012, -7.527916331608109 ], [ 109.38702445982895, -7.527354747911771 ], [ 109.386920437226948, -7.526531505049496 ], [ 109.38644169694787, -7.525978185973281 ], [ 109.386126727154704, -7.525163206931571 ], [ 109.385790855857849, -7.524646575362147 ], [ 109.385541870054638, -7.524374355178368 ], [ 109.385392909235264, -7.524066341667659 ], [ 109.385228905406535, -7.523785484407938 ], [ 109.384922692948663, -7.524037488132838 ], [ 109.384644206054062, -7.524307764989847 ], [ 109.384143793369404, -7.524423445991228 ], [ 109.383819626960502, -7.524015341658113 ], [ 109.383234219448525, -7.52376005124461 ], [ 109.382952782445898, -7.523596195298592 ], [ 109.382862679034375, -7.52307142852803 ], [ 109.382599402860194, -7.522220477693297 ], [ 109.382186753917139, -7.522101429919264 ], [ 109.381745954174548, -7.522018439542351 ], [ 109.381210531080967, -7.522549937485292 ], [ 109.380826464439451, -7.522883104627923 ], [ 109.380327102334903, -7.52291742165957 ], [ 109.379948008850036, -7.522997384560215 ], [ 109.379548742958377, -7.523077272540222 ], [ 109.379109083587608, -7.523129889586211 ], [ 109.37859758451016, -7.523173200077678 ], [ 109.378199603340349, -7.523289343470117 ], [ 109.377819503739033, -7.523016634974502 ], [ 109.377333473767976, -7.522680251459623 ], [ 109.376776569229534, -7.523039895800251 ], [ 109.376404704004358, -7.522984276453331 ], [ 109.375979588413173, -7.522340744195099 ], [ 109.375561331986219, -7.522203498593656 ], [ 109.375000558245901, -7.522237582092842 ], [ 109.374671825304361, -7.522236363591038 ], [ 109.374076816351987, -7.521953905816328 ], [ 109.373476243117963, -7.521580932613251 ], [ 109.373200401020654, -7.521380930710872 ], [ 109.37289535511934, -7.521018184048492 ], [ 109.37244368036113, -7.520727125657355 ], [ 109.372149221486524, -7.520490892733827 ], [ 109.372028131591904, -7.520164990004213 ], [ 109.371450288962308, -7.519547918986945 ], [ 109.371298782447667, -7.519104288125209 ], [ 109.37113818571467, -7.518814400109225 ], [ 109.370917095258903, -7.518578439194343 ], [ 109.370705905212247, -7.51825211136233 ], [ 109.369846769483814, -7.517516560067888 ], [ 109.369397999980265, -7.516909007569351 ], [ 109.368998711130629, -7.516916563786708 ], [ 109.368601940889221, -7.516869886878744 ], [ 109.368286464728968, -7.516281000404642 ], [ 109.367919203837673, -7.516134988887478 ], [ 109.367617350116404, -7.516359874786305 ], [ 109.367318859765788, -7.516684307160903 ], [ 109.367066342773441, -7.5169817893016 ], [ 109.366942328488932, -7.517279659158597 ], [ 109.366734731666554, -7.517532106455788 ], [ 109.365804440155571, -7.517646166550256 ], [ 109.365488948606398, -7.517581708834473 ], [ 109.365165014869717, -7.517517219451744 ], [ 109.364749791677468, -7.517470470263906 ], [ 109.364293198994858, -7.51737827438385 ], [ 109.363904464736407, -7.516761991799089 ], [ 109.36357107568098, -7.516489448115638 ], [ 109.363140255312672, -7.515999572885551 ], [ 109.362421539233523, -7.515119798687556 ], [ 109.36229030063302, -7.514414073028575 ], [ 109.36206841133847, -7.513635596115476 ], [ 109.362247373160272, -7.513328802362855 ], [ 109.362574274140712, -7.513058812063222 ], [ 109.363197154605317, -7.512156921090213 ], [ 109.363305459175123, -7.51180466149788 ], [ 109.363380623458838, -7.511244350641988 ], [ 109.363535686161384, -7.510675206758616 ], [ 109.364121843877498, -7.510641229540712 ], [ 109.364448044945092, -7.510118014660117 ], [ 109.364748751688538, -7.508979870911678 ], [ 109.364864850182684, -7.508600518451177 ], [ 109.364936585374423, -7.508257162137251 ], [ 109.365041677776105, -7.507724082764852 ], [ 109.365055183581418, -7.507208743137275 ], [ 109.364595411438856, -7.507270314140408 ], [ 109.364340838709211, -7.506979985097217 ], [ 109.364190777047611, -7.506671964448839 ], [ 109.364072804816516, -7.506273659896235 ], [ 109.364284108022417, -7.505867631370457 ], [ 109.364927266187493, -7.504992931258786 ], [ 109.364960306141157, -7.504568067692579 ], [ 109.364582326033826, -7.504114553743667 ], [ 109.365104450937864, -7.503799993982368 ], [ 109.365470217522841, -7.503502932665088 ], [ 109.36510905087242, -7.503248459725119 ], [ 109.36489879592132, -7.50299445759147 ], [ 109.364930144628985, -7.502262125598335 ], [ 109.365151869777236, -7.501865175115222 ], [ 109.364620743808658, -7.500949853803282 ], [ 109.364114498807368, -7.500794284665085 ], [ 109.363697016420531, -7.500756569769231 ], [ 109.362960141960414, -7.500202275882601 ], [ 109.362691638843671, -7.500002298382133 ], [ 109.362988157478085, -7.499442811172351 ], [ 109.363877116820106, -7.499382837178002 ], [ 109.365338297032395, -7.499035607302935 ], [ 109.365173215269095, -7.497968052026812 ], [ 109.365309568643426, -7.497624935246892 ], [ 109.365665041352784, -7.497662417606016 ], [ 109.365903198654408, -7.497265436682183 ], [ 109.365765470982225, -7.496695292615107 ], [ 109.365206250447031, -7.496322470135363 ], [ 109.36460330798144, -7.495994686337063 ], [ 109.364667958800268, -7.495506657642367 ], [ 109.36482753291196, -7.495227000026071 ], [ 109.364661972550266, -7.494828519122322 ], [ 109.364218001128904, -7.49476358643064 ], [ 109.363807780419378, -7.494843424281555 ], [ 109.363201957477983, -7.494967735819317 ], [ 109.363017384408167, -7.494659587281434 ], [ 109.363080048072561, -7.494243874440831 ], [ 109.363436778570929, -7.493883587707455 ], [ 109.363685716563836, -7.493640333806663 ], [ 109.363956668680274, -7.493243475719785 ], [ 109.364082899075413, -7.492809918080994 ], [ 109.364130219786574, -7.492421268792373 ], [ 109.364111251458795, -7.491878687273675 ], [ 109.364019572271815, -7.49156184412391 ], [ 109.363463590999558, -7.490863580808774 ], [ 109.363591560610814, -7.49048427174293 ], [ 109.363884820889183, -7.490114617194972 ], [ 109.36356764743266, -7.489905510569918 ], [ 109.363114234949819, -7.489569242146708 ], [ 109.363195934728267, -7.489216882176153 ], [ 109.363320007046951, -7.488900841013591 ], [ 109.363147776112854, -7.488628990615424 ], [ 109.362349585117897, -7.488635063320127 ], [ 109.361774660560101, -7.48884989291331 ], [ 109.361790153112693, -7.488262238385637 ], [ 109.361873571660979, -7.487909885209622 ], [ 109.361550018217386, -7.487429453496971 ], [ 109.361459129981554, -7.486841403271063 ], [ 109.361422017499578, -7.486316835440877 ], [ 109.361447878746105, -7.485973308537616 ], [ 109.361605573914147, -7.48529568913815 ], [ 109.362307684809679, -7.485750406991425 ], [ 109.363109208538532, -7.486431592388758 ], [ 109.363709608463495, -7.487157141016196 ], [ 109.364035554244367, -7.487357329796995 ], [ 109.364664069425103, -7.487215018345017 ], [ 109.366023549553219, -7.486541856522781 ], [ 109.367181798826209, -7.485940357048411 ], [ 109.368011568934463, -7.485798695660479 ], [ 109.368991784425191, -7.485720962592207 ], [ 109.370098091386893, -7.485526168958997 ], [ 109.371029085819146, -7.485204068469379 ], [ 109.371910390826969, -7.484682893729722 ], [ 109.372491815125002, -7.483780822712923 ], [ 109.372871854510592, -7.482932249197906 ], [ 109.373026079357743, -7.481956276080991 ], [ 109.372953557885239, -7.481205475506139 ], [ 109.372880969390877, -7.480472755473691 ], [ 109.372657812357815, -7.479649075856632 ], [ 109.372685868836285, -7.478871615821189 ], [ 109.372762946422611, -7.478392669393554 ], [ 109.373091270122799, -7.477950811450217 ], [ 109.373645069360535, -7.477726754065505 ], [ 109.374197490574133, -7.47777399298032 ], [ 109.374624156251102, -7.477929342882915 ], [ 109.375000495256472, -7.478138658957024 ], [ 109.375325231591603, -7.478302582671525 ], [ 109.375704533604775, -7.478539120798319 ], [ 109.376201151864919, -7.478929777555663 ], [ 109.376748391466592, -7.47985409451739 ], [ 109.377301459914705, -7.480434806892915 ], [ 109.377593780985308, -7.480779508675655 ], [ 109.378014625254607, -7.481278370239031 ], [ 109.379068120537298, -7.481969497741606 ], [ 109.380227677580692, -7.482606680322461 ], [ 109.38070216120822, -7.48284356526907 ], [ 109.381151784485056, -7.482610075765515 ], [ 109.381337947585763, -7.482267133095799 ], [ 109.381392572510833, -7.481797141324246 ], [ 109.38152723510558, -7.481056230690773 ], [ 109.382079597093821, -7.480452369061068 ], [ 109.382413690302755, -7.480146220546618 ], [ 109.382960129328069, -7.479750355865204 ], [ 109.383485873490955, -7.479435778312101 ], [ 109.384061543618074, -7.479257079883859 ], [ 109.384516183399825, -7.479059765895068 ], [ 109.385244509983082, -7.478547038296544 ], [ 109.385639518240467, -7.478069250786131 ], [ 109.386121872116647, -7.477627944166563 ], [ 109.387800365026621, -7.477118687375669 ], [ 109.390546833322389, -7.476369138815788 ], [ 109.392103095130892, -7.475922700815072 ], [ 109.392958457793725, -7.475437541893604 ], [ 109.393570718738076, -7.474770595774448 ], [ 109.394364969525483, -7.474285210772366 ], [ 109.395309982679038, -7.474288648938558 ], [ 109.397656815983709, -7.474423835828716 ], [ 109.398327086795447, -7.474543796153078 ], [ 109.399545339122156, -7.475090737879131 ], [ 109.400171035821472, -7.475409515540522 ], [ 109.401486138776903, -7.475785034395725 ], [ 109.402426015774822, -7.475887885042713 ], [ 109.403116942600789, -7.475546756763361 ], [ 109.403557704342845, -7.474951587343069 ], [ 109.403748916916101, -7.474138451477381 ], [ 109.403595419316943, -7.473206541578618 ], [ 109.403068078080636, -7.471703545528388 ], [ 109.40238291074462, -7.470543698809474 ], [ 109.400666665559925, -7.468439633329103 ], [ 109.400637944206736, -7.467688986072174 ], [ 109.40098379517687, -7.467409982696197 ], [ 109.401611192381608, -7.467258474903769 ], [ 109.402551511248831, -7.467234755857501 ], [ 109.403146565593772, -7.467390687278858 ], [ 109.404021467971546, -7.468081020508687 ], [ 109.405208734439796, -7.469116201911683 ], [ 109.406490190766519, -7.470115468709313 ], [ 109.407365272154948, -7.470841960244702 ], [ 109.408061291172487, -7.471278507462409 ], [ 109.408679456471376, -7.471470678467688 ], [ 109.409267624647427, -7.471508960903799 ], [ 109.410353102666008, -7.471114997174524 ], [ 109.411143304371123, -7.47056627816306 ], [ 109.411702360598795, -7.470432591361987 ], [ 109.412391673839053, -7.470534607652263 ], [ 109.412850664927504, -7.470762272295734 ], [ 109.413079225720637, -7.471124807000955 ], [ 109.413176455824228, -7.471486869504403 ], [ 109.413142224371782, -7.471884621606918 ], [ 109.412942802813347, -7.472534915390515 ], [ 109.412677714403173, -7.473185063135003 ], [ 109.41234588153408, -7.474133308816456 ], [ 109.412080039533137, -7.474991385880978 ], [ 109.411913125117763, -7.475741241633054 ], [ 109.41164862096646, -7.476228569666705 ], [ 109.411416556717626, -7.476752266872877 ], [ 109.41134963892938, -7.477077485766127 ], [ 109.411480265984608, -7.477376384958525 ], [ 109.411905542191448, -7.477839075304974 ], [ 109.412495512980499, -7.478166749992606 ], [ 109.413611134915627, -7.478532477725637 ], [ 109.415021769436734, -7.478962547542998 ], [ 109.418361505946521, -7.479037824134109 ], [ 109.418733732881222, -7.478903460026944 ], [ 109.419162891992329, -7.478290148616858 ], [ 109.419592895743563, -7.47744169385582 ], [ 109.419860612553677, -7.476059171731295 ], [ 109.419981872837639, -7.475245772149052 ], [ 109.421905824218697, -7.475216496475851 ], [ 109.422223970231613, -7.475308040456882 ], [ 109.422518743593599, -7.475625606093967 ], [ 109.422744684506185, -7.476096615732576 ], [ 109.423059975375992, -7.476983902954386 ], [ 109.423466970190645, -7.477735908961127 ], [ 109.423874777502547, -7.478261812203956 ], [ 109.424533435992117, -7.478625880660652 ], [ 109.425305412836494, -7.479035556120059 ], [ 109.42591896411713, -7.479354168393432 ], [ 109.426578112221932, -7.479582626953681 ], [ 109.427032978652733, -7.479611371861483 ], [ 109.427670883975082, -7.479450916061742 ], [ 109.42817229262252, -7.479208516638298 ], [ 109.428514585396286, -7.478983721120394 ], [ 109.428992767248133, -7.478822603420703 ], [ 109.429470503865147, -7.47886950842495 ], [ 109.430152912335046, -7.479007638397845 ], [ 109.430470815536268, -7.479189582792456 ], [ 109.430765749440482, -7.479443860743335 ], [ 109.431378943372238, -7.479780546332922 ], [ 109.431924802177917, -7.479872984909067 ], [ 109.432433693676614, -7.479919997802411 ], [ 109.432753517788171, -7.479794475440977 ], [ 109.433021236936753, -7.479343304440216 ], [ 109.433209682995368, -7.478810485673427 ], [ 109.433371663452121, -7.478178125592025 ], [ 109.433532375783201, -7.477880264767804 ], [ 109.434019112880435, -7.477791586968299 ], [ 109.434463633596451, -7.478019181500872 ], [ 109.434755377890866, -7.478309608386819 ], [ 109.434780652354391, -7.478680455228788 ], [ 109.434778461271037, -7.479295302165236 ], [ 109.434962718146849, -7.479874648375364 ], [ 109.435254301387147, -7.480273562492124 ], [ 109.435625973851316, -7.480546191572213 ], [ 109.436024683371855, -7.480674175448687 ], [ 109.436530675152753, -7.480675970304927 ], [ 109.436903690502803, -7.480550723856568 ], [ 109.437304438117778, -7.480127143111292 ], [ 109.437838076483544, -7.479812520686185 ], [ 109.438344540407442, -7.479597338940648 ], [ 109.438877052529875, -7.479599224784963 ], [ 109.439596151778602, -7.47954752636134 ], [ 109.440235272818356, -7.479423127998373 ], [ 109.44071505359797, -7.479316336915441 ], [ 109.441167383675804, -7.479345058385954 ], [ 109.44159298909517, -7.479473222831278 ], [ 109.441778057832678, -7.479826463477926 ], [ 109.441403429010961, -7.480322467003231 ], [ 109.440977115627945, -7.480456660166984 ], [ 109.440497418127862, -7.480644817659234 ], [ 109.440176332133703, -7.481041561703947 ], [ 109.439987955908961, -7.481619588536691 ], [ 109.439958982275655, -7.48228867654404 ], [ 109.440036981161882, -7.482813402018668 ], [ 109.440434923558826, -7.483158446429074 ], [ 109.440860767666663, -7.483241319329081 ], [ 109.441313198080636, -7.483242919790243 ], [ 109.441872771144986, -7.483136410467393 ], [ 109.442352150524044, -7.483038657621723 ], [ 109.442778187687722, -7.48306728529832 ], [ 109.443442990735377, -7.483223325580875 ], [ 109.444479892544081, -7.483597745535798 ], [ 109.445570511970033, -7.483845692764788 ], [ 109.446128869414935, -7.484082810590204 ], [ 109.446713877119905, -7.484220483674161 ], [ 109.447300335526066, -7.484032695897214 ], [ 109.447807463266599, -7.483609479085164 ], [ 109.448393067208684, -7.483430636878013 ], [ 109.449129464969616, -7.483433229100373 ], [ 109.449802948831632, -7.483544177738018 ], [ 109.450324242789407, -7.483699703400627 ], [ 109.450960549517902, -7.484226392654608 ], [ 109.451397492123149, -7.484680054862968 ], [ 109.451300756094241, -7.485629171073317 ], [ 109.450662550190572, -7.486422690824686 ], [ 109.450312876008581, -7.486982075456413 ], [ 109.449981386715791, -7.487532573310426 ], [ 109.449587824509152, -7.488100843230069 ], [ 109.449099102732262, -7.488578370380887 ], [ 109.448687426756521, -7.489155615959262 ], [ 109.448249068274379, -7.489967915589674 ], [ 109.447790173339087, -7.490671653604996 ], [ 109.447573858155039, -7.491059731424597 ], [ 109.44748096275687, -7.491384869033614 ], [ 109.44776489090485, -7.491819914328859 ], [ 109.448416102436497, -7.492211050848104 ], [ 109.448846366324219, -7.492483878864148 ], [ 109.449097638591752, -7.49315386696138 ], [ 109.449294906871543, -7.493905121526121 ], [ 109.449455749315575, -7.494710492003294 ], [ 109.449245645391969, -7.495433098477561 ], [ 109.448186308617778, -7.496026230609328 ], [ 109.447340694742365, -7.496457291006489 ], [ 109.446798671239947, -7.496645232277205 ], [ 109.44674837788466, -7.497260002763269 ], [ 109.446427133048445, -7.497466804253035 ], [ 109.446032800638974, -7.497510614792802 ], [ 109.445626962821564, -7.497554384305485 ], [ 109.445611815432599, -7.497907008085011 ], [ 109.445603657424797, -7.498458551723737 ], [ 109.445527450174765, -7.498774796907365 ], [ 109.446033170114561, -7.499807403684055 ], [ 109.44658856362436, -7.500885479688152 ], [ 109.446816076211775, -7.501555385175572 ], [ 109.446740132340707, -7.502387041421732 ], [ 109.447165253415491, -7.503627389686709 ], [ 109.447227378222735, -7.504143019144833 ], [ 109.447088644533679, -7.504856924542509 ], [ 109.446679632057382, -7.505940542754442 ], [ 109.446251296698392, -7.507204995972856 ], [ 109.445937522893345, -7.507619848140702 ], [ 109.445407124991917, -7.508106258839602 ], [ 109.445176171092058, -7.508720298316411 ], [ 109.445013855875544, -7.509298508226495 ], [ 109.444932147612803, -7.509668886906219 ], [ 109.444741060621183, -7.50997568382002 ], [ 109.444385138904991, -7.510119074060447 ], [ 109.444149929349777, -7.510353388856229 ], [ 109.443959947696186, -7.510895246791963 ], [ 109.4438175342504, -7.511527770312568 ], [ 109.443451454472822, -7.512005718862009 ], [ 109.443171457271617, -7.512312108998827 ], [ 109.442939963402367, -7.512908153255039 ], [ 109.442548485306688, -7.513593945936217 ], [ 109.442781494331044, -7.514083059312741 ], [ 109.442913237765069, -7.514454284666787 ], [ 109.442925910347384, -7.514797965573139 ], [ 109.442858447730202, -7.515132321480888 ], [ 109.442707720728961, -7.515538707250835 ], [ 109.442346733884435, -7.516179403994349 ], [ 109.441836419313745, -7.517063758339884 ], [ 109.441756318350429, -7.517379987589329 ], [ 109.441810130232369, -7.517940790428902 ], [ 109.44183750363446, -7.518519580698888 ], [ 109.442211440070395, -7.518774137881189 ], [ 109.442553644052182, -7.519064744835236 ], [ 109.442837067650387, -7.519454590303901 ], [ 109.443228026200202, -7.51988088967116 ], [ 109.443801824973235, -7.521121769495197 ], [ 109.444357968441111, -7.522055113153127 ], [ 109.444756673308433, -7.522761881153412 ], [ 109.445144114314061, -7.523694626027986 ], [ 109.445590303302041, -7.524663741915755 ], [ 109.444926497397589, -7.524923657372701 ], [ 109.444550023431248, -7.525211623095732 ], [ 109.444057980428013, -7.525264211028353 ], [ 109.443460631978681, -7.525325374669691 ], [ 109.44303246587134, -7.525567951882598 ], [ 109.442631357756909, -7.525765511806049 ], [ 109.442285263794091, -7.525872769778195 ], [ 109.44186577557339, -7.526070173133683 ], [ 109.441449511459908, -7.526222474574523 ], [ 109.44105173438615, -7.526365710261015 ], [ 109.440727616155897, -7.526491126320051 ], [ 109.439830087418684, -7.526397525209768 ], [ 109.439289837933885, -7.526558423593208 ], [ 109.438863008309951, -7.526656350355122 ], [ 109.438409587699354, -7.526835547738535 ], [ 109.43798165196101, -7.527096291651496 ], [ 109.437512488175329, -7.527248309879628 ], [ 109.436932693400038, -7.5273728109657 ], [ 109.436638648728064, -7.527570746418522 ], [ 109.436456693883429, -7.527868528677904 ], [ 109.436179523646445, -7.528319661812808 ], [ 109.435987098384714, -7.528599234683422 ], [ 109.4354788818153, -7.528660704472867 ], [ 109.435141299200282, -7.528831361206342 ], [ 109.4349281218919, -7.529147021826168 ], [ 109.43470569196927, -7.529417536458126 ], [ 109.434393736829918, -7.529796218513995 ], [ 109.434295574795698, -7.530166623891012 ], [ 109.434172892969571, -7.530582144693651 ], [ 109.434029921210296, -7.531196486688686 ], [ 109.433977640514627, -7.531648421565572 ], [ 109.433908435118795, -7.532235905292033 ], [ 109.43387210757119, -7.532968246999017 ], [ 109.433836234619065, -7.533573931099345 ], [ 109.433900964993498, -7.534315674882671 ], [ 109.433848348571971, -7.534839933392753 ], [ 109.433762798167649, -7.535255586502339 ], [ 109.433559582076384, -7.535625615333673 ], [ 109.433188074821217, -7.535940797824312 ], [ 109.432736520258814, -7.536138074758029 ], [ 109.431787626514833, -7.536776740388557 ], [ 109.431365846429472, -7.537046447214663 ], [ 109.430506630324899, -7.537160894426341 ], [ 109.429109569804879, -7.53713780034562 ], [ 109.427341972249465, -7.537077207967308 ], [ 109.426500734293782, -7.536992818602769 ], [ 109.425575566755128, -7.536790598056296 ], [ 109.424987455212431, -7.536462930242848 ], [ 109.424248842708849, -7.535872542993732 ], [ 109.423005568061754, -7.535144637851217 ], [ 109.422080758450306, -7.53482479440397 ], [ 109.421106214183425, -7.53433299900544 ], [ 109.420484324015334, -7.534050497890813 ], [ 109.420047149456039, -7.53394938367772 ], [ 109.419506087314645, -7.533857025002123 ], [ 109.419070010148772, -7.533783125958276 ], [ 109.418699814291543, -7.534044055710235 ], [ 109.418349088115164, -7.534169356573856 ], [ 109.417924939399839, -7.534638023439098 ], [ 109.417699628722289, -7.534998921817925 ], [ 109.417121319263373, -7.535575516922531 ], [ 109.416991326784611, -7.535900597183422 ], [ 109.417155628949303, -7.536353309597672 ], [ 109.417348837441295, -7.536788045438922 ], [ 109.417287521112755, -7.537212820215664 ], [ 109.416910301912367, -7.537781101034368 ], [ 109.416640104470545, -7.538033349276293 ], [ 109.416316867546826, -7.538529500191658 ], [ 109.416106774447499, -7.53877283453442 ], [ 109.415723888848106, -7.5386177589045 ], [ 109.414971432847238, -7.538488465947903 ], [ 109.414513604362739, -7.538477766589306 ], [ 109.41382992923036, -7.538583775079397 ], [ 109.413399333140489, -7.538645497574479 ], [ 109.41305800270483, -7.538590016427456 ], [ 109.412731597956665, -7.538498427036135 ], [ 109.412103469795809, -7.538288125173653 ], [ 109.411672370653491, -7.53846746146605 ], [ 109.411317879822846, -7.538619863445626 ], [ 109.41097956046238, -7.5387632832919 ], [ 109.410487175784269, -7.538906233519382 ], [ 109.410078191974506, -7.539085557916925 ], [ 109.409256730845726, -7.539172977024153 ], [ 109.408652887947596, -7.539433046414272 ], [ 109.408375656776315, -7.539829911022886 ], [ 109.407942217937574, -7.540198994890781 ], [ 109.407597594314325, -7.540288236008527 ], [ 109.407256958074896, -7.540513008617086 ], [ 109.406887149906936, -7.540276608611233 ], [ 109.406541004311919, -7.540148690271431 ], [ 109.406045029222966, -7.540128802257161 ], [ 109.405218179430193, -7.540279567488694 ], [ 109.404876918194418, -7.540368728185938 ], [ 109.404520240701643, -7.540484953857083 ], [ 109.404069936315608, -7.54074557597344 ], [ 109.40371531421458, -7.540463936118766 ], [ 109.403425518217716, -7.539802831862357 ], [ 109.40321608614245, -7.539395154765401 ], [ 109.40298298694384, -7.539104917673158 ], [ 109.4024772402407, -7.538632875207445 ], [ 109.402144537988434, -7.538487012419693 ], [ 109.401743910030845, -7.538078636713618 ], [ 109.401501638855635, -7.537743163219145 ], [ 109.401487656564385, -7.537236754387072 ], [ 109.401102405589512, -7.536955001420536 ], [ 109.400859247195655, -7.536719060293954 ], [ 109.400555088700045, -7.53657321059255 ], [ 109.400225817179674, -7.536327914009862 ], [ 109.399702386142849, -7.536298878905001 ], [ 109.399253479881892, -7.535935527636206 ], [ 109.398987311194659, -7.53561804691588 ], [ 109.398747160370618, -7.535255458903838 ], [ 109.398532445865158, -7.534965378116744 ], [ 109.398183012590721, -7.534575268693485 ], [ 109.397928815154941, -7.534782269357055 ] ] ], [ [ [ 109.752344507466503, -7.252722811032761 ], [ 109.752727761173119, -7.252805240571243 ], [ 109.753355514984761, -7.252915466468023 ], [ 109.75374324972087, -7.252916530043533 ], [ 109.754129814221784, -7.252827170669724 ], [ 109.754740391302548, -7.252693215156135 ], [ 109.75515784776654, -7.252585855604874 ], [ 109.755717119459888, -7.252370290187696 ], [ 109.756455993513796, -7.252073837943066 ], [ 109.756797601052483, -7.252092946888945 ], [ 109.75732371621433, -7.252094385822451 ], [ 109.757873156113689, -7.252059629664658 ], [ 109.758244361995935, -7.25209690233836 ], [ 109.758748253086964, -7.252468999119452 ], [ 109.759284579615681, -7.252777980748509 ], [ 109.759625468913939, -7.252950708603205 ], [ 109.760072701839277, -7.253123816862948 ], [ 109.760688910455386, -7.253306337189015 ], [ 109.761385199353271, -7.253398655417055 ], [ 109.761963047179648, -7.253517866238968 ], [ 109.762453446407875, -7.253663873684712 ], [ 109.76296824037, -7.25376473722071 ], [ 109.76345766759222, -7.253829363286782 ], [ 109.763946322902811, -7.253875902801624 ], [ 109.76442882905593, -7.253904431554647 ], [ 109.765015436479942, -7.253824558220933 ], [ 109.765433118004594, -7.253744315541695 ], [ 109.765812761253031, -7.253618759232517 ], [ 109.766237112053986, -7.253475240006098 ], [ 109.766625230929208, -7.253747553177944 ], [ 109.767516971569393, -7.254193120685236 ], [ 109.768174565149508, -7.254565716001387 ], [ 109.768229689759991, -7.254891467424941 ], [ 109.76801276668084, -7.255569118587531 ], [ 109.767939697052171, -7.256102487986714 ], [ 109.76811840410852, -7.256790344490052 ], [ 109.768221303104227, -7.257233771329719 ], [ 109.768351937769467, -7.257803861207254 ], [ 109.768462926260781, -7.258211142044728 ], [ 109.768442706393117, -7.258780822772518 ], [ 109.768197736907538, -7.259033424263431 ], [ 109.767354937108692, -7.259754676374608 ], [ 109.767063136605216, -7.260694430885757 ], [ 109.766846403946744, -7.261272619311978 ], [ 109.766237780244538, -7.26227480576324 ], [ 109.76610226835264, -7.262645248833874 ], [ 109.766047692145648, -7.263269177681613 ], [ 109.765884278324592, -7.263820384237795 ], [ 109.765776993722696, -7.264136651987553 ], [ 109.765794704500379, -7.264597931334212 ], [ 109.765934644373232, -7.265068585160983 ], [ 109.766430384550787, -7.265205563079967 ], [ 109.766809500355691, -7.265468901606282 ], [ 109.766964623091638, -7.265794834513338 ], [ 109.766404514531629, -7.265983283598439 ], [ 109.765888318753298, -7.266171760970315 ], [ 109.765439009674523, -7.266233832108813 ], [ 109.764764136242022, -7.266277204622771 ], [ 109.764422195697364, -7.2664029513031 ], [ 109.764060762743682, -7.266501428252286 ], [ 109.763520394657817, -7.266735046629146 ], [ 109.763034616342978, -7.266860399989568 ], [ 109.762460463826898, -7.266940211417771 ], [ 109.762123475541927, -7.267002585527896 ], [ 109.761537050293384, -7.26709140419225 ], [ 109.760906238803926, -7.267162016877269 ], [ 109.760394868354155, -7.267251129461391 ], [ 109.759766024680772, -7.26744833323104 ], [ 109.75904375359643, -7.267645280391866 ], [ 109.758390687271799, -7.267878673993216 ], [ 109.757780836316243, -7.2680668847656 ], [ 109.757200408906343, -7.268146762346245 ], [ 109.756752741468077, -7.268317332169309 ], [ 109.755997633128615, -7.268423764571017 ], [ 109.755091642676661, -7.267914839213282 ], [ 109.754685373889828, -7.267832346309023 ], [ 109.754248311723785, -7.267650307183147 ], [ 109.753384842539489, -7.267539340832181 ], [ 109.752957315564359, -7.26739349453004 ], [ 109.752539375962556, -7.266750277653273 ], [ 109.75221414258057, -7.266043931679111 ], [ 109.752012381293383, -7.265600231678156 ], [ 109.751727749649348, -7.265065884344151 ], [ 109.751449789990843, -7.264549639148612 ], [ 109.751141957888905, -7.264114688996654 ], [ 109.75082135589895, -7.263679703571138 ], [ 109.749995845245905, -7.262429373478743 ], [ 109.749759537981618, -7.261705187863314 ], [ 109.749364083654044, -7.261306163374361 ], [ 109.748869255037604, -7.260924948595354 ], [ 109.748375198192534, -7.260589035551691 ], [ 109.747892295465519, -7.260189769013969 ], [ 109.747273628311447, -7.259573031098488 ], [ 109.746871979389539, -7.259174078410258 ], [ 109.746290227376846, -7.258819747355428 ], [ 109.745806875795381, -7.258691735283977 ], [ 109.745330518688064, -7.258600000126765 ], [ 109.744976509077148, -7.258689440849327 ], [ 109.74441799918803, -7.2588416995678 ], [ 109.744695176934016, -7.258073723028375 ], [ 109.744914372728019, -7.257531724023234 ], [ 109.745199065132439, -7.25682706098992 ], [ 109.745496923979488, -7.256167733946301 ], [ 109.745761427121806, -7.255390679169181 ], [ 109.745934768407167, -7.254740049620097 ], [ 109.746203025831932, -7.2541438429136 ], [ 109.746505110010517, -7.253683448383073 ], [ 109.746777694578938, -7.253277223675245 ], [ 109.747433554547413, -7.253025858407219 ], [ 109.748452251950098, -7.253082916890827 ], [ 109.749523274419133, -7.253257662163977 ], [ 109.750000051139139, -7.25330418365715 ], [ 109.750573314961443, -7.25305258633711 ], [ 109.751056565256192, -7.252782566510064 ], [ 109.751674187178835, -7.252666718489732 ], [ 109.752344507466503, -7.252722811032761 ] ] ] ] } },
{ "type": "Feature", "properties": { "KECAMATAN": "Wanadadi" }, "geometry": { "type": "MultiPolygon", "coordinates": [ [ [ [ 109.607730125712962, -7.390863235200897 ], [ 109.606689233202601, -7.392306875163397 ], [ 109.606387240947598, -7.392730966204753 ], [ 109.605826226861041, -7.393525033505554 ], [ 109.605272487977885, -7.394237659807924 ], [ 109.604857011186283, -7.394570980695229 ], [ 109.604290670600278, -7.394704828582551 ], [ 109.603499864230685, -7.394765732262391 ], [ 109.602214278121394, -7.394960613418089 ], [ 109.601669929889042, -7.395203113250348 ], [ 109.601338670427438, -7.395762727944506 ], [ 109.601122438390604, -7.396467364710639 ], [ 109.600807023118207, -7.397189862977765 ], [ 109.599831265719473, -7.397982617413974 ], [ 109.599014230877771, -7.398613033635283 ], [ 109.598660203719277, -7.399118325586961 ], [ 109.598482726359336, -7.399470469804169 ], [ 109.598524875182207, -7.400103676486956 ], [ 109.598919929161411, -7.400611324080209 ], [ 109.599028237901024, -7.401181359144852 ], [ 109.598674750465079, -7.401514867058368 ], [ 109.598255918107142, -7.401558755959611 ], [ 109.597793448154889, -7.40151209379881 ], [ 109.59741959188176, -7.401293834548738 ], [ 109.596936286654241, -7.400867279850792 ], [ 109.596650358473937, -7.400694594072043 ], [ 109.595614191552073, -7.400790783485954 ], [ 109.595272323018591, -7.39950556694595 ], [ 109.5948784925572, -7.398093608136694 ], [ 109.594479309369959, -7.396744921710565 ], [ 109.593956596159671, -7.395531465479557 ], [ 109.592315087037505, -7.393527793884416 ], [ 109.591781005487604, -7.393028745163816 ], [ 109.590517721183531, -7.392364558168485 ], [ 109.589766802034518, -7.391792491947152 ], [ 109.5893121115501, -7.391275609536373 ], [ 109.588545887828843, -7.39016083472461 ], [ 109.587772622793253, -7.388982838312199 ], [ 109.58696716179729, -7.387759442440254 ], [ 109.586287090824058, -7.386898185114594 ], [ 109.585666963415136, -7.385955745543344 ], [ 109.585328084797069, -7.385620053612916 ], [ 109.584674259887933, -7.385057330968739 ], [ 109.584238818441264, -7.384621878204942 ], [ 109.584094939808722, -7.384015565484741 ], [ 109.58436312249701, -7.383727004321415 ], [ 109.584727057943994, -7.383746240589392 ], [ 109.585114987804843, -7.383901171921206 ], [ 109.585526762765198, -7.38419188826242 ], [ 109.586035487986962, -7.38455524170569 ], [ 109.586544455646077, -7.38481905084885 ], [ 109.586981577352432, -7.384820434575758 ], [ 109.587589488043591, -7.384505912831424 ], [ 109.587761241511316, -7.38390954965966 ], [ 109.587859982060309, -7.383394417527965 ], [ 109.58800748132866, -7.382861356896701 ], [ 109.588168552687208, -7.382500123748553 ], [ 109.588319264381639, -7.382202146847838 ], [ 109.588644171954073, -7.381950017290157 ], [ 109.589194510069902, -7.381580972199007 ], [ 109.590119421037031, -7.381032282593451 ], [ 109.590794732411482, -7.380518968536178 ], [ 109.591220524798899, -7.379968610693597 ], [ 109.591647157945673, -7.379246560324276 ], [ 109.591948017485635, -7.378732063201678 ], [ 109.592323813068674, -7.378235884450028 ], [ 109.592649328967511, -7.377884207969855 ], [ 109.593274200365101, -7.377587721524403 ], [ 109.594523099890225, -7.377166618493912 ], [ 109.59509777435963, -7.376869971204245 ], [ 109.595698311374946, -7.376401619005948 ], [ 109.596398273098615, -7.375978784654603 ], [ 109.597422775935712, -7.375511760727249 ], [ 109.598847353286772, -7.375018864185711 ], [ 109.600075042215522, -7.37430835365107 ], [ 109.600819657432467, -7.373840444013933 ], [ 109.601273710519735, -7.373561492384602 ], [ 109.601624674029281, -7.373309341852221 ], [ 109.602224020123913, -7.372931478905982 ], [ 109.602823791032392, -7.372417815074847 ], [ 109.603539960122546, -7.371967893599926 ], [ 109.604692654883024, -7.371419877782402 ], [ 109.605477557827939, -7.370988249697267 ], [ 109.606214231011862, -7.370692090249094 ], [ 109.606966952347022, -7.370423193921592 ], [ 109.608055869504483, -7.369893052024615 ], [ 109.608360355398474, -7.369740205491365 ], [ 109.608984147342582, -7.369687897325914 ], [ 109.610024439057696, -7.369419889295452 ], [ 109.610873984746078, -7.368879863829669 ], [ 109.611259302936872, -7.368410817252784 ], [ 109.611949114447413, -7.367689555815608 ], [ 109.612557884849835, -7.367374904517988 ], [ 109.6131821522645, -7.36716879705383 ], [ 109.613885985140044, -7.367125770724261 ], [ 109.614689379442055, -7.366676097819416 ], [ 109.61536449175864, -7.366669145719455 ], [ 109.615765616444563, -7.366760891129016 ], [ 109.616442071302828, -7.367260351061164 ], [ 109.617254590555376, -7.368420344406521 ], [ 109.617889753022737, -7.368892551004781 ], [ 109.618470931928627, -7.368876263205285 ], [ 109.619025099327715, -7.368633855743488 ], [ 109.619760110353738, -7.368147796541756 ], [ 109.620827368956668, -7.367490882456655 ], [ 109.622018935675626, -7.366997184220223 ], [ 109.622684159537812, -7.366637484299601 ], [ 109.623446130313695, -7.366296163646664 ], [ 109.624540442038494, -7.365946911922101 ], [ 109.625164051622619, -7.36575886720654 ], [ 109.625813749058153, -7.365661406505986 ], [ 109.626659892033146, -7.365564547606183 ], [ 109.627211067643117, -7.36546678246233 ], [ 109.627565554608836, -7.365350240230291 ], [ 109.628195911149703, -7.365080928894547 ], [ 109.628708028325804, -7.36488349557891 ], [ 109.629299205781379, -7.364577896575817 ], [ 109.629899161336141, -7.36399185733054 ], [ 109.630273296126134, -7.363387133659181 ], [ 109.630715742903462, -7.362646905976534 ], [ 109.631126806137729, -7.362177916091476 ], [ 109.631284791027738, -7.361518281381094 ], [ 109.631266358316992, -7.361147434406075 ], [ 109.631229012772579, -7.360586658781545 ], [ 109.631192277345022, -7.359826882286553 ], [ 109.631155729700282, -7.359103272238057 ], [ 109.631177440228328, -7.358307508427754 ], [ 109.631276366891285, -7.357882771152021 ], [ 109.631511311332829, -7.357530871438748 ], [ 109.631765531387543, -7.357323603529382 ], [ 109.632331361460146, -7.357144501472351 ], [ 109.63313132024409, -7.357074610580304 ], [ 109.63355985588025, -7.357166332366569 ], [ 109.634105576832141, -7.357285535447105 ], [ 109.634456559340293, -7.357286605211013 ], [ 109.634768698554453, -7.357215224486936 ], [ 109.635393438523224, -7.356945792522812 ], [ 109.636058091251641, -7.35666752995838 ], [ 109.636463736049777, -7.35637934634715 ], [ 109.636970762859178, -7.356010097201535 ], [ 109.637562704234853, -7.355424109606989 ], [ 109.638323863283333, -7.354702922160024 ], [ 109.638814706540458, -7.354152791134409 ], [ 109.639254749709721, -7.35362962965144 ], [ 109.639424035174159, -7.353349766489179 ], [ 109.639627938548401, -7.352862053701973 ], [ 109.639798245555852, -7.352319989793521 ], [ 109.640036247048371, -7.351696667088738 ], [ 109.640256117164739, -7.351435130200165 ], [ 109.640509807238899, -7.351227854306439 ], [ 109.640925539419044, -7.350984993713846 ], [ 109.641255061216285, -7.350796030109258 ], [ 109.641420385209685, -7.350516244153357 ], [ 109.641647875371817, -7.349983393652285 ], [ 109.641608793032248, -7.349350188679708 ], [ 109.641137387181402, -7.34891467797113 ], [ 109.640787998516814, -7.348931702472878 ], [ 109.640129338645835, -7.349110626773233 ], [ 109.639884867951935, -7.348522006913734 ], [ 109.639845025386933, -7.348114927965272 ], [ 109.639887233308585, -7.347744354203011 ], [ 109.639929311693407, -7.34739177262241 ], [ 109.639889791157401, -7.346903321092593 ], [ 109.639849838478625, -7.346532407832013 ], [ 109.640056764021381, -7.346080869252712 ], [ 109.640386179898144, -7.345900946849651 ], [ 109.640694925519227, -7.345739134980756 ], [ 109.641229918528936, -7.345550883385711 ], [ 109.641703651289333, -7.345145358936722 ], [ 109.641869301946713, -7.344756984728241 ], [ 109.642047820890681, -7.344115396502811 ], [ 109.642371881145507, -7.343582836889091 ], [ 109.642676964687382, -7.343421012146706 ], [ 109.64310726978259, -7.343295731739365 ], [ 109.643394447251993, -7.34315184492712 ], [ 109.643663960157781, -7.342872372126446 ], [ 109.643808373309184, -7.342565306243896 ], [ 109.643916827659368, -7.34219484101182 ], [ 109.643918088161541, -7.341778844371149 ], [ 109.643901305761631, -7.341426083891311 ], [ 109.643813442932213, -7.340892278296421 ], [ 109.644118797991922, -7.340640037714075 ], [ 109.644155705315896, -7.340242231678407 ], [ 109.643977919896528, -7.339780486797462 ], [ 109.643782229005694, -7.339336770884389 ], [ 109.643686802923398, -7.338784769020996 ], [ 109.643609167539992, -7.338449998260286 ], [ 109.643610235964275, -7.338097291684519 ], [ 109.643651193777899, -7.337545792027603 ], [ 109.643868920091933, -7.337076199636426 ], [ 109.644145123390899, -7.336805697066604 ], [ 109.644519752809373, -7.336589740357752 ], [ 109.645149348646186, -7.336555473123362 ], [ 109.645581246720738, -7.336864277677757 ], [ 109.645875820043727, -7.337064079258896 ], [ 109.646367805012744, -7.336966104919615 ], [ 109.646624458005519, -7.336713715124088 ], [ 109.64672368639954, -7.336379386799194 ], [ 109.646685390511379, -7.336026561191693 ], [ 109.646548788323813, -7.335727688720076 ], [ 109.646294431471844, -7.335220506264117 ], [ 109.646511667222555, -7.334986080679536 ], [ 109.646945593782291, -7.334598510835937 ], [ 109.647182643548902, -7.334282680203238 ], [ 109.647281816081033, -7.333966434456448 ], [ 109.647303028515637, -7.333496247910508 ], [ 109.647304502718555, -7.333007918876043 ], [ 109.647247855639407, -7.332474207255617 ], [ 109.647092725057888, -7.332102946980354 ], [ 109.647116422087635, -7.331650850978503 ], [ 109.647451902602626, -7.331362531047779 ], [ 109.647765656888382, -7.330947473465194 ], [ 109.648033936779669, -7.330676943503595 ], [ 109.648324703410523, -7.330478903669349 ], [ 109.648549006158206, -7.330054534855464 ], [ 109.64861692306971, -7.329674903682409 ], [ 109.648662915624229, -7.329259040421355 ], [ 109.648843458912978, -7.328608410749001 ], [ 109.649492933233191, -7.328393364093913 ], [ 109.649828116511173, -7.328276830177658 ], [ 109.650142332666675, -7.328178225746118 ], [ 109.650572017104764, -7.328080057887715 ], [ 109.650918443865208, -7.327999723005042 ], [ 109.651378892556167, -7.328028228342129 ], [ 109.651716369754254, -7.328092530876651 ], [ 109.65241086599768, -7.328130778196453 ], [ 109.653008321219801, -7.328250198349609 ], [ 109.653285932647918, -7.328477068611195 ], [ 109.653760125411665, -7.328903531966844 ], [ 109.654383207607083, -7.328995812129956 ], [ 109.654723008790981, -7.329231999743098 ], [ 109.655030897976189, -7.32944991817906 ], [ 109.655241481128428, -7.329712843767671 ], [ 109.65613092336568, -7.330448050524158 ], [ 109.656989550021024, -7.33127348930208 ], [ 109.657573844055122, -7.33199874101808 ], [ 109.658030983841968, -7.332660231282772 ], [ 109.659083536081255, -7.334426841874232 ], [ 109.659588418678581, -7.334934857299449 ], [ 109.659876944638725, -7.335360762548473 ], [ 109.660067598880715, -7.335695869631182 ], [ 109.660186501089598, -7.336446856417433 ], [ 109.660373342512145, -7.337008082121853 ], [ 109.660669282628675, -7.337253177607131 ], [ 109.660878583404795, -7.337597472157228 ], [ 109.661017792583067, -7.33807718154338 ], [ 109.660929554182928, -7.33956000974397 ], [ 109.660808350379924, -7.340626736144049 ], [ 109.660554859497708, -7.341620825514111 ], [ 109.660340972576904, -7.342434020211074 ], [ 109.660214592753178, -7.342958235633152 ], [ 109.660165444780901, -7.343582048442168 ], [ 109.660184544131923, -7.344187981759702 ], [ 109.660278212546785, -7.344785186493471 ], [ 109.660421571019413, -7.345301074912514 ], [ 109.660648328656777, -7.346052383778192 ], [ 109.660971913132514, -7.346595934789233 ], [ 109.662198716253997, -7.348227350795551 ], [ 109.662779929423237, -7.349142555231098 ], [ 109.663390566424297, -7.349985333435826 ], [ 109.663864485895985, -7.350538463382583 ], [ 109.664565543225407, -7.351218761355561 ], [ 109.665239534785869, -7.3518086524846 ], [ 109.666085440806057, -7.352534587934618 ], [ 109.667064569145808, -7.353297175180809 ], [ 109.667665957129799, -7.353814424616879 ], [ 109.667970841666218, -7.354095710791494 ], [ 109.668280415592747, -7.354232254648965 ], [ 109.669300399340827, -7.354597038441078 ], [ 109.670172943262372, -7.354834709802632 ], [ 109.670864681377452, -7.355062892308371 ], [ 109.671686420764999, -7.355255202275035 ], [ 109.672352247825515, -7.355456181077487 ], [ 109.673238047686837, -7.356010433517598 ], [ 109.673864914608814, -7.356428294035014 ], [ 109.674390450966442, -7.357062853162315 ], [ 109.674905902635473, -7.357824055300635 ], [ 109.675207842739809, -7.358521334415112 ], [ 109.675427604548872, -7.359173071930614 ], [ 109.675504789632342, -7.359869686436339 ], [ 109.675394058911067, -7.360258149039782 ], [ 109.674923973055726, -7.3605190562094 ], [ 109.674239201346907, -7.360607446070809 ], [ 109.673778394467888, -7.360787004712456 ], [ 109.673390555301637, -7.360894355566254 ], [ 109.672963943172078, -7.360802675532301 ], [ 109.672474811528701, -7.361162981136802 ], [ 109.672349093671258, -7.361641904608755 ], [ 109.671679172622291, -7.36178458387248 ], [ 109.671171502488917, -7.362199082351549 ], [ 109.671033030796664, -7.362696050510544 ], [ 109.670857898128233, -7.363238117789443 ], [ 109.670838254532597, -7.363563647896496 ], [ 109.671101189116939, -7.363862892026509 ], [ 109.671581069834261, -7.364027065246487 ], [ 109.671766336850141, -7.364371286707894 ], [ 109.671870015208782, -7.364923223209432 ], [ 109.672317722171712, -7.364779885476923 ], [ 109.672851465940326, -7.364917092481085 ], [ 109.67326448103853, -7.36548802922656 ], [ 109.67293986555535, -7.36565894807051 ], [ 109.672627706239695, -7.365911187708952 ], [ 109.672533713880128, -7.366471579569049 ], [ 109.671987308282652, -7.366497173785691 ], [ 109.671663044578239, -7.366649918882333 ], [ 109.671665479512541, -7.367337179101346 ], [ 109.670975923725791, -7.367724011340263 ], [ 109.670583245103131, -7.367623387176141 ], [ 109.670148373719968, -7.367368929984925 ], [ 109.669774969364354, -7.367367820141254 ], [ 109.669377166409177, -7.367683093593239 ], [ 109.669249280363658, -7.368035426253047 ], [ 109.669431110502117, -7.368379638378095 ], [ 109.669913571762805, -7.369032158912299 ], [ 109.670824186641056, -7.369713166740214 ], [ 109.671857960692549, -7.370475822975114 ], [ 109.672629947669833, -7.37125587420886 ], [ 109.673249063444061, -7.371899846809249 ], [ 109.673787801492296, -7.372570614916772 ], [ 109.674052615189908, -7.373294910560197 ], [ 109.674197532191741, -7.373946427283066 ], [ 109.674194985584961, -7.374425715959783 ], [ 109.674065214698246, -7.374859419202352 ], [ 109.674032127881688, -7.375510498403703 ], [ 109.674045823073399, -7.375953668724958 ], [ 109.674073396533061, -7.376577712569292 ], [ 109.674042081031686, -7.377210713724419 ], [ 109.674010520600632, -7.377825540467779 ], [ 109.673979366416049, -7.378404201916415 ], [ 109.673951290259609, -7.378802040141122 ], [ 109.673887010273987, -7.379642900493446 ], [ 109.673775237566318, -7.38030278746263 ], [ 109.673662145982334, -7.380627949835908 ], [ 109.673455272200258, -7.380889632764916 ], [ 109.673203212160473, -7.381123966078398 ], [ 109.672803541682555, -7.381385075868357 ], [ 109.672300075475931, -7.3817091679482 ], [ 109.671545306602511, -7.382213344039146 ], [ 109.671101134795549, -7.38249240278255 ], [ 109.67047724778368, -7.382942716428296 ], [ 109.669812901528218, -7.383483324449538 ], [ 109.669472002175823, -7.3837988551771 ], [ 109.6690869080943, -7.384105121808796 ], [ 109.668717342871332, -7.384339191964701 ], [ 109.668258369774009, -7.384545779866253 ], [ 109.667666629458665, -7.384761103038607 ], [ 109.666962739165342, -7.384985041642733 ], [ 109.666202552367096, -7.385199859645867 ], [ 109.665715259636357, -7.385334027271605 ], [ 109.665197394488601, -7.385450019735259 ], [ 109.664472695161024, -7.385637815866273 ], [ 109.663748572898527, -7.385807438867356 ], [ 109.663127290065901, -7.38595928544813 ], [ 109.663158134145959, -7.385588673235414 ], [ 109.663056212244996, -7.385027609515737 ], [ 109.662729909432016, -7.384610629403764 ], [ 109.662351134223982, -7.384428663265771 ], [ 109.661564851313798, -7.384552888842366 ], [ 109.660792292449585, -7.384659070987273 ], [ 109.660282422627802, -7.384476709985276 ], [ 109.659746178581315, -7.384221936795003 ], [ 109.659208988716401, -7.384256490200945 ], [ 109.659011769175237, -7.384509061616114 ], [ 109.658734778890462, -7.385304067669173 ], [ 109.658311919033991, -7.385745923758342 ], [ 109.655008615778272, -7.383655975437575 ], [ 109.654173608419981, -7.382577334923694 ], [ 109.653800626305198, -7.382359123307049 ], [ 109.6534415138985, -7.382321874508411 ], [ 109.653061135420089, -7.38247452405427 ], [ 109.65251078462515, -7.382662736133938 ], [ 109.651777548249314, -7.382759979989147 ], [ 109.651303311654672, -7.38277663106822 ], [ 109.65055980939708, -7.382810551119736 ], [ 109.649988410956325, -7.38284499022817 ], [ 109.648700723528577, -7.382832054070237 ], [ 109.648321057951179, -7.382749531351325 ], [ 109.64778537561655, -7.382485705530855 ], [ 109.647360639963864, -7.382240207841236 ], [ 109.646870929287275, -7.381867931725264 ], [ 109.64608704457109, -7.381205435095405 ], [ 109.645543833238818, -7.380814912709267 ], [ 109.645104872785424, -7.380605536277926 ], [ 109.644584256571136, -7.380522583293098 ], [ 109.644034103582214, -7.380548038177791 ], [ 109.643091443398347, -7.380735137761177 ], [ 109.642017197557308, -7.380985035278072 ], [ 109.641152292876029, -7.381100034854231 ], [ 109.640340605355632, -7.381106606321953 ], [ 109.63987005192925, -7.381141339686418 ], [ 109.639345802455097, -7.381221116427866 ], [ 109.638976018450634, -7.381328487689832 ], [ 109.638572211174932, -7.381471920860297 ], [ 109.638035641571093, -7.381696412586092 ], [ 109.637497021356353, -7.38202939511753 ], [ 109.637100745790917, -7.382371852754629 ], [ 109.636814294334627, -7.382732637727951 ], [ 109.635974113448839, -7.383480695739829 ], [ 109.635475794365263, -7.383678085701145 ], [ 109.634716291615049, -7.383766269217448 ], [ 109.633852655014465, -7.383636956681623 ], [ 109.633043250507143, -7.383191357242333 ], [ 109.631630132842233, -7.382626368145282 ], [ 109.630724920068928, -7.382415640000646 ], [ 109.62888154778787, -7.3825546475485 ], [ 109.626896133273178, -7.382973585747884 ], [ 109.625833382481304, -7.383151145486974 ], [ 109.625000268693384, -7.38334758299765 ], [ 109.624539714390338, -7.383337123158515 ], [ 109.623523648119473, -7.383442489411434 ], [ 109.621911555489703, -7.383600262723567 ], [ 109.620695104611215, -7.383768384177802 ], [ 109.618780281270077, -7.384232708991169 ], [ 109.617165952792774, -7.384652748650291 ], [ 109.616234794307502, -7.384957271311812 ], [ 109.614718265358661, -7.385585646902917 ], [ 109.613526854833097, -7.38610643937912 ], [ 109.612363626105903, -7.386835358135325 ], [ 109.61121458463532, -7.387636648363923 ], [ 109.609720602363296, -7.388861805088022 ], [ 109.608463835965281, -7.389997371870713 ], [ 109.607730125712962, -7.390863235200897 ] ] ], [ [ [ 109.752616929667894, -7.323861788394079 ], [ 109.753120242047601, -7.324062195426796 ], [ 109.753556033131488, -7.324316576031667 ], [ 109.753975043463683, -7.324589084080124 ], [ 109.754495289370865, -7.324717110948753 ], [ 109.755032894389089, -7.324592011617789 ], [ 109.755453913206281, -7.324140989737843 ], [ 109.755589711676137, -7.323653011182734 ], [ 109.755843725926084, -7.322903053182666 ], [ 109.756198045703002, -7.322316217014667 ], [ 109.756518077694281, -7.321946291847806 ], [ 109.75692176188241, -7.32163084887301 ], [ 109.757375760137322, -7.321433179754663 ], [ 109.757762610983832, -7.321262360220566 ], [ 109.758312317844769, -7.320648934911713 ], [ 109.758573241686278, -7.320287886714096 ], [ 109.758885624467979, -7.320116951091044 ], [ 109.759457406947405, -7.320000891039148 ], [ 109.759907691027266, -7.320038298968623 ], [ 109.760357650412075, -7.320193341156229 ], [ 109.760876673741095, -7.320438901952846 ], [ 109.761326509409386, -7.320612026828598 ], [ 109.761794396765396, -7.320631397537603 ], [ 109.76227938862985, -7.320596563127851 ], [ 109.762574218602524, -7.320425486082789 ], [ 109.762853140161667, -7.319874603430975 ], [ 109.762836634649219, -7.319494705993766 ], [ 109.762647345301588, -7.319041998339801 ], [ 109.762215686145581, -7.318534373012635 ], [ 109.761610571946903, -7.318089564175104 ], [ 109.761403906015587, -7.317709144027901 ], [ 109.761387575703424, -7.317347331081332 ], [ 109.761666047596279, -7.316877825258532 ], [ 109.762341694169749, -7.316879681892568 ], [ 109.763051125292947, -7.317143937137879 ], [ 109.763587973385697, -7.3172087044831 ], [ 109.764973725565767, -7.31714921193632 ], [ 109.765424754267471, -7.316996734957941 ], [ 109.765771515177391, -7.316789629688371 ], [ 109.766066938319625, -7.316510047843701 ], [ 109.766478553439754, -7.316185664492044 ], [ 109.767176555003772, -7.315880057830309 ], [ 109.767771906567106, -7.315556085300909 ], [ 109.768121403053996, -7.315276740037943 ], [ 109.768450185462441, -7.315006289364603 ], [ 109.768534054542911, -7.314355406636923 ], [ 109.768638214654302, -7.313740656717154 ], [ 109.768742027228271, -7.313252583714172 ], [ 109.768927774738415, -7.312818986221456 ], [ 109.769174569930044, -7.312512142829784 ], [ 109.769605749480021, -7.312296312649573 ], [ 109.769954771973914, -7.312188761478896 ], [ 109.770590230634227, -7.312190494925368 ], [ 109.771574513954988, -7.312157010245376 ], [ 109.772087331170979, -7.312076939140226 ], [ 109.773194898674916, -7.311890072952601 ], [ 109.774220310692925, -7.311838610301164 ], [ 109.774773984010253, -7.311812989426115 ], [ 109.775102317280243, -7.311732503737902 ], [ 109.775430674572377, -7.311615759479081 ], [ 109.775800627946666, -7.3113093365196 ], [ 109.7759451874349, -7.311653324675674 ], [ 109.776353165786588, -7.312441266345331 ], [ 109.776837979243581, -7.313319836297742 ], [ 109.777294018442404, -7.314342999851394 ], [ 109.777823801299306, -7.31530315970559 ], [ 109.778620537516986, -7.316480960538796 ], [ 109.77889802936771, -7.316970071056753 ], [ 109.779292121291689, -7.317676595878127 ], [ 109.779666568946155, -7.318328724890249 ], [ 109.780137423739504, -7.319125877322915 ], [ 109.780399139928591, -7.31978683313173 ], [ 109.780706995647108, -7.320565369451133 ], [ 109.781062674936891, -7.321226579546951 ], [ 109.781343639382982, -7.321896538865526 ], [ 109.781661500884596, -7.3225395623869 ], [ 109.782142815558501, -7.323228147680287 ], [ 109.782652832103224, -7.323772228594438 ], [ 109.782976781678471, -7.324044364904594 ], [ 109.783431340806274, -7.324271734471175 ], [ 109.783647711609447, -7.325185743247144 ], [ 109.783770494767552, -7.326126625108116 ], [ 109.783918324593486, -7.327058532670977 ], [ 109.784058109028294, -7.327899998388363 ], [ 109.784186018734914, -7.328768558054649 ], [ 109.784167313384444, -7.329799477605843 ], [ 109.784101200893488, -7.330794100874004 ], [ 109.784071833248461, -7.331707535745307 ], [ 109.784125498780384, -7.332603020691035 ], [ 109.784258470299775, -7.333037487196283 ], [ 109.78449463793315, -7.333951549726049 ], [ 109.784668769543032, -7.334467505612739 ], [ 109.784133285620655, -7.334330336813657 ], [ 109.78358864435269, -7.334319821169392 ], [ 109.782933286544562, -7.334426641576093 ], [ 109.782197510312969, -7.334578362684237 ], [ 109.781417290163773, -7.334702836007162 ], [ 109.780490291742396, -7.334664153715134 ], [ 109.77896297294285, -7.334298236903099 ], [ 109.778504848843696, -7.33414327829109 ], [ 109.778207366689372, -7.334024923900962 ], [ 109.777867729716505, -7.333779776463398 ], [ 109.777693335900921, -7.333390406362456 ], [ 109.777273724536116, -7.333000369341259 ], [ 109.776742572142496, -7.332619160965443 ], [ 109.776526703525306, -7.332374349538957 ], [ 109.775944360983658, -7.331893448897809 ], [ 109.775436442620389, -7.331593590022213 ], [ 109.775159471917092, -7.331131604175249 ], [ 109.77448149441804, -7.330306755999846 ], [ 109.773915033742028, -7.329400833398845 ], [ 109.773475628573763, -7.328603851018322 ], [ 109.773047309433778, -7.328096151459706 ], [ 109.772456840170904, -7.327967952942302 ], [ 109.771944950398165, -7.328029849624921 ], [ 109.77127640621346, -7.328100359806559 ], [ 109.770416153171467, -7.328297022937391 ], [ 109.769575892855443, -7.328557032729462 ], [ 109.768560329299731, -7.328816470468198 ], [ 109.768018935681297, -7.328986875574194 ], [ 109.766658865696058, -7.32958000763694 ], [ 109.765351152159184, -7.329956271943419 ], [ 109.764349526766793, -7.330306156952184 ], [ 109.763310553677698, -7.330656027177642 ], [ 109.762086589762674, -7.331159098440365 ], [ 109.761118868658713, -7.331644878564341 ], [ 109.760077025204225, -7.332193654933465 ], [ 109.758896451501585, -7.33266971007267 ], [ 109.757536362075925, -7.333262810550523 ], [ 109.756638700591409, -7.333477425082015 ], [ 109.755704993656039, -7.333411548096071 ], [ 109.755112413496605, -7.333156643425684 ], [ 109.754761011310421, -7.333092376779767 ], [ 109.754309396271964, -7.333045916020181 ], [ 109.753809403548601, -7.333071655992822 ], [ 109.753397621218696, -7.333151891467543 ], [ 109.752679946812663, -7.333267445510798 ], [ 109.752009035753161, -7.333193248204141 ], [ 109.751209958178592, -7.332955939700524 ], [ 109.750672507920982, -7.332619805734505 ], [ 109.750265001760397, -7.332184571603884 ], [ 109.750000638874852, -7.331550723044976 ], [ 109.750002339324865, -7.330646357189952 ], [ 109.749901620175564, -7.32950661728817 ], [ 109.749904948646531, -7.328312824752857 ], [ 109.749804282707572, -7.327073533692891 ], [ 109.749808341146334, -7.325617528037604 ], [ 109.749998349619773, -7.323556050613758 ], [ 109.750686700686117, -7.323557961686372 ], [ 109.751240557187216, -7.323604708119217 ], [ 109.751912051118708, -7.323678996234783 ], [ 109.752616929667894, -7.323861788394079 ] ] ] ] } },
{ "type": "Feature", "properties": { "KECAMATAN": "Wanayasa" }, "geometry": { "type": "Polygon", "coordinates": [ [ [ 109.749020103071558, -7.323426746333307 ], [ 109.748211454943302, -7.323306953588589 ], [ 109.747634327827896, -7.323088252418799 ], [ 109.747239381238529, -7.322625926569149 ], [ 109.747125024641477, -7.322119171995462 ], [ 109.74681400107491, -7.32115968511929 ], [ 109.746633314839286, -7.320788374278415 ], [ 109.746353610345949, -7.320516338953509 ], [ 109.745825506642333, -7.320370107763938 ], [ 109.74509909731033, -7.320304790817878 ], [ 109.744339470634117, -7.320365966467289 ], [ 109.743430982510134, -7.320508192759874 ], [ 109.742687635613265, -7.320623662214722 ], [ 109.741890917105891, -7.320594311271709 ], [ 109.741240612784011, -7.320637703223368 ], [ 109.740692008242405, -7.320744671737424 ], [ 109.740196996771544, -7.321023675402794 ], [ 109.739969552120655, -7.321267169398078 ], [ 109.739918949684025, -7.321945348654918 ], [ 109.74007411314625, -7.322732606207585 ], [ 109.740151465783555, -7.323221173953751 ], [ 109.74018978658782, -7.323592088185116 ], [ 109.740070862902712, -7.323890136920859 ], [ 109.739834129182114, -7.324142736844065 ], [ 109.739302068429012, -7.324394419016833 ], [ 109.738967725941535, -7.324429649799018 ], [ 109.738456372862572, -7.324355881854061 ], [ 109.738122113154063, -7.324255484333371 ], [ 109.737709581129508, -7.324100615920842 ], [ 109.737355931307633, -7.323936780087424 ], [ 109.736608054835557, -7.323934681441879 ], [ 109.736096675962557, -7.323897078313124 ], [ 109.735664124722746, -7.323796403091131 ], [ 109.735252665002577, -7.323261687503861 ], [ 109.734879963342863, -7.32283558281405 ], [ 109.734322238364157, -7.322653087666602 ], [ 109.73354617719238, -7.322714288382374 ], [ 109.733149945464731, -7.322713173482755 ], [ 109.73229123611226, -7.322656414623524 ], [ 109.731597916592548, -7.322591168774612 ], [ 109.730970770903028, -7.322553233946904 ], [ 109.730227983705461, -7.322469762927939 ], [ 109.72988168169087, -7.322324116692185 ], [ 109.729617893381942, -7.322106278001509 ], [ 109.729322001300488, -7.321725595630186 ], [ 109.728960608685753, -7.321001138698054 ], [ 109.728467136058001, -7.320339511100946 ], [ 109.728003085075173, -7.320075987530004 ], [ 109.727509350957092, -7.319902707534994 ], [ 109.727049514976812, -7.319865240659429 ], [ 109.72682310643772, -7.319557178625617 ], [ 109.726641198948855, -7.319122566410025 ], [ 109.726631059846241, -7.318299551009597 ], [ 109.726548684926499, -7.317611958738208 ], [ 109.726594142993406, -7.317042361947466 ], [ 109.726837075520592, -7.316816912531438 ], [ 109.727320854094913, -7.316601275600857 ], [ 109.727294024548712, -7.316185185387518 ], [ 109.727452229354213, -7.315706325003587 ], [ 109.727716078175732, -7.314793664619608 ], [ 109.727896995660075, -7.313573257181588 ], [ 109.728001823700083, -7.312741523855887 ], [ 109.728068112262875, -7.312226236162042 ], [ 109.728059688805317, -7.311692653977252 ], [ 109.728521828369651, -7.311124231745355 ], [ 109.728564407106148, -7.310382740703741 ], [ 109.728745778281123, -7.310003404660216 ], [ 109.728904560278735, -7.309397958956486 ], [ 109.728796798507247, -7.308891222078285 ], [ 109.728160639898164, -7.308138775611368 ], [ 109.728248737491512, -7.307596423638729 ], [ 109.728982535590958, -7.30736331376333 ], [ 109.72988065148563, -7.307049288696293 ], [ 109.730444447896232, -7.306978541022009 ], [ 109.730990220177659, -7.307260464179715 ], [ 109.731353114415739, -7.307451363632842 ], [ 109.731790796620345, -7.307633521694056 ], [ 109.732379771002144, -7.307454249880041 ], [ 109.732855233737297, -7.307057654002464 ], [ 109.733109299681587, -7.306615226542325 ], [ 109.733227651242686, -7.305883078595354 ], [ 109.733291977809813, -7.305557662156958 ], [ 109.733757578883825, -7.305161037136275 ], [ 109.734602160189112, -7.304467093163223 ], [ 109.735245438314891, -7.304098089942151 ], [ 109.735713199136995, -7.30375571954198 ], [ 109.736149943251718, -7.303340926786361 ], [ 109.736400644113161, -7.302871361490756 ], [ 109.736419935848346, -7.30246444126831 ], [ 109.736387342475652, -7.301650401556464 ], [ 109.736470175811377, -7.301089947475071 ], [ 109.736874417593896, -7.300864941615623 ], [ 109.736936033317917, -7.300412930327396 ], [ 109.736981757620853, -7.299635367393896 ], [ 109.737053951560753, -7.299219553069095 ], [ 109.737300311021556, -7.298379167538269 ], [ 109.737777364918855, -7.29823574074273 ], [ 109.738009328630255, -7.297974174744897 ], [ 109.737988163371696, -7.297558099183187 ], [ 109.737773711740587, -7.297114357944738 ], [ 109.737157217314831, -7.296832246532035 ], [ 109.736612938027022, -7.296206745484128 ], [ 109.736925040384094, -7.295438878676881 ], [ 109.737029253331301, -7.294923693141685 ], [ 109.737507266314609, -7.29443667765792 ], [ 109.737983231230402, -7.294067200087838 ], [ 109.738425424870428, -7.293435413294407 ], [ 109.738751961210369, -7.292658542703514 ], [ 109.738534396119348, -7.291726441715401 ], [ 109.738617863605882, -7.291310658005006 ], [ 109.739109651321442, -7.29107685077636 ], [ 109.73936878447789, -7.290498802909898 ], [ 109.739524795217491, -7.290074179221796 ], [ 109.73975071414057, -7.289568373365346 ], [ 109.740216763970722, -7.289189822674452 ], [ 109.74057704710107, -7.289109449331171 ], [ 109.740984231181542, -7.289056331912259 ], [ 109.741332227086801, -7.288695534881416 ], [ 109.741378153979355, -7.288162101093898 ], [ 109.741443130607664, -7.287493001583895 ], [ 109.741500409054296, -7.286959599298902 ], [ 109.741522107192367, -7.286570768161442 ], [ 109.741717270917206, -7.286218587088222 ], [ 109.742042634134265, -7.285857816467451 ], [ 109.742285147898173, -7.285478641008156 ], [ 109.74235272212826, -7.284493082092355 ], [ 109.742247752956558, -7.284158150002273 ], [ 109.742440148717762, -7.283887337626496 ], [ 109.742861932123191, -7.283363989467923 ], [ 109.74342945056911, -7.282750626457525 ], [ 109.744106299713721, -7.28230031996786 ], [ 109.744857956373409, -7.281832135876186 ], [ 109.745558007528487, -7.281282339723774 ], [ 109.745840449621184, -7.280776685379996 ], [ 109.746016343356487, -7.280234568022584 ], [ 109.746117087382132, -7.279402811054453 ], [ 109.746008621709436, -7.278416762308884 ], [ 109.745766867331383, -7.277611182550378 ], [ 109.74539678716144, -7.276651535004899 ], [ 109.745081030063389, -7.2756015284314 ], [ 109.744508277403156, -7.274125840446111 ], [ 109.744559969752274, -7.273664756309751 ], [ 109.744363126972985, -7.272904510421967 ], [ 109.744079723533474, -7.272306869296767 ], [ 109.744220267921321, -7.271638067685365 ], [ 109.744528395681527, -7.271078142521115 ], [ 109.744724618264243, -7.270744135555621 ], [ 109.745133521185323, -7.269931315456728 ], [ 109.745628281325025, -7.26912777415354 ], [ 109.745490578482574, -7.268666165552573 ], [ 109.745383292806181, -7.268358353503745 ], [ 109.745239674493661, -7.267498794264234 ], [ 109.745321685400611, -7.267010667819763 ], [ 109.745449970522401, -7.266667339821812 ], [ 109.74548629746613, -7.266332889747887 ], [ 109.745270252887877, -7.265952441680137 ], [ 109.745497397203806, -7.265292829870143 ], [ 109.745570529918908, -7.264316325228225 ], [ 109.745333502251952, -7.263854442130333 ], [ 109.745188907987796, -7.263239102182244 ], [ 109.745229966238242, -7.262814155657314 ], [ 109.745229575009304, -7.262470471674201 ], [ 109.745194483958628, -7.262036272671764 ], [ 109.744953173466456, -7.261691922545844 ], [ 109.744536368341329, -7.261157206940555 ], [ 109.744101017779428, -7.260658607414244 ], [ 109.743364758519292, -7.260086839537596 ], [ 109.742821873188802, -7.259506473965172 ], [ 109.742497246413919, -7.25920719223514 ], [ 109.741931657523054, -7.258735356256558 ], [ 109.740988368596092, -7.25811771193561 ], [ 109.740299161203779, -7.257708824900223 ], [ 109.739774521139822, -7.257390903057252 ], [ 109.739209082770898, -7.257054693269633 ], [ 109.739006072667465, -7.256475267923975 ], [ 109.738982101831411, -7.255643257180545 ], [ 109.738919175393391, -7.254747754641582 ], [ 109.738731733844574, -7.253860948352092 ], [ 109.738526670467436, -7.252919751406918 ], [ 109.73829344649954, -7.252195662445261 ], [ 109.737815684846495, -7.251190505512689 ], [ 109.737219900913814, -7.250411067673459 ], [ 109.736783693313825, -7.250011922357807 ], [ 109.736387187304729, -7.249703305927556 ], [ 109.736043099021174, -7.249584804904233 ], [ 109.735588586168248, -7.249484080300145 ], [ 109.735085977835411, -7.249464598361445 ], [ 109.734631486570265, -7.249463333558283 ], [ 109.734152621868219, -7.249552419183913 ], [ 109.733410291443477, -7.249667895910017 ], [ 109.732644517699782, -7.249647677955547 ], [ 109.732213699642983, -7.249646476699618 ], [ 109.731687167207227, -7.249690217339956 ], [ 109.731304216687988, -7.249716274356469 ], [ 109.73068222418101, -7.249687412475844 ], [ 109.730155646429282, -7.24964073256853 ], [ 109.729294439389832, -7.249538865689468 ], [ 109.728768237008993, -7.249465059706928 ], [ 109.727859137135411, -7.24937209814643 ], [ 109.727141513820825, -7.249252454996523 ], [ 109.726771138372229, -7.249215250469152 ], [ 109.725514540294981, -7.249103227356257 ], [ 109.724964293536189, -7.249029349753877 ], [ 109.72391126380198, -7.248999269785831 ], [ 109.723145818575276, -7.248969995168384 ], [ 109.721959934633219, -7.248993788585436 ], [ 109.720800337650047, -7.249017652848655 ], [ 109.720130461074319, -7.248916307448797 ], [ 109.719532851472124, -7.248769865104697 ], [ 109.719006814663516, -7.248533295882685 ], [ 109.718074108730065, -7.248313572990535 ], [ 109.717499890139479, -7.248293870042674 ], [ 109.716877699048794, -7.248337323714996 ], [ 109.71553685040854, -7.248523506277208 ], [ 109.714818843719584, -7.248620937200534 ], [ 109.713884783770837, -7.248853382908781 ], [ 109.713022688650568, -7.249068037064981 ], [ 109.712856344884059, -7.2486334692272 ], [ 109.712569880533593, -7.248370355501557 ], [ 109.712307310632823, -7.248134525139464 ], [ 109.712045047091323, -7.247817228922776 ], [ 109.71195042268586, -7.247346696899526 ], [ 109.71199987612458, -7.246867531162777 ], [ 109.711907175638757, -7.245745904589802 ], [ 109.71176678030163, -7.24464213614444 ], [ 109.711553904187085, -7.243764297878642 ], [ 109.711292644817547, -7.243094374388005 ], [ 109.710745727624527, -7.241826702144102 ], [ 109.710196446097456, -7.241418174455275 ], [ 109.709647387197222, -7.241036772281106 ], [ 109.709073804904662, -7.240718592589435 ], [ 109.708500292913754, -7.240454753668952 ], [ 109.707974556351971, -7.240118625025206 ], [ 109.707402073484957, -7.239520151350789 ], [ 109.707212917654147, -7.238759923320782 ], [ 109.706552232776517, -7.235438988399764 ], [ 109.706272091742377, -7.232933166270885 ], [ 109.705890188156019, -7.232597445285119 ], [ 109.705603456120713, -7.232406753382755 ], [ 109.704934322013216, -7.2321606335671 ], [ 109.704647513409455, -7.231997066300024 ], [ 109.704360859961881, -7.231779158235898 ], [ 109.704314228664728, -7.231372055176432 ], [ 109.704555670654685, -7.230658350523134 ], [ 109.704654266436634, -7.229627596495192 ], [ 109.7046812231263, -7.228605770981955 ], [ 109.704419567132618, -7.228080513774707 ], [ 109.704421808970807, -7.227293704373233 ], [ 109.704592109797105, -7.226308453172755 ], [ 109.704881732339416, -7.22537779127838 ], [ 109.705012199415577, -7.224980232825733 ], [ 109.705342592635219, -7.223235744487388 ], [ 109.705922537471196, -7.221229660809128 ], [ 109.705974261732408, -7.219846142517572 ], [ 109.705881331407554, -7.218887268565715 ], [ 109.705716206712822, -7.218054775012941 ], [ 109.705670449651393, -7.217313128177795 ], [ 109.7058435646954, -7.215360140139767 ], [ 109.706036517693605, -7.214781921802172 ], [ 109.706231286577776, -7.213642936466236 ], [ 109.706284440316182, -7.211780115978029 ], [ 109.706553407290073, -7.209727937952508 ], [ 109.706364487117327, -7.208886425975464 ], [ 109.706563643197228, -7.206119567078127 ], [ 109.706615353384095, -7.204763172558033 ], [ 109.706453486130656, -7.202755074202576 ], [ 109.706576847098958, -7.201462174622952 ], [ 109.70691370828591, -7.200820978103571 ], [ 109.707697617443088, -7.199810329816752 ], [ 109.708018119108161, -7.199856443695885 ], [ 109.708686285040756, -7.199849287587053 ], [ 109.709221021213239, -7.199787503358609 ], [ 109.70954919863857, -7.199707052508632 ], [ 109.710005736391111, -7.199572712339027 ], [ 109.710443632437418, -7.199429186913392 ], [ 109.710774876773769, -7.1992673674186 ], [ 109.711611235501309, -7.198718081178358 ], [ 109.711935689945889, -7.198474774785701 ], [ 109.712449054786916, -7.198259215350195 ], [ 109.7135346962895, -7.198226100280595 ], [ 109.714071441761547, -7.198245692004818 ], [ 109.714659301852592, -7.198410095867721 ], [ 109.715106085198769, -7.198610270389707 ], [ 109.715508114759515, -7.198846576696578 ], [ 109.716116252737947, -7.1991557955439 ], [ 109.716881377160391, -7.199374945081401 ], [ 109.717265147914276, -7.199466439132508 ], [ 109.717756093181237, -7.199576407246783 ], [ 109.720070811407922, -7.199808932302831 ], [ 109.721401495669951, -7.199866902816775 ], [ 109.721838529073594, -7.200030967285028 ], [ 109.72309464372627, -7.200667493936255 ], [ 109.724915254668289, -7.20160406291628 ], [ 109.725534561335849, -7.201768541836432 ], [ 109.725972149727696, -7.201842185809706 ], [ 109.726409641774524, -7.201843403770139 ], [ 109.727393224835552, -7.201755631382206 ], [ 109.729038344669348, -7.200611704948243 ], [ 109.729842360669863, -7.199980824862483 ], [ 109.730720284458229, -7.198925179462979 ], [ 109.732366699864116, -7.196985374300392 ], [ 109.733389664117354, -7.196183296121827 ], [ 109.73415675210336, -7.195697064563464 ], [ 109.735781219251635, -7.195014186791105 ], [ 109.737989721412163, -7.194179199544542 ], [ 109.739158074743656, -7.193585560545172 ], [ 109.740582292366653, -7.192784566986009 ], [ 109.741513939066891, -7.192136018482998 ], [ 109.743724433708493, -7.190432798708582 ], [ 109.744309833258939, -7.189756077419728 ], [ 109.74487701106132, -7.188998018184604 ], [ 109.74522555777456, -7.18821214327548 ], [ 109.745465061584667, -7.187326508191687 ], [ 109.745649782578198, -7.186431680989557 ], [ 109.745817498897836, -7.185120787458595 ], [ 109.746145052744623, -7.183846498354839 ], [ 109.74616958624938, -7.183231623055441 ], [ 109.746229687344865, -7.182689090042896 ], [ 109.746604143241512, -7.182554484152084 ], [ 109.747064841928719, -7.18255574261921 ], [ 109.747415109051417, -7.182665202455414 ], [ 109.747715375317952, -7.182874077385576 ], [ 109.748205822018818, -7.183164758285127 ], [ 109.748437660906063, -7.182921258287327 ], [ 109.748343773566305, -7.182604443527273 ], [ 109.748501089245153, -7.182089391223596 ], [ 109.748847298785819, -7.182153629147225 ], [ 109.749138705368978, -7.182380562943094 ], [ 109.749238404673179, -7.182019066301154 ], [ 109.749623935022854, -7.181875445933839 ], [ 109.75000063054334, -7.181767878526599 ], [ 109.750821446073545, -7.181580232974962 ], [ 109.751209008847454, -7.181101973786748 ], [ 109.751693093083077, -7.18071439630519 ], [ 109.752466194278185, -7.180526527142555 ], [ 109.753142158019699, -7.18052836433153 ], [ 109.753914694550843, -7.180630014836732 ], [ 109.754494017112791, -7.180722007314276 ], [ 109.755363025305272, -7.180823826908584 ], [ 109.756425319987486, -7.180826707060509 ], [ 109.757583868596726, -7.181019817370015 ], [ 109.758357680088082, -7.180542506024031 ], [ 109.759228798091044, -7.179866622928261 ], [ 109.760293472533647, -7.179100750260488 ], [ 109.760875315654516, -7.178234109449424 ], [ 109.761939684818557, -7.177468321399895 ], [ 109.762906823890049, -7.176982479830432 ], [ 109.765032406210238, -7.17669885822041 ], [ 109.76570817414148, -7.17680013750784 ], [ 109.766769471587878, -7.177282306493787 ], [ 109.767444119751985, -7.177772477430042 ], [ 109.768022398106083, -7.178253346956279 ], [ 109.768986590541459, -7.178834803733493 ], [ 109.770047331200601, -7.17941642720808 ], [ 109.771204844327414, -7.179998307792039 ], [ 109.772845387699761, -7.180581477912094 ], [ 109.774293946351037, -7.180585349380789 ], [ 109.775744086426755, -7.180109901955543 ], [ 109.776906249997978, -7.178955438324147 ], [ 109.778453891575055, -7.17809134222216 ], [ 109.779710971686697, -7.177515903820702 ], [ 109.780582398284423, -7.176740421612218 ], [ 109.780682696763336, -7.175302729530468 ], [ 109.78165409590018, -7.173179971177563 ], [ 109.782141301467121, -7.17163470852801 ], [ 109.781950536858361, -7.170675563219887 ], [ 109.78243612534601, -7.169709168273275 ], [ 109.783017463035435, -7.169041414215029 ], [ 109.783214000895853, -7.1676853529671 ], [ 109.783604665063919, -7.166049500785721 ], [ 109.783896910246924, -7.165091633326958 ], [ 109.784478766174018, -7.164224951696817 ], [ 109.784855763159101, -7.163122543376653 ], [ 109.7863314405067, -7.162791791925605 ], [ 109.788644942760101, -7.162291442657648 ], [ 109.791084531547682, -7.162677718581089 ], [ 109.793009179793629, -7.163451532165566 ], [ 109.794418372350108, -7.164866067854749 ], [ 109.794929182487863, -7.166025067804423 ], [ 109.796210776377919, -7.167185996068936 ], [ 109.798007102634813, -7.167959457040634 ], [ 109.798648721437388, -7.168214313673563 ], [ 109.800188716464135, -7.168733917866065 ], [ 109.800572466658807, -7.169377000744634 ], [ 109.8005697928362, -7.170398934707779 ], [ 109.800567118385942, -7.171420959045223 ], [ 109.80133498775146, -7.172453946201411 ], [ 109.803387839173411, -7.173481239784111 ], [ 109.805186135243403, -7.173485921025987 ], [ 109.806984432516614, -7.173490595231525 ], [ 109.808269165974735, -7.173493930250639 ], [ 109.809423100393104, -7.174265686404881 ], [ 109.810832603685924, -7.175680185589181 ], [ 109.812500139089607, -7.176588897848518 ], [ 109.814555059580741, -7.176720888782441 ], [ 109.817252029684852, -7.17698102517419 ], [ 109.818794743339737, -7.176469502133174 ], [ 109.820849945363122, -7.176610417569771 ], [ 109.822389678980116, -7.177256545763163 ], [ 109.823414570340745, -7.178281122366525 ], [ 109.823819187083231, -7.18038040073892 ], [ 109.823083640890545, -7.181735115055801 ], [ 109.823705588842856, -7.18393441518445 ], [ 109.822447357176671, -7.185079725564786 ], [ 109.82181539425099, -7.186742226484265 ], [ 109.82066155772317, -7.187996394727221 ], [ 109.817519486239675, -7.189552867737494 ], [ 109.815635439327053, -7.18996403309548 ], [ 109.814585727688126, -7.1914265110941 ], [ 109.813325476355274, -7.193304379419546 ], [ 109.811229269980828, -7.194863507682395 ], [ 109.809761822989344, -7.196008320085476 ], [ 109.806517151686208, -7.196732468750068 ], [ 109.804530523839006, -7.19641072133479 ], [ 109.802332055317848, -7.197028973099114 ], [ 109.801180612079065, -7.197342524218437 ], [ 109.799713421694108, -7.198378703818776 ], [ 109.79751349693916, -7.199630054067371 ], [ 109.795210879632435, -7.200148530739185 ], [ 109.792908247182766, -7.200558489850454 ], [ 109.79081327522924, -7.201701574879237 ], [ 109.790287843623929, -7.202532238200213 ], [ 109.788715308891724, -7.203884659934123 ], [ 109.787249443748081, -7.204405306378105 ], [ 109.785888042480821, -7.204926224877261 ], [ 109.784201056311929, -7.207047079314036 ], [ 109.784511843545744, -7.208196518286702 ], [ 109.784613837051097, -7.209236807009093 ], [ 109.786282688283904, -7.211013847370992 ], [ 109.787326698123721, -7.211857711956561 ], [ 109.787531141886092, -7.213630861184228 ], [ 109.787317262046628, -7.215402899905843 ], [ 109.787939667298062, -7.217285663585991 ], [ 109.788879023621988, -7.218120207344041 ], [ 109.789400286306474, -7.218754625177973 ], [ 109.789501182945628, -7.220211027726275 ], [ 109.789602822894793, -7.221359821025139 ], [ 109.790112759423167, -7.222744881436233 ], [ 109.789274816771126, -7.223167726302678 ], [ 109.788541846812237, -7.223373838555283 ], [ 109.787706092374322, -7.222946551149758 ], [ 109.786765141142411, -7.222735992201966 ], [ 109.785403615397499, -7.223365494525845 ], [ 109.784354005309936, -7.224610682962316 ], [ 109.783514942752376, -7.225449537438211 ], [ 109.782571687968698, -7.226071102614657 ], [ 109.781524300831052, -7.226592834293478 ], [ 109.780582157174649, -7.226798282849614 ], [ 109.779117058592547, -7.227002419890707 ], [ 109.777129005727119, -7.227205059419211 ], [ 109.776501014010762, -7.227302927527542 ], [ 109.775767481394624, -7.227825486422583 ], [ 109.775347803269412, -7.228240382760751 ], [ 109.775241620141969, -7.228764625124778 ], [ 109.77503111431966, -7.229288587091464 ], [ 109.772805231855415, -7.230865314053414 ], [ 109.771761784292892, -7.22992195356607 ], [ 109.771240703936414, -7.22908850372491 ], [ 109.769357339577709, -7.229291389405528 ], [ 109.769040930210309, -7.230231083879976 ], [ 109.767991536576048, -7.231485357245362 ], [ 109.766523600755178, -7.232729452330609 ], [ 109.765579722284954, -7.233567981775137 ], [ 109.764949534738491, -7.234497779069472 ], [ 109.76368895279704, -7.236375453039228 ], [ 109.762640958657059, -7.23710518774115 ], [ 109.760336627759159, -7.238147969586838 ], [ 109.761796434206005, -7.239924529973678 ], [ 109.763152266944985, -7.241384245326613 ], [ 109.764298764457564, -7.242961025702695 ], [ 109.765551911673015, -7.243796470432767 ], [ 109.767118417716745, -7.244741265651192 ], [ 109.767847177568839, -7.246099809820368 ], [ 109.767530477333239, -7.247138961197608 ], [ 109.766482164897141, -7.24797720426058 ], [ 109.765851854676342, -7.248916040873192 ], [ 109.765011149676937, -7.249999066684338 ], [ 109.764639489549211, -7.250649169587179 ], [ 109.764719587036396, -7.25126442254482 ], [ 109.764881558129076, -7.251870765628845 ], [ 109.765035108600031, -7.252223910457444 ], [ 109.765268365693913, -7.252513887581391 ], [ 109.76560059947829, -7.252849433826313 ], [ 109.765939481042963, -7.253212123900317 ], [ 109.766237112053986, -7.253475240006098 ], [ 109.765812761253031, -7.253618759232517 ], [ 109.765433118004594, -7.253744315541695 ], [ 109.765015436479942, -7.253824558220933 ], [ 109.76442882905593, -7.253904431554647 ], [ 109.763946322902811, -7.253875902801624 ], [ 109.76345766759222, -7.253829363286782 ], [ 109.76296824037, -7.25376473722071 ], [ 109.762453446407875, -7.253663873684712 ], [ 109.761963047179648, -7.253517866238968 ], [ 109.761385199353271, -7.253398655417055 ], [ 109.760688910455386, -7.253306337189015 ], [ 109.760072701839277, -7.253123816862948 ], [ 109.759625468913939, -7.252950708603205 ], [ 109.759284579615681, -7.252777980748509 ], [ 109.758748253086964, -7.252468999119452 ], [ 109.758244361995935, -7.25209690233836 ], [ 109.757873156113689, -7.252059629664658 ], [ 109.75732371621433, -7.252094385822451 ], [ 109.756797601052483, -7.252092946888945 ], [ 109.756455993513796, -7.252073837943066 ], [ 109.755717119459888, -7.252370290187696 ], [ 109.75515784776654, -7.252585855604874 ], [ 109.754740391302548, -7.252693215156135 ], [ 109.754129814221784, -7.252827170669724 ], [ 109.75374324972087, -7.252916530043533 ], [ 109.753355514984761, -7.252915466468023 ], [ 109.752727761173119, -7.252805240571243 ], [ 109.752344507466503, -7.252722811032761 ], [ 109.751674187178835, -7.252666718489732 ], [ 109.751056565256192, -7.252782566510064 ], [ 109.750573314961443, -7.25305258633711 ], [ 109.750000051139139, -7.25330418365715 ], [ 109.749523274419133, -7.253257662163977 ], [ 109.748452251950098, -7.253082916890827 ], [ 109.747433554547413, -7.253025858407219 ], [ 109.746777694578938, -7.253277223675245 ], [ 109.746505110010517, -7.253683448383073 ], [ 109.746203025831932, -7.2541438429136 ], [ 109.745934768407167, -7.254740049620097 ], [ 109.745761427121806, -7.255390679169181 ], [ 109.745496923979488, -7.256167733946301 ], [ 109.745199065132439, -7.25682706098992 ], [ 109.744914372728019, -7.257531724023234 ], [ 109.744695176934016, -7.258073723028375 ], [ 109.74441799918803, -7.2588416995678 ], [ 109.744976509077148, -7.258689440849327 ], [ 109.745330518688064, -7.258600000126765 ], [ 109.745806875795381, -7.258691735283977 ], [ 109.746290227376846, -7.258819747355428 ], [ 109.746871979389539, -7.259174078410258 ], [ 109.747273628311447, -7.259573031098488 ], [ 109.747892295465519, -7.260189769013969 ], [ 109.748375198192534, -7.260589035551691 ], [ 109.748869255037604, -7.260924948595354 ], [ 109.749364083654044, -7.261306163374361 ], [ 109.749759537981618, -7.261705187863314 ], [ 109.749995845245905, -7.262429373478743 ], [ 109.75082135589895, -7.263679703571138 ], [ 109.751141957888905, -7.264114688996654 ], [ 109.751449789990843, -7.264549639148612 ], [ 109.751727749649348, -7.265065884344151 ], [ 109.752012381293383, -7.265600231678156 ], [ 109.75221414258057, -7.266043931679111 ], [ 109.752539375962556, -7.266750277653273 ], [ 109.752957315564359, -7.26739349453004 ], [ 109.753384842539489, -7.267539340832181 ], [ 109.753846844733573, -7.268535494591437 ], [ 109.753913707884351, -7.269123494482694 ], [ 109.75399772328214, -7.269639206044484 ], [ 109.754089779268625, -7.270245359052176 ], [ 109.754152461096567, -7.27061634104524 ], [ 109.754283276888174, -7.271304068416379 ], [ 109.754415163464913, -7.272036917993366 ], [ 109.75455626139123, -7.272598086551163 ], [ 109.754718967543496, -7.273312936969389 ], [ 109.754851501699633, -7.274109172320344 ], [ 109.755088816535903, -7.274797192380328 ], [ 109.755311395033914, -7.275358494399655 ], [ 109.756078959721918, -7.277024680999014 ], [ 109.756259543707756, -7.277323560899718 ], [ 109.756607194136777, -7.277894338499827 ], [ 109.757394806351812, -7.277842158158894 ], [ 109.758051996259695, -7.277853002809509 ], [ 109.75853990366609, -7.277854340549702 ], [ 109.759234485364175, -7.277847202092412 ], [ 109.759861030619035, -7.277894218387714 ], [ 109.760539357843314, -7.27804074662251 ], [ 109.761104988041197, -7.278186965620496 ], [ 109.761997659293158, -7.278415546189147 ], [ 109.76261342830044, -7.278552858566556 ], [ 109.76301438099884, -7.278590121840417 ], [ 109.763446351967204, -7.278591301623352 ], [ 109.763876977862282, -7.27853822554017 ], [ 109.764350321508346, -7.27840388790589 ], [ 109.764901681616166, -7.278088832748878 ], [ 109.765358590352193, -7.277737351432801 ], [ 109.765771135775466, -7.27735862272843 ], [ 109.76620722882663, -7.276889537950922 ], [ 109.766964080406709, -7.276150066606166 ], [ 109.767671839471987, -7.275473663447661 ], [ 109.76841985485504, -7.274960214307222 ], [ 109.769099608921834, -7.274473704147443 ], [ 109.769786358026877, -7.274023379647115 ], [ 109.770215372615908, -7.273518102558303 ], [ 109.770631562409747, -7.27369102962839 ], [ 109.770973865385841, -7.273845671989552 ], [ 109.771525756941486, -7.274073308753167 ], [ 109.771968900042822, -7.274002174044373 ], [ 109.772642293578173, -7.273985914577454 ], [ 109.773032322370099, -7.274194936779573 ], [ 109.773212917657858, -7.274493902073866 ], [ 109.773583985676424, -7.274919970925366 ], [ 109.774359367760937, -7.274750180770711 ], [ 109.774603555099432, -7.27531162614812 ], [ 109.774920619890466, -7.276126354185785 ], [ 109.775317516762357, -7.276199853836358 ], [ 109.775637238947652, -7.276227844132649 ], [ 109.775847824466936, -7.276870485981021 ], [ 109.775863806266912, -7.277449307840776 ], [ 109.775279612300736, -7.278279773473971 ], [ 109.775399293801399, -7.278596657613148 ], [ 109.775815628750578, -7.278498321274753 ], [ 109.776208189523572, -7.27840896228034 ], [ 109.7767450004485, -7.278555084755325 ], [ 109.77743764461718, -7.278520787228556 ], [ 109.777535325345511, -7.278937073754237 ], [ 109.777110545834148, -7.280057316497975 ], [ 109.776955117088818, -7.280391541305137 ], [ 109.776734089404869, -7.280707504755105 ], [ 109.776273024353145, -7.280995602797208 ], [ 109.775758228035883, -7.281102805338695 ], [ 109.775381551330767, -7.281282626511707 ], [ 109.775223507938193, -7.281643969353969 ], [ 109.774720943866129, -7.28200437960027 ], [ 109.774216981827038, -7.282274274980138 ], [ 109.773909116539031, -7.282553833382646 ], [ 109.773742809866675, -7.283014614976384 ], [ 109.77351987180954, -7.283619914864224 ], [ 109.773091178385599, -7.284306125031875 ], [ 109.772908959364131, -7.284685484971688 ], [ 109.772803892388637, -7.285146431970194 ], [ 109.772997640648214, -7.285608189428073 ], [ 109.773272133106872, -7.286341425577265 ], [ 109.773212527979638, -7.286920132233789 ], [ 109.773233678915673, -7.287381421579074 ], [ 109.773444923186545, -7.287644212247145 ], [ 109.773749301327655, -7.287934471777331 ], [ 109.774027097345368, -7.28838741498912 ], [ 109.774191963353019, -7.288677296119428 ], [ 109.774763128117186, -7.289185286150419 ], [ 109.775076190613674, -7.289303680253764 ], [ 109.775940159137875, -7.289360271820581 ], [ 109.776271250018326, -7.289578266394208 ], [ 109.776910268864938, -7.290348655974118 ], [ 109.777402014233829, -7.290648462528329 ], [ 109.777705271150637, -7.290803087004355 ], [ 109.778129764223479, -7.290840402496317 ], [ 109.779162321358129, -7.290725555457396 ], [ 109.779951803923581, -7.290709602635383 ], [ 109.780507854553889, -7.29095532765376 ], [ 109.78075076422526, -7.291579972251715 ], [ 109.780867540316621, -7.291923974179459 ], [ 109.781065336181456, -7.292467118928065 ], [ 109.781329898744261, -7.293453592877023 ], [ 109.781143385222904, -7.294068127744121 ], [ 109.781310766432355, -7.294755862743305 ], [ 109.78127895212269, -7.295334646724177 ], [ 109.781254710876368, -7.296012822842545 ], [ 109.781295411289292, -7.296456081761796 ], [ 109.781663551092251, -7.297641850012968 ], [ 109.782214420946374, -7.298674306296492 ], [ 109.78249449758377, -7.299145336751744 ], [ 109.782696295232554, -7.299480525839035 ], [ 109.782763591069724, -7.300032360753343 ], [ 109.782275620432728, -7.30034760602206 ], [ 109.781772146173338, -7.300816523058359 ], [ 109.781658189750331, -7.30119607056066 ], [ 109.781532808305741, -7.301629839239094 ], [ 109.781270417809608, -7.301936649789345 ], [ 109.780646807032767, -7.30217005802366 ], [ 109.780225927983238, -7.303082344634744 ], [ 109.779963736394578, -7.303425322689807 ], [ 109.779012705107448, -7.303431792874143 ], [ 109.778399191670005, -7.303466300728046 ], [ 109.777870550781074, -7.303546247564609 ], [ 109.777399699624453, -7.303798238700396 ], [ 109.776630974512841, -7.304302597766934 ], [ 109.775329146662628, -7.30400059062127 ], [ 109.774147369549198, -7.303689954526608 ], [ 109.773242241943834, -7.30346135508305 ], [ 109.77192941651343, -7.303168350972896 ], [ 109.770660136262762, -7.302875552339971 ], [ 109.769404577344503, -7.302645991201533 ], [ 109.768193111052724, -7.302434721460775 ], [ 109.767384140562399, -7.302333051494544 ], [ 109.766594814497267, -7.30228559517643 ], [ 109.765810541666909, -7.302165906050902 ], [ 109.764993904140766, -7.301973791417522 ], [ 109.763867213278047, -7.3015998970005 ], [ 109.763306233759423, -7.301381263285666 ], [ 109.762766267167223, -7.301262238432467 ], [ 109.762041449989866, -7.30133258707292 ], [ 109.761012281044643, -7.30153781893782 ], [ 109.759839562379128, -7.301742563545034 ], [ 109.758244882131379, -7.302154199347095 ], [ 109.756961199849528, -7.30245818239124 ], [ 109.755534464061768, -7.302825060588815 ], [ 109.754294919469103, -7.303156192457239 ], [ 109.753834293643351, -7.303299682057032 ], [ 109.753533371558333, -7.303624450626454 ], [ 109.753546932746445, -7.304040416386981 ], [ 109.753836483052879, -7.304855169701141 ], [ 109.754081669962005, -7.30564267471131 ], [ 109.754254855480951, -7.306592735473611 ], [ 109.754393457316098, -7.307732671517741 ], [ 109.754411066473821, -7.308736554205641 ], [ 109.75440729212491, -7.309586665152876 ], [ 109.754260057793374, -7.31083431462355 ], [ 109.753834668582329, -7.312650926243459 ], [ 109.753619245807855, -7.313572786966373 ], [ 109.753412523241636, -7.313915898470312 ], [ 109.753222948505211, -7.314512230870182 ], [ 109.752657144967515, -7.315812971832496 ], [ 109.752412535350842, -7.316861337146431 ], [ 109.752140382942514, -7.318117680132464 ], [ 109.751998390502067, -7.319302048067191 ], [ 109.751746920616966, -7.320666950456231 ], [ 109.75157950601286, -7.321833163527191 ], [ 109.751240557187216, -7.323604708119217 ], [ 109.750686700686117, -7.323557961686372 ], [ 109.749998349619773, -7.323556050613758 ], [ 109.749020103071558, -7.323426746333307 ] ] ] } }
]
}
